Word,Count,Pages used,First page found,Appears in SEO-critical location?,Location examples,Notes
shipping,750,/ | /collection | /top-viewed | /our-story | /our-team | /faqs | /contact | /how-it-works | /authentication | /policies | /why | /sell-your-saree | /packing | /policies/privacy-policy | /policies/return-refund-policy | /policies/shipping-delivery-policy | /policies/terms-of-service | /policies/authentication-condition-policy | /policies/care-packaging-policy | /policies/cancellation-policy | /policies/sell-with-us-policy | /policies/grievance-redressal | /collection/fabric/silk | /blouses | /guides/what-is-a-pre-loved-saree | /guides/pre-loved-vs-second-hand-saree | /collection/tangerine-noir-floral-border-weave | /collection/sunset-ombr-chiffon-draped-dream | /collection/indigo-plum-tied-silk-saree | /collection/forest-flame-tie-dye-silk | /collection/moonstone-cream-mauve-border-saree | /collection/marigold-moss-cotton | /collection/midnight-garden-georgette-saree | /collection/verdant-bloom-silk-burgundy-gold-border | /collection/pink-katan-triangle-zari-edge | /collection/forest-green-silk-black-gold | /collection/teal-blue-moody-silk-drape | /collection/rose-silk-green-brown-stripe | /collection/mustard-organza-brown-border-drape | /collection/charcoal-gold-organza-heirloom-drape | /collection/beige-organza-peach-bloom | /collection/maroon-chettinad-cotton | /collection/deep-wine-organza | /collection/indigo-dusk-silk-cotton | /collection/reddish-mango-cotton-orange-border | /collection/magenta-cotton | /collection/red-blue-madras-check-cotton | /collection/twilight-orange-cotton-weave | /collection/lime-and-gold-cotton-classic | /collection/midnight-tribe-gold-border-cotton | /collection/autumn-ember-golden-leaf-cotton | /collection/orange-blossom-cotton-weave | /collection/midnight-kesari-cotton-drape | /collection/blush-green-handwoven-cotton-drape | /collection/brown-kapi-cotton-black-line-border | /collection/brown-and-mustard-light-silk | /collection/kesari-sunset-chiffon-saree | /collection/magenta-mist-chiffon-drape | /collection/green-chiffon-with-fancy-border | /collection/rani-pink-georgette-garden-party | /collection/midnight-zari-georgette | /collection/pressed-bloom-sheer-chiffon | /collection/mayil-peacock-kanjivaram-mix | /collection/burnt-orange-temple-border-kanjivaram | /collection/semmanjal-turmeric-gold-kanjeevaram | /collection/thangam-golden-weave-kanjivaram | /collection/violet-bloom-cotton-drape | /collection/moss-green-lightweight-silk-selai | /collection/heritage-zari-border-kanjivaram | /collection/nava-pazham-kanjeevaram-silk | /collection/nila-blue-gold-zari-silk | /collection/colorful-vintage-kanjeevaram | /collection/gulabi-kota-cotton | /collection/kempu-pachai-and-bandhani | /collection/pachai-linen-golden-border-drape | /founders | /privacy-policy | /return-policy | /shipping-policy | /terms-of-service | /collection/fabric/chiffon | /collection/fabric/georgette | /faq | /about | /stories | /admin | /collection/rose-vine-stripe-chiffon-saree | /collection/coral-sunrise-chiffon-georgette-saree,/,yes,/: body | /collection: body | /top-viewed: body | /our-story: body | /our-team: body,
all,736,/ | /collection | /top-viewed | /our-story | /our-team | /faqs | /contact | /how-it-works | /authentication | /policies | /why | /sell-your-saree | /packing | /policies/privacy-policy | /policies/return-refund-policy | /policies/shipping-delivery-policy | /policies/terms-of-service | /policies/authentication-condition-policy | /policies/care-packaging-policy | /policies/cancellation-policy | /policies/sell-with-us-policy | /policies/grievance-redressal | /collection/fabric/silk | /blouses | /guides/what-is-a-pre-loved-saree | /guides/pre-loved-vs-second-hand-saree | /collection/tangerine-noir-floral-border-weave | /collection/sunset-ombr-chiffon-draped-dream | /collection/indigo-plum-tied-silk-saree | /collection/forest-flame-tie-dye-silk | /collection/moonstone-cream-mauve-border-saree | /collection/marigold-moss-cotton | /collection/midnight-garden-georgette-saree | /collection/verdant-bloom-silk-burgundy-gold-border | /collection/pink-katan-triangle-zari-edge | /collection/forest-green-silk-black-gold | /collection/teal-blue-moody-silk-drape | /collection/rose-silk-green-brown-stripe | /collection/mustard-organza-brown-border-drape | /collection/charcoal-gold-organza-heirloom-drape | /collection/beige-organza-peach-bloom | /collection/maroon-chettinad-cotton | /collection/deep-wine-organza | /collection/indigo-dusk-silk-cotton | /collection/reddish-mango-cotton-orange-border | /collection/magenta-cotton | /collection/red-blue-madras-check-cotton | /collection/twilight-orange-cotton-weave | /collection/lime-and-gold-cotton-classic | /collection/midnight-tribe-gold-border-cotton | /collection/autumn-ember-golden-leaf-cotton | /collection/orange-blossom-cotton-weave | /collection/midnight-kesari-cotton-drape | /collection/blush-green-handwoven-cotton-drape | /collection/brown-kapi-cotton-black-line-border | /collection/brown-and-mustard-light-silk | /collection/kesari-sunset-chiffon-saree | /collection/magenta-mist-chiffon-drape | /collection/green-chiffon-with-fancy-border | /collection/rani-pink-georgette-garden-party | /collection/midnight-zari-georgette | /collection/pressed-bloom-sheer-chiffon | /collection/mayil-peacock-kanjivaram-mix | /collection/burnt-orange-temple-border-kanjivaram | /collection/semmanjal-turmeric-gold-kanjeevaram | /collection/thangam-golden-weave-kanjivaram | /collection/violet-bloom-cotton-drape | /collection/moss-green-lightweight-silk-selai | /collection/heritage-zari-border-kanjivaram | /collection/nava-pazham-kanjeevaram-silk | /collection/nila-blue-gold-zari-silk | /collection/colorful-vintage-kanjeevaram | /collection/gulabi-kota-cotton | /collection/kempu-pachai-and-bandhani | /collection/pachai-linen-golden-border-drape | /founders | /privacy-policy | /return-policy | /shipping-policy | /terms-of-service | /collection/fabric/chiffon | /collection/fabric/georgette | /faq | /about | /stories | /admin | /collection/rose-vine-stripe-chiffon-saree | /collection/coral-sunrise-chiffon-georgette-saree,/,yes,/: body | /collection: title | /top-viewed: body | /our-story: body | /our-team: body,
use,736,/ | /collection | /top-viewed | /our-story | /our-team | /faqs | /contact | /how-it-works | /authentication | /policies | /why | /sell-your-saree | /packing | /policies/privacy-policy | /policies/return-refund-policy | /policies/shipping-delivery-policy | /policies/terms-of-service | /policies/authentication-condition-policy | /policies/care-packaging-policy | /policies/cancellation-policy | /policies/sell-with-us-policy | /policies/grievance-redressal | /collection/fabric/silk | /blouses | /guides/what-is-a-pre-loved-saree | /guides/pre-loved-vs-second-hand-saree | /collection/tangerine-noir-floral-border-weave | /collection/sunset-ombr-chiffon-draped-dream | /collection/indigo-plum-tied-silk-saree | /collection/forest-flame-tie-dye-silk | /collection/moonstone-cream-mauve-border-saree | /collection/marigold-moss-cotton | /collection/midnight-garden-georgette-saree | /collection/verdant-bloom-silk-burgundy-gold-border | /collection/pink-katan-triangle-zari-edge | /collection/forest-green-silk-black-gold | /collection/teal-blue-moody-silk-drape | /collection/rose-silk-green-brown-stripe | /collection/mustard-organza-brown-border-drape | /collection/charcoal-gold-organza-heirloom-drape | /collection/beige-organza-peach-bloom | /collection/maroon-chettinad-cotton | /collection/deep-wine-organza | /collection/indigo-dusk-silk-cotton | /collection/reddish-mango-cotton-orange-border | /collection/magenta-cotton | /collection/red-blue-madras-check-cotton | /collection/twilight-orange-cotton-weave | /collection/lime-and-gold-cotton-classic | /collection/midnight-tribe-gold-border-cotton | /collection/autumn-ember-golden-leaf-cotton | /collection/orange-blossom-cotton-weave | /collection/midnight-kesari-cotton-drape | /collection/blush-green-handwoven-cotton-drape | /collection/brown-kapi-cotton-black-line-border | /collection/brown-and-mustard-light-silk | /collection/kesari-sunset-chiffon-saree | /collection/magenta-mist-chiffon-drape | /collection/green-chiffon-with-fancy-border | /collection/rani-pink-georgette-garden-party | /collection/midnight-zari-georgette | /collection/pressed-bloom-sheer-chiffon | /collection/mayil-peacock-kanjivaram-mix | /collection/burnt-orange-temple-border-kanjivaram | /collection/semmanjal-turmeric-gold-kanjeevaram | /collection/thangam-golden-weave-kanjivaram | /collection/violet-bloom-cotton-drape | /collection/moss-green-lightweight-silk-selai | /collection/heritage-zari-border-kanjivaram | /collection/nava-pazham-kanjeevaram-silk | /collection/nila-blue-gold-zari-silk | /collection/colorful-vintage-kanjeevaram | /collection/gulabi-kota-cotton | /collection/kempu-pachai-and-bandhani | /collection/pachai-linen-golden-border-drape | /founders | /privacy-policy | /return-policy | /shipping-policy | /terms-of-service | /collection/fabric/chiffon | /collection/fabric/georgette | /faq | /about | /stories | /admin | /collection/rose-vine-stripe-chiffon-saree | /collection/coral-sunrise-chiffon-georgette-saree,/,yes,/: body | /collection: body | /top-viewed: body | /our-story: body | /our-team: body,
checkout,721,/ | /collection | /top-viewed | /our-story | /our-team | /faqs | /contact | /how-it-works | /authentication | /policies | /why | /sell-your-saree | /packing | /policies/privacy-policy | /policies/return-refund-policy | /policies/shipping-delivery-policy | /policies/terms-of-service | /policies/authentication-condition-policy | /policies/care-packaging-policy | /policies/cancellation-policy | /policies/sell-with-us-policy | /policies/grievance-redressal | /collection/fabric/silk | /blouses | /guides/what-is-a-pre-loved-saree | /guides/pre-loved-vs-second-hand-saree | /collection/tangerine-noir-floral-border-weave | /collection/sunset-ombr-chiffon-draped-dream | /collection/indigo-plum-tied-silk-saree | /collection/forest-flame-tie-dye-silk | /collection/moonstone-cream-mauve-border-saree | /collection/marigold-moss-cotton | /collection/midnight-garden-georgette-saree | /collection/verdant-bloom-silk-burgundy-gold-border | /collection/pink-katan-triangle-zari-edge | /collection/forest-green-silk-black-gold | /collection/teal-blue-moody-silk-drape | /collection/rose-silk-green-brown-stripe | /collection/mustard-organza-brown-border-drape | /collection/charcoal-gold-organza-heirloom-drape | /collection/beige-organza-peach-bloom | /collection/maroon-chettinad-cotton | /collection/deep-wine-organza | /collection/indigo-dusk-silk-cotton | /collection/reddish-mango-cotton-orange-border | /collection/magenta-cotton | /collection/red-blue-madras-check-cotton | /collection/twilight-orange-cotton-weave | /collection/lime-and-gold-cotton-classic | /collection/midnight-tribe-gold-border-cotton | /collection/autumn-ember-golden-leaf-cotton | /collection/orange-blossom-cotton-weave | /collection/midnight-kesari-cotton-drape | /collection/blush-green-handwoven-cotton-drape | /collection/brown-kapi-cotton-black-line-border | /collection/brown-and-mustard-light-silk | /collection/kesari-sunset-chiffon-saree | /collection/magenta-mist-chiffon-drape | /collection/green-chiffon-with-fancy-border | /collection/rani-pink-georgette-garden-party | /collection/midnight-zari-georgette | /collection/pressed-bloom-sheer-chiffon | /collection/mayil-peacock-kanjivaram-mix | /collection/burnt-orange-temple-border-kanjivaram | /collection/semmanjal-turmeric-gold-kanjeevaram | /collection/thangam-golden-weave-kanjivaram | /collection/violet-bloom-cotton-drape | /collection/moss-green-lightweight-silk-selai | /collection/heritage-zari-border-kanjivaram | /collection/nava-pazham-kanjeevaram-silk | /collection/nila-blue-gold-zari-silk | /collection/colorful-vintage-kanjeevaram | /collection/gulabi-kota-cotton | /collection/kempu-pachai-and-bandhani | /collection/pachai-linen-golden-border-drape | /founders | /privacy-policy | /return-policy | /shipping-policy | /terms-of-service | /collection/fabric/chiffon | /collection/fabric/georgette | /faq | /about | /stories | /admin | /collection/rose-vine-stripe-chiffon-saree | /collection/coral-sunrise-chiffon-georgette-saree,/,no,/: body | /collection: body | /top-viewed: body | /our-story: body | /our-team: body,
sarees,691,/ | /collection | /top-viewed | /our-story | /our-team | /faqs | /contact | /how-it-works | /authentication | /policies | /why | /sell-your-saree | /packing | /policies/privacy-policy | /policies/return-refund-policy | /policies/shipping-delivery-policy | /policies/terms-of-service | /policies/authentication-condition-policy | /policies/care-packaging-policy | /policies/cancellation-policy | /policies/sell-with-us-policy | /policies/grievance-redressal | /collection/fabric/silk | /blouses | /guides/what-is-a-pre-loved-saree | /guides/pre-loved-vs-second-hand-saree | /collection/tangerine-noir-floral-border-weave | /collection/sunset-ombr-chiffon-draped-dream | /collection/indigo-plum-tied-silk-saree | /collection/forest-flame-tie-dye-silk | /collection/moonstone-cream-mauve-border-saree | /collection/marigold-moss-cotton | /collection/midnight-garden-georgette-saree | /collection/verdant-bloom-silk-burgundy-gold-border | /collection/pink-katan-triangle-zari-edge | /collection/forest-green-silk-black-gold | /collection/teal-blue-moody-silk-drape | /collection/rose-silk-green-brown-stripe | /collection/mustard-organza-brown-border-drape | /collection/charcoal-gold-organza-heirloom-drape | /collection/beige-organza-peach-bloom | /collection/maroon-chettinad-cotton | /collection/deep-wine-organza | /collection/indigo-dusk-silk-cotton | /collection/reddish-mango-cotton-orange-border | /collection/magenta-cotton | /collection/red-blue-madras-check-cotton | /collection/twilight-orange-cotton-weave | /collection/lime-and-gold-cotton-classic | /collection/midnight-tribe-gold-border-cotton | /collection/autumn-ember-golden-leaf-cotton | /collection/orange-blossom-cotton-weave | /collection/midnight-kesari-cotton-drape | /collection/blush-green-handwoven-cotton-drape | /collection/brown-kapi-cotton-black-line-border | /collection/brown-and-mustard-light-silk | /collection/kesari-sunset-chiffon-saree | /collection/magenta-mist-chiffon-drape | /collection/green-chiffon-with-fancy-border | /collection/rani-pink-georgette-garden-party | /collection/midnight-zari-georgette | /collection/pressed-bloom-sheer-chiffon | /collection/mayil-peacock-kanjivaram-mix | /collection/burnt-orange-temple-border-kanjivaram | /collection/semmanjal-turmeric-gold-kanjeevaram | /collection/thangam-golden-weave-kanjivaram | /collection/violet-bloom-cotton-drape | /collection/moss-green-lightweight-silk-selai | /collection/heritage-zari-border-kanjivaram | /collection/nava-pazham-kanjeevaram-silk | /collection/nila-blue-gold-zari-silk | /collection/colorful-vintage-kanjeevaram | /collection/gulabi-kota-cotton | /collection/kempu-pachai-and-bandhani | /collection/pachai-linen-golden-border-drape | /founders | /privacy-policy | /return-policy | /shipping-policy | /terms-of-service | /collection/fabric/chiffon | /collection/fabric/georgette | /faq | /about | /stories | /admin | /collection/rose-vine-stripe-chiffon-saree | /collection/coral-sunrise-chiffon-georgette-saree,/,yes,/: title/meta/H1 | /collection: title/meta/H1 | /top-viewed: title/meta/H1 | /our-story: title/meta/H1 | /our-team: meta,Protected commercial term retained by audit normalization.
orders,629,/ | /collection | /top-viewed | /our-story | /our-team | /faqs | /contact | /how-it-works | /authentication | /policies | /why | /sell-your-saree | /packing | /policies/privacy-policy | /policies/return-refund-policy | /policies/shipping-delivery-policy | /policies/terms-of-service | /policies/authentication-condition-policy | /policies/care-packaging-policy | /policies/cancellation-policy | /policies/sell-with-us-policy | /policies/grievance-redressal | /collection/fabric/silk | /blouses | /guides/what-is-a-pre-loved-saree | /guides/pre-loved-vs-second-hand-saree | /collection/tangerine-noir-floral-border-weave | /collection/sunset-ombr-chiffon-draped-dream | /collection/indigo-plum-tied-silk-saree | /collection/forest-flame-tie-dye-silk | /collection/moonstone-cream-mauve-border-saree | /collection/marigold-moss-cotton | /collection/midnight-garden-georgette-saree | /collection/verdant-bloom-silk-burgundy-gold-border | /collection/pink-katan-triangle-zari-edge | /collection/forest-green-silk-black-gold | /collection/teal-blue-moody-silk-drape | /collection/rose-silk-green-brown-stripe | /collection/mustard-organza-brown-border-drape | /collection/charcoal-gold-organza-heirloom-drape | /collection/beige-organza-peach-bloom | /collection/maroon-chettinad-cotton | /collection/deep-wine-organza | /collection/indigo-dusk-silk-cotton | /collection/reddish-mango-cotton-orange-border | /collection/magenta-cotton | /collection/red-blue-madras-check-cotton | /collection/twilight-orange-cotton-weave | /collection/lime-and-gold-cotton-classic | /collection/midnight-tribe-gold-border-cotton | /collection/autumn-ember-golden-leaf-cotton | /collection/orange-blossom-cotton-weave | /collection/midnight-kesari-cotton-drape | /collection/blush-green-handwoven-cotton-drape | /collection/brown-kapi-cotton-black-line-border | /collection/brown-and-mustard-light-silk | /collection/kesari-sunset-chiffon-saree | /collection/magenta-mist-chiffon-drape | /collection/green-chiffon-with-fancy-border | /collection/rani-pink-georgette-garden-party | /collection/midnight-zari-georgette | /collection/pressed-bloom-sheer-chiffon | /collection/mayil-peacock-kanjivaram-mix | /collection/burnt-orange-temple-border-kanjivaram | /collection/semmanjal-turmeric-gold-kanjeevaram | /collection/thangam-golden-weave-kanjivaram | /collection/violet-bloom-cotton-drape | /collection/moss-green-lightweight-silk-selai | /collection/heritage-zari-border-kanjivaram | /collection/nava-pazham-kanjeevaram-silk | /collection/nila-blue-gold-zari-silk | /collection/colorful-vintage-kanjeevaram | /collection/gulabi-kota-cotton | /collection/kempu-pachai-and-bandhani | /collection/pachai-linen-golden-border-drape | /founders | /privacy-policy | /return-policy | /shipping-policy | /terms-of-service | /collection/fabric/chiffon | /collection/fabric/georgette | /faq | /about | /stories | /admin | /collection/rose-vine-stripe-chiffon-saree | /collection/coral-sunrise-chiffon-georgette-saree,/,yes,/: body | /collection: body | /top-viewed: body | /our-story: body | /our-team: body,
now,619,/ | /collection | /top-viewed | /our-story | /our-team | /faqs | /contact | /how-it-works | /authentication | /policies | /why | /sell-your-saree | /packing | /policies/privacy-policy | /policies/return-refund-policy | /policies/shipping-delivery-policy | /policies/terms-of-service | /policies/authentication-condition-policy | /policies/care-packaging-policy | /policies/cancellation-policy | /policies/sell-with-us-policy | /policies/grievance-redressal | /collection/fabric/silk | /blouses | /guides/what-is-a-pre-loved-saree | /guides/pre-loved-vs-second-hand-saree | /collection/tangerine-noir-floral-border-weave | /collection/sunset-ombr-chiffon-draped-dream | /collection/indigo-plum-tied-silk-saree | /collection/forest-flame-tie-dye-silk | /collection/moonstone-cream-mauve-border-saree | /collection/marigold-moss-cotton | /collection/midnight-garden-georgette-saree | /collection/verdant-bloom-silk-burgundy-gold-border | /collection/pink-katan-triangle-zari-edge | /collection/forest-green-silk-black-gold | /collection/teal-blue-moody-silk-drape | /collection/rose-silk-green-brown-stripe | /collection/mustard-organza-brown-border-drape | /collection/charcoal-gold-organza-heirloom-drape | /collection/beige-organza-peach-bloom | /collection/maroon-chettinad-cotton | /collection/deep-wine-organza | /collection/indigo-dusk-silk-cotton | /collection/reddish-mango-cotton-orange-border | /collection/magenta-cotton | /collection/red-blue-madras-check-cotton | /collection/twilight-orange-cotton-weave | /collection/lime-and-gold-cotton-classic | /collection/midnight-tribe-gold-border-cotton | /collection/autumn-ember-golden-leaf-cotton | /collection/orange-blossom-cotton-weave | /collection/midnight-kesari-cotton-drape | /collection/blush-green-handwoven-cotton-drape | /collection/brown-kapi-cotton-black-line-border | /collection/brown-and-mustard-light-silk | /collection/kesari-sunset-chiffon-saree | /collection/magenta-mist-chiffon-drape | /collection/green-chiffon-with-fancy-border | /collection/rani-pink-georgette-garden-party | /collection/midnight-zari-georgette | /collection/pressed-bloom-sheer-chiffon | /collection/mayil-peacock-kanjivaram-mix | /collection/burnt-orange-temple-border-kanjivaram | /collection/semmanjal-turmeric-gold-kanjeevaram | /collection/thangam-golden-weave-kanjivaram | /collection/violet-bloom-cotton-drape | /collection/moss-green-lightweight-silk-selai | /collection/heritage-zari-border-kanjivaram | /collection/nava-pazham-kanjeevaram-silk | /collection/nila-blue-gold-zari-silk | /collection/colorful-vintage-kanjeevaram | /collection/gulabi-kota-cotton | /collection/kempu-pachai-and-bandhani | /collection/pachai-linen-golden-border-drape | /founders | /privacy-policy | /return-policy | /shipping-policy | /terms-of-service | /collection/fabric/chiffon | /collection/fabric/georgette | /faq | /about | /stories | /admin | /collection/rose-vine-stripe-chiffon-saree | /collection/coral-sunrise-chiffon-georgette-saree,/,no,/: body | /collection: body | /top-viewed: body | /our-story: body | /our-team: body,
code,618,/ | /collection | /top-viewed | /our-story | /our-team | /faqs | /contact | /how-it-works | /authentication | /policies | /why | /sell-your-saree | /packing | /policies/privacy-policy | /policies/return-refund-policy | /policies/shipping-delivery-policy | /policies/terms-of-service | /policies/authentication-condition-policy | /policies/care-packaging-policy | /policies/cancellation-policy | /policies/sell-with-us-policy | /policies/grievance-redressal | /collection/fabric/silk | /blouses | /guides/what-is-a-pre-loved-saree | /guides/pre-loved-vs-second-hand-saree | /collection/tangerine-noir-floral-border-weave | /collection/sunset-ombr-chiffon-draped-dream | /collection/indigo-plum-tied-silk-saree | /collection/forest-flame-tie-dye-silk | /collection/moonstone-cream-mauve-border-saree | /collection/marigold-moss-cotton | /collection/midnight-garden-georgette-saree | /collection/verdant-bloom-silk-burgundy-gold-border | /collection/pink-katan-triangle-zari-edge | /collection/forest-green-silk-black-gold | /collection/teal-blue-moody-silk-drape | /collection/rose-silk-green-brown-stripe | /collection/mustard-organza-brown-border-drape | /collection/charcoal-gold-organza-heirloom-drape | /collection/beige-organza-peach-bloom | /collection/maroon-chettinad-cotton | /collection/deep-wine-organza | /collection/indigo-dusk-silk-cotton | /collection/reddish-mango-cotton-orange-border | /collection/magenta-cotton | /collection/red-blue-madras-check-cotton | /collection/twilight-orange-cotton-weave | /collection/lime-and-gold-cotton-classic | /collection/midnight-tribe-gold-border-cotton | /collection/autumn-ember-golden-leaf-cotton | /collection/orange-blossom-cotton-weave | /collection/midnight-kesari-cotton-drape | /collection/blush-green-handwoven-cotton-drape | /collection/brown-kapi-cotton-black-line-border | /collection/brown-and-mustard-light-silk | /collection/kesari-sunset-chiffon-saree | /collection/magenta-mist-chiffon-drape | /collection/green-chiffon-with-fancy-border | /collection/rani-pink-georgette-garden-party | /collection/midnight-zari-georgette | /collection/pressed-bloom-sheer-chiffon | /collection/mayil-peacock-kanjivaram-mix | /collection/burnt-orange-temple-border-kanjivaram | /collection/semmanjal-turmeric-gold-kanjeevaram | /collection/thangam-golden-weave-kanjivaram | /collection/violet-bloom-cotton-drape | /collection/moss-green-lightweight-silk-selai | /collection/heritage-zari-border-kanjivaram | /collection/nava-pazham-kanjeevaram-silk | /collection/nila-blue-gold-zari-silk | /collection/colorful-vintage-kanjeevaram | /collection/gulabi-kota-cotton | /collection/kempu-pachai-and-bandhani | /collection/pachai-linen-golden-border-drape | /founders | /privacy-policy | /return-policy | /shipping-policy | /terms-of-service | /collection/fabric/chiffon | /collection/fabric/georgette | /faq | /about | /stories | /admin | /collection/rose-vine-stripe-chiffon-saree | /collection/coral-sunrise-chiffon-georgette-saree,/,no,/: body | /collection: body | /top-viewed: body | /our-story: body | /our-team: body,
customers,618,/ | /collection | /top-viewed | /our-story | /our-team | /faqs | /contact | /how-it-works | /authentication | /policies | /why | /sell-your-saree | /packing | /policies/privacy-policy | /policies/return-refund-policy | /policies/shipping-delivery-policy | /policies/terms-of-service | /policies/authentication-condition-policy | /policies/care-packaging-policy | /policies/cancellation-policy | /policies/sell-with-us-policy | /policies/grievance-redressal | /collection/fabric/silk | /blouses | /guides/what-is-a-pre-loved-saree | /guides/pre-loved-vs-second-hand-saree | /collection/tangerine-noir-floral-border-weave | /collection/sunset-ombr-chiffon-draped-dream | /collection/indigo-plum-tied-silk-saree | /collection/forest-flame-tie-dye-silk | /collection/moonstone-cream-mauve-border-saree | /collection/marigold-moss-cotton | /collection/midnight-garden-georgette-saree | /collection/verdant-bloom-silk-burgundy-gold-border | /collection/pink-katan-triangle-zari-edge | /collection/forest-green-silk-black-gold | /collection/teal-blue-moody-silk-drape | /collection/rose-silk-green-brown-stripe | /collection/mustard-organza-brown-border-drape | /collection/charcoal-gold-organza-heirloom-drape | /collection/beige-organza-peach-bloom | /collection/maroon-chettinad-cotton | /collection/deep-wine-organza | /collection/indigo-dusk-silk-cotton | /collection/reddish-mango-cotton-orange-border | /collection/magenta-cotton | /collection/red-blue-madras-check-cotton | /collection/twilight-orange-cotton-weave | /collection/lime-and-gold-cotton-classic | /collection/midnight-tribe-gold-border-cotton | /collection/autumn-ember-golden-leaf-cotton | /collection/orange-blossom-cotton-weave | /collection/midnight-kesari-cotton-drape | /collection/blush-green-handwoven-cotton-drape | /collection/brown-kapi-cotton-black-line-border | /collection/brown-and-mustard-light-silk | /collection/kesari-sunset-chiffon-saree | /collection/magenta-mist-chiffon-drape | /collection/green-chiffon-with-fancy-border | /collection/rani-pink-georgette-garden-party | /collection/midnight-zari-georgette | /collection/pressed-bloom-sheer-chiffon | /collection/mayil-peacock-kanjivaram-mix | /collection/burnt-orange-temple-border-kanjivaram | /collection/semmanjal-turmeric-gold-kanjeevaram | /collection/thangam-golden-weave-kanjivaram | /collection/violet-bloom-cotton-drape | /collection/moss-green-lightweight-silk-selai | /collection/heritage-zari-border-kanjivaram | /collection/nava-pazham-kanjeevaram-silk | /collection/nila-blue-gold-zari-silk | /collection/colorful-vintage-kanjeevaram | /collection/gulabi-kota-cotton | /collection/kempu-pachai-and-bandhani | /collection/pachai-linen-golden-border-drape | /founders | /privacy-policy | /return-policy | /shipping-policy | /terms-of-service | /collection/fabric/chiffon | /collection/fabric/georgette | /faq | /about | /stories | /admin | /collection/rose-vine-stripe-chiffon-saree | /collection/coral-sunrise-chiffon-georgette-saree,/,no,/: body | /collection: body | /top-viewed: body | /our-story: body | /our-team: body,
coming,617,/ | /collection | /top-viewed | /our-story | /our-team | /faqs | /contact | /how-it-works | /authentication | /policies | /why | /sell-your-saree | /packing | /policies/privacy-policy | /policies/return-refund-policy | /policies/shipping-delivery-policy | /policies/terms-of-service | /policies/authentication-condition-policy | /policies/care-packaging-policy | /policies/cancellation-policy | /policies/sell-with-us-policy | /policies/grievance-redressal | /collection/fabric/silk | /blouses | /guides/what-is-a-pre-loved-saree | /guides/pre-loved-vs-second-hand-saree | /collection/tangerine-noir-floral-border-weave | /collection/sunset-ombr-chiffon-draped-dream | /collection/indigo-plum-tied-silk-saree | /collection/forest-flame-tie-dye-silk | /collection/moonstone-cream-mauve-border-saree | /collection/marigold-moss-cotton | /collection/midnight-garden-georgette-saree | /collection/verdant-bloom-silk-burgundy-gold-border | /collection/pink-katan-triangle-zari-edge | /collection/forest-green-silk-black-gold | /collection/teal-blue-moody-silk-drape | /collection/rose-silk-green-brown-stripe | /collection/mustard-organza-brown-border-drape | /collection/charcoal-gold-organza-heirloom-drape | /collection/beige-organza-peach-bloom | /collection/maroon-chettinad-cotton | /collection/deep-wine-organza | /collection/indigo-dusk-silk-cotton | /collection/reddish-mango-cotton-orange-border | /collection/magenta-cotton | /collection/red-blue-madras-check-cotton | /collection/twilight-orange-cotton-weave | /collection/lime-and-gold-cotton-classic | /collection/midnight-tribe-gold-border-cotton | /collection/autumn-ember-golden-leaf-cotton | /collection/orange-blossom-cotton-weave | /collection/midnight-kesari-cotton-drape | /collection/blush-green-handwoven-cotton-drape | /collection/brown-kapi-cotton-black-line-border | /collection/brown-and-mustard-light-silk | /collection/kesari-sunset-chiffon-saree | /collection/magenta-mist-chiffon-drape | /collection/green-chiffon-with-fancy-border | /collection/rani-pink-georgette-garden-party | /collection/midnight-zari-georgette | /collection/pressed-bloom-sheer-chiffon | /collection/mayil-peacock-kanjivaram-mix | /collection/burnt-orange-temple-border-kanjivaram | /collection/semmanjal-turmeric-gold-kanjeevaram | /collection/thangam-golden-weave-kanjivaram | /collection/violet-bloom-cotton-drape | /collection/moss-green-lightweight-silk-selai | /collection/heritage-zari-border-kanjivaram | /collection/nava-pazham-kanjeevaram-silk | /collection/nila-blue-gold-zari-silk | /collection/colorful-vintage-kanjeevaram | /collection/gulabi-kota-cotton | /collection/kempu-pachai-and-bandhani | /collection/pachai-linen-golden-border-drape | /founders | /privacy-policy | /return-policy | /shipping-policy | /terms-of-service | /collection/fabric/chiffon | /collection/fabric/georgette | /faq | /about | /stories | /admin | /collection/rose-vine-stripe-chiffon-saree | /collection/coral-sunrise-chiffon-georgette-saree,/,yes,/: body | /collection: body | /top-viewed: meta | /our-story: body | /our-team: body,
soon,617,/ | /collection | /top-viewed | /our-story | /our-team | /faqs | /contact | /how-it-works | /authentication | /policies | /why | /sell-your-saree | /packing | /policies/privacy-policy | /policies/return-refund-policy | /policies/shipping-delivery-policy | /policies/terms-of-service | /policies/authentication-condition-policy | /policies/care-packaging-policy | /policies/cancellation-policy | /policies/sell-with-us-policy | /policies/grievance-redressal | /collection/fabric/silk | /blouses | /guides/what-is-a-pre-loved-saree | /guides/pre-loved-vs-second-hand-saree | /collection/tangerine-noir-floral-border-weave | /collection/sunset-ombr-chiffon-draped-dream | /collection/indigo-plum-tied-silk-saree | /collection/forest-flame-tie-dye-silk | /collection/moonstone-cream-mauve-border-saree | /collection/marigold-moss-cotton | /collection/midnight-garden-georgette-saree | /collection/verdant-bloom-silk-burgundy-gold-border | /collection/pink-katan-triangle-zari-edge | /collection/forest-green-silk-black-gold | /collection/teal-blue-moody-silk-drape | /collection/rose-silk-green-brown-stripe | /collection/mustard-organza-brown-border-drape | /collection/charcoal-gold-organza-heirloom-drape | /collection/beige-organza-peach-bloom | /collection/maroon-chettinad-cotton | /collection/deep-wine-organza | /collection/indigo-dusk-silk-cotton | /collection/reddish-mango-cotton-orange-border | /collection/magenta-cotton | /collection/red-blue-madras-check-cotton | /collection/twilight-orange-cotton-weave | /collection/lime-and-gold-cotton-classic | /collection/midnight-tribe-gold-border-cotton | /collection/autumn-ember-golden-leaf-cotton | /collection/orange-blossom-cotton-weave | /collection/midnight-kesari-cotton-drape | /collection/blush-green-handwoven-cotton-drape | /collection/brown-kapi-cotton-black-line-border | /collection/brown-and-mustard-light-silk | /collection/kesari-sunset-chiffon-saree | /collection/magenta-mist-chiffon-drape | /collection/green-chiffon-with-fancy-border | /collection/rani-pink-georgette-garden-party | /collection/midnight-zari-georgette | /collection/pressed-bloom-sheer-chiffon | /collection/mayil-peacock-kanjivaram-mix | /collection/burnt-orange-temple-border-kanjivaram | /collection/semmanjal-turmeric-gold-kanjeevaram | /collection/thangam-golden-weave-kanjivaram | /collection/violet-bloom-cotton-drape | /collection/moss-green-lightweight-silk-selai | /collection/heritage-zari-border-kanjivaram | /collection/nava-pazham-kanjeevaram-silk | /collection/nila-blue-gold-zari-silk | /collection/colorful-vintage-kanjeevaram | /collection/gulabi-kota-cotton | /collection/kempu-pachai-and-bandhani | /collection/pachai-linen-golden-border-drape | /founders | /privacy-policy | /return-policy | /shipping-policy | /terms-of-service | /collection/fabric/chiffon | /collection/fabric/georgette | /faq | /about | /stories | /admin | /collection/rose-vine-stripe-chiffon-saree | /collection/coral-sunrise-chiffon-georgette-saree,/,no,/: body | /collection: body | /top-viewed: body | /our-story: body | /our-team: body,
100,616,/ | /collection | /top-viewed | /our-story | /our-team | /faqs | /contact | /how-it-works | /authentication | /policies | /why | /sell-your-saree | /packing | /policies/privacy-policy | /policies/return-refund-policy | /policies/shipping-delivery-policy | /policies/terms-of-service | /policies/authentication-condition-policy | /policies/care-packaging-policy | /policies/cancellation-policy | /policies/sell-with-us-policy | /policies/grievance-redressal | /collection/fabric/silk | /blouses | /guides/what-is-a-pre-loved-saree | /guides/pre-loved-vs-second-hand-saree | /collection/tangerine-noir-floral-border-weave | /collection/sunset-ombr-chiffon-draped-dream | /collection/indigo-plum-tied-silk-saree | /collection/forest-flame-tie-dye-silk | /collection/moonstone-cream-mauve-border-saree | /collection/marigold-moss-cotton | /collection/midnight-garden-georgette-saree | /collection/verdant-bloom-silk-burgundy-gold-border | /collection/pink-katan-triangle-zari-edge | /collection/forest-green-silk-black-gold | /collection/teal-blue-moody-silk-drape | /collection/rose-silk-green-brown-stripe | /collection/mustard-organza-brown-border-drape | /collection/charcoal-gold-organza-heirloom-drape | /collection/beige-organza-peach-bloom | /collection/maroon-chettinad-cotton | /collection/deep-wine-organza | /collection/indigo-dusk-silk-cotton | /collection/reddish-mango-cotton-orange-border | /collection/magenta-cotton | /collection/red-blue-madras-check-cotton | /collection/twilight-orange-cotton-weave | /collection/lime-and-gold-cotton-classic | /collection/midnight-tribe-gold-border-cotton | /collection/autumn-ember-golden-leaf-cotton | /collection/orange-blossom-cotton-weave | /collection/midnight-kesari-cotton-drape | /collection/blush-green-handwoven-cotton-drape | /collection/brown-kapi-cotton-black-line-border | /collection/brown-and-mustard-light-silk | /collection/kesari-sunset-chiffon-saree | /collection/magenta-mist-chiffon-drape | /collection/green-chiffon-with-fancy-border | /collection/rani-pink-georgette-garden-party | /collection/midnight-zari-georgette | /collection/pressed-bloom-sheer-chiffon | /collection/mayil-peacock-kanjivaram-mix | /collection/burnt-orange-temple-border-kanjivaram | /collection/semmanjal-turmeric-gold-kanjeevaram | /collection/thangam-golden-weave-kanjivaram | /collection/violet-bloom-cotton-drape | /collection/moss-green-lightweight-silk-selai | /collection/heritage-zari-border-kanjivaram | /collection/nava-pazham-kanjeevaram-silk | /collection/nila-blue-gold-zari-silk | /collection/colorful-vintage-kanjeevaram | /collection/gulabi-kota-cotton | /collection/kempu-pachai-and-bandhani | /collection/pachai-linen-golden-border-drape | /founders | /privacy-policy | /return-policy | /shipping-policy | /terms-of-service | /collection/fabric/chiffon | /collection/fabric/georgette | /faq | /about | /stories | /admin | /collection/rose-vine-stripe-chiffon-saree | /collection/coral-sunrise-chiffon-georgette-saree,/,no,/: body | /collection: body | /top-viewed: body | /our-story: body | /our-team: body,
25,616,/ | /collection | /top-viewed | /our-story | /our-team | /faqs | /contact | /how-it-works | /authentication | /policies | /why | /sell-your-saree | /packing | /policies/privacy-policy | /policies/return-refund-policy | /policies/shipping-delivery-policy | /policies/terms-of-service | /policies/authentication-condition-policy | /policies/care-packaging-policy | /policies/cancellation-policy | /policies/sell-with-us-policy | /policies/grievance-redressal | /collection/fabric/silk | /blouses | /guides/what-is-a-pre-loved-saree | /guides/pre-loved-vs-second-hand-saree | /collection/tangerine-noir-floral-border-weave | /collection/sunset-ombr-chiffon-draped-dream | /collection/indigo-plum-tied-silk-saree | /collection/forest-flame-tie-dye-silk | /collection/moonstone-cream-mauve-border-saree | /collection/marigold-moss-cotton | /collection/midnight-garden-georgette-saree | /collection/verdant-bloom-silk-burgundy-gold-border | /collection/pink-katan-triangle-zari-edge | /collection/forest-green-silk-black-gold | /collection/teal-blue-moody-silk-drape | /collection/rose-silk-green-brown-stripe | /collection/mustard-organza-brown-border-drape | /collection/charcoal-gold-organza-heirloom-drape | /collection/beige-organza-peach-bloom | /collection/maroon-chettinad-cotton | /collection/deep-wine-organza | /collection/indigo-dusk-silk-cotton | /collection/reddish-mango-cotton-orange-border | /collection/magenta-cotton | /collection/red-blue-madras-check-cotton | /collection/twilight-orange-cotton-weave | /collection/lime-and-gold-cotton-classic | /collection/midnight-tribe-gold-border-cotton | /collection/autumn-ember-golden-leaf-cotton | /collection/orange-blossom-cotton-weave | /collection/midnight-kesari-cotton-drape | /collection/blush-green-handwoven-cotton-drape | /collection/brown-kapi-cotton-black-line-border | /collection/brown-and-mustard-light-silk | /collection/kesari-sunset-chiffon-saree | /collection/magenta-mist-chiffon-drape | /collection/green-chiffon-with-fancy-border | /collection/rani-pink-georgette-garden-party | /collection/midnight-zari-georgette | /collection/pressed-bloom-sheer-chiffon | /collection/mayil-peacock-kanjivaram-mix | /collection/burnt-orange-temple-border-kanjivaram | /collection/semmanjal-turmeric-gold-kanjeevaram | /collection/thangam-golden-weave-kanjivaram | /collection/violet-bloom-cotton-drape | /collection/moss-green-lightweight-silk-selai | /collection/heritage-zari-border-kanjivaram | /collection/nava-pazham-kanjeevaram-silk | /collection/nila-blue-gold-zari-silk | /collection/colorful-vintage-kanjeevaram | /collection/gulabi-kota-cotton | /collection/kempu-pachai-and-bandhani | /collection/pachai-linen-golden-border-drape | /founders | /privacy-policy | /return-policy | /shipping-policy | /terms-of-service | /collection/fabric/chiffon | /collection/fabric/georgette | /faq | /about | /stories | /admin | /collection/rose-vine-stripe-chiffon-saree | /collection/coral-sunrise-chiffon-georgette-saree,/,no,/: body | /collection: body | /top-viewed: body | /our-story: body | /our-team: body,
first25,616,/ | /collection | /top-viewed | /our-story | /our-team | /faqs | /contact | /how-it-works | /authentication | /policies | /why | /sell-your-saree | /packing | /policies/privacy-policy | /policies/return-refund-policy | /policies/shipping-delivery-policy | /policies/terms-of-service | /policies/authentication-condition-policy | /policies/care-packaging-policy | /policies/cancellation-policy | /policies/sell-with-us-policy | /policies/grievance-redressal | /collection/fabric/silk | /blouses | /guides/what-is-a-pre-loved-saree | /guides/pre-loved-vs-second-hand-saree | /collection/tangerine-noir-floral-border-weave | /collection/sunset-ombr-chiffon-draped-dream | /collection/indigo-plum-tied-silk-saree | /collection/forest-flame-tie-dye-silk | /collection/moonstone-cream-mauve-border-saree | /collection/marigold-moss-cotton | /collection/midnight-garden-georgette-saree | /collection/verdant-bloom-silk-burgundy-gold-border | /collection/pink-katan-triangle-zari-edge | /collection/forest-green-silk-black-gold | /collection/teal-blue-moody-silk-drape | /collection/rose-silk-green-brown-stripe | /collection/mustard-organza-brown-border-drape | /collection/charcoal-gold-organza-heirloom-drape | /collection/beige-organza-peach-bloom | /collection/maroon-chettinad-cotton | /collection/deep-wine-organza | /collection/indigo-dusk-silk-cotton | /collection/reddish-mango-cotton-orange-border | /collection/magenta-cotton | /collection/red-blue-madras-check-cotton | /collection/twilight-orange-cotton-weave | /collection/lime-and-gold-cotton-classic | /collection/midnight-tribe-gold-border-cotton | /collection/autumn-ember-golden-leaf-cotton | /collection/orange-blossom-cotton-weave | /collection/midnight-kesari-cotton-drape | /collection/blush-green-handwoven-cotton-drape | /collection/brown-kapi-cotton-black-line-border | /collection/brown-and-mustard-light-silk | /collection/kesari-sunset-chiffon-saree | /collection/magenta-mist-chiffon-drape | /collection/green-chiffon-with-fancy-border | /collection/rani-pink-georgette-garden-party | /collection/midnight-zari-georgette | /collection/pressed-bloom-sheer-chiffon | /collection/mayil-peacock-kanjivaram-mix | /collection/burnt-orange-temple-border-kanjivaram | /collection/semmanjal-turmeric-gold-kanjeevaram | /collection/thangam-golden-weave-kanjivaram | /collection/violet-bloom-cotton-drape | /collection/moss-green-lightweight-silk-selai | /collection/heritage-zari-border-kanjivaram | /collection/nava-pazham-kanjeevaram-silk | /collection/nila-blue-gold-zari-silk | /collection/colorful-vintage-kanjeevaram | /collection/gulabi-kota-cotton | /collection/kempu-pachai-and-bandhani | /collection/pachai-linen-golden-border-drape | /founders | /privacy-policy | /return-policy | /shipping-policy | /terms-of-service | /collection/fabric/chiffon | /collection/fabric/georgette | /faq | /about | /stories | /admin | /collection/rose-vine-stripe-chiffon-saree | /collection/coral-sunrise-chiffon-georgette-saree,/,no,/: body | /collection: body | /top-viewed: body | /our-story: body | /our-team: body,
free,616,/ | /collection | /top-viewed | /our-story | /our-team | /faqs | /contact | /how-it-works | /authentication | /policies | /why | /sell-your-saree | /packing | /policies/privacy-policy | /policies/return-refund-policy | /policies/shipping-delivery-policy | /policies/terms-of-service | /policies/authentication-condition-policy | /policies/care-packaging-policy | /policies/cancellation-policy | /policies/sell-with-us-policy | /policies/grievance-redressal | /collection/fabric/silk | /blouses | /guides/what-is-a-pre-loved-saree | /guides/pre-loved-vs-second-hand-saree | /collection/tangerine-noir-floral-border-weave | /collection/sunset-ombr-chiffon-draped-dream | /collection/indigo-plum-tied-silk-saree | /collection/forest-flame-tie-dye-silk | /collection/moonstone-cream-mauve-border-saree | /collection/marigold-moss-cotton | /collection/midnight-garden-georgette-saree | /collection/verdant-bloom-silk-burgundy-gold-border | /collection/pink-katan-triangle-zari-edge | /collection/forest-green-silk-black-gold | /collection/teal-blue-moody-silk-drape | /collection/rose-silk-green-brown-stripe | /collection/mustard-organza-brown-border-drape | /collection/charcoal-gold-organza-heirloom-drape | /collection/beige-organza-peach-bloom | /collection/maroon-chettinad-cotton | /collection/deep-wine-organza | /collection/indigo-dusk-silk-cotton | /collection/reddish-mango-cotton-orange-border | /collection/magenta-cotton | /collection/red-blue-madras-check-cotton | /collection/twilight-orange-cotton-weave | /collection/lime-and-gold-cotton-classic | /collection/midnight-tribe-gold-border-cotton | /collection/autumn-ember-golden-leaf-cotton | /collection/orange-blossom-cotton-weave | /collection/midnight-kesari-cotton-drape | /collection/blush-green-handwoven-cotton-drape | /collection/brown-kapi-cotton-black-line-border | /collection/brown-and-mustard-light-silk | /collection/kesari-sunset-chiffon-saree | /collection/magenta-mist-chiffon-drape | /collection/green-chiffon-with-fancy-border | /collection/rani-pink-georgette-garden-party | /collection/midnight-zari-georgette | /collection/pressed-bloom-sheer-chiffon | /collection/mayil-peacock-kanjivaram-mix | /collection/burnt-orange-temple-border-kanjivaram | /collection/semmanjal-turmeric-gold-kanjeevaram | /collection/thangam-golden-weave-kanjivaram | /collection/violet-bloom-cotton-drape | /collection/moss-green-lightweight-silk-selai | /collection/heritage-zari-border-kanjivaram | /collection/nava-pazham-kanjeevaram-silk | /collection/nila-blue-gold-zari-silk | /collection/colorful-vintage-kanjeevaram | /collection/gulabi-kota-cotton | /collection/kempu-pachai-and-bandhani | /collection/pachai-linen-golden-border-drape | /founders | /privacy-policy | /return-policy | /shipping-policy | /terms-of-service | /collection/fabric/chiffon | /collection/fabric/georgette | /faq | /about | /stories | /admin | /collection/rose-vine-stripe-chiffon-saree | /collection/coral-sunrise-chiffon-georgette-saree,/,no,/: body | /collection: body | /top-viewed: body | /our-story: body | /our-team: body,
get,616,/ | /collection | /top-viewed | /our-story | /our-team | /faqs | /contact | /how-it-works | /authentication | /policies | /why | /sell-your-saree | /packing | /policies/privacy-policy | /policies/return-refund-policy | /policies/shipping-delivery-policy | /policies/terms-of-service | /policies/authentication-condition-policy | /policies/care-packaging-policy | /policies/cancellation-policy | /policies/sell-with-us-policy | /policies/grievance-redressal | /collection/fabric/silk | /blouses | /guides/what-is-a-pre-loved-saree | /guides/pre-loved-vs-second-hand-saree | /collection/tangerine-noir-floral-border-weave | /collection/sunset-ombr-chiffon-draped-dream | /collection/indigo-plum-tied-silk-saree | /collection/forest-flame-tie-dye-silk | /collection/moonstone-cream-mauve-border-saree | /collection/marigold-moss-cotton | /collection/midnight-garden-georgette-saree | /collection/verdant-bloom-silk-burgundy-gold-border | /collection/pink-katan-triangle-zari-edge | /collection/forest-green-silk-black-gold | /collection/teal-blue-moody-silk-drape | /collection/rose-silk-green-brown-stripe | /collection/mustard-organza-brown-border-drape | /collection/charcoal-gold-organza-heirloom-drape | /collection/beige-organza-peach-bloom | /collection/maroon-chettinad-cotton | /collection/deep-wine-organza | /collection/indigo-dusk-silk-cotton | /collection/reddish-mango-cotton-orange-border | /collection/magenta-cotton | /collection/red-blue-madras-check-cotton | /collection/twilight-orange-cotton-weave | /collection/lime-and-gold-cotton-classic | /collection/midnight-tribe-gold-border-cotton | /collection/autumn-ember-golden-leaf-cotton | /collection/orange-blossom-cotton-weave | /collection/midnight-kesari-cotton-drape | /collection/blush-green-handwoven-cotton-drape | /collection/brown-kapi-cotton-black-line-border | /collection/brown-and-mustard-light-silk | /collection/kesari-sunset-chiffon-saree | /collection/magenta-mist-chiffon-drape | /collection/green-chiffon-with-fancy-border | /collection/rani-pink-georgette-garden-party | /collection/midnight-zari-georgette | /collection/pressed-bloom-sheer-chiffon | /collection/mayil-peacock-kanjivaram-mix | /collection/burnt-orange-temple-border-kanjivaram | /collection/semmanjal-turmeric-gold-kanjeevaram | /collection/thangam-golden-weave-kanjivaram | /collection/violet-bloom-cotton-drape | /collection/moss-green-lightweight-silk-selai | /collection/heritage-zari-border-kanjivaram | /collection/nava-pazham-kanjeevaram-silk | /collection/nila-blue-gold-zari-silk | /collection/colorful-vintage-kanjeevaram | /collection/gulabi-kota-cotton | /collection/kempu-pachai-and-bandhani | /collection/pachai-linen-golden-border-drape | /founders | /privacy-policy | /return-policy | /shipping-policy | /terms-of-service | /collection/fabric/chiffon | /collection/fabric/georgette | /faq | /about | /stories | /admin | /collection/rose-vine-stripe-chiffon-saree | /collection/coral-sunrise-chiffon-georgette-saree,/,no,/: body | /collection: body | /top-viewed: body | /our-story: body | /our-team: body,
grab,616,/ | /collection | /top-viewed | /our-story | /our-team | /faqs | /contact | /how-it-works | /authentication | /policies | /why | /sell-your-saree | /packing | /policies/privacy-policy | /policies/return-refund-policy | /policies/shipping-delivery-policy | /policies/terms-of-service | /policies/authentication-condition-policy | /policies/care-packaging-policy | /policies/cancellation-policy | /policies/sell-with-us-policy | /policies/grievance-redressal | /collection/fabric/silk | /blouses | /guides/what-is-a-pre-loved-saree | /guides/pre-loved-vs-second-hand-saree | /collection/tangerine-noir-floral-border-weave | /collection/sunset-ombr-chiffon-draped-dream | /collection/indigo-plum-tied-silk-saree | /collection/forest-flame-tie-dye-silk | /collection/moonstone-cream-mauve-border-saree | /collection/marigold-moss-cotton | /collection/midnight-garden-georgette-saree | /collection/verdant-bloom-silk-burgundy-gold-border | /collection/pink-katan-triangle-zari-edge | /collection/forest-green-silk-black-gold | /collection/teal-blue-moody-silk-drape | /collection/rose-silk-green-brown-stripe | /collection/mustard-organza-brown-border-drape | /collection/charcoal-gold-organza-heirloom-drape | /collection/beige-organza-peach-bloom | /collection/maroon-chettinad-cotton | /collection/deep-wine-organza | /collection/indigo-dusk-silk-cotton | /collection/reddish-mango-cotton-orange-border | /collection/magenta-cotton | /collection/red-blue-madras-check-cotton | /collection/twilight-orange-cotton-weave | /collection/lime-and-gold-cotton-classic | /collection/midnight-tribe-gold-border-cotton | /collection/autumn-ember-golden-leaf-cotton | /collection/orange-blossom-cotton-weave | /collection/midnight-kesari-cotton-drape | /collection/blush-green-handwoven-cotton-drape | /collection/brown-kapi-cotton-black-line-border | /collection/brown-and-mustard-light-silk | /collection/kesari-sunset-chiffon-saree | /collection/magenta-mist-chiffon-drape | /collection/green-chiffon-with-fancy-border | /collection/rani-pink-georgette-garden-party | /collection/midnight-zari-georgette | /collection/pressed-bloom-sheer-chiffon | /collection/mayil-peacock-kanjivaram-mix | /collection/burnt-orange-temple-border-kanjivaram | /collection/semmanjal-turmeric-gold-kanjeevaram | /collection/thangam-golden-weave-kanjivaram | /collection/violet-bloom-cotton-drape | /collection/moss-green-lightweight-silk-selai | /collection/heritage-zari-border-kanjivaram | /collection/nava-pazham-kanjeevaram-silk | /collection/nila-blue-gold-zari-silk | /collection/colorful-vintage-kanjeevaram | /collection/gulabi-kota-cotton | /collection/kempu-pachai-and-bandhani | /collection/pachai-linen-golden-border-drape | /founders | /privacy-policy | /return-policy | /shipping-policy | /terms-of-service | /collection/fabric/chiffon | /collection/fabric/georgette | /faq | /about | /stories | /admin | /collection/rose-vine-stripe-chiffon-saree | /collection/coral-sunrise-chiffon-georgette-saree,/,no,/: body | /collection: body | /top-viewed: body | /our-story: body | /our-team: body,
occasional,616,/ | /collection | /top-viewed | /our-story | /our-team | /faqs | /contact | /how-it-works | /authentication | /policies | /why | /sell-your-saree | /packing | /policies/privacy-policy | /policies/return-refund-policy | /policies/shipping-delivery-policy | /policies/terms-of-service | /policies/authentication-condition-policy | /policies/care-packaging-policy | /policies/cancellation-policy | /policies/sell-with-us-policy | /policies/grievance-redressal | /collection/fabric/silk | /blouses | /guides/what-is-a-pre-loved-saree | /guides/pre-loved-vs-second-hand-saree | /collection/tangerine-noir-floral-border-weave | /collection/sunset-ombr-chiffon-draped-dream | /collection/indigo-plum-tied-silk-saree | /collection/forest-flame-tie-dye-silk | /collection/moonstone-cream-mauve-border-saree | /collection/marigold-moss-cotton | /collection/midnight-garden-georgette-saree | /collection/verdant-bloom-silk-burgundy-gold-border | /collection/pink-katan-triangle-zari-edge | /collection/forest-green-silk-black-gold | /collection/teal-blue-moody-silk-drape | /collection/rose-silk-green-brown-stripe | /collection/mustard-organza-brown-border-drape | /collection/charcoal-gold-organza-heirloom-drape | /collection/beige-organza-peach-bloom | /collection/maroon-chettinad-cotton | /collection/deep-wine-organza | /collection/indigo-dusk-silk-cotton | /collection/reddish-mango-cotton-orange-border | /collection/magenta-cotton | /collection/red-blue-madras-check-cotton | /collection/twilight-orange-cotton-weave | /collection/lime-and-gold-cotton-classic | /collection/midnight-tribe-gold-border-cotton | /collection/autumn-ember-golden-leaf-cotton | /collection/orange-blossom-cotton-weave | /collection/midnight-kesari-cotton-drape | /collection/blush-green-handwoven-cotton-drape | /collection/brown-kapi-cotton-black-line-border | /collection/brown-and-mustard-light-silk | /collection/kesari-sunset-chiffon-saree | /collection/magenta-mist-chiffon-drape | /collection/green-chiffon-with-fancy-border | /collection/rani-pink-georgette-garden-party | /collection/midnight-zari-georgette | /collection/pressed-bloom-sheer-chiffon | /collection/mayil-peacock-kanjivaram-mix | /collection/burnt-orange-temple-border-kanjivaram | /collection/semmanjal-turmeric-gold-kanjeevaram | /collection/thangam-golden-weave-kanjivaram | /collection/violet-bloom-cotton-drape | /collection/moss-green-lightweight-silk-selai | /collection/heritage-zari-border-kanjivaram | /collection/nava-pazham-kanjeevaram-silk | /collection/nila-blue-gold-zari-silk | /collection/colorful-vintage-kanjeevaram | /collection/gulabi-kota-cotton | /collection/kempu-pachai-and-bandhani | /collection/pachai-linen-golden-border-drape | /founders | /privacy-policy | /return-policy | /shipping-policy | /terms-of-service | /collection/fabric/chiffon | /collection/fabric/georgette | /faq | /about | /stories | /admin | /collection/rose-vine-stripe-chiffon-saree | /collection/coral-sunrise-chiffon-georgette-saree,/,no,/: body | /collection: body | /top-viewed: body | /our-story: body | /our-team: body,
off,616,/ | /collection | /top-viewed | /our-story | /our-team | /faqs | /contact | /how-it-works | /authentication | /policies | /why | /sell-your-saree | /packing | /policies/privacy-policy | /policies/return-refund-policy | /policies/shipping-delivery-policy | /policies/terms-of-service | /policies/authentication-condition-policy | /policies/care-packaging-policy | /policies/cancellation-policy | /policies/sell-with-us-policy | /policies/grievance-redressal | /collection/fabric/silk | /blouses | /guides/what-is-a-pre-loved-saree | /guides/pre-loved-vs-second-hand-saree | /collection/tangerine-noir-floral-border-weave | /collection/sunset-ombr-chiffon-draped-dream | /collection/indigo-plum-tied-silk-saree | /collection/forest-flame-tie-dye-silk | /collection/moonstone-cream-mauve-border-saree | /collection/marigold-moss-cotton | /collection/midnight-garden-georgette-saree | /collection/verdant-bloom-silk-burgundy-gold-border | /collection/pink-katan-triangle-zari-edge | /collection/forest-green-silk-black-gold | /collection/teal-blue-moody-silk-drape | /collection/rose-silk-green-brown-stripe | /collection/mustard-organza-brown-border-drape | /collection/charcoal-gold-organza-heirloom-drape | /collection/beige-organza-peach-bloom | /collection/maroon-chettinad-cotton | /collection/deep-wine-organza | /collection/indigo-dusk-silk-cotton | /collection/reddish-mango-cotton-orange-border | /collection/magenta-cotton | /collection/red-blue-madras-check-cotton | /collection/twilight-orange-cotton-weave | /collection/lime-and-gold-cotton-classic | /collection/midnight-tribe-gold-border-cotton | /collection/autumn-ember-golden-leaf-cotton | /collection/orange-blossom-cotton-weave | /collection/midnight-kesari-cotton-drape | /collection/blush-green-handwoven-cotton-drape | /collection/brown-kapi-cotton-black-line-border | /collection/brown-and-mustard-light-silk | /collection/kesari-sunset-chiffon-saree | /collection/magenta-mist-chiffon-drape | /collection/green-chiffon-with-fancy-border | /collection/rani-pink-georgette-garden-party | /collection/midnight-zari-georgette | /collection/pressed-bloom-sheer-chiffon | /collection/mayil-peacock-kanjivaram-mix | /collection/burnt-orange-temple-border-kanjivaram | /collection/semmanjal-turmeric-gold-kanjeevaram | /collection/thangam-golden-weave-kanjivaram | /collection/violet-bloom-cotton-drape | /collection/moss-green-lightweight-silk-selai | /collection/heritage-zari-border-kanjivaram | /collection/nava-pazham-kanjeevaram-silk | /collection/nila-blue-gold-zari-silk | /collection/colorful-vintage-kanjeevaram | /collection/gulabi-kota-cotton | /collection/kempu-pachai-and-bandhani | /collection/pachai-linen-golden-border-drape | /founders | /privacy-policy | /return-policy | /shipping-policy | /terms-of-service | /collection/fabric/chiffon | /collection/fabric/georgette | /faq | /about | /stories | /admin | /collection/rose-vine-stripe-chiffon-saree | /collection/coral-sunrise-chiffon-georgette-saree,/,no,/: body | /collection: body | /top-viewed: body | /our-story: body | /our-team: body,
first,535,/ | /collection | /top-viewed | /our-story | /our-team | /faqs | /contact | /how-it-works | /authentication | /policies | /why | /sell-your-saree | /packing | /policies/privacy-policy | /policies/return-refund-policy | /policies/shipping-delivery-policy | /policies/terms-of-service | /policies/authentication-condition-policy | /policies/care-packaging-policy | /policies/cancellation-policy | /policies/sell-with-us-policy | /policies/grievance-redressal | /collection/fabric/silk | /blouses | /guides/what-is-a-pre-loved-saree | /guides/pre-loved-vs-second-hand-saree | /collection/tangerine-noir-floral-border-weave | /collection/sunset-ombr-chiffon-draped-dream | /collection/indigo-plum-tied-silk-saree | /collection/forest-flame-tie-dye-silk | /collection/moonstone-cream-mauve-border-saree | /collection/marigold-moss-cotton | /collection/midnight-garden-georgette-saree | /collection/verdant-bloom-silk-burgundy-gold-border | /collection/pink-katan-triangle-zari-edge | /collection/forest-green-silk-black-gold | /collection/teal-blue-moody-silk-drape | /collection/rose-silk-green-brown-stripe | /collection/mustard-organza-brown-border-drape | /collection/charcoal-gold-organza-heirloom-drape | /collection/beige-organza-peach-bloom | /collection/maroon-chettinad-cotton | /collection/deep-wine-organza | /collection/indigo-dusk-silk-cotton | /collection/reddish-mango-cotton-orange-border | /collection/magenta-cotton | /collection/red-blue-madras-check-cotton | /collection/twilight-orange-cotton-weave | /collection/lime-and-gold-cotton-classic | /collection/midnight-tribe-gold-border-cotton | /collection/autumn-ember-golden-leaf-cotton | /collection/orange-blossom-cotton-weave | /collection/midnight-kesari-cotton-drape | /collection/blush-green-handwoven-cotton-drape | /collection/brown-kapi-cotton-black-line-border | /collection/brown-and-mustard-light-silk | /collection/kesari-sunset-chiffon-saree | /collection/magenta-mist-chiffon-drape | /collection/green-chiffon-with-fancy-border | /collection/rani-pink-georgette-garden-party | /collection/midnight-zari-georgette | /collection/pressed-bloom-sheer-chiffon | /collection/mayil-peacock-kanjivaram-mix | /collection/burnt-orange-temple-border-kanjivaram | /collection/semmanjal-turmeric-gold-kanjeevaram | /collection/thangam-golden-weave-kanjivaram | /collection/violet-bloom-cotton-drape | /collection/moss-green-lightweight-silk-selai | /collection/heritage-zari-border-kanjivaram | /collection/nava-pazham-kanjeevaram-silk | /collection/nila-blue-gold-zari-silk | /collection/colorful-vintage-kanjeevaram | /collection/gulabi-kota-cotton | /collection/kempu-pachai-and-bandhani | /collection/pachai-linen-golden-border-drape | /founders | /privacy-policy | /return-policy | /shipping-policy | /terms-of-service | /collection/fabric/chiffon | /collection/fabric/georgette | /faq | /about | /stories | /admin | /collection/rose-vine-stripe-chiffon-saree | /collection/coral-sunrise-chiffon-georgette-saree,/,yes,/: body | /collection: body | /top-viewed: body | /our-story: body | /our-team: body,
trunk,475,/ | /collection | /top-viewed | /our-story | /our-team | /faqs | /contact | /how-it-works | /authentication | /policies | /why | /sell-your-saree | /packing | /policies/privacy-policy | /policies/return-refund-policy | /policies/shipping-delivery-policy | /policies/terms-of-service | /policies/authentication-condition-policy | /policies/care-packaging-policy | /policies/cancellation-policy | /policies/sell-with-us-policy | /policies/grievance-redressal | /collection/fabric/silk | /blouses | /guides/what-is-a-pre-loved-saree | /guides/pre-loved-vs-second-hand-saree | /collection/tangerine-noir-floral-border-weave | /collection/sunset-ombr-chiffon-draped-dream | /collection/indigo-plum-tied-silk-saree | /collection/forest-flame-tie-dye-silk | /collection/moonstone-cream-mauve-border-saree | /collection/marigold-moss-cotton | /collection/midnight-garden-georgette-saree | /collection/verdant-bloom-silk-burgundy-gold-border | /collection/pink-katan-triangle-zari-edge | /collection/forest-green-silk-black-gold | /collection/teal-blue-moody-silk-drape | /collection/rose-silk-green-brown-stripe | /collection/mustard-organza-brown-border-drape | /collection/charcoal-gold-organza-heirloom-drape | /collection/beige-organza-peach-bloom | /collection/maroon-chettinad-cotton | /collection/deep-wine-organza | /collection/indigo-dusk-silk-cotton | /collection/reddish-mango-cotton-orange-border | /collection/magenta-cotton | /collection/red-blue-madras-check-cotton | /collection/twilight-orange-cotton-weave | /collection/lime-and-gold-cotton-classic | /collection/midnight-tribe-gold-border-cotton | /collection/autumn-ember-golden-leaf-cotton | /collection/orange-blossom-cotton-weave | /collection/midnight-kesari-cotton-drape | /collection/blush-green-handwoven-cotton-drape | /collection/brown-kapi-cotton-black-line-border | /collection/brown-and-mustard-light-silk | /collection/kesari-sunset-chiffon-saree | /collection/magenta-mist-chiffon-drape | /collection/green-chiffon-with-fancy-border | /collection/rani-pink-georgette-garden-party | /collection/midnight-zari-georgette | /collection/pressed-bloom-sheer-chiffon | /collection/mayil-peacock-kanjivaram-mix | /collection/burnt-orange-temple-border-kanjivaram | /collection/semmanjal-turmeric-gold-kanjeevaram | /collection/thangam-golden-weave-kanjivaram | /collection/violet-bloom-cotton-drape | /collection/moss-green-lightweight-silk-selai | /collection/heritage-zari-border-kanjivaram | /collection/nava-pazham-kanjeevaram-silk | /collection/nila-blue-gold-zari-silk | /collection/colorful-vintage-kanjeevaram | /collection/gulabi-kota-cotton | /collection/kempu-pachai-and-bandhani | /collection/pachai-linen-golden-border-drape | /founders | /privacy-policy | /return-policy | /shipping-policy | /terms-of-service | /collection/fabric/chiffon | /collection/fabric/georgette | /faq | /about | /stories | /admin | /collection/rose-vine-stripe-chiffon-saree | /collection/coral-sunrise-chiffon-georgette-saree,/,yes,/: title | /collection: title | /top-viewed: title | /our-story: title/meta | /our-team: title/meta,
saree,416,/ | /collection | /our-story | /faqs | /how-it-works | /authentication | /policies | /why | /sell-your-saree | /packing | /policies/privacy-policy | /policies/return-refund-policy | /policies/shipping-delivery-policy | /policies/terms-of-service | /policies/authentication-condition-policy | /policies/care-packaging-policy | /policies/cancellation-policy | /policies/sell-with-us-policy | /collection/fabric/silk | /blouses | /guides/what-is-a-pre-loved-saree | /guides/pre-loved-vs-second-hand-saree | /collection/tangerine-noir-floral-border-weave | /collection/sunset-ombr-chiffon-draped-dream | /collection/indigo-plum-tied-silk-saree | /collection/forest-flame-tie-dye-silk | /collection/moonstone-cream-mauve-border-saree | /collection/marigold-moss-cotton | /collection/midnight-garden-georgette-saree | /collection/verdant-bloom-silk-burgundy-gold-border | /collection/pink-katan-triangle-zari-edge | /collection/forest-green-silk-black-gold | /collection/teal-blue-moody-silk-drape | /collection/rose-silk-green-brown-stripe | /collection/mustard-organza-brown-border-drape | /collection/charcoal-gold-organza-heirloom-drape | /collection/beige-organza-peach-bloom | /collection/maroon-chettinad-cotton | /collection/deep-wine-organza | /collection/indigo-dusk-silk-cotton | /collection/reddish-mango-cotton-orange-border | /collection/magenta-cotton | /collection/red-blue-madras-check-cotton | /collection/twilight-orange-cotton-weave | /collection/lime-and-gold-cotton-classic | /collection/midnight-tribe-gold-border-cotton | /collection/autumn-ember-golden-leaf-cotton | /collection/orange-blossom-cotton-weave | /collection/midnight-kesari-cotton-drape | /collection/blush-green-handwoven-cotton-drape | /collection/brown-kapi-cotton-black-line-border | /collection/brown-and-mustard-light-silk | /collection/kesari-sunset-chiffon-saree | /collection/magenta-mist-chiffon-drape | /collection/green-chiffon-with-fancy-border | /collection/rani-pink-georgette-garden-party | /collection/midnight-zari-georgette | /collection/pressed-bloom-sheer-chiffon | /collection/mayil-peacock-kanjivaram-mix | /collection/burnt-orange-temple-border-kanjivaram | /collection/semmanjal-turmeric-gold-kanjeevaram | /collection/thangam-golden-weave-kanjivaram | /collection/violet-bloom-cotton-drape | /collection/moss-green-lightweight-silk-selai | /collection/heritage-zari-border-kanjivaram | /collection/nava-pazham-kanjeevaram-silk | /collection/nila-blue-gold-zari-silk | /collection/colorful-vintage-kanjeevaram | /collection/gulabi-kota-cotton | /collection/kempu-pachai-and-bandhani | /collection/pachai-linen-golden-border-drape | /privacy-policy | /return-policy | /shipping-policy | /terms-of-service | /faq | /about | /stories | /collection/rose-vine-stripe-chiffon-saree | /collection/coral-sunrise-chiffon-georgette-saree,/,yes,/: body | /collection: body | /our-story: meta | /faqs: title/H1 | /how-it-works: body,Protected commercial term retained by audit normalization.
unique,315,/collection | /top-viewed | /faqs | /policies | /policies/return-refund-policy | /policies/terms-of-service | /policies/cancellation-policy | /collection/fabric/silk | /blouses | /collection/tangerine-noir-floral-border-weave | /collection/sunset-ombr-chiffon-draped-dream | /collection/indigo-plum-tied-silk-saree | /collection/forest-flame-tie-dye-silk | /collection/moonstone-cream-mauve-border-saree | /collection/marigold-moss-cotton | /collection/midnight-garden-georgette-saree | /collection/verdant-bloom-silk-burgundy-gold-border | /collection/pink-katan-triangle-zari-edge | /collection/forest-green-silk-black-gold | /collection/teal-blue-moody-silk-drape | /collection/rose-silk-green-brown-stripe | /collection/mustard-organza-brown-border-drape | /collection/charcoal-gold-organza-heirloom-drape | /collection/beige-organza-peach-bloom | /collection/maroon-chettinad-cotton | /collection/deep-wine-organza | /collection/indigo-dusk-silk-cotton | /collection/reddish-mango-cotton-orange-border | /collection/magenta-cotton | /collection/red-blue-madras-check-cotton | /collection/twilight-orange-cotton-weave | /collection/lime-and-gold-cotton-classic | /collection/midnight-tribe-gold-border-cotton | /collection/autumn-ember-golden-leaf-cotton | /collection/orange-blossom-cotton-weave | /collection/midnight-kesari-cotton-drape | /collection/blush-green-handwoven-cotton-drape | /collection/brown-kapi-cotton-black-line-border | /collection/brown-and-mustard-light-silk | /collection/kesari-sunset-chiffon-saree | /collection/magenta-mist-chiffon-drape | /collection/green-chiffon-with-fancy-border | /collection/rani-pink-georgette-garden-party | /collection/midnight-zari-georgette | /collection/pressed-bloom-sheer-chiffon | /collection/mayil-peacock-kanjivaram-mix | /collection/burnt-orange-temple-border-kanjivaram | /collection/semmanjal-turmeric-gold-kanjeevaram | /collection/thangam-golden-weave-kanjivaram | /collection/violet-bloom-cotton-drape | /collection/moss-green-lightweight-silk-selai | /collection/heritage-zari-border-kanjivaram | /collection/nava-pazham-kanjeevaram-silk | /collection/nila-blue-gold-zari-silk | /collection/colorful-vintage-kanjeevaram | /collection/gulabi-kota-cotton | /collection/kempu-pachai-and-bandhani | /collection/pachai-linen-golden-border-drape | /return-policy | /terms-of-service | /collection/fabric/chiffon | /collection/fabric/georgette | /faq | /collection/rose-vine-stripe-chiffon-saree | /collection/coral-sunrise-chiffon-georgette-saree,/collection,yes,/collection: body | /top-viewed: body | /faqs: body | /policies: body | /policies/return-refund-policy: body,
us,210,/ | /collection | /top-viewed | /our-story | /our-team | /faqs | /contact | /how-it-works | /authentication | /policies | /why | /sell-your-saree | /packing | /policies/privacy-policy | /policies/return-refund-policy | /policies/shipping-delivery-policy | /policies/terms-of-service | /policies/authentication-condition-policy | /policies/care-packaging-policy | /policies/cancellation-policy | /policies/sell-with-us-policy | /policies/grievance-redressal | /collection/fabric/silk | /blouses | /guides/what-is-a-pre-loved-saree | /guides/pre-loved-vs-second-hand-saree | /collection/tangerine-noir-floral-border-weave | /collection/sunset-ombr-chiffon-draped-dream | /collection/indigo-plum-tied-silk-saree | /collection/forest-flame-tie-dye-silk | /collection/moonstone-cream-mauve-border-saree | /collection/marigold-moss-cotton | /collection/midnight-garden-georgette-saree | /collection/verdant-bloom-silk-burgundy-gold-border | /collection/pink-katan-triangle-zari-edge | /collection/forest-green-silk-black-gold | /collection/teal-blue-moody-silk-drape | /collection/rose-silk-green-brown-stripe | /collection/mustard-organza-brown-border-drape | /collection/charcoal-gold-organza-heirloom-drape | /collection/beige-organza-peach-bloom | /collection/maroon-chettinad-cotton | /collection/deep-wine-organza | /collection/indigo-dusk-silk-cotton | /collection/reddish-mango-cotton-orange-border | /collection/magenta-cotton | /collection/red-blue-madras-check-cotton | /collection/twilight-orange-cotton-weave | /collection/lime-and-gold-cotton-classic | /collection/midnight-tribe-gold-border-cotton | /collection/autumn-ember-golden-leaf-cotton | /collection/orange-blossom-cotton-weave | /collection/midnight-kesari-cotton-drape | /collection/blush-green-handwoven-cotton-drape | /collection/brown-kapi-cotton-black-line-border | /collection/brown-and-mustard-light-silk | /collection/kesari-sunset-chiffon-saree | /collection/magenta-mist-chiffon-drape | /collection/green-chiffon-with-fancy-border | /collection/rani-pink-georgette-garden-party | /collection/midnight-zari-georgette | /collection/pressed-bloom-sheer-chiffon | /collection/mayil-peacock-kanjivaram-mix | /collection/burnt-orange-temple-border-kanjivaram | /collection/semmanjal-turmeric-gold-kanjeevaram | /collection/thangam-golden-weave-kanjivaram | /collection/violet-bloom-cotton-drape | /collection/moss-green-lightweight-silk-selai | /collection/heritage-zari-border-kanjivaram | /collection/nava-pazham-kanjeevaram-silk | /collection/nila-blue-gold-zari-silk | /collection/colorful-vintage-kanjeevaram | /collection/gulabi-kota-cotton | /collection/kempu-pachai-and-bandhani | /collection/pachai-linen-golden-border-drape | /founders | /privacy-policy | /return-policy | /shipping-policy | /terms-of-service | /collection/fabric/chiffon | /collection/fabric/georgette | /faq | /about | /stories | /admin | /collection/rose-vine-stripe-chiffon-saree | /collection/coral-sunrise-chiffon-georgette-saree,/,yes,/: body | /collection: body | /top-viewed: body | /our-story: body | /our-team: body,
pre-loved,197,/ | /collection | /top-viewed | /our-story | /faqs | /contact | /how-it-works | /authentication | /policies | /why | /sell-your-saree | /policies/privacy-policy | /policies/return-refund-policy | /policies/terms-of-service | /policies/authentication-condition-policy | /policies/care-packaging-policy | /collection/fabric/silk | /blouses | /guides/what-is-a-pre-loved-saree | /guides/pre-loved-vs-second-hand-saree | /collection/tangerine-noir-floral-border-weave | /collection/sunset-ombr-chiffon-draped-dream | /collection/indigo-plum-tied-silk-saree | /collection/forest-flame-tie-dye-silk | /collection/moonstone-cream-mauve-border-saree | /collection/marigold-moss-cotton | /collection/midnight-garden-georgette-saree | /collection/verdant-bloom-silk-burgundy-gold-border | /collection/pink-katan-triangle-zari-edge | /collection/forest-green-silk-black-gold | /collection/teal-blue-moody-silk-drape | /collection/rose-silk-green-brown-stripe | /collection/mustard-organza-brown-border-drape | /collection/charcoal-gold-organza-heirloom-drape | /collection/beige-organza-peach-bloom | /collection/maroon-chettinad-cotton | /collection/deep-wine-organza | /collection/indigo-dusk-silk-cotton | /collection/reddish-mango-cotton-orange-border | /collection/magenta-cotton | /collection/red-blue-madras-check-cotton | /collection/twilight-orange-cotton-weave | /collection/lime-and-gold-cotton-classic | /collection/midnight-tribe-gold-border-cotton | /collection/autumn-ember-golden-leaf-cotton | /collection/orange-blossom-cotton-weave | /collection/midnight-kesari-cotton-drape | /collection/blush-green-handwoven-cotton-drape | /collection/brown-kapi-cotton-black-line-border | /collection/brown-and-mustard-light-silk | /collection/kesari-sunset-chiffon-saree | /collection/magenta-mist-chiffon-drape | /collection/green-chiffon-with-fancy-border | /collection/rani-pink-georgette-garden-party | /collection/midnight-zari-georgette | /collection/pressed-bloom-sheer-chiffon | /collection/mayil-peacock-kanjivaram-mix | /collection/burnt-orange-temple-border-kanjivaram | /collection/semmanjal-turmeric-gold-kanjeevaram | /collection/thangam-golden-weave-kanjivaram | /collection/violet-bloom-cotton-drape | /collection/moss-green-lightweight-silk-selai | /collection/heritage-zari-border-kanjivaram | /collection/nava-pazham-kanjeevaram-silk | /collection/nila-blue-gold-zari-silk | /collection/colorful-vintage-kanjeevaram | /collection/gulabi-kota-cotton | /collection/kempu-pachai-and-bandhani | /collection/pachai-linen-golden-border-drape | /privacy-policy | /return-policy | /terms-of-service | /collection/fabric/chiffon | /collection/fabric/georgette | /faq | /about | /stories | /collection/rose-vine-stripe-chiffon-saree | /collection/coral-sunrise-chiffon-georgette-saree,/,yes,/: title/meta/H1 | /collection: title/meta/H1 | /top-viewed: title/meta/H1 | /our-story: meta/H1 | /faqs: title/meta/H1,Protected commercial term retained by audit normalization.
policyterms,187,/ | /collection | /top-viewed | /our-story | /our-team | /faqs | /contact | /how-it-works | /authentication | /policies | /why | /sell-your-saree | /packing | /policies/privacy-policy | /policies/return-refund-policy | /policies/shipping-delivery-policy | /policies/terms-of-service | /policies/authentication-condition-policy | /policies/care-packaging-policy | /policies/cancellation-policy | /policies/sell-with-us-policy | /policies/grievance-redressal | /collection/fabric/silk | /blouses | /guides/what-is-a-pre-loved-saree | /guides/pre-loved-vs-second-hand-saree | /collection/tangerine-noir-floral-border-weave | /collection/sunset-ombr-chiffon-draped-dream | /collection/indigo-plum-tied-silk-saree | /collection/forest-flame-tie-dye-silk | /collection/moonstone-cream-mauve-border-saree | /collection/marigold-moss-cotton | /collection/midnight-garden-georgette-saree | /collection/verdant-bloom-silk-burgundy-gold-border | /collection/pink-katan-triangle-zari-edge | /collection/forest-green-silk-black-gold | /collection/teal-blue-moody-silk-drape | /collection/rose-silk-green-brown-stripe | /collection/mustard-organza-brown-border-drape | /collection/charcoal-gold-organza-heirloom-drape | /collection/beige-organza-peach-bloom | /collection/maroon-chettinad-cotton | /collection/deep-wine-organza | /collection/indigo-dusk-silk-cotton | /collection/reddish-mango-cotton-orange-border | /collection/magenta-cotton | /collection/red-blue-madras-check-cotton | /collection/twilight-orange-cotton-weave | /collection/lime-and-gold-cotton-classic | /collection/midnight-tribe-gold-border-cotton | /collection/autumn-ember-golden-leaf-cotton | /collection/orange-blossom-cotton-weave | /collection/midnight-kesari-cotton-drape | /collection/blush-green-handwoven-cotton-drape | /collection/brown-kapi-cotton-black-line-border | /collection/brown-and-mustard-light-silk | /collection/kesari-sunset-chiffon-saree | /collection/magenta-mist-chiffon-drape | /collection/green-chiffon-with-fancy-border | /collection/rani-pink-georgette-garden-party | /collection/midnight-zari-georgette | /collection/pressed-bloom-sheer-chiffon | /collection/mayil-peacock-kanjivaram-mix | /collection/burnt-orange-temple-border-kanjivaram | /collection/semmanjal-turmeric-gold-kanjeevaram | /collection/thangam-golden-weave-kanjivaram | /collection/violet-bloom-cotton-drape | /collection/moss-green-lightweight-silk-selai | /collection/heritage-zari-border-kanjivaram | /collection/nava-pazham-kanjeevaram-silk | /collection/nila-blue-gold-zari-silk | /collection/colorful-vintage-kanjeevaram | /collection/gulabi-kota-cotton | /collection/kempu-pachai-and-bandhani | /collection/pachai-linen-golden-border-drape | /founders | /privacy-policy | /return-policy | /shipping-policy | /terms-of-service | /collection/fabric/chiffon | /collection/fabric/georgette | /faq | /about | /stories | /admin | /collection/rose-vine-stripe-chiffon-saree | /collection/coral-sunrise-chiffon-georgette-saree,/,no,/: body | /collection: body | /top-viewed: body | /our-story: body | /our-team: body,
made,186,/ | /collection | /top-viewed | /our-story | /our-team | /faqs | /contact | /how-it-works | /authentication | /policies | /why | /sell-your-saree | /packing | /policies/privacy-policy | /policies/return-refund-policy | /policies/shipping-delivery-policy | /policies/terms-of-service | /policies/authentication-condition-policy | /policies/care-packaging-policy | /policies/cancellation-policy | /policies/sell-with-us-policy | /policies/grievance-redressal | /collection/fabric/silk | /blouses | /guides/what-is-a-pre-loved-saree | /guides/pre-loved-vs-second-hand-saree | /collection/tangerine-noir-floral-border-weave | /collection/sunset-ombr-chiffon-draped-dream | /collection/indigo-plum-tied-silk-saree | /collection/forest-flame-tie-dye-silk | /collection/moonstone-cream-mauve-border-saree | /collection/marigold-moss-cotton | /collection/midnight-garden-georgette-saree | /collection/verdant-bloom-silk-burgundy-gold-border | /collection/pink-katan-triangle-zari-edge | /collection/forest-green-silk-black-gold | /collection/teal-blue-moody-silk-drape | /collection/rose-silk-green-brown-stripe | /collection/mustard-organza-brown-border-drape | /collection/charcoal-gold-organza-heirloom-drape | /collection/beige-organza-peach-bloom | /collection/maroon-chettinad-cotton | /collection/deep-wine-organza | /collection/indigo-dusk-silk-cotton | /collection/reddish-mango-cotton-orange-border | /collection/magenta-cotton | /collection/red-blue-madras-check-cotton | /collection/twilight-orange-cotton-weave | /collection/lime-and-gold-cotton-classic | /collection/midnight-tribe-gold-border-cotton | /collection/autumn-ember-golden-leaf-cotton | /collection/orange-blossom-cotton-weave | /collection/midnight-kesari-cotton-drape | /collection/blush-green-handwoven-cotton-drape | /collection/brown-kapi-cotton-black-line-border | /collection/brown-and-mustard-light-silk | /collection/kesari-sunset-chiffon-saree | /collection/magenta-mist-chiffon-drape | /collection/green-chiffon-with-fancy-border | /collection/rani-pink-georgette-garden-party | /collection/midnight-zari-georgette | /collection/pressed-bloom-sheer-chiffon | /collection/mayil-peacock-kanjivaram-mix | /collection/burnt-orange-temple-border-kanjivaram | /collection/semmanjal-turmeric-gold-kanjeevaram | /collection/thangam-golden-weave-kanjivaram | /collection/violet-bloom-cotton-drape | /collection/moss-green-lightweight-silk-selai | /collection/heritage-zari-border-kanjivaram | /collection/nava-pazham-kanjeevaram-silk | /collection/nila-blue-gold-zari-silk | /collection/colorful-vintage-kanjeevaram | /collection/gulabi-kota-cotton | /collection/kempu-pachai-and-bandhani | /collection/pachai-linen-golden-border-drape | /founders | /privacy-policy | /return-policy | /shipping-policy | /terms-of-service | /collection/fabric/chiffon | /collection/fabric/georgette | /faq | /about | /stories | /admin | /collection/rose-vine-stripe-chiffon-saree | /collection/coral-sunrise-chiffon-georgette-saree,/,no,/: body | /collection: body | /top-viewed: body | /our-story: body | /our-team: body,
privacy,183,/ | /collection | /top-viewed | /our-story | /our-team | /faqs | /contact | /how-it-works | /authentication | /policies | /why | /sell-your-saree | /packing | /policies/privacy-policy | /policies/return-refund-policy | /policies/shipping-delivery-policy | /policies/terms-of-service | /policies/authentication-condition-policy | /policies/care-packaging-policy | /policies/cancellation-policy | /policies/sell-with-us-policy | /policies/grievance-redressal | /collection/fabric/silk | /blouses | /guides/what-is-a-pre-loved-saree | /guides/pre-loved-vs-second-hand-saree | /collection/tangerine-noir-floral-border-weave | /collection/sunset-ombr-chiffon-draped-dream | /collection/indigo-plum-tied-silk-saree | /collection/forest-flame-tie-dye-silk | /collection/moonstone-cream-mauve-border-saree | /collection/marigold-moss-cotton | /collection/midnight-garden-georgette-saree | /collection/verdant-bloom-silk-burgundy-gold-border | /collection/pink-katan-triangle-zari-edge | /collection/forest-green-silk-black-gold | /collection/teal-blue-moody-silk-drape | /collection/rose-silk-green-brown-stripe | /collection/mustard-organza-brown-border-drape | /collection/charcoal-gold-organza-heirloom-drape | /collection/beige-organza-peach-bloom | /collection/maroon-chettinad-cotton | /collection/deep-wine-organza | /collection/indigo-dusk-silk-cotton | /collection/reddish-mango-cotton-orange-border | /collection/magenta-cotton | /collection/red-blue-madras-check-cotton | /collection/twilight-orange-cotton-weave | /collection/lime-and-gold-cotton-classic | /collection/midnight-tribe-gold-border-cotton | /collection/autumn-ember-golden-leaf-cotton | /collection/orange-blossom-cotton-weave | /collection/midnight-kesari-cotton-drape | /collection/blush-green-handwoven-cotton-drape | /collection/brown-kapi-cotton-black-line-border | /collection/brown-and-mustard-light-silk | /collection/kesari-sunset-chiffon-saree | /collection/magenta-mist-chiffon-drape | /collection/green-chiffon-with-fancy-border | /collection/rani-pink-georgette-garden-party | /collection/midnight-zari-georgette | /collection/pressed-bloom-sheer-chiffon | /collection/mayil-peacock-kanjivaram-mix | /collection/burnt-orange-temple-border-kanjivaram | /collection/semmanjal-turmeric-gold-kanjeevaram | /collection/thangam-golden-weave-kanjivaram | /collection/violet-bloom-cotton-drape | /collection/moss-green-lightweight-silk-selai | /collection/heritage-zari-border-kanjivaram | /collection/nava-pazham-kanjeevaram-silk | /collection/nila-blue-gold-zari-silk | /collection/colorful-vintage-kanjeevaram | /collection/gulabi-kota-cotton | /collection/kempu-pachai-and-bandhani | /collection/pachai-linen-golden-border-drape | /founders | /privacy-policy | /return-policy | /shipping-policy | /terms-of-service | /collection/fabric/chiffon | /collection/fabric/georgette | /faq | /about | /stories | /admin | /collection/rose-vine-stripe-chiffon-saree | /collection/coral-sunrise-chiffon-georgette-saree,/,yes,/: body | /collection: body | /top-viewed: body | /our-story: body | /our-team: body,
collectionour,177,/ | /collection | /top-viewed | /our-story | /our-team | /faqs | /contact | /how-it-works | /authentication | /policies | /why | /sell-your-saree | /packing | /policies/privacy-policy | /policies/return-refund-policy | /policies/shipping-delivery-policy | /policies/terms-of-service | /policies/authentication-condition-policy | /policies/care-packaging-policy | /policies/cancellation-policy | /policies/sell-with-us-policy | /policies/grievance-redressal | /collection/fabric/silk | /blouses | /guides/what-is-a-pre-loved-saree | /guides/pre-loved-vs-second-hand-saree | /collection/tangerine-noir-floral-border-weave | /collection/sunset-ombr-chiffon-draped-dream | /collection/indigo-plum-tied-silk-saree | /collection/forest-flame-tie-dye-silk | /collection/moonstone-cream-mauve-border-saree | /collection/marigold-moss-cotton | /collection/midnight-garden-georgette-saree | /collection/verdant-bloom-silk-burgundy-gold-border | /collection/pink-katan-triangle-zari-edge | /collection/forest-green-silk-black-gold | /collection/teal-blue-moody-silk-drape | /collection/rose-silk-green-brown-stripe | /collection/mustard-organza-brown-border-drape | /collection/charcoal-gold-organza-heirloom-drape | /collection/beige-organza-peach-bloom | /collection/maroon-chettinad-cotton | /collection/deep-wine-organza | /collection/indigo-dusk-silk-cotton | /collection/reddish-mango-cotton-orange-border | /collection/magenta-cotton | /collection/red-blue-madras-check-cotton | /collection/twilight-orange-cotton-weave | /collection/lime-and-gold-cotton-classic | /collection/midnight-tribe-gold-border-cotton | /collection/autumn-ember-golden-leaf-cotton | /collection/orange-blossom-cotton-weave | /collection/midnight-kesari-cotton-drape | /collection/blush-green-handwoven-cotton-drape | /collection/brown-kapi-cotton-black-line-border | /collection/brown-and-mustard-light-silk | /collection/kesari-sunset-chiffon-saree | /collection/magenta-mist-chiffon-drape | /collection/green-chiffon-with-fancy-border | /collection/rani-pink-georgette-garden-party | /collection/midnight-zari-georgette | /collection/pressed-bloom-sheer-chiffon | /collection/mayil-peacock-kanjivaram-mix | /collection/burnt-orange-temple-border-kanjivaram | /collection/semmanjal-turmeric-gold-kanjeevaram | /collection/thangam-golden-weave-kanjivaram | /collection/violet-bloom-cotton-drape | /collection/moss-green-lightweight-silk-selai | /collection/heritage-zari-border-kanjivaram | /collection/nava-pazham-kanjeevaram-silk | /collection/nila-blue-gold-zari-silk | /collection/colorful-vintage-kanjeevaram | /collection/gulabi-kota-cotton | /collection/kempu-pachai-and-bandhani | /collection/pachai-linen-golden-border-drape | /founders | /privacy-policy | /return-policy | /shipping-policy | /terms-of-service | /collection/fabric/chiffon | /collection/fabric/georgette | /faq | /about | /stories | /admin | /collection/rose-vine-stripe-chiffon-saree | /collection/coral-sunrise-chiffon-georgette-saree,/,no,/: body | /collection: body | /top-viewed: body | /our-story: body | /our-team: body,
refundsauthenticationcontact,176,/ | /collection | /top-viewed | /our-story | /our-team | /faqs | /contact | /how-it-works | /authentication | /policies | /why | /sell-your-saree | /packing | /policies/privacy-policy | /policies/return-refund-policy | /policies/shipping-delivery-policy | /policies/terms-of-service | /policies/authentication-condition-policy | /policies/care-packaging-policy | /policies/cancellation-policy | /policies/sell-with-us-policy | /policies/grievance-redressal | /collection/fabric/silk | /blouses | /guides/what-is-a-pre-loved-saree | /guides/pre-loved-vs-second-hand-saree | /collection/tangerine-noir-floral-border-weave | /collection/sunset-ombr-chiffon-draped-dream | /collection/indigo-plum-tied-silk-saree | /collection/forest-flame-tie-dye-silk | /collection/moonstone-cream-mauve-border-saree | /collection/marigold-moss-cotton | /collection/midnight-garden-georgette-saree | /collection/verdant-bloom-silk-burgundy-gold-border | /collection/pink-katan-triangle-zari-edge | /collection/forest-green-silk-black-gold | /collection/teal-blue-moody-silk-drape | /collection/rose-silk-green-brown-stripe | /collection/mustard-organza-brown-border-drape | /collection/charcoal-gold-organza-heirloom-drape | /collection/beige-organza-peach-bloom | /collection/maroon-chettinad-cotton | /collection/deep-wine-organza | /collection/indigo-dusk-silk-cotton | /collection/reddish-mango-cotton-orange-border | /collection/magenta-cotton | /collection/red-blue-madras-check-cotton | /collection/twilight-orange-cotton-weave | /collection/lime-and-gold-cotton-classic | /collection/midnight-tribe-gold-border-cotton | /collection/autumn-ember-golden-leaf-cotton | /collection/orange-blossom-cotton-weave | /collection/midnight-kesari-cotton-drape | /collection/blush-green-handwoven-cotton-drape | /collection/brown-kapi-cotton-black-line-border | /collection/brown-and-mustard-light-silk | /collection/kesari-sunset-chiffon-saree | /collection/magenta-mist-chiffon-drape | /collection/green-chiffon-with-fancy-border | /collection/rani-pink-georgette-garden-party | /collection/midnight-zari-georgette | /collection/pressed-bloom-sheer-chiffon | /collection/mayil-peacock-kanjivaram-mix | /collection/burnt-orange-temple-border-kanjivaram | /collection/semmanjal-turmeric-gold-kanjeevaram | /collection/thangam-golden-weave-kanjivaram | /collection/violet-bloom-cotton-drape | /collection/moss-green-lightweight-silk-selai | /collection/heritage-zari-border-kanjivaram | /collection/nava-pazham-kanjeevaram-silk | /collection/nila-blue-gold-zari-silk | /collection/colorful-vintage-kanjeevaram | /collection/gulabi-kota-cotton | /collection/kempu-pachai-and-bandhani | /collection/pachai-linen-golden-border-drape | /founders | /privacy-policy | /return-policy | /shipping-policy | /terms-of-service | /collection/fabric/chiffon | /collection/fabric/georgette | /faq | /about | /stories | /admin | /collection/rose-vine-stripe-chiffon-saree | /collection/coral-sunrise-chiffon-georgette-saree,/,no,/: body | /collection: body | /top-viewed: body | /our-story: body | /our-team: body,
sareeour,176,/ | /collection | /top-viewed | /our-story | /our-team | /faqs | /contact | /how-it-works | /authentication | /policies | /why | /sell-your-saree | /packing | /policies/privacy-policy | /policies/return-refund-policy | /policies/shipping-delivery-policy | /policies/terms-of-service | /policies/authentication-condition-policy | /policies/care-packaging-policy | /policies/cancellation-policy | /policies/sell-with-us-policy | /policies/grievance-redressal | /collection/fabric/silk | /blouses | /guides/what-is-a-pre-loved-saree | /guides/pre-loved-vs-second-hand-saree | /collection/tangerine-noir-floral-border-weave | /collection/sunset-ombr-chiffon-draped-dream | /collection/indigo-plum-tied-silk-saree | /collection/forest-flame-tie-dye-silk | /collection/moonstone-cream-mauve-border-saree | /collection/marigold-moss-cotton | /collection/midnight-garden-georgette-saree | /collection/verdant-bloom-silk-burgundy-gold-border | /collection/pink-katan-triangle-zari-edge | /collection/forest-green-silk-black-gold | /collection/teal-blue-moody-silk-drape | /collection/rose-silk-green-brown-stripe | /collection/mustard-organza-brown-border-drape | /collection/charcoal-gold-organza-heirloom-drape | /collection/beige-organza-peach-bloom | /collection/maroon-chettinad-cotton | /collection/deep-wine-organza | /collection/indigo-dusk-silk-cotton | /collection/reddish-mango-cotton-orange-border | /collection/magenta-cotton | /collection/red-blue-madras-check-cotton | /collection/twilight-orange-cotton-weave | /collection/lime-and-gold-cotton-classic | /collection/midnight-tribe-gold-border-cotton | /collection/autumn-ember-golden-leaf-cotton | /collection/orange-blossom-cotton-weave | /collection/midnight-kesari-cotton-drape | /collection/blush-green-handwoven-cotton-drape | /collection/brown-kapi-cotton-black-line-border | /collection/brown-and-mustard-light-silk | /collection/kesari-sunset-chiffon-saree | /collection/magenta-mist-chiffon-drape | /collection/green-chiffon-with-fancy-border | /collection/rani-pink-georgette-garden-party | /collection/midnight-zari-georgette | /collection/pressed-bloom-sheer-chiffon | /collection/mayil-peacock-kanjivaram-mix | /collection/burnt-orange-temple-border-kanjivaram | /collection/semmanjal-turmeric-gold-kanjeevaram | /collection/thangam-golden-weave-kanjivaram | /collection/violet-bloom-cotton-drape | /collection/moss-green-lightweight-silk-selai | /collection/heritage-zari-border-kanjivaram | /collection/nava-pazham-kanjeevaram-silk | /collection/nila-blue-gold-zari-silk | /collection/colorful-vintage-kanjeevaram | /collection/gulabi-kota-cotton | /collection/kempu-pachai-and-bandhani | /collection/pachai-linen-golden-border-drape | /founders | /privacy-policy | /return-policy | /shipping-policy | /terms-of-service | /collection/fabric/chiffon | /collection/fabric/georgette | /faq | /about | /stories | /admin | /collection/rose-vine-stripe-chiffon-saree | /collection/coral-sunrise-chiffon-georgette-saree,/,no,/: body | /collection: body | /top-viewed: body | /our-story: body | /our-team: body,
storyour,176,/ | /collection | /top-viewed | /our-story | /our-team | /faqs | /contact | /how-it-works | /authentication | /policies | /why | /sell-your-saree | /packing | /policies/privacy-policy | /policies/return-refund-policy | /policies/shipping-delivery-policy | /policies/terms-of-service | /policies/authentication-condition-policy | /policies/care-packaging-policy | /policies/cancellation-policy | /policies/sell-with-us-policy | /policies/grievance-redressal | /collection/fabric/silk | /blouses | /guides/what-is-a-pre-loved-saree | /guides/pre-loved-vs-second-hand-saree | /collection/tangerine-noir-floral-border-weave | /collection/sunset-ombr-chiffon-draped-dream | /collection/indigo-plum-tied-silk-saree | /collection/forest-flame-tie-dye-silk | /collection/moonstone-cream-mauve-border-saree | /collection/marigold-moss-cotton | /collection/midnight-garden-georgette-saree | /collection/verdant-bloom-silk-burgundy-gold-border | /collection/pink-katan-triangle-zari-edge | /collection/forest-green-silk-black-gold | /collection/teal-blue-moody-silk-drape | /collection/rose-silk-green-brown-stripe | /collection/mustard-organza-brown-border-drape | /collection/charcoal-gold-organza-heirloom-drape | /collection/beige-organza-peach-bloom | /collection/maroon-chettinad-cotton | /collection/deep-wine-organza | /collection/indigo-dusk-silk-cotton | /collection/reddish-mango-cotton-orange-border | /collection/magenta-cotton | /collection/red-blue-madras-check-cotton | /collection/twilight-orange-cotton-weave | /collection/lime-and-gold-cotton-classic | /collection/midnight-tribe-gold-border-cotton | /collection/autumn-ember-golden-leaf-cotton | /collection/orange-blossom-cotton-weave | /collection/midnight-kesari-cotton-drape | /collection/blush-green-handwoven-cotton-drape | /collection/brown-kapi-cotton-black-line-border | /collection/brown-and-mustard-light-silk | /collection/kesari-sunset-chiffon-saree | /collection/magenta-mist-chiffon-drape | /collection/green-chiffon-with-fancy-border | /collection/rani-pink-georgette-garden-party | /collection/midnight-zari-georgette | /collection/pressed-bloom-sheer-chiffon | /collection/mayil-peacock-kanjivaram-mix | /collection/burnt-orange-temple-border-kanjivaram | /collection/semmanjal-turmeric-gold-kanjeevaram | /collection/thangam-golden-weave-kanjivaram | /collection/violet-bloom-cotton-drape | /collection/moss-green-lightweight-silk-selai | /collection/heritage-zari-border-kanjivaram | /collection/nava-pazham-kanjeevaram-silk | /collection/nila-blue-gold-zari-silk | /collection/colorful-vintage-kanjeevaram | /collection/gulabi-kota-cotton | /collection/kempu-pachai-and-bandhani | /collection/pachai-linen-golden-border-drape | /founders | /privacy-policy | /return-policy | /shipping-policy | /terms-of-service | /collection/fabric/chiffon | /collection/fabric/georgette | /faq | /about | /stories | /admin | /collection/rose-vine-stripe-chiffon-saree | /collection/coral-sunrise-chiffon-georgette-saree,/,no,/: body | /collection: body | /top-viewed: body | /our-story: body | /our-team: body,
teamcustomer,176,/ | /collection | /top-viewed | /our-story | /our-team | /faqs | /contact | /how-it-works | /authentication | /policies | /why | /sell-your-saree | /packing | /policies/privacy-policy | /policies/return-refund-policy | /policies/shipping-delivery-policy | /policies/terms-of-service | /policies/authentication-condition-policy | /policies/care-packaging-policy | /policies/cancellation-policy | /policies/sell-with-us-policy | /policies/grievance-redressal | /collection/fabric/silk | /blouses | /guides/what-is-a-pre-loved-saree | /guides/pre-loved-vs-second-hand-saree | /collection/tangerine-noir-floral-border-weave | /collection/sunset-ombr-chiffon-draped-dream | /collection/indigo-plum-tied-silk-saree | /collection/forest-flame-tie-dye-silk | /collection/moonstone-cream-mauve-border-saree | /collection/marigold-moss-cotton | /collection/midnight-garden-georgette-saree | /collection/verdant-bloom-silk-burgundy-gold-border | /collection/pink-katan-triangle-zari-edge | /collection/forest-green-silk-black-gold | /collection/teal-blue-moody-silk-drape | /collection/rose-silk-green-brown-stripe | /collection/mustard-organza-brown-border-drape | /collection/charcoal-gold-organza-heirloom-drape | /collection/beige-organza-peach-bloom | /collection/maroon-chettinad-cotton | /collection/deep-wine-organza | /collection/indigo-dusk-silk-cotton | /collection/reddish-mango-cotton-orange-border | /collection/magenta-cotton | /collection/red-blue-madras-check-cotton | /collection/twilight-orange-cotton-weave | /collection/lime-and-gold-cotton-classic | /collection/midnight-tribe-gold-border-cotton | /collection/autumn-ember-golden-leaf-cotton | /collection/orange-blossom-cotton-weave | /collection/midnight-kesari-cotton-drape | /collection/blush-green-handwoven-cotton-drape | /collection/brown-kapi-cotton-black-line-border | /collection/brown-and-mustard-light-silk | /collection/kesari-sunset-chiffon-saree | /collection/magenta-mist-chiffon-drape | /collection/green-chiffon-with-fancy-border | /collection/rani-pink-georgette-garden-party | /collection/midnight-zari-georgette | /collection/pressed-bloom-sheer-chiffon | /collection/mayil-peacock-kanjivaram-mix | /collection/burnt-orange-temple-border-kanjivaram | /collection/semmanjal-turmeric-gold-kanjeevaram | /collection/thangam-golden-weave-kanjivaram | /collection/violet-bloom-cotton-drape | /collection/moss-green-lightweight-silk-selai | /collection/heritage-zari-border-kanjivaram | /collection/nava-pazham-kanjeevaram-silk | /collection/nila-blue-gold-zari-silk | /collection/colorful-vintage-kanjeevaram | /collection/gulabi-kota-cotton | /collection/kempu-pachai-and-bandhani | /collection/pachai-linen-golden-border-drape | /founders | /privacy-policy | /return-policy | /shipping-policy | /terms-of-service | /collection/fabric/chiffon | /collection/fabric/georgette | /faq | /about | /stories | /admin | /collection/rose-vine-stripe-chiffon-saree | /collection/coral-sunrise-chiffon-georgette-saree,/,no,/: body | /collection: body | /top-viewed: body | /our-story: body | /our-team: body,
whyhow,176,/ | /collection | /top-viewed | /our-story | /our-team | /faqs | /contact | /how-it-works | /authentication | /policies | /why | /sell-your-saree | /packing | /policies/privacy-policy | /policies/return-refund-policy | /policies/shipping-delivery-policy | /policies/terms-of-service | /policies/authentication-condition-policy | /policies/care-packaging-policy | /policies/cancellation-policy | /policies/sell-with-us-policy | /policies/grievance-redressal | /collection/fabric/silk | /blouses | /guides/what-is-a-pre-loved-saree | /guides/pre-loved-vs-second-hand-saree | /collection/tangerine-noir-floral-border-weave | /collection/sunset-ombr-chiffon-draped-dream | /collection/indigo-plum-tied-silk-saree | /collection/forest-flame-tie-dye-silk | /collection/moonstone-cream-mauve-border-saree | /collection/marigold-moss-cotton | /collection/midnight-garden-georgette-saree | /collection/verdant-bloom-silk-burgundy-gold-border | /collection/pink-katan-triangle-zari-edge | /collection/forest-green-silk-black-gold | /collection/teal-blue-moody-silk-drape | /collection/rose-silk-green-brown-stripe | /collection/mustard-organza-brown-border-drape | /collection/charcoal-gold-organza-heirloom-drape | /collection/beige-organza-peach-bloom | /collection/maroon-chettinad-cotton | /collection/deep-wine-organza | /collection/indigo-dusk-silk-cotton | /collection/reddish-mango-cotton-orange-border | /collection/magenta-cotton | /collection/red-blue-madras-check-cotton | /collection/twilight-orange-cotton-weave | /collection/lime-and-gold-cotton-classic | /collection/midnight-tribe-gold-border-cotton | /collection/autumn-ember-golden-leaf-cotton | /collection/orange-blossom-cotton-weave | /collection/midnight-kesari-cotton-drape | /collection/blush-green-handwoven-cotton-drape | /collection/brown-kapi-cotton-black-line-border | /collection/brown-and-mustard-light-silk | /collection/kesari-sunset-chiffon-saree | /collection/magenta-mist-chiffon-drape | /collection/green-chiffon-with-fancy-border | /collection/rani-pink-georgette-garden-party | /collection/midnight-zari-georgette | /collection/pressed-bloom-sheer-chiffon | /collection/mayil-peacock-kanjivaram-mix | /collection/burnt-orange-temple-border-kanjivaram | /collection/semmanjal-turmeric-gold-kanjeevaram | /collection/thangam-golden-weave-kanjivaram | /collection/violet-bloom-cotton-drape | /collection/moss-green-lightweight-silk-selai | /collection/heritage-zari-border-kanjivaram | /collection/nava-pazham-kanjeevaram-silk | /collection/nila-blue-gold-zari-silk | /collection/colorful-vintage-kanjeevaram | /collection/gulabi-kota-cotton | /collection/kempu-pachai-and-bandhani | /collection/pachai-linen-golden-border-drape | /founders | /privacy-policy | /return-policy | /shipping-policy | /terms-of-service | /collection/fabric/chiffon | /collection/fabric/georgette | /faq | /about | /stories | /admin | /collection/rose-vine-stripe-chiffon-saree | /collection/coral-sunrise-chiffon-georgette-saree,/,no,/: body | /collection: body | /top-viewed: body | /our-story: body | /our-team: body,
worksfaqssell,176,/ | /collection | /top-viewed | /our-story | /our-team | /faqs | /contact | /how-it-works | /authentication | /policies | /why | /sell-your-saree | /packing | /policies/privacy-policy | /policies/return-refund-policy | /policies/shipping-delivery-policy | /policies/terms-of-service | /policies/authentication-condition-policy | /policies/care-packaging-policy | /policies/cancellation-policy | /policies/sell-with-us-policy | /policies/grievance-redressal | /collection/fabric/silk | /blouses | /guides/what-is-a-pre-loved-saree | /guides/pre-loved-vs-second-hand-saree | /collection/tangerine-noir-floral-border-weave | /collection/sunset-ombr-chiffon-draped-dream | /collection/indigo-plum-tied-silk-saree | /collection/forest-flame-tie-dye-silk | /collection/moonstone-cream-mauve-border-saree | /collection/marigold-moss-cotton | /collection/midnight-garden-georgette-saree | /collection/verdant-bloom-silk-burgundy-gold-border | /collection/pink-katan-triangle-zari-edge | /collection/forest-green-silk-black-gold | /collection/teal-blue-moody-silk-drape | /collection/rose-silk-green-brown-stripe | /collection/mustard-organza-brown-border-drape | /collection/charcoal-gold-organza-heirloom-drape | /collection/beige-organza-peach-bloom | /collection/maroon-chettinad-cotton | /collection/deep-wine-organza | /collection/indigo-dusk-silk-cotton | /collection/reddish-mango-cotton-orange-border | /collection/magenta-cotton | /collection/red-blue-madras-check-cotton | /collection/twilight-orange-cotton-weave | /collection/lime-and-gold-cotton-classic | /collection/midnight-tribe-gold-border-cotton | /collection/autumn-ember-golden-leaf-cotton | /collection/orange-blossom-cotton-weave | /collection/midnight-kesari-cotton-drape | /collection/blush-green-handwoven-cotton-drape | /collection/brown-kapi-cotton-black-line-border | /collection/brown-and-mustard-light-silk | /collection/kesari-sunset-chiffon-saree | /collection/magenta-mist-chiffon-drape | /collection/green-chiffon-with-fancy-border | /collection/rani-pink-georgette-garden-party | /collection/midnight-zari-georgette | /collection/pressed-bloom-sheer-chiffon | /collection/mayil-peacock-kanjivaram-mix | /collection/burnt-orange-temple-border-kanjivaram | /collection/semmanjal-turmeric-gold-kanjeevaram | /collection/thangam-golden-weave-kanjivaram | /collection/violet-bloom-cotton-drape | /collection/moss-green-lightweight-silk-selai | /collection/heritage-zari-border-kanjivaram | /collection/nava-pazham-kanjeevaram-silk | /collection/nila-blue-gold-zari-silk | /collection/colorful-vintage-kanjeevaram | /collection/gulabi-kota-cotton | /collection/kempu-pachai-and-bandhani | /collection/pachai-linen-golden-border-drape | /founders | /privacy-policy | /return-policy | /shipping-policy | /terms-of-service | /collection/fabric/chiffon | /collection/fabric/georgette | /faq | /about | /stories | /admin | /collection/rose-vine-stripe-chiffon-saree | /collection/coral-sunrise-chiffon-georgette-saree,/,no,/: body | /collection: body | /top-viewed: body | /our-story: body | /our-team: body,
piece,161,/ | /collection | /faqs | /how-it-works | /authentication | /policies | /why | /sell-your-saree | /packing | /policies/return-refund-policy | /policies/terms-of-service | /policies/authentication-condition-policy | /policies/cancellation-policy | /policies/sell-with-us-policy | /collection/fabric/silk | /guides/what-is-a-pre-loved-saree | /guides/pre-loved-vs-second-hand-saree | /collection/tangerine-noir-floral-border-weave | /collection/sunset-ombr-chiffon-draped-dream | /collection/indigo-plum-tied-silk-saree | /collection/forest-flame-tie-dye-silk | /collection/moonstone-cream-mauve-border-saree | /collection/marigold-moss-cotton | /collection/midnight-garden-georgette-saree | /collection/verdant-bloom-silk-burgundy-gold-border | /collection/pink-katan-triangle-zari-edge | /collection/forest-green-silk-black-gold | /collection/teal-blue-moody-silk-drape | /collection/rose-silk-green-brown-stripe | /collection/mustard-organza-brown-border-drape | /collection/charcoal-gold-organza-heirloom-drape | /collection/beige-organza-peach-bloom | /collection/maroon-chettinad-cotton | /collection/deep-wine-organza | /collection/indigo-dusk-silk-cotton | /collection/reddish-mango-cotton-orange-border | /collection/magenta-cotton | /collection/red-blue-madras-check-cotton | /collection/twilight-orange-cotton-weave | /collection/lime-and-gold-cotton-classic | /collection/midnight-tribe-gold-border-cotton | /collection/autumn-ember-golden-leaf-cotton | /collection/orange-blossom-cotton-weave | /collection/midnight-kesari-cotton-drape | /collection/blush-green-handwoven-cotton-drape | /collection/brown-kapi-cotton-black-line-border | /collection/brown-and-mustard-light-silk | /collection/kesari-sunset-chiffon-saree | /collection/magenta-mist-chiffon-drape | /collection/green-chiffon-with-fancy-border | /collection/rani-pink-georgette-garden-party | /collection/midnight-zari-georgette | /collection/pressed-bloom-sheer-chiffon | /collection/mayil-peacock-kanjivaram-mix | /collection/burnt-orange-temple-border-kanjivaram | /collection/semmanjal-turmeric-gold-kanjeevaram | /collection/thangam-golden-weave-kanjivaram | /collection/violet-bloom-cotton-drape | /collection/moss-green-lightweight-silk-selai | /collection/heritage-zari-border-kanjivaram | /collection/nava-pazham-kanjeevaram-silk | /collection/nila-blue-gold-zari-silk | /collection/colorful-vintage-kanjeevaram | /collection/gulabi-kota-cotton | /collection/kempu-pachai-and-bandhani | /collection/pachai-linen-golden-border-drape | /return-policy | /terms-of-service | /faq | /collection/rose-vine-stripe-chiffon-saree | /collection/coral-sunrise-chiffon-georgette-saree,/,yes,/: body | /collection: body | /faqs: body | /how-it-works: body | /authentication: body,
5untitled,158,/top-viewed | /blouses | /collection/tangerine-noir-floral-border-weave | /collection/sunset-ombr-chiffon-draped-dream | /collection/indigo-plum-tied-silk-saree | /collection/forest-flame-tie-dye-silk | /collection/moonstone-cream-mauve-border-saree | /collection/marigold-moss-cotton | /collection/midnight-garden-georgette-saree | /collection/verdant-bloom-silk-burgundy-gold-border | /collection/pink-katan-triangle-zari-edge | /collection/forest-green-silk-black-gold | /collection/teal-blue-moody-silk-drape | /collection/rose-silk-green-brown-stripe | /collection/mustard-organza-brown-border-drape | /collection/charcoal-gold-organza-heirloom-drape | /collection/beige-organza-peach-bloom | /collection/maroon-chettinad-cotton | /collection/deep-wine-organza | /collection/indigo-dusk-silk-cotton | /collection/reddish-mango-cotton-orange-border | /collection/magenta-cotton | /collection/red-blue-madras-check-cotton | /collection/twilight-orange-cotton-weave | /collection/lime-and-gold-cotton-classic | /collection/midnight-tribe-gold-border-cotton | /collection/autumn-ember-golden-leaf-cotton | /collection/orange-blossom-cotton-weave | /collection/midnight-kesari-cotton-drape | /collection/blush-green-handwoven-cotton-drape | /collection/brown-kapi-cotton-black-line-border | /collection/brown-and-mustard-light-silk | /collection/kesari-sunset-chiffon-saree | /collection/magenta-mist-chiffon-drape | /collection/green-chiffon-with-fancy-border | /collection/rani-pink-georgette-garden-party | /collection/midnight-zari-georgette | /collection/pressed-bloom-sheer-chiffon | /collection/mayil-peacock-kanjivaram-mix | /collection/burnt-orange-temple-border-kanjivaram | /collection/semmanjal-turmeric-gold-kanjeevaram | /collection/thangam-golden-weave-kanjivaram | /collection/violet-bloom-cotton-drape | /collection/moss-green-lightweight-silk-selai | /collection/heritage-zari-border-kanjivaram | /collection/nava-pazham-kanjeevaram-silk | /collection/nila-blue-gold-zari-silk | /collection/colorful-vintage-kanjeevaram | /collection/gulabi-kota-cotton | /collection/kempu-pachai-and-bandhani | /collection/pachai-linen-golden-border-drape | /collection/rose-vine-stripe-chiffon-saree | /collection/coral-sunrise-chiffon-georgette-saree,/top-viewed,no,/top-viewed: body | /blouses: body | /collection/tangerine-noir-floral-border-weave: body | /collection/sunset-ombr-chiffon-draped-dream: body | /collection/indigo-plum-tied-silk-saree: body,
arrivalselect,158,/top-viewed | /blouses | /collection/tangerine-noir-floral-border-weave | /collection/sunset-ombr-chiffon-draped-dream | /collection/indigo-plum-tied-silk-saree | /collection/forest-flame-tie-dye-silk | /collection/moonstone-cream-mauve-border-saree | /collection/marigold-moss-cotton | /collection/midnight-garden-georgette-saree | /collection/verdant-bloom-silk-burgundy-gold-border | /collection/pink-katan-triangle-zari-edge | /collection/forest-green-silk-black-gold | /collection/teal-blue-moody-silk-drape | /collection/rose-silk-green-brown-stripe | /collection/mustard-organza-brown-border-drape | /collection/charcoal-gold-organza-heirloom-drape | /collection/beige-organza-peach-bloom | /collection/maroon-chettinad-cotton | /collection/deep-wine-organza | /collection/indigo-dusk-silk-cotton | /collection/reddish-mango-cotton-orange-border | /collection/magenta-cotton | /collection/red-blue-madras-check-cotton | /collection/twilight-orange-cotton-weave | /collection/lime-and-gold-cotton-classic | /collection/midnight-tribe-gold-border-cotton | /collection/autumn-ember-golden-leaf-cotton | /collection/orange-blossom-cotton-weave | /collection/midnight-kesari-cotton-drape | /collection/blush-green-handwoven-cotton-drape | /collection/brown-kapi-cotton-black-line-border | /collection/brown-and-mustard-light-silk | /collection/kesari-sunset-chiffon-saree | /collection/magenta-mist-chiffon-drape | /collection/green-chiffon-with-fancy-border | /collection/rani-pink-georgette-garden-party | /collection/midnight-zari-georgette | /collection/pressed-bloom-sheer-chiffon | /collection/mayil-peacock-kanjivaram-mix | /collection/burnt-orange-temple-border-kanjivaram | /collection/semmanjal-turmeric-gold-kanjeevaram | /collection/thangam-golden-weave-kanjivaram | /collection/violet-bloom-cotton-drape | /collection/moss-green-lightweight-silk-selai | /collection/heritage-zari-border-kanjivaram | /collection/nava-pazham-kanjeevaram-silk | /collection/nila-blue-gold-zari-silk | /collection/colorful-vintage-kanjeevaram | /collection/gulabi-kota-cotton | /collection/kempu-pachai-and-bandhani | /collection/pachai-linen-golden-border-drape | /collection/rose-vine-stripe-chiffon-saree | /collection/coral-sunrise-chiffon-georgette-saree,/top-viewed,no,/top-viewed: body | /blouses: body | /collection/tangerine-noir-floral-border-weave: body | /collection/sunset-ombr-chiffon-draped-dream: body | /collection/indigo-plum-tied-silk-saree: body,
productnew,158,/top-viewed | /blouses | /collection/tangerine-noir-floral-border-weave | /collection/sunset-ombr-chiffon-draped-dream | /collection/indigo-plum-tied-silk-saree | /collection/forest-flame-tie-dye-silk | /collection/moonstone-cream-mauve-border-saree | /collection/marigold-moss-cotton | /collection/midnight-garden-georgette-saree | /collection/verdant-bloom-silk-burgundy-gold-border | /collection/pink-katan-triangle-zari-edge | /collection/forest-green-silk-black-gold | /collection/teal-blue-moody-silk-drape | /collection/rose-silk-green-brown-stripe | /collection/mustard-organza-brown-border-drape | /collection/charcoal-gold-organza-heirloom-drape | /collection/beige-organza-peach-bloom | /collection/maroon-chettinad-cotton | /collection/deep-wine-organza | /collection/indigo-dusk-silk-cotton | /collection/reddish-mango-cotton-orange-border | /collection/magenta-cotton | /collection/red-blue-madras-check-cotton | /collection/twilight-orange-cotton-weave | /collection/lime-and-gold-cotton-classic | /collection/midnight-tribe-gold-border-cotton | /collection/autumn-ember-golden-leaf-cotton | /collection/orange-blossom-cotton-weave | /collection/midnight-kesari-cotton-drape | /collection/blush-green-handwoven-cotton-drape | /collection/brown-kapi-cotton-black-line-border | /collection/brown-and-mustard-light-silk | /collection/kesari-sunset-chiffon-saree | /collection/magenta-mist-chiffon-drape | /collection/green-chiffon-with-fancy-border | /collection/rani-pink-georgette-garden-party | /collection/midnight-zari-georgette | /collection/pressed-bloom-sheer-chiffon | /collection/mayil-peacock-kanjivaram-mix | /collection/burnt-orange-temple-border-kanjivaram | /collection/semmanjal-turmeric-gold-kanjeevaram | /collection/thangam-golden-weave-kanjivaram | /collection/violet-bloom-cotton-drape | /collection/moss-green-lightweight-silk-selai | /collection/heritage-zari-border-kanjivaram | /collection/nava-pazham-kanjeevaram-silk | /collection/nila-blue-gold-zari-silk | /collection/colorful-vintage-kanjeevaram | /collection/gulabi-kota-cotton | /collection/kempu-pachai-and-bandhani | /collection/pachai-linen-golden-border-drape | /collection/rose-vine-stripe-chiffon-saree | /collection/coral-sunrise-chiffon-georgette-saree,/top-viewed,no,/top-viewed: body | /blouses: body | /collection/tangerine-noir-floral-border-weave: body | /collection/sunset-ombr-chiffon-draped-dream: body | /collection/indigo-plum-tied-silk-saree: body,
quality,153,/ | /faqs | /policies/return-refund-policy | /policies/terms-of-service | /policies/authentication-condition-policy | /policies/cancellation-policy | /policies/sell-with-us-policy | /collection/tangerine-noir-floral-border-weave | /collection/sunset-ombr-chiffon-draped-dream | /collection/indigo-plum-tied-silk-saree | /collection/forest-flame-tie-dye-silk | /collection/moonstone-cream-mauve-border-saree | /collection/marigold-moss-cotton | /collection/midnight-garden-georgette-saree | /collection/verdant-bloom-silk-burgundy-gold-border | /collection/pink-katan-triangle-zari-edge | /collection/forest-green-silk-black-gold | /collection/teal-blue-moody-silk-drape | /collection/rose-silk-green-brown-stripe | /collection/mustard-organza-brown-border-drape | /collection/charcoal-gold-organza-heirloom-drape | /collection/beige-organza-peach-bloom | /collection/maroon-chettinad-cotton | /collection/deep-wine-organza | /collection/indigo-dusk-silk-cotton | /collection/reddish-mango-cotton-orange-border | /collection/magenta-cotton | /collection/red-blue-madras-check-cotton | /collection/twilight-orange-cotton-weave | /collection/lime-and-gold-cotton-classic | /collection/midnight-tribe-gold-border-cotton | /collection/autumn-ember-golden-leaf-cotton | /collection/orange-blossom-cotton-weave | /collection/midnight-kesari-cotton-drape | /collection/blush-green-handwoven-cotton-drape | /collection/brown-kapi-cotton-black-line-border | /collection/brown-and-mustard-light-silk | /collection/kesari-sunset-chiffon-saree | /collection/magenta-mist-chiffon-drape | /collection/green-chiffon-with-fancy-border | /collection/rani-pink-georgette-garden-party | /collection/midnight-zari-georgette | /collection/pressed-bloom-sheer-chiffon | /collection/burnt-orange-temple-border-kanjivaram | /collection/semmanjal-turmeric-gold-kanjeevaram | /collection/thangam-golden-weave-kanjivaram | /collection/violet-bloom-cotton-drape | /collection/moss-green-lightweight-silk-selai | /collection/heritage-zari-border-kanjivaram | /collection/nava-pazham-kanjeevaram-silk | /collection/nila-blue-gold-zari-silk | /return-policy | /terms-of-service | /faq | /collection/coral-sunrise-chiffon-georgette-saree,/,yes,/: body | /faqs: body | /policies/return-refund-policy: body | /policies/terms-of-service: body | /policies/authentication-condition-policy: body,
quiet,149,/ | /collection | /top-viewed | /our-story | /our-team | /faqs | /contact | /how-it-works | /authentication | /policies | /why | /sell-your-saree | /packing | /policies/privacy-policy | /policies/return-refund-policy | /policies/shipping-delivery-policy | /policies/terms-of-service | /policies/authentication-condition-policy | /policies/care-packaging-policy | /policies/cancellation-policy | /policies/sell-with-us-policy | /policies/grievance-redressal | /collection/fabric/silk | /blouses | /guides/what-is-a-pre-loved-saree | /guides/pre-loved-vs-second-hand-saree | /collection/tangerine-noir-floral-border-weave | /collection/sunset-ombr-chiffon-draped-dream | /collection/indigo-plum-tied-silk-saree | /collection/forest-flame-tie-dye-silk | /collection/moonstone-cream-mauve-border-saree | /collection/marigold-moss-cotton | /collection/midnight-garden-georgette-saree | /collection/verdant-bloom-silk-burgundy-gold-border | /collection/pink-katan-triangle-zari-edge | /collection/forest-green-silk-black-gold | /collection/teal-blue-moody-silk-drape | /collection/rose-silk-green-brown-stripe | /collection/mustard-organza-brown-border-drape | /collection/charcoal-gold-organza-heirloom-drape | /collection/beige-organza-peach-bloom | /collection/maroon-chettinad-cotton | /collection/deep-wine-organza | /collection/indigo-dusk-silk-cotton | /collection/reddish-mango-cotton-orange-border | /collection/magenta-cotton | /collection/red-blue-madras-check-cotton | /collection/twilight-orange-cotton-weave | /collection/lime-and-gold-cotton-classic | /collection/midnight-tribe-gold-border-cotton | /collection/autumn-ember-golden-leaf-cotton | /collection/orange-blossom-cotton-weave | /collection/midnight-kesari-cotton-drape | /collection/blush-green-handwoven-cotton-drape | /collection/brown-kapi-cotton-black-line-border | /collection/brown-and-mustard-light-silk | /collection/kesari-sunset-chiffon-saree | /collection/magenta-mist-chiffon-drape | /collection/green-chiffon-with-fancy-border | /collection/rani-pink-georgette-garden-party | /collection/midnight-zari-georgette | /collection/pressed-bloom-sheer-chiffon | /collection/mayil-peacock-kanjivaram-mix | /collection/burnt-orange-temple-border-kanjivaram | /collection/semmanjal-turmeric-gold-kanjeevaram | /collection/thangam-golden-weave-kanjivaram | /collection/violet-bloom-cotton-drape | /collection/moss-green-lightweight-silk-selai | /collection/heritage-zari-border-kanjivaram | /collection/nava-pazham-kanjeevaram-silk | /collection/nila-blue-gold-zari-silk | /collection/colorful-vintage-kanjeevaram | /collection/gulabi-kota-cotton | /collection/kempu-pachai-and-bandhani | /collection/pachai-linen-golden-border-drape | /founders | /privacy-policy | /return-policy | /shipping-policy | /terms-of-service | /collection/fabric/chiffon | /collection/fabric/georgette | /faq | /about | /stories | /admin | /collection/rose-vine-stripe-chiffon-saree | /collection/coral-sunrise-chiffon-georgette-saree,/,yes,/: body | /collection: body | /top-viewed: body | /our-story: body | /our-team: body,
usabout,141,/ | /collection | /top-viewed | /our-story | /our-team | /faqs | /contact | /how-it-works | /authentication | /policies | /why | /sell-your-saree | /packing | /policies/privacy-policy | /policies/return-refund-policy | /policies/shipping-delivery-policy | /policies/terms-of-service | /policies/authentication-condition-policy | /policies/care-packaging-policy | /policies/cancellation-policy | /policies/sell-with-us-policy | /policies/grievance-redressal | /collection/fabric/silk | /blouses | /guides/what-is-a-pre-loved-saree | /guides/pre-loved-vs-second-hand-saree | /collection/tangerine-noir-floral-border-weave | /collection/sunset-ombr-chiffon-draped-dream | /collection/indigo-plum-tied-silk-saree | /collection/forest-flame-tie-dye-silk | /collection/moonstone-cream-mauve-border-saree | /collection/marigold-moss-cotton | /collection/midnight-garden-georgette-saree | /collection/verdant-bloom-silk-burgundy-gold-border | /collection/pink-katan-triangle-zari-edge | /collection/forest-green-silk-black-gold | /collection/teal-blue-moody-silk-drape | /collection/rose-silk-green-brown-stripe | /collection/mustard-organza-brown-border-drape | /collection/charcoal-gold-organza-heirloom-drape | /collection/beige-organza-peach-bloom | /collection/maroon-chettinad-cotton | /collection/deep-wine-organza | /collection/indigo-dusk-silk-cotton | /collection/reddish-mango-cotton-orange-border | /collection/magenta-cotton | /collection/red-blue-madras-check-cotton | /collection/twilight-orange-cotton-weave | /collection/lime-and-gold-cotton-classic | /collection/midnight-tribe-gold-border-cotton | /collection/autumn-ember-golden-leaf-cotton | /collection/orange-blossom-cotton-weave | /collection/midnight-kesari-cotton-drape | /collection/blush-green-handwoven-cotton-drape | /collection/brown-kapi-cotton-black-line-border | /collection/brown-and-mustard-light-silk | /collection/kesari-sunset-chiffon-saree | /collection/magenta-mist-chiffon-drape | /collection/green-chiffon-with-fancy-border | /collection/rani-pink-georgette-garden-party | /collection/midnight-zari-georgette | /collection/pressed-bloom-sheer-chiffon | /collection/mayil-peacock-kanjivaram-mix | /collection/burnt-orange-temple-border-kanjivaram | /collection/semmanjal-turmeric-gold-kanjeevaram | /collection/thangam-golden-weave-kanjivaram | /collection/violet-bloom-cotton-drape | /collection/moss-green-lightweight-silk-selai | /collection/heritage-zari-border-kanjivaram | /collection/nava-pazham-kanjeevaram-silk | /collection/nila-blue-gold-zari-silk | /collection/colorful-vintage-kanjeevaram | /collection/gulabi-kota-cotton | /collection/kempu-pachai-and-bandhani | /collection/pachai-linen-golden-border-drape | /founders | /privacy-policy | /return-policy | /shipping-policy | /terms-of-service | /collection/fabric/chiffon | /collection/fabric/georgette | /faq | /about | /stories | /admin | /collection/rose-vine-stripe-chiffon-saree | /collection/coral-sunrise-chiffon-georgette-saree,/,no,/: body | /collection: body | /top-viewed: body | /our-story: body | /our-team: body,
viewedblousesconnect,141,/ | /collection | /top-viewed | /our-story | /our-team | /faqs | /contact | /how-it-works | /authentication | /policies | /why | /sell-your-saree | /packing | /policies/privacy-policy | /policies/return-refund-policy | /policies/shipping-delivery-policy | /policies/terms-of-service | /policies/authentication-condition-policy | /policies/care-packaging-policy | /policies/cancellation-policy | /policies/sell-with-us-policy | /policies/grievance-redressal | /collection/fabric/silk | /blouses | /guides/what-is-a-pre-loved-saree | /guides/pre-loved-vs-second-hand-saree | /collection/tangerine-noir-floral-border-weave | /collection/sunset-ombr-chiffon-draped-dream | /collection/indigo-plum-tied-silk-saree | /collection/forest-flame-tie-dye-silk | /collection/moonstone-cream-mauve-border-saree | /collection/marigold-moss-cotton | /collection/midnight-garden-georgette-saree | /collection/verdant-bloom-silk-burgundy-gold-border | /collection/pink-katan-triangle-zari-edge | /collection/forest-green-silk-black-gold | /collection/teal-blue-moody-silk-drape | /collection/rose-silk-green-brown-stripe | /collection/mustard-organza-brown-border-drape | /collection/charcoal-gold-organza-heirloom-drape | /collection/beige-organza-peach-bloom | /collection/maroon-chettinad-cotton | /collection/deep-wine-organza | /collection/indigo-dusk-silk-cotton | /collection/reddish-mango-cotton-orange-border | /collection/magenta-cotton | /collection/red-blue-madras-check-cotton | /collection/twilight-orange-cotton-weave | /collection/lime-and-gold-cotton-classic | /collection/midnight-tribe-gold-border-cotton | /collection/autumn-ember-golden-leaf-cotton | /collection/orange-blossom-cotton-weave | /collection/midnight-kesari-cotton-drape | /collection/blush-green-handwoven-cotton-drape | /collection/brown-kapi-cotton-black-line-border | /collection/brown-and-mustard-light-silk | /collection/kesari-sunset-chiffon-saree | /collection/magenta-mist-chiffon-drape | /collection/green-chiffon-with-fancy-border | /collection/rani-pink-georgette-garden-party | /collection/midnight-zari-georgette | /collection/pressed-bloom-sheer-chiffon | /collection/mayil-peacock-kanjivaram-mix | /collection/burnt-orange-temple-border-kanjivaram | /collection/semmanjal-turmeric-gold-kanjeevaram | /collection/thangam-golden-weave-kanjivaram | /collection/violet-bloom-cotton-drape | /collection/moss-green-lightweight-silk-selai | /collection/heritage-zari-border-kanjivaram | /collection/nava-pazham-kanjeevaram-silk | /collection/nila-blue-gold-zari-silk | /collection/colorful-vintage-kanjeevaram | /collection/gulabi-kota-cotton | /collection/kempu-pachai-and-bandhani | /collection/pachai-linen-golden-border-drape | /founders | /privacy-policy | /return-policy | /shipping-policy | /terms-of-service | /collection/fabric/chiffon | /collection/fabric/georgette | /faq | /about | /stories | /admin | /collection/rose-vine-stripe-chiffon-saree | /collection/coral-sunrise-chiffon-georgette-saree,/,no,/: body | /collection: body | /top-viewed: body | /our-story: body | /our-team: body,
care,129,/ | /collection | /top-viewed | /our-story | /our-team | /faqs | /contact | /how-it-works | /authentication | /policies | /why | /sell-your-saree | /packing | /policies/privacy-policy | /policies/return-refund-policy | /policies/shipping-delivery-policy | /policies/terms-of-service | /policies/authentication-condition-policy | /policies/care-packaging-policy | /policies/cancellation-policy | /policies/sell-with-us-policy | /policies/grievance-redressal | /collection/fabric/silk | /blouses | /guides/what-is-a-pre-loved-saree | /guides/pre-loved-vs-second-hand-saree | /collection/tangerine-noir-floral-border-weave | /collection/sunset-ombr-chiffon-draped-dream | /collection/indigo-plum-tied-silk-saree | /collection/forest-flame-tie-dye-silk | /collection/moonstone-cream-mauve-border-saree | /collection/marigold-moss-cotton | /collection/midnight-garden-georgette-saree | /collection/verdant-bloom-silk-burgundy-gold-border | /collection/pink-katan-triangle-zari-edge | /collection/forest-green-silk-black-gold | /collection/teal-blue-moody-silk-drape | /collection/rose-silk-green-brown-stripe | /collection/mustard-organza-brown-border-drape | /collection/charcoal-gold-organza-heirloom-drape | /collection/beige-organza-peach-bloom | /collection/maroon-chettinad-cotton | /collection/deep-wine-organza | /collection/indigo-dusk-silk-cotton | /collection/reddish-mango-cotton-orange-border | /collection/magenta-cotton | /collection/red-blue-madras-check-cotton | /collection/twilight-orange-cotton-weave | /collection/lime-and-gold-cotton-classic | /collection/midnight-tribe-gold-border-cotton | /collection/autumn-ember-golden-leaf-cotton | /collection/orange-blossom-cotton-weave | /collection/midnight-kesari-cotton-drape | /collection/blush-green-handwoven-cotton-drape | /collection/brown-kapi-cotton-black-line-border | /collection/brown-and-mustard-light-silk | /collection/kesari-sunset-chiffon-saree | /collection/magenta-mist-chiffon-drape | /collection/green-chiffon-with-fancy-border | /collection/rani-pink-georgette-garden-party | /collection/midnight-zari-georgette | /collection/pressed-bloom-sheer-chiffon | /collection/mayil-peacock-kanjivaram-mix | /collection/burnt-orange-temple-border-kanjivaram | /collection/semmanjal-turmeric-gold-kanjeevaram | /collection/thangam-golden-weave-kanjivaram | /collection/violet-bloom-cotton-drape | /collection/moss-green-lightweight-silk-selai | /collection/heritage-zari-border-kanjivaram | /collection/nava-pazham-kanjeevaram-silk | /collection/nila-blue-gold-zari-silk | /collection/colorful-vintage-kanjeevaram | /collection/gulabi-kota-cotton | /collection/kempu-pachai-and-bandhani | /collection/pachai-linen-golden-border-drape | /founders | /privacy-policy | /return-policy | /shipping-policy | /terms-of-service | /collection/fabric/chiffon | /collection/fabric/georgette | /faq | /about | /stories | /admin | /collection/rose-vine-stripe-chiffon-saree | /collection/coral-sunrise-chiffon-georgette-saree,/,yes,/: body | /collection: body | /top-viewed: body | /our-story: body | /our-team: body,
cookies,129,/ | /collection | /top-viewed | /our-story | /our-team | /faqs | /contact | /how-it-works | /authentication | /policies | /why | /sell-your-saree | /packing | /policies/privacy-policy | /policies/return-refund-policy | /policies/shipping-delivery-policy | /policies/terms-of-service | /policies/authentication-condition-policy | /policies/care-packaging-policy | /policies/cancellation-policy | /policies/sell-with-us-policy | /policies/grievance-redressal | /collection/fabric/silk | /blouses | /guides/what-is-a-pre-loved-saree | /guides/pre-loved-vs-second-hand-saree | /collection/tangerine-noir-floral-border-weave | /collection/sunset-ombr-chiffon-draped-dream | /collection/indigo-plum-tied-silk-saree | /collection/forest-flame-tie-dye-silk | /collection/moonstone-cream-mauve-border-saree | /collection/marigold-moss-cotton | /collection/midnight-garden-georgette-saree | /collection/verdant-bloom-silk-burgundy-gold-border | /collection/pink-katan-triangle-zari-edge | /collection/forest-green-silk-black-gold | /collection/teal-blue-moody-silk-drape | /collection/rose-silk-green-brown-stripe | /collection/mustard-organza-brown-border-drape | /collection/charcoal-gold-organza-heirloom-drape | /collection/beige-organza-peach-bloom | /collection/maroon-chettinad-cotton | /collection/deep-wine-organza | /collection/indigo-dusk-silk-cotton | /collection/reddish-mango-cotton-orange-border | /collection/magenta-cotton | /collection/red-blue-madras-check-cotton | /collection/twilight-orange-cotton-weave | /collection/lime-and-gold-cotton-classic | /collection/midnight-tribe-gold-border-cotton | /collection/autumn-ember-golden-leaf-cotton | /collection/orange-blossom-cotton-weave | /collection/midnight-kesari-cotton-drape | /collection/blush-green-handwoven-cotton-drape | /collection/brown-kapi-cotton-black-line-border | /collection/brown-and-mustard-light-silk | /collection/kesari-sunset-chiffon-saree | /collection/magenta-mist-chiffon-drape | /collection/green-chiffon-with-fancy-border | /collection/rani-pink-georgette-garden-party | /collection/midnight-zari-georgette | /collection/pressed-bloom-sheer-chiffon | /collection/mayil-peacock-kanjivaram-mix | /collection/burnt-orange-temple-border-kanjivaram | /collection/semmanjal-turmeric-gold-kanjeevaram | /collection/thangam-golden-weave-kanjivaram | /collection/violet-bloom-cotton-drape | /collection/moss-green-lightweight-silk-selai | /collection/heritage-zari-border-kanjivaram | /collection/nava-pazham-kanjeevaram-silk | /collection/nila-blue-gold-zari-silk | /collection/colorful-vintage-kanjeevaram | /collection/gulabi-kota-cotton | /collection/kempu-pachai-and-bandhani | /collection/pachai-linen-golden-border-drape | /founders | /privacy-policy | /return-policy | /shipping-policy | /terms-of-service | /collection/fabric/chiffon | /collection/fabric/georgette | /faq | /about | /stories | /admin | /collection/rose-vine-stripe-chiffon-saree | /collection/coral-sunrise-chiffon-georgette-saree,/,yes,/: body | /collection: body | /top-viewed: body | /our-story: body | /our-team: body,
website,123,/ | /collection | /top-viewed | /our-story | /our-team | /faqs | /contact | /how-it-works | /authentication | /policies | /why | /sell-your-saree | /packing | /policies/privacy-policy | /policies/return-refund-policy | /policies/shipping-delivery-policy | /policies/terms-of-service | /policies/authentication-condition-policy | /policies/care-packaging-policy | /policies/cancellation-policy | /policies/sell-with-us-policy | /policies/grievance-redressal | /collection/fabric/silk | /blouses | /guides/what-is-a-pre-loved-saree | /guides/pre-loved-vs-second-hand-saree | /collection/tangerine-noir-floral-border-weave | /collection/sunset-ombr-chiffon-draped-dream | /collection/indigo-plum-tied-silk-saree | /collection/forest-flame-tie-dye-silk | /collection/moonstone-cream-mauve-border-saree | /collection/marigold-moss-cotton | /collection/midnight-garden-georgette-saree | /collection/verdant-bloom-silk-burgundy-gold-border | /collection/pink-katan-triangle-zari-edge | /collection/forest-green-silk-black-gold | /collection/teal-blue-moody-silk-drape | /collection/rose-silk-green-brown-stripe | /collection/mustard-organza-brown-border-drape | /collection/charcoal-gold-organza-heirloom-drape | /collection/beige-organza-peach-bloom | /collection/maroon-chettinad-cotton | /collection/deep-wine-organza | /collection/indigo-dusk-silk-cotton | /collection/reddish-mango-cotton-orange-border | /collection/magenta-cotton | /collection/red-blue-madras-check-cotton | /collection/twilight-orange-cotton-weave | /collection/lime-and-gold-cotton-classic | /collection/midnight-tribe-gold-border-cotton | /collection/autumn-ember-golden-leaf-cotton | /collection/orange-blossom-cotton-weave | /collection/midnight-kesari-cotton-drape | /collection/blush-green-handwoven-cotton-drape | /collection/brown-kapi-cotton-black-line-border | /collection/brown-and-mustard-light-silk | /collection/kesari-sunset-chiffon-saree | /collection/magenta-mist-chiffon-drape | /collection/green-chiffon-with-fancy-border | /collection/rani-pink-georgette-garden-party | /collection/midnight-zari-georgette | /collection/pressed-bloom-sheer-chiffon | /collection/mayil-peacock-kanjivaram-mix | /collection/burnt-orange-temple-border-kanjivaram | /collection/semmanjal-turmeric-gold-kanjeevaram | /collection/thangam-golden-weave-kanjivaram | /collection/violet-bloom-cotton-drape | /collection/moss-green-lightweight-silk-selai | /collection/heritage-zari-border-kanjivaram | /collection/nava-pazham-kanjeevaram-silk | /collection/nila-blue-gold-zari-silk | /collection/colorful-vintage-kanjeevaram | /collection/gulabi-kota-cotton | /collection/kempu-pachai-and-bandhani | /collection/pachai-linen-golden-border-drape | /founders | /privacy-policy | /return-policy | /shipping-policy | /terms-of-service | /collection/fabric/chiffon | /collection/fabric/georgette | /faq | /about | /stories | /admin | /collection/rose-vine-stripe-chiffon-saree | /collection/coral-sunrise-chiffon-georgette-saree,/,no,/: body | /collection: body | /top-viewed: body | /our-story: body | /our-team: body,
policy,121,/ | /collection | /top-viewed | /our-story | /our-team | /faqs | /contact | /how-it-works | /authentication | /policies | /why | /sell-your-saree | /packing | /policies/privacy-policy | /policies/return-refund-policy | /policies/shipping-delivery-policy | /policies/terms-of-service | /policies/authentication-condition-policy | /policies/care-packaging-policy | /policies/cancellation-policy | /policies/sell-with-us-policy | /policies/grievance-redressal | /collection/fabric/silk | /blouses | /guides/what-is-a-pre-loved-saree | /guides/pre-loved-vs-second-hand-saree | /collection/tangerine-noir-floral-border-weave | /collection/sunset-ombr-chiffon-draped-dream | /collection/indigo-plum-tied-silk-saree | /collection/forest-flame-tie-dye-silk | /collection/moonstone-cream-mauve-border-saree | /collection/marigold-moss-cotton | /collection/midnight-garden-georgette-saree | /collection/verdant-bloom-silk-burgundy-gold-border | /collection/pink-katan-triangle-zari-edge | /collection/forest-green-silk-black-gold | /collection/teal-blue-moody-silk-drape | /collection/rose-silk-green-brown-stripe | /collection/mustard-organza-brown-border-drape | /collection/charcoal-gold-organza-heirloom-drape | /collection/beige-organza-peach-bloom | /collection/maroon-chettinad-cotton | /collection/deep-wine-organza | /collection/indigo-dusk-silk-cotton | /collection/reddish-mango-cotton-orange-border | /collection/magenta-cotton | /collection/red-blue-madras-check-cotton | /collection/twilight-orange-cotton-weave | /collection/lime-and-gold-cotton-classic | /collection/midnight-tribe-gold-border-cotton | /collection/autumn-ember-golden-leaf-cotton | /collection/orange-blossom-cotton-weave | /collection/midnight-kesari-cotton-drape | /collection/blush-green-handwoven-cotton-drape | /collection/brown-kapi-cotton-black-line-border | /collection/brown-and-mustard-light-silk | /collection/kesari-sunset-chiffon-saree | /collection/magenta-mist-chiffon-drape | /collection/green-chiffon-with-fancy-border | /collection/rani-pink-georgette-garden-party | /collection/midnight-zari-georgette | /collection/pressed-bloom-sheer-chiffon | /collection/mayil-peacock-kanjivaram-mix | /collection/burnt-orange-temple-border-kanjivaram | /collection/semmanjal-turmeric-gold-kanjeevaram | /collection/thangam-golden-weave-kanjivaram | /collection/violet-bloom-cotton-drape | /collection/moss-green-lightweight-silk-selai | /collection/heritage-zari-border-kanjivaram | /collection/nava-pazham-kanjeevaram-silk | /collection/nila-blue-gold-zari-silk | /collection/colorful-vintage-kanjeevaram | /collection/gulabi-kota-cotton | /collection/kempu-pachai-and-bandhani | /collection/pachai-linen-golden-border-drape | /founders | /privacy-policy | /return-policy | /shipping-policy | /terms-of-service | /collection/fabric/chiffon | /collection/fabric/georgette | /faq | /about | /stories | /admin | /collection/rose-vine-stripe-chiffon-saree | /collection/coral-sunrise-chiffon-georgette-saree,/,yes,/: body | /collection: body | /top-viewed: body | /our-story: body | /our-team: body,
before,115,/collection | /faqs | /how-it-works | /authentication | /policies | /why | /sell-your-saree | /packing | /policies/privacy-policy | /policies/return-refund-policy | /policies/shipping-delivery-policy | /policies/terms-of-service | /policies/authentication-condition-policy | /policies/cancellation-policy | /policies/sell-with-us-policy | /collection/fabric/silk | /guides/what-is-a-pre-loved-saree | /guides/pre-loved-vs-second-hand-saree | /collection/tangerine-noir-floral-border-weave | /collection/sunset-ombr-chiffon-draped-dream | /collection/indigo-plum-tied-silk-saree | /collection/forest-flame-tie-dye-silk | /collection/moonstone-cream-mauve-border-saree | /collection/marigold-moss-cotton | /collection/midnight-garden-georgette-saree | /collection/verdant-bloom-silk-burgundy-gold-border | /collection/pink-katan-triangle-zari-edge | /collection/forest-green-silk-black-gold | /collection/teal-blue-moody-silk-drape | /collection/rose-silk-green-brown-stripe | /collection/mustard-organza-brown-border-drape | /collection/charcoal-gold-organza-heirloom-drape | /collection/beige-organza-peach-bloom | /collection/maroon-chettinad-cotton | /collection/deep-wine-organza | /collection/indigo-dusk-silk-cotton | /collection/reddish-mango-cotton-orange-border | /collection/magenta-cotton | /collection/red-blue-madras-check-cotton | /collection/twilight-orange-cotton-weave | /collection/lime-and-gold-cotton-classic | /collection/midnight-tribe-gold-border-cotton | /collection/autumn-ember-golden-leaf-cotton | /collection/orange-blossom-cotton-weave | /collection/midnight-kesari-cotton-drape | /collection/blush-green-handwoven-cotton-drape | /collection/brown-kapi-cotton-black-line-border | /collection/brown-and-mustard-light-silk | /collection/kesari-sunset-chiffon-saree | /collection/magenta-mist-chiffon-drape | /collection/green-chiffon-with-fancy-border | /collection/rani-pink-georgette-garden-party | /collection/pressed-bloom-sheer-chiffon | /collection/violet-bloom-cotton-drape | /collection/moss-green-lightweight-silk-selai | /collection/heritage-zari-border-kanjivaram | /collection/nila-blue-gold-zari-silk | /collection/colorful-vintage-kanjeevaram | /collection/gulabi-kota-cotton | /collection/kempu-pachai-and-bandhani | /privacy-policy | /return-policy | /shipping-policy | /terms-of-service | /collection/fabric/georgette | /faq | /collection/rose-vine-stripe-chiffon-saree | /collection/coral-sunrise-chiffon-georgette-saree,/collection,yes,/collection: body | /faqs: body | /how-it-works: body | /authentication: body | /policies: body,
muslin,115,/faqs | /how-it-works | /packing | /policies/return-refund-policy | /policies/care-packaging-policy | /collection/fabric/silk | /collection/tangerine-noir-floral-border-weave | /collection/sunset-ombr-chiffon-draped-dream | /collection/indigo-plum-tied-silk-saree | /collection/forest-flame-tie-dye-silk | /collection/moonstone-cream-mauve-border-saree | /collection/marigold-moss-cotton | /collection/midnight-garden-georgette-saree | /collection/verdant-bloom-silk-burgundy-gold-border | /collection/pink-katan-triangle-zari-edge | /collection/forest-green-silk-black-gold | /collection/teal-blue-moody-silk-drape | /collection/rose-silk-green-brown-stripe | /collection/mustard-organza-brown-border-drape | /collection/charcoal-gold-organza-heirloom-drape | /collection/beige-organza-peach-bloom | /collection/maroon-chettinad-cotton | /collection/deep-wine-organza | /collection/indigo-dusk-silk-cotton | /collection/reddish-mango-cotton-orange-border | /collection/magenta-cotton | /collection/red-blue-madras-check-cotton | /collection/twilight-orange-cotton-weave | /collection/lime-and-gold-cotton-classic | /collection/midnight-tribe-gold-border-cotton | /collection/autumn-ember-golden-leaf-cotton | /collection/orange-blossom-cotton-weave | /collection/midnight-kesari-cotton-drape | /collection/blush-green-handwoven-cotton-drape | /collection/brown-kapi-cotton-black-line-border | /collection/brown-and-mustard-light-silk | /collection/kesari-sunset-chiffon-saree | /collection/magenta-mist-chiffon-drape | /collection/green-chiffon-with-fancy-border | /collection/rani-pink-georgette-garden-party | /collection/midnight-zari-georgette | /collection/pressed-bloom-sheer-chiffon | /collection/mayil-peacock-kanjivaram-mix | /collection/burnt-orange-temple-border-kanjivaram | /collection/semmanjal-turmeric-gold-kanjeevaram | /collection/thangam-golden-weave-kanjivaram | /collection/violet-bloom-cotton-drape | /collection/moss-green-lightweight-silk-selai | /collection/heritage-zari-border-kanjivaram | /collection/nava-pazham-kanjeevaram-silk | /collection/nila-blue-gold-zari-silk | /collection/colorful-vintage-kanjeevaram | /collection/gulabi-kota-cotton | /collection/kempu-pachai-and-bandhani | /collection/pachai-linen-golden-border-drape | /return-policy | /faq | /collection/rose-vine-stripe-chiffon-saree | /collection/coral-sunrise-chiffon-georgette-saree,/faqs,no,/faqs: body | /how-it-works: body | /packing: body | /policies/return-refund-policy: body | /policies/care-packaging-policy: body,
without,112,/ | /collection | /top-viewed | /our-story | /our-team | /faqs | /contact | /how-it-works | /authentication | /policies | /why | /sell-your-saree | /packing | /policies/privacy-policy | /policies/return-refund-policy | /policies/shipping-delivery-policy | /policies/terms-of-service | /policies/authentication-condition-policy | /policies/care-packaging-policy | /policies/cancellation-policy | /policies/sell-with-us-policy | /policies/grievance-redressal | /collection/fabric/silk | /blouses | /guides/what-is-a-pre-loved-saree | /guides/pre-loved-vs-second-hand-saree | /collection/tangerine-noir-floral-border-weave | /collection/sunset-ombr-chiffon-draped-dream | /collection/indigo-plum-tied-silk-saree | /collection/forest-flame-tie-dye-silk | /collection/moonstone-cream-mauve-border-saree | /collection/marigold-moss-cotton | /collection/midnight-garden-georgette-saree | /collection/verdant-bloom-silk-burgundy-gold-border | /collection/pink-katan-triangle-zari-edge | /collection/forest-green-silk-black-gold | /collection/teal-blue-moody-silk-drape | /collection/rose-silk-green-brown-stripe | /collection/mustard-organza-brown-border-drape | /collection/charcoal-gold-organza-heirloom-drape | /collection/beige-organza-peach-bloom | /collection/maroon-chettinad-cotton | /collection/deep-wine-organza | /collection/indigo-dusk-silk-cotton | /collection/reddish-mango-cotton-orange-border | /collection/magenta-cotton | /collection/red-blue-madras-check-cotton | /collection/twilight-orange-cotton-weave | /collection/lime-and-gold-cotton-classic | /collection/midnight-tribe-gold-border-cotton | /collection/autumn-ember-golden-leaf-cotton | /collection/orange-blossom-cotton-weave | /collection/midnight-kesari-cotton-drape | /collection/blush-green-handwoven-cotton-drape | /collection/brown-kapi-cotton-black-line-border | /collection/brown-and-mustard-light-silk | /collection/kesari-sunset-chiffon-saree | /collection/magenta-mist-chiffon-drape | /collection/green-chiffon-with-fancy-border | /collection/rani-pink-georgette-garden-party | /collection/midnight-zari-georgette | /collection/pressed-bloom-sheer-chiffon | /collection/mayil-peacock-kanjivaram-mix | /collection/burnt-orange-temple-border-kanjivaram | /collection/semmanjal-turmeric-gold-kanjeevaram | /collection/thangam-golden-weave-kanjivaram | /collection/violet-bloom-cotton-drape | /collection/moss-green-lightweight-silk-selai | /collection/heritage-zari-border-kanjivaram | /collection/nava-pazham-kanjeevaram-silk | /collection/nila-blue-gold-zari-silk | /collection/colorful-vintage-kanjeevaram | /collection/gulabi-kota-cotton | /collection/kempu-pachai-and-bandhani | /collection/pachai-linen-golden-border-drape | /founders | /privacy-policy | /return-policy | /shipping-policy | /terms-of-service | /collection/fabric/chiffon | /collection/fabric/georgette | /faq | /about | /stories | /admin | /collection/rose-vine-stripe-chiffon-saree | /collection/coral-sunrise-chiffon-georgette-saree,/,no,/: body | /collection: body | /top-viewed: body | /our-story: body | /our-team: body,
address,106,/ | /collection | /top-viewed | /our-story | /our-team | /faqs | /contact | /how-it-works | /authentication | /policies | /why | /sell-your-saree | /packing | /policies/privacy-policy | /policies/return-refund-policy | /policies/shipping-delivery-policy | /policies/terms-of-service | /policies/authentication-condition-policy | /policies/care-packaging-policy | /policies/cancellation-policy | /policies/sell-with-us-policy | /policies/grievance-redressal | /collection/fabric/silk | /blouses | /guides/what-is-a-pre-loved-saree | /guides/pre-loved-vs-second-hand-saree | /collection/tangerine-noir-floral-border-weave | /collection/sunset-ombr-chiffon-draped-dream | /collection/indigo-plum-tied-silk-saree | /collection/forest-flame-tie-dye-silk | /collection/moonstone-cream-mauve-border-saree | /collection/marigold-moss-cotton | /collection/midnight-garden-georgette-saree | /collection/verdant-bloom-silk-burgundy-gold-border | /collection/pink-katan-triangle-zari-edge | /collection/forest-green-silk-black-gold | /collection/teal-blue-moody-silk-drape | /collection/rose-silk-green-brown-stripe | /collection/mustard-organza-brown-border-drape | /collection/charcoal-gold-organza-heirloom-drape | /collection/beige-organza-peach-bloom | /collection/maroon-chettinad-cotton | /collection/deep-wine-organza | /collection/indigo-dusk-silk-cotton | /collection/reddish-mango-cotton-orange-border | /collection/magenta-cotton | /collection/red-blue-madras-check-cotton | /collection/twilight-orange-cotton-weave | /collection/lime-and-gold-cotton-classic | /collection/midnight-tribe-gold-border-cotton | /collection/autumn-ember-golden-leaf-cotton | /collection/orange-blossom-cotton-weave | /collection/midnight-kesari-cotton-drape | /collection/blush-green-handwoven-cotton-drape | /collection/brown-kapi-cotton-black-line-border | /collection/brown-and-mustard-light-silk | /collection/kesari-sunset-chiffon-saree | /collection/magenta-mist-chiffon-drape | /collection/green-chiffon-with-fancy-border | /collection/rani-pink-georgette-garden-party | /collection/midnight-zari-georgette | /collection/pressed-bloom-sheer-chiffon | /collection/mayil-peacock-kanjivaram-mix | /collection/burnt-orange-temple-border-kanjivaram | /collection/semmanjal-turmeric-gold-kanjeevaram | /collection/thangam-golden-weave-kanjivaram | /collection/violet-bloom-cotton-drape | /collection/moss-green-lightweight-silk-selai | /collection/heritage-zari-border-kanjivaram | /collection/nava-pazham-kanjeevaram-silk | /collection/nila-blue-gold-zari-silk | /collection/colorful-vintage-kanjeevaram | /collection/gulabi-kota-cotton | /collection/kempu-pachai-and-bandhani | /collection/pachai-linen-golden-border-drape | /founders | /privacy-policy | /return-policy | /shipping-policy | /terms-of-service | /collection/fabric/chiffon | /collection/fabric/georgette | /faq | /about | /stories | /admin | /collection/rose-vine-stripe-chiffon-saree | /collection/coral-sunrise-chiffon-georgette-saree,/,no,/: body | /collection: body | /top-viewed: body | /our-story: body | /our-team: body,
bag,106,/faqs | /packing | /policies/shipping-delivery-policy | /policies/care-packaging-policy | /collection/tangerine-noir-floral-border-weave | /collection/sunset-ombr-chiffon-draped-dream | /collection/indigo-plum-tied-silk-saree | /collection/forest-flame-tie-dye-silk | /collection/moonstone-cream-mauve-border-saree | /collection/marigold-moss-cotton | /collection/midnight-garden-georgette-saree | /collection/verdant-bloom-silk-burgundy-gold-border | /collection/pink-katan-triangle-zari-edge | /collection/forest-green-silk-black-gold | /collection/teal-blue-moody-silk-drape | /collection/rose-silk-green-brown-stripe | /collection/mustard-organza-brown-border-drape | /collection/charcoal-gold-organza-heirloom-drape | /collection/beige-organza-peach-bloom | /collection/maroon-chettinad-cotton | /collection/deep-wine-organza | /collection/indigo-dusk-silk-cotton | /collection/reddish-mango-cotton-orange-border | /collection/magenta-cotton | /collection/red-blue-madras-check-cotton | /collection/twilight-orange-cotton-weave | /collection/lime-and-gold-cotton-classic | /collection/midnight-tribe-gold-border-cotton | /collection/autumn-ember-golden-leaf-cotton | /collection/orange-blossom-cotton-weave | /collection/midnight-kesari-cotton-drape | /collection/blush-green-handwoven-cotton-drape | /collection/brown-kapi-cotton-black-line-border | /collection/brown-and-mustard-light-silk | /collection/kesari-sunset-chiffon-saree | /collection/magenta-mist-chiffon-drape | /collection/green-chiffon-with-fancy-border | /collection/rani-pink-georgette-garden-party | /collection/midnight-zari-georgette | /collection/pressed-bloom-sheer-chiffon | /collection/mayil-peacock-kanjivaram-mix | /collection/burnt-orange-temple-border-kanjivaram | /collection/semmanjal-turmeric-gold-kanjeevaram | /collection/thangam-golden-weave-kanjivaram | /collection/violet-bloom-cotton-drape | /collection/moss-green-lightweight-silk-selai | /collection/heritage-zari-border-kanjivaram | /collection/nava-pazham-kanjeevaram-silk | /collection/nila-blue-gold-zari-silk | /collection/colorful-vintage-kanjeevaram | /collection/gulabi-kota-cotton | /collection/kempu-pachai-and-bandhani | /collection/pachai-linen-golden-border-drape | /shipping-policy | /faq,/faqs,no,/faqs: body | /packing: body | /policies/shipping-delivery-policy: body | /policies/care-packaging-policy: body | /collection/tangerine-noir-floral-border-weave: body,
analytics,104,/ | /collection | /top-viewed | /our-story | /our-team | /faqs | /contact | /how-it-works | /authentication | /policies | /why | /sell-your-saree | /packing | /policies/privacy-policy | /policies/return-refund-policy | /policies/shipping-delivery-policy | /policies/terms-of-service | /policies/authentication-condition-policy | /policies/care-packaging-policy | /policies/cancellation-policy | /policies/sell-with-us-policy | /policies/grievance-redressal | /collection/fabric/silk | /blouses | /guides/what-is-a-pre-loved-saree | /guides/pre-loved-vs-second-hand-saree | /collection/tangerine-noir-floral-border-weave | /collection/sunset-ombr-chiffon-draped-dream | /collection/indigo-plum-tied-silk-saree | /collection/forest-flame-tie-dye-silk | /collection/moonstone-cream-mauve-border-saree | /collection/marigold-moss-cotton | /collection/midnight-garden-georgette-saree | /collection/verdant-bloom-silk-burgundy-gold-border | /collection/pink-katan-triangle-zari-edge | /collection/forest-green-silk-black-gold | /collection/teal-blue-moody-silk-drape | /collection/rose-silk-green-brown-stripe | /collection/mustard-organza-brown-border-drape | /collection/charcoal-gold-organza-heirloom-drape | /collection/beige-organza-peach-bloom | /collection/maroon-chettinad-cotton | /collection/deep-wine-organza | /collection/indigo-dusk-silk-cotton | /collection/reddish-mango-cotton-orange-border | /collection/magenta-cotton | /collection/red-blue-madras-check-cotton | /collection/twilight-orange-cotton-weave | /collection/lime-and-gold-cotton-classic | /collection/midnight-tribe-gold-border-cotton | /collection/autumn-ember-golden-leaf-cotton | /collection/orange-blossom-cotton-weave | /collection/midnight-kesari-cotton-drape | /collection/blush-green-handwoven-cotton-drape | /collection/brown-kapi-cotton-black-line-border | /collection/brown-and-mustard-light-silk | /collection/kesari-sunset-chiffon-saree | /collection/magenta-mist-chiffon-drape | /collection/green-chiffon-with-fancy-border | /collection/rani-pink-georgette-garden-party | /collection/midnight-zari-georgette | /collection/pressed-bloom-sheer-chiffon | /collection/mayil-peacock-kanjivaram-mix | /collection/burnt-orange-temple-border-kanjivaram | /collection/semmanjal-turmeric-gold-kanjeevaram | /collection/thangam-golden-weave-kanjivaram | /collection/violet-bloom-cotton-drape | /collection/moss-green-lightweight-silk-selai | /collection/heritage-zari-border-kanjivaram | /collection/nava-pazham-kanjeevaram-silk | /collection/nila-blue-gold-zari-silk | /collection/colorful-vintage-kanjeevaram | /collection/gulabi-kota-cotton | /collection/kempu-pachai-and-bandhani | /collection/pachai-linen-golden-border-drape | /founders | /privacy-policy | /return-policy | /shipping-policy | /terms-of-service | /collection/fabric/chiffon | /collection/fabric/georgette | /faq | /about | /stories | /admin | /collection/rose-vine-stripe-chiffon-saree | /collection/coral-sunrise-chiffon-georgette-saree,/,no,/: body | /collection: body | /top-viewed: body | /our-story: body | /our-team: body,
product,101,/faqs | /how-it-works | /authentication | /policies | /policies/privacy-policy | /policies/return-refund-policy | /policies/terms-of-service | /policies/authentication-condition-policy | /policies/cancellation-policy | /policies/sell-with-us-policy | /policies/grievance-redressal | /blouses | /guides/what-is-a-pre-loved-saree | /guides/pre-loved-vs-second-hand-saree | /collection/tangerine-noir-floral-border-weave | /collection/sunset-ombr-chiffon-draped-dream | /collection/indigo-plum-tied-silk-saree | /collection/forest-flame-tie-dye-silk | /collection/moonstone-cream-mauve-border-saree | /collection/marigold-moss-cotton | /collection/midnight-garden-georgette-saree | /collection/verdant-bloom-silk-burgundy-gold-border | /collection/pink-katan-triangle-zari-edge | /collection/forest-green-silk-black-gold | /collection/teal-blue-moody-silk-drape | /collection/rose-silk-green-brown-stripe | /collection/mustard-organza-brown-border-drape | /collection/charcoal-gold-organza-heirloom-drape | /collection/beige-organza-peach-bloom | /collection/maroon-chettinad-cotton | /collection/deep-wine-organza | /collection/indigo-dusk-silk-cotton | /collection/reddish-mango-cotton-orange-border | /collection/magenta-cotton | /collection/red-blue-madras-check-cotton | /collection/twilight-orange-cotton-weave | /collection/lime-and-gold-cotton-classic | /collection/midnight-tribe-gold-border-cotton | /collection/autumn-ember-golden-leaf-cotton | /collection/orange-blossom-cotton-weave | /collection/midnight-kesari-cotton-drape | /collection/blush-green-handwoven-cotton-drape | /collection/brown-kapi-cotton-black-line-border | /collection/brown-and-mustard-light-silk | /collection/kesari-sunset-chiffon-saree | /collection/magenta-mist-chiffon-drape | /collection/green-chiffon-with-fancy-border | /collection/rani-pink-georgette-garden-party | /collection/midnight-zari-georgette | /collection/pressed-bloom-sheer-chiffon | /collection/mayil-peacock-kanjivaram-mix | /collection/burnt-orange-temple-border-kanjivaram | /collection/semmanjal-turmeric-gold-kanjeevaram | /collection/thangam-golden-weave-kanjivaram | /collection/violet-bloom-cotton-drape | /collection/moss-green-lightweight-silk-selai | /collection/heritage-zari-border-kanjivaram | /collection/nava-pazham-kanjeevaram-silk | /collection/nila-blue-gold-zari-silk | /collection/colorful-vintage-kanjeevaram | /collection/gulabi-kota-cotton | /collection/kempu-pachai-and-bandhani | /collection/pachai-linen-golden-border-drape | /privacy-policy | /return-policy | /terms-of-service | /faq | /collection/rose-vine-stripe-chiffon-saree | /collection/coral-sunrise-chiffon-georgette-saree,/faqs,yes,/faqs: body | /how-it-works: body | /authentication: body | /policies: body | /policies/privacy-policy: body,
email,100,/ | /collection | /top-viewed | /our-story | /our-team | /faqs | /contact | /how-it-works | /authentication | /policies | /why | /sell-your-saree | /packing | /policies/privacy-policy | /policies/return-refund-policy | /policies/shipping-delivery-policy | /policies/terms-of-service | /policies/authentication-condition-policy | /policies/care-packaging-policy | /policies/cancellation-policy | /policies/sell-with-us-policy | /policies/grievance-redressal | /collection/fabric/silk | /blouses | /guides/what-is-a-pre-loved-saree | /guides/pre-loved-vs-second-hand-saree | /collection/tangerine-noir-floral-border-weave | /collection/sunset-ombr-chiffon-draped-dream | /collection/indigo-plum-tied-silk-saree | /collection/forest-flame-tie-dye-silk | /collection/moonstone-cream-mauve-border-saree | /collection/marigold-moss-cotton | /collection/midnight-garden-georgette-saree | /collection/verdant-bloom-silk-burgundy-gold-border | /collection/pink-katan-triangle-zari-edge | /collection/forest-green-silk-black-gold | /collection/teal-blue-moody-silk-drape | /collection/rose-silk-green-brown-stripe | /collection/mustard-organza-brown-border-drape | /collection/charcoal-gold-organza-heirloom-drape | /collection/beige-organza-peach-bloom | /collection/maroon-chettinad-cotton | /collection/deep-wine-organza | /collection/indigo-dusk-silk-cotton | /collection/reddish-mango-cotton-orange-border | /collection/magenta-cotton | /collection/red-blue-madras-check-cotton | /collection/twilight-orange-cotton-weave | /collection/lime-and-gold-cotton-classic | /collection/midnight-tribe-gold-border-cotton | /collection/autumn-ember-golden-leaf-cotton | /collection/orange-blossom-cotton-weave | /collection/midnight-kesari-cotton-drape | /collection/blush-green-handwoven-cotton-drape | /collection/brown-kapi-cotton-black-line-border | /collection/brown-and-mustard-light-silk | /collection/kesari-sunset-chiffon-saree | /collection/magenta-mist-chiffon-drape | /collection/green-chiffon-with-fancy-border | /collection/rani-pink-georgette-garden-party | /collection/midnight-zari-georgette | /collection/pressed-bloom-sheer-chiffon | /collection/mayil-peacock-kanjivaram-mix | /collection/burnt-orange-temple-border-kanjivaram | /collection/semmanjal-turmeric-gold-kanjeevaram | /collection/thangam-golden-weave-kanjivaram | /collection/violet-bloom-cotton-drape | /collection/moss-green-lightweight-silk-selai | /collection/heritage-zari-border-kanjivaram | /collection/nava-pazham-kanjeevaram-silk | /collection/nila-blue-gold-zari-silk | /collection/colorful-vintage-kanjeevaram | /collection/gulabi-kota-cotton | /collection/kempu-pachai-and-bandhani | /collection/pachai-linen-golden-border-drape | /founders | /privacy-policy | /return-policy | /shipping-policy | /terms-of-service | /collection/fabric/chiffon | /collection/fabric/georgette | /faq | /about | /stories | /admin | /collection/rose-vine-stripe-chiffon-saree | /collection/coral-sunrise-chiffon-georgette-saree,/,yes,/: body | /collection: body | /top-viewed: body | /our-story: body | /our-team: body,
small,99,/ | /collection | /top-viewed | /our-story | /our-team | /faqs | /contact | /how-it-works | /authentication | /policies | /why | /sell-your-saree | /packing | /policies/privacy-policy | /policies/return-refund-policy | /policies/shipping-delivery-policy | /policies/terms-of-service | /policies/authentication-condition-policy | /policies/care-packaging-policy | /policies/cancellation-policy | /policies/sell-with-us-policy | /policies/grievance-redressal | /collection/fabric/silk | /blouses | /guides/what-is-a-pre-loved-saree | /guides/pre-loved-vs-second-hand-saree | /collection/tangerine-noir-floral-border-weave | /collection/sunset-ombr-chiffon-draped-dream | /collection/indigo-plum-tied-silk-saree | /collection/forest-flame-tie-dye-silk | /collection/moonstone-cream-mauve-border-saree | /collection/marigold-moss-cotton | /collection/midnight-garden-georgette-saree | /collection/verdant-bloom-silk-burgundy-gold-border | /collection/pink-katan-triangle-zari-edge | /collection/forest-green-silk-black-gold | /collection/teal-blue-moody-silk-drape | /collection/rose-silk-green-brown-stripe | /collection/mustard-organza-brown-border-drape | /collection/charcoal-gold-organza-heirloom-drape | /collection/beige-organza-peach-bloom | /collection/maroon-chettinad-cotton | /collection/deep-wine-organza | /collection/indigo-dusk-silk-cotton | /collection/reddish-mango-cotton-orange-border | /collection/magenta-cotton | /collection/red-blue-madras-check-cotton | /collection/twilight-orange-cotton-weave | /collection/lime-and-gold-cotton-classic | /collection/midnight-tribe-gold-border-cotton | /collection/autumn-ember-golden-leaf-cotton | /collection/orange-blossom-cotton-weave | /collection/midnight-kesari-cotton-drape | /collection/blush-green-handwoven-cotton-drape | /collection/brown-kapi-cotton-black-line-border | /collection/brown-and-mustard-light-silk | /collection/kesari-sunset-chiffon-saree | /collection/magenta-mist-chiffon-drape | /collection/green-chiffon-with-fancy-border | /collection/rani-pink-georgette-garden-party | /collection/midnight-zari-georgette | /collection/pressed-bloom-sheer-chiffon | /collection/mayil-peacock-kanjivaram-mix | /collection/burnt-orange-temple-border-kanjivaram | /collection/semmanjal-turmeric-gold-kanjeevaram | /collection/thangam-golden-weave-kanjivaram | /collection/violet-bloom-cotton-drape | /collection/moss-green-lightweight-silk-selai | /collection/heritage-zari-border-kanjivaram | /collection/nava-pazham-kanjeevaram-silk | /collection/nila-blue-gold-zari-silk | /collection/colorful-vintage-kanjeevaram | /collection/gulabi-kota-cotton | /collection/kempu-pachai-and-bandhani | /collection/pachai-linen-golden-border-drape | /founders | /privacy-policy | /return-policy | /shipping-policy | /terms-of-service | /collection/fabric/chiffon | /collection/fabric/georgette | /faq | /about | /stories | /admin | /collection/rose-vine-stripe-chiffon-saree | /collection/coral-sunrise-chiffon-georgette-saree,/,yes,/: body | /collection: body | /top-viewed: body | /our-story: body | /our-team: body,
browser,98,/ | /collection | /top-viewed | /our-story | /our-team | /faqs | /contact | /how-it-works | /authentication | /policies | /why | /sell-your-saree | /packing | /policies/privacy-policy | /policies/return-refund-policy | /policies/shipping-delivery-policy | /policies/terms-of-service | /policies/authentication-condition-policy | /policies/care-packaging-policy | /policies/cancellation-policy | /policies/sell-with-us-policy | /policies/grievance-redressal | /collection/fabric/silk | /blouses | /guides/what-is-a-pre-loved-saree | /guides/pre-loved-vs-second-hand-saree | /collection/tangerine-noir-floral-border-weave | /collection/sunset-ombr-chiffon-draped-dream | /collection/indigo-plum-tied-silk-saree | /collection/forest-flame-tie-dye-silk | /collection/moonstone-cream-mauve-border-saree | /collection/marigold-moss-cotton | /collection/midnight-garden-georgette-saree | /collection/verdant-bloom-silk-burgundy-gold-border | /collection/pink-katan-triangle-zari-edge | /collection/forest-green-silk-black-gold | /collection/teal-blue-moody-silk-drape | /collection/rose-silk-green-brown-stripe | /collection/mustard-organza-brown-border-drape | /collection/charcoal-gold-organza-heirloom-drape | /collection/beige-organza-peach-bloom | /collection/maroon-chettinad-cotton | /collection/deep-wine-organza | /collection/indigo-dusk-silk-cotton | /collection/reddish-mango-cotton-orange-border | /collection/magenta-cotton | /collection/red-blue-madras-check-cotton | /collection/twilight-orange-cotton-weave | /collection/lime-and-gold-cotton-classic | /collection/midnight-tribe-gold-border-cotton | /collection/autumn-ember-golden-leaf-cotton | /collection/orange-blossom-cotton-weave | /collection/midnight-kesari-cotton-drape | /collection/blush-green-handwoven-cotton-drape | /collection/brown-kapi-cotton-black-line-border | /collection/brown-and-mustard-light-silk | /collection/kesari-sunset-chiffon-saree | /collection/magenta-mist-chiffon-drape | /collection/green-chiffon-with-fancy-border | /collection/rani-pink-georgette-garden-party | /collection/midnight-zari-georgette | /collection/pressed-bloom-sheer-chiffon | /collection/mayil-peacock-kanjivaram-mix | /collection/burnt-orange-temple-border-kanjivaram | /collection/semmanjal-turmeric-gold-kanjeevaram | /collection/thangam-golden-weave-kanjivaram | /collection/violet-bloom-cotton-drape | /collection/moss-green-lightweight-silk-selai | /collection/heritage-zari-border-kanjivaram | /collection/nava-pazham-kanjeevaram-silk | /collection/nila-blue-gold-zari-silk | /collection/colorful-vintage-kanjeevaram | /collection/gulabi-kota-cotton | /collection/kempu-pachai-and-bandhani | /collection/pachai-linen-golden-border-drape | /founders | /privacy-policy | /return-policy | /shipping-policy | /terms-of-service | /collection/fabric/chiffon | /collection/fabric/georgette | /faq | /about | /stories | /admin | /collection/rose-vine-stripe-chiffon-saree | /collection/coral-sunrise-chiffon-georgette-saree,/,no,/: body | /collection: body | /top-viewed: body | /our-story: body | /our-team: body,
continue,97,/ | /collection | /top-viewed | /our-story | /our-team | /faqs | /contact | /how-it-works | /authentication | /policies | /why | /sell-your-saree | /packing | /policies/privacy-policy | /policies/return-refund-policy | /policies/shipping-delivery-policy | /policies/terms-of-service | /policies/authentication-condition-policy | /policies/care-packaging-policy | /policies/cancellation-policy | /policies/sell-with-us-policy | /policies/grievance-redressal | /collection/fabric/silk | /blouses | /guides/what-is-a-pre-loved-saree | /guides/pre-loved-vs-second-hand-saree | /collection/tangerine-noir-floral-border-weave | /collection/sunset-ombr-chiffon-draped-dream | /collection/indigo-plum-tied-silk-saree | /collection/forest-flame-tie-dye-silk | /collection/moonstone-cream-mauve-border-saree | /collection/marigold-moss-cotton | /collection/midnight-garden-georgette-saree | /collection/verdant-bloom-silk-burgundy-gold-border | /collection/pink-katan-triangle-zari-edge | /collection/forest-green-silk-black-gold | /collection/teal-blue-moody-silk-drape | /collection/rose-silk-green-brown-stripe | /collection/mustard-organza-brown-border-drape | /collection/charcoal-gold-organza-heirloom-drape | /collection/beige-organza-peach-bloom | /collection/maroon-chettinad-cotton | /collection/deep-wine-organza | /collection/indigo-dusk-silk-cotton | /collection/reddish-mango-cotton-orange-border | /collection/magenta-cotton | /collection/red-blue-madras-check-cotton | /collection/twilight-orange-cotton-weave | /collection/lime-and-gold-cotton-classic | /collection/midnight-tribe-gold-border-cotton | /collection/autumn-ember-golden-leaf-cotton | /collection/orange-blossom-cotton-weave | /collection/midnight-kesari-cotton-drape | /collection/blush-green-handwoven-cotton-drape | /collection/brown-kapi-cotton-black-line-border | /collection/brown-and-mustard-light-silk | /collection/kesari-sunset-chiffon-saree | /collection/magenta-mist-chiffon-drape | /collection/green-chiffon-with-fancy-border | /collection/rani-pink-georgette-garden-party | /collection/midnight-zari-georgette | /collection/pressed-bloom-sheer-chiffon | /collection/mayil-peacock-kanjivaram-mix | /collection/burnt-orange-temple-border-kanjivaram | /collection/semmanjal-turmeric-gold-kanjeevaram | /collection/thangam-golden-weave-kanjivaram | /collection/violet-bloom-cotton-drape | /collection/moss-green-lightweight-silk-selai | /collection/heritage-zari-border-kanjivaram | /collection/nava-pazham-kanjeevaram-silk | /collection/nila-blue-gold-zari-silk | /collection/colorful-vintage-kanjeevaram | /collection/gulabi-kota-cotton | /collection/kempu-pachai-and-bandhani | /collection/pachai-linen-golden-border-drape | /founders | /privacy-policy | /return-policy | /shipping-policy | /terms-of-service | /collection/fabric/chiffon | /collection/fabric/georgette | /faq | /about | /stories | /admin | /collection/rose-vine-stripe-chiffon-saree | /collection/coral-sunrise-chiffon-georgette-saree,/,no,/: body | /collection: body | /top-viewed: body | /our-story: body | /our-team: body,
fabric,94,/ | /collection | /faqs | /contact | /how-it-works | /authentication | /why | /sell-your-saree | /policies/terms-of-service | /policies/authentication-condition-policy | /policies/care-packaging-policy | /policies/sell-with-us-policy | /collection/fabric/silk | /blouses | /guides/what-is-a-pre-loved-saree | /guides/pre-loved-vs-second-hand-saree | /collection/tangerine-noir-floral-border-weave | /collection/sunset-ombr-chiffon-draped-dream | /collection/indigo-plum-tied-silk-saree | /collection/forest-flame-tie-dye-silk | /collection/moonstone-cream-mauve-border-saree | /collection/marigold-moss-cotton | /collection/midnight-garden-georgette-saree | /collection/verdant-bloom-silk-burgundy-gold-border | /collection/pink-katan-triangle-zari-edge | /collection/forest-green-silk-black-gold | /collection/teal-blue-moody-silk-drape | /collection/rose-silk-green-brown-stripe | /collection/mustard-organza-brown-border-drape | /collection/charcoal-gold-organza-heirloom-drape | /collection/beige-organza-peach-bloom | /collection/maroon-chettinad-cotton | /collection/deep-wine-organza | /collection/indigo-dusk-silk-cotton | /collection/reddish-mango-cotton-orange-border | /collection/magenta-cotton | /collection/red-blue-madras-check-cotton | /collection/twilight-orange-cotton-weave | /collection/lime-and-gold-cotton-classic | /collection/midnight-tribe-gold-border-cotton | /collection/autumn-ember-golden-leaf-cotton | /collection/orange-blossom-cotton-weave | /collection/midnight-kesari-cotton-drape | /collection/blush-green-handwoven-cotton-drape | /collection/brown-kapi-cotton-black-line-border | /collection/brown-and-mustard-light-silk | /collection/kesari-sunset-chiffon-saree | /collection/magenta-mist-chiffon-drape | /collection/green-chiffon-with-fancy-border | /collection/rani-pink-georgette-garden-party | /collection/midnight-zari-georgette | /collection/pressed-bloom-sheer-chiffon | /collection/mayil-peacock-kanjivaram-mix | /collection/burnt-orange-temple-border-kanjivaram | /collection/semmanjal-turmeric-gold-kanjeevaram | /collection/thangam-golden-weave-kanjivaram | /collection/violet-bloom-cotton-drape | /collection/moss-green-lightweight-silk-selai | /collection/heritage-zari-border-kanjivaram | /collection/nava-pazham-kanjeevaram-silk | /collection/nila-blue-gold-zari-silk | /collection/colorful-vintage-kanjeevaram | /collection/gulabi-kota-cotton | /collection/kempu-pachai-and-bandhani | /collection/pachai-linen-golden-border-drape | /terms-of-service | /collection/fabric/georgette | /faq | /collection/rose-vine-stripe-chiffon-saree | /collection/coral-sunrise-chiffon-georgette-saree,/,yes,/: body | /collection: body | /faqs: body | /contact: body | /how-it-works: body,
files,94,/ | /collection | /top-viewed | /our-story | /our-team | /faqs | /contact | /how-it-works | /authentication | /policies | /why | /sell-your-saree | /packing | /policies/privacy-policy | /policies/return-refund-policy | /policies/shipping-delivery-policy | /policies/terms-of-service | /policies/authentication-condition-policy | /policies/care-packaging-policy | /policies/cancellation-policy | /policies/sell-with-us-policy | /policies/grievance-redressal | /collection/fabric/silk | /blouses | /guides/what-is-a-pre-loved-saree | /guides/pre-loved-vs-second-hand-saree | /collection/tangerine-noir-floral-border-weave | /collection/sunset-ombr-chiffon-draped-dream | /collection/indigo-plum-tied-silk-saree | /collection/forest-flame-tie-dye-silk | /collection/moonstone-cream-mauve-border-saree | /collection/marigold-moss-cotton | /collection/midnight-garden-georgette-saree | /collection/verdant-bloom-silk-burgundy-gold-border | /collection/pink-katan-triangle-zari-edge | /collection/forest-green-silk-black-gold | /collection/teal-blue-moody-silk-drape | /collection/rose-silk-green-brown-stripe | /collection/mustard-organza-brown-border-drape | /collection/charcoal-gold-organza-heirloom-drape | /collection/beige-organza-peach-bloom | /collection/maroon-chettinad-cotton | /collection/deep-wine-organza | /collection/indigo-dusk-silk-cotton | /collection/reddish-mango-cotton-orange-border | /collection/magenta-cotton | /collection/red-blue-madras-check-cotton | /collection/twilight-orange-cotton-weave | /collection/lime-and-gold-cotton-classic | /collection/midnight-tribe-gold-border-cotton | /collection/autumn-ember-golden-leaf-cotton | /collection/orange-blossom-cotton-weave | /collection/midnight-kesari-cotton-drape | /collection/blush-green-handwoven-cotton-drape | /collection/brown-kapi-cotton-black-line-border | /collection/brown-and-mustard-light-silk | /collection/kesari-sunset-chiffon-saree | /collection/magenta-mist-chiffon-drape | /collection/green-chiffon-with-fancy-border | /collection/rani-pink-georgette-garden-party | /collection/midnight-zari-georgette | /collection/pressed-bloom-sheer-chiffon | /collection/mayil-peacock-kanjivaram-mix | /collection/burnt-orange-temple-border-kanjivaram | /collection/semmanjal-turmeric-gold-kanjeevaram | /collection/thangam-golden-weave-kanjivaram | /collection/violet-bloom-cotton-drape | /collection/moss-green-lightweight-silk-selai | /collection/heritage-zari-border-kanjivaram | /collection/nava-pazham-kanjeevaram-silk | /collection/nila-blue-gold-zari-silk | /collection/colorful-vintage-kanjeevaram | /collection/gulabi-kota-cotton | /collection/kempu-pachai-and-bandhani | /collection/pachai-linen-golden-border-drape | /founders | /privacy-policy | /return-policy | /shipping-policy | /terms-of-service | /collection/fabric/chiffon | /collection/fabric/georgette | /faq | /about | /stories | /admin | /collection/rose-vine-stripe-chiffon-saree | /collection/coral-sunrise-chiffon-georgette-saree,/,no,/: body | /collection: body | /top-viewed: body | /our-story: body | /our-team: body,
optional,94,/ | /collection | /top-viewed | /our-story | /our-team | /faqs | /contact | /how-it-works | /authentication | /policies | /why | /sell-your-saree | /packing | /policies/privacy-policy | /policies/return-refund-policy | /policies/shipping-delivery-policy | /policies/terms-of-service | /policies/authentication-condition-policy | /policies/care-packaging-policy | /policies/cancellation-policy | /policies/sell-with-us-policy | /policies/grievance-redressal | /collection/fabric/silk | /blouses | /guides/what-is-a-pre-loved-saree | /guides/pre-loved-vs-second-hand-saree | /collection/tangerine-noir-floral-border-weave | /collection/sunset-ombr-chiffon-draped-dream | /collection/indigo-plum-tied-silk-saree | /collection/forest-flame-tie-dye-silk | /collection/moonstone-cream-mauve-border-saree | /collection/marigold-moss-cotton | /collection/midnight-garden-georgette-saree | /collection/verdant-bloom-silk-burgundy-gold-border | /collection/pink-katan-triangle-zari-edge | /collection/forest-green-silk-black-gold | /collection/teal-blue-moody-silk-drape | /collection/rose-silk-green-brown-stripe | /collection/mustard-organza-brown-border-drape | /collection/charcoal-gold-organza-heirloom-drape | /collection/beige-organza-peach-bloom | /collection/maroon-chettinad-cotton | /collection/deep-wine-organza | /collection/indigo-dusk-silk-cotton | /collection/reddish-mango-cotton-orange-border | /collection/magenta-cotton | /collection/red-blue-madras-check-cotton | /collection/twilight-orange-cotton-weave | /collection/lime-and-gold-cotton-classic | /collection/midnight-tribe-gold-border-cotton | /collection/autumn-ember-golden-leaf-cotton | /collection/orange-blossom-cotton-weave | /collection/midnight-kesari-cotton-drape | /collection/blush-green-handwoven-cotton-drape | /collection/brown-kapi-cotton-black-line-border | /collection/brown-and-mustard-light-silk | /collection/kesari-sunset-chiffon-saree | /collection/magenta-mist-chiffon-drape | /collection/green-chiffon-with-fancy-border | /collection/rani-pink-georgette-garden-party | /collection/midnight-zari-georgette | /collection/pressed-bloom-sheer-chiffon | /collection/mayil-peacock-kanjivaram-mix | /collection/burnt-orange-temple-border-kanjivaram | /collection/semmanjal-turmeric-gold-kanjeevaram | /collection/thangam-golden-weave-kanjivaram | /collection/violet-bloom-cotton-drape | /collection/moss-green-lightweight-silk-selai | /collection/heritage-zari-border-kanjivaram | /collection/nava-pazham-kanjeevaram-silk | /collection/nila-blue-gold-zari-silk | /collection/colorful-vintage-kanjeevaram | /collection/gulabi-kota-cotton | /collection/kempu-pachai-and-bandhani | /collection/pachai-linen-golden-border-drape | /founders | /privacy-policy | /return-policy | /shipping-policy | /terms-of-service | /collection/fabric/chiffon | /collection/fabric/georgette | /faq | /about | /stories | /admin | /collection/rose-vine-stripe-chiffon-saree | /collection/coral-sunrise-chiffon-georgette-saree,/,no,/: body | /collection: body | /top-viewed: body | /our-story: body | /our-team: body,
found,93,/ | /collection | /top-viewed | /our-story | /our-team | /faqs | /contact | /how-it-works | /authentication | /policies | /why | /sell-your-saree | /packing | /policies/privacy-policy | /policies/return-refund-policy | /policies/shipping-delivery-policy | /policies/terms-of-service | /policies/authentication-condition-policy | /policies/care-packaging-policy | /policies/cancellation-policy | /policies/sell-with-us-policy | /policies/grievance-redressal | /collection/fabric/silk | /blouses | /guides/what-is-a-pre-loved-saree | /guides/pre-loved-vs-second-hand-saree | /collection/tangerine-noir-floral-border-weave | /collection/sunset-ombr-chiffon-draped-dream | /collection/indigo-plum-tied-silk-saree | /collection/forest-flame-tie-dye-silk | /collection/moonstone-cream-mauve-border-saree | /collection/marigold-moss-cotton | /collection/midnight-garden-georgette-saree | /collection/verdant-bloom-silk-burgundy-gold-border | /collection/pink-katan-triangle-zari-edge | /collection/forest-green-silk-black-gold | /collection/teal-blue-moody-silk-drape | /collection/rose-silk-green-brown-stripe | /collection/mustard-organza-brown-border-drape | /collection/charcoal-gold-organza-heirloom-drape | /collection/beige-organza-peach-bloom | /collection/maroon-chettinad-cotton | /collection/deep-wine-organza | /collection/indigo-dusk-silk-cotton | /collection/reddish-mango-cotton-orange-border | /collection/magenta-cotton | /collection/red-blue-madras-check-cotton | /collection/twilight-orange-cotton-weave | /collection/lime-and-gold-cotton-classic | /collection/midnight-tribe-gold-border-cotton | /collection/autumn-ember-golden-leaf-cotton | /collection/orange-blossom-cotton-weave | /collection/midnight-kesari-cotton-drape | /collection/blush-green-handwoven-cotton-drape | /collection/brown-kapi-cotton-black-line-border | /collection/brown-and-mustard-light-silk | /collection/kesari-sunset-chiffon-saree | /collection/magenta-mist-chiffon-drape | /collection/green-chiffon-with-fancy-border | /collection/rani-pink-georgette-garden-party | /collection/midnight-zari-georgette | /collection/pressed-bloom-sheer-chiffon | /collection/mayil-peacock-kanjivaram-mix | /collection/burnt-orange-temple-border-kanjivaram | /collection/semmanjal-turmeric-gold-kanjeevaram | /collection/thangam-golden-weave-kanjivaram | /collection/violet-bloom-cotton-drape | /collection/moss-green-lightweight-silk-selai | /collection/heritage-zari-border-kanjivaram | /collection/nava-pazham-kanjeevaram-silk | /collection/nila-blue-gold-zari-silk | /collection/colorful-vintage-kanjeevaram | /collection/gulabi-kota-cotton | /collection/kempu-pachai-and-bandhani | /collection/pachai-linen-golden-border-drape | /founders | /privacy-policy | /return-policy | /shipping-policy | /terms-of-service | /collection/fabric/chiffon | /collection/fabric/georgette | /faq | /about | /stories | /admin | /collection/rose-vine-stripe-chiffon-saree | /collection/coral-sunrise-chiffon-georgette-saree,/,no,/: body | /collection: body | /top-viewed: body | /our-story: body | /our-team: body,
see,93,/ | /collection | /top-viewed | /our-story | /our-team | /faqs | /contact | /how-it-works | /authentication | /policies | /why | /sell-your-saree | /packing | /policies/privacy-policy | /policies/return-refund-policy | /policies/shipping-delivery-policy | /policies/terms-of-service | /policies/authentication-condition-policy | /policies/care-packaging-policy | /policies/cancellation-policy | /policies/sell-with-us-policy | /policies/grievance-redressal | /collection/fabric/silk | /blouses | /guides/what-is-a-pre-loved-saree | /guides/pre-loved-vs-second-hand-saree | /collection/tangerine-noir-floral-border-weave | /collection/sunset-ombr-chiffon-draped-dream | /collection/indigo-plum-tied-silk-saree | /collection/forest-flame-tie-dye-silk | /collection/moonstone-cream-mauve-border-saree | /collection/marigold-moss-cotton | /collection/midnight-garden-georgette-saree | /collection/verdant-bloom-silk-burgundy-gold-border | /collection/pink-katan-triangle-zari-edge | /collection/forest-green-silk-black-gold | /collection/teal-blue-moody-silk-drape | /collection/rose-silk-green-brown-stripe | /collection/mustard-organza-brown-border-drape | /collection/charcoal-gold-organza-heirloom-drape | /collection/beige-organza-peach-bloom | /collection/maroon-chettinad-cotton | /collection/deep-wine-organza | /collection/indigo-dusk-silk-cotton | /collection/reddish-mango-cotton-orange-border | /collection/magenta-cotton | /collection/red-blue-madras-check-cotton | /collection/twilight-orange-cotton-weave | /collection/lime-and-gold-cotton-classic | /collection/midnight-tribe-gold-border-cotton | /collection/autumn-ember-golden-leaf-cotton | /collection/orange-blossom-cotton-weave | /collection/midnight-kesari-cotton-drape | /collection/blush-green-handwoven-cotton-drape | /collection/brown-kapi-cotton-black-line-border | /collection/brown-and-mustard-light-silk | /collection/kesari-sunset-chiffon-saree | /collection/magenta-mist-chiffon-drape | /collection/green-chiffon-with-fancy-border | /collection/rani-pink-georgette-garden-party | /collection/midnight-zari-georgette | /collection/pressed-bloom-sheer-chiffon | /collection/mayil-peacock-kanjivaram-mix | /collection/burnt-orange-temple-border-kanjivaram | /collection/semmanjal-turmeric-gold-kanjeevaram | /collection/thangam-golden-weave-kanjivaram | /collection/violet-bloom-cotton-drape | /collection/moss-green-lightweight-silk-selai | /collection/heritage-zari-border-kanjivaram | /collection/nava-pazham-kanjeevaram-silk | /collection/nila-blue-gold-zari-silk | /collection/colorful-vintage-kanjeevaram | /collection/gulabi-kota-cotton | /collection/kempu-pachai-and-bandhani | /collection/pachai-linen-golden-border-drape | /founders | /privacy-policy | /return-policy | /shipping-policy | /terms-of-service | /collection/fabric/chiffon | /collection/fabric/georgette | /faq | /about | /stories | /admin | /collection/rose-vine-stripe-chiffon-saree | /collection/coral-sunrise-chiffon-georgette-saree,/,no,/: body | /collection: body | /top-viewed: body | /our-story: body | /our-team: body,
understand,93,/ | /collection | /top-viewed | /our-story | /our-team | /faqs | /contact | /how-it-works | /authentication | /policies | /why | /sell-your-saree | /packing | /policies/privacy-policy | /policies/return-refund-policy | /policies/shipping-delivery-policy | /policies/terms-of-service | /policies/authentication-condition-policy | /policies/care-packaging-policy | /policies/cancellation-policy | /policies/sell-with-us-policy | /policies/grievance-redressal | /collection/fabric/silk | /blouses | /guides/what-is-a-pre-loved-saree | /guides/pre-loved-vs-second-hand-saree | /collection/tangerine-noir-floral-border-weave | /collection/sunset-ombr-chiffon-draped-dream | /collection/indigo-plum-tied-silk-saree | /collection/forest-flame-tie-dye-silk | /collection/moonstone-cream-mauve-border-saree | /collection/marigold-moss-cotton | /collection/midnight-garden-georgette-saree | /collection/verdant-bloom-silk-burgundy-gold-border | /collection/pink-katan-triangle-zari-edge | /collection/forest-green-silk-black-gold | /collection/teal-blue-moody-silk-drape | /collection/rose-silk-green-brown-stripe | /collection/mustard-organza-brown-border-drape | /collection/charcoal-gold-organza-heirloom-drape | /collection/beige-organza-peach-bloom | /collection/maroon-chettinad-cotton | /collection/deep-wine-organza | /collection/indigo-dusk-silk-cotton | /collection/reddish-mango-cotton-orange-border | /collection/magenta-cotton | /collection/red-blue-madras-check-cotton | /collection/twilight-orange-cotton-weave | /collection/lime-and-gold-cotton-classic | /collection/midnight-tribe-gold-border-cotton | /collection/autumn-ember-golden-leaf-cotton | /collection/orange-blossom-cotton-weave | /collection/midnight-kesari-cotton-drape | /collection/blush-green-handwoven-cotton-drape | /collection/brown-kapi-cotton-black-line-border | /collection/brown-and-mustard-light-silk | /collection/kesari-sunset-chiffon-saree | /collection/magenta-mist-chiffon-drape | /collection/green-chiffon-with-fancy-border | /collection/rani-pink-georgette-garden-party | /collection/midnight-zari-georgette | /collection/pressed-bloom-sheer-chiffon | /collection/mayil-peacock-kanjivaram-mix | /collection/burnt-orange-temple-border-kanjivaram | /collection/semmanjal-turmeric-gold-kanjeevaram | /collection/thangam-golden-weave-kanjivaram | /collection/violet-bloom-cotton-drape | /collection/moss-green-lightweight-silk-selai | /collection/heritage-zari-border-kanjivaram | /collection/nava-pazham-kanjeevaram-silk | /collection/nila-blue-gold-zari-silk | /collection/colorful-vintage-kanjeevaram | /collection/gulabi-kota-cotton | /collection/kempu-pachai-and-bandhani | /collection/pachai-linen-golden-border-drape | /founders | /privacy-policy | /return-policy | /shipping-policy | /terms-of-service | /collection/fabric/chiffon | /collection/fabric/georgette | /faq | /about | /stories | /admin | /collection/rose-vine-stripe-chiffon-saree | /collection/coral-sunrise-chiffon-georgette-saree,/,yes,/: body | /collection: body | /top-viewed: body | /our-story: body | /our-team: body,
cookie,92,/ | /collection | /top-viewed | /our-story | /our-team | /faqs | /contact | /how-it-works | /authentication | /policies | /why | /sell-your-saree | /packing | /policies/privacy-policy | /policies/return-refund-policy | /policies/shipping-delivery-policy | /policies/terms-of-service | /policies/authentication-condition-policy | /policies/care-packaging-policy | /policies/cancellation-policy | /policies/sell-with-us-policy | /policies/grievance-redressal | /collection/fabric/silk | /blouses | /guides/what-is-a-pre-loved-saree | /guides/pre-loved-vs-second-hand-saree | /collection/tangerine-noir-floral-border-weave | /collection/sunset-ombr-chiffon-draped-dream | /collection/indigo-plum-tied-silk-saree | /collection/forest-flame-tie-dye-silk | /collection/moonstone-cream-mauve-border-saree | /collection/marigold-moss-cotton | /collection/midnight-garden-georgette-saree | /collection/verdant-bloom-silk-burgundy-gold-border | /collection/pink-katan-triangle-zari-edge | /collection/forest-green-silk-black-gold | /collection/teal-blue-moody-silk-drape | /collection/rose-silk-green-brown-stripe | /collection/mustard-organza-brown-border-drape | /collection/charcoal-gold-organza-heirloom-drape | /collection/beige-organza-peach-bloom | /collection/maroon-chettinad-cotton | /collection/deep-wine-organza | /collection/indigo-dusk-silk-cotton | /collection/reddish-mango-cotton-orange-border | /collection/magenta-cotton | /collection/red-blue-madras-check-cotton | /collection/twilight-orange-cotton-weave | /collection/lime-and-gold-cotton-classic | /collection/midnight-tribe-gold-border-cotton | /collection/autumn-ember-golden-leaf-cotton | /collection/orange-blossom-cotton-weave | /collection/midnight-kesari-cotton-drape | /collection/blush-green-handwoven-cotton-drape | /collection/brown-kapi-cotton-black-line-border | /collection/brown-and-mustard-light-silk | /collection/kesari-sunset-chiffon-saree | /collection/magenta-mist-chiffon-drape | /collection/green-chiffon-with-fancy-border | /collection/rani-pink-georgette-garden-party | /collection/midnight-zari-georgette | /collection/pressed-bloom-sheer-chiffon | /collection/mayil-peacock-kanjivaram-mix | /collection/burnt-orange-temple-border-kanjivaram | /collection/semmanjal-turmeric-gold-kanjeevaram | /collection/thangam-golden-weave-kanjivaram | /collection/violet-bloom-cotton-drape | /collection/moss-green-lightweight-silk-selai | /collection/heritage-zari-border-kanjivaram | /collection/nava-pazham-kanjeevaram-silk | /collection/nila-blue-gold-zari-silk | /collection/colorful-vintage-kanjeevaram | /collection/gulabi-kota-cotton | /collection/kempu-pachai-and-bandhani | /collection/pachai-linen-golden-border-drape | /founders | /privacy-policy | /return-policy | /shipping-policy | /terms-of-service | /collection/fabric/chiffon | /collection/fabric/georgette | /faq | /about | /stories | /admin | /collection/rose-vine-stripe-chiffon-saree | /collection/coral-sunrise-chiffon-georgette-saree,/,no,/: body | /collection: body | /top-viewed: body | /our-story: body | /our-team: body,
drops,92,/ | /collection | /top-viewed | /our-story | /our-team | /faqs | /contact | /how-it-works | /authentication | /policies | /why | /sell-your-saree | /packing | /policies/privacy-policy | /policies/return-refund-policy | /policies/shipping-delivery-policy | /policies/terms-of-service | /policies/authentication-condition-policy | /policies/care-packaging-policy | /policies/cancellation-policy | /policies/sell-with-us-policy | /policies/grievance-redressal | /collection/fabric/silk | /blouses | /guides/what-is-a-pre-loved-saree | /guides/pre-loved-vs-second-hand-saree | /collection/tangerine-noir-floral-border-weave | /collection/sunset-ombr-chiffon-draped-dream | /collection/indigo-plum-tied-silk-saree | /collection/forest-flame-tie-dye-silk | /collection/moonstone-cream-mauve-border-saree | /collection/marigold-moss-cotton | /collection/midnight-garden-georgette-saree | /collection/verdant-bloom-silk-burgundy-gold-border | /collection/pink-katan-triangle-zari-edge | /collection/forest-green-silk-black-gold | /collection/teal-blue-moody-silk-drape | /collection/rose-silk-green-brown-stripe | /collection/mustard-organza-brown-border-drape | /collection/charcoal-gold-organza-heirloom-drape | /collection/beige-organza-peach-bloom | /collection/maroon-chettinad-cotton | /collection/deep-wine-organza | /collection/indigo-dusk-silk-cotton | /collection/reddish-mango-cotton-orange-border | /collection/magenta-cotton | /collection/red-blue-madras-check-cotton | /collection/twilight-orange-cotton-weave | /collection/lime-and-gold-cotton-classic | /collection/midnight-tribe-gold-border-cotton | /collection/autumn-ember-golden-leaf-cotton | /collection/orange-blossom-cotton-weave | /collection/midnight-kesari-cotton-drape | /collection/blush-green-handwoven-cotton-drape | /collection/brown-kapi-cotton-black-line-border | /collection/brown-and-mustard-light-silk | /collection/kesari-sunset-chiffon-saree | /collection/magenta-mist-chiffon-drape | /collection/green-chiffon-with-fancy-border | /collection/rani-pink-georgette-garden-party | /collection/midnight-zari-georgette | /collection/pressed-bloom-sheer-chiffon | /collection/mayil-peacock-kanjivaram-mix | /collection/burnt-orange-temple-border-kanjivaram | /collection/semmanjal-turmeric-gold-kanjeevaram | /collection/thangam-golden-weave-kanjivaram | /collection/violet-bloom-cotton-drape | /collection/moss-green-lightweight-silk-selai | /collection/heritage-zari-border-kanjivaram | /collection/nava-pazham-kanjeevaram-silk | /collection/nila-blue-gold-zari-silk | /collection/colorful-vintage-kanjeevaram | /collection/gulabi-kota-cotton | /collection/kempu-pachai-and-bandhani | /collection/pachai-linen-golden-border-drape | /founders | /privacy-policy | /return-policy | /shipping-policy | /terms-of-service | /collection/fabric/chiffon | /collection/fabric/georgette | /faq | /about | /stories | /admin | /collection/rose-vine-stripe-chiffon-saree | /collection/coral-sunrise-chiffon-georgette-saree,/,no,/: body | /collection: body | /top-viewed: body | /our-story: body | /our-team: body,
finds,92,/ | /collection | /top-viewed | /our-story | /our-team | /faqs | /contact | /how-it-works | /authentication | /policies | /why | /sell-your-saree | /packing | /policies/privacy-policy | /policies/return-refund-policy | /policies/shipping-delivery-policy | /policies/terms-of-service | /policies/authentication-condition-policy | /policies/care-packaging-policy | /policies/cancellation-policy | /policies/sell-with-us-policy | /policies/grievance-redressal | /collection/fabric/silk | /blouses | /guides/what-is-a-pre-loved-saree | /guides/pre-loved-vs-second-hand-saree | /collection/tangerine-noir-floral-border-weave | /collection/sunset-ombr-chiffon-draped-dream | /collection/indigo-plum-tied-silk-saree | /collection/forest-flame-tie-dye-silk | /collection/moonstone-cream-mauve-border-saree | /collection/marigold-moss-cotton | /collection/midnight-garden-georgette-saree | /collection/verdant-bloom-silk-burgundy-gold-border | /collection/pink-katan-triangle-zari-edge | /collection/forest-green-silk-black-gold | /collection/teal-blue-moody-silk-drape | /collection/rose-silk-green-brown-stripe | /collection/mustard-organza-brown-border-drape | /collection/charcoal-gold-organza-heirloom-drape | /collection/beige-organza-peach-bloom | /collection/maroon-chettinad-cotton | /collection/deep-wine-organza | /collection/indigo-dusk-silk-cotton | /collection/reddish-mango-cotton-orange-border | /collection/magenta-cotton | /collection/red-blue-madras-check-cotton | /collection/twilight-orange-cotton-weave | /collection/lime-and-gold-cotton-classic | /collection/midnight-tribe-gold-border-cotton | /collection/autumn-ember-golden-leaf-cotton | /collection/orange-blossom-cotton-weave | /collection/midnight-kesari-cotton-drape | /collection/blush-green-handwoven-cotton-drape | /collection/brown-kapi-cotton-black-line-border | /collection/brown-and-mustard-light-silk | /collection/kesari-sunset-chiffon-saree | /collection/magenta-mist-chiffon-drape | /collection/green-chiffon-with-fancy-border | /collection/rani-pink-georgette-garden-party | /collection/midnight-zari-georgette | /collection/pressed-bloom-sheer-chiffon | /collection/mayil-peacock-kanjivaram-mix | /collection/burnt-orange-temple-border-kanjivaram | /collection/semmanjal-turmeric-gold-kanjeevaram | /collection/thangam-golden-weave-kanjivaram | /collection/violet-bloom-cotton-drape | /collection/moss-green-lightweight-silk-selai | /collection/heritage-zari-border-kanjivaram | /collection/nava-pazham-kanjeevaram-silk | /collection/nila-blue-gold-zari-silk | /collection/colorful-vintage-kanjeevaram | /collection/gulabi-kota-cotton | /collection/kempu-pachai-and-bandhani | /collection/pachai-linen-golden-border-drape | /founders | /privacy-policy | /return-policy | /shipping-policy | /terms-of-service | /collection/fabric/chiffon | /collection/fabric/georgette | /faq | /about | /stories | /admin | /collection/rose-vine-stripe-chiffon-saree | /collection/coral-sunrise-chiffon-georgette-saree,/,yes,/: body | /collection: body | /top-viewed: body | /our-story: body | /our-team: body,
nothing,92,/ | /collection | /top-viewed | /our-story | /our-team | /faqs | /contact | /how-it-works | /authentication | /policies | /why | /sell-your-saree | /packing | /policies/privacy-policy | /policies/return-refund-policy | /policies/shipping-delivery-policy | /policies/terms-of-service | /policies/authentication-condition-policy | /policies/care-packaging-policy | /policies/cancellation-policy | /policies/sell-with-us-policy | /policies/grievance-redressal | /collection/fabric/silk | /blouses | /guides/what-is-a-pre-loved-saree | /guides/pre-loved-vs-second-hand-saree | /collection/tangerine-noir-floral-border-weave | /collection/sunset-ombr-chiffon-draped-dream | /collection/indigo-plum-tied-silk-saree | /collection/forest-flame-tie-dye-silk | /collection/moonstone-cream-mauve-border-saree | /collection/marigold-moss-cotton | /collection/midnight-garden-georgette-saree | /collection/verdant-bloom-silk-burgundy-gold-border | /collection/pink-katan-triangle-zari-edge | /collection/forest-green-silk-black-gold | /collection/teal-blue-moody-silk-drape | /collection/rose-silk-green-brown-stripe | /collection/mustard-organza-brown-border-drape | /collection/charcoal-gold-organza-heirloom-drape | /collection/beige-organza-peach-bloom | /collection/maroon-chettinad-cotton | /collection/deep-wine-organza | /collection/indigo-dusk-silk-cotton | /collection/reddish-mango-cotton-orange-border | /collection/magenta-cotton | /collection/red-blue-madras-check-cotton | /collection/twilight-orange-cotton-weave | /collection/lime-and-gold-cotton-classic | /collection/midnight-tribe-gold-border-cotton | /collection/autumn-ember-golden-leaf-cotton | /collection/orange-blossom-cotton-weave | /collection/midnight-kesari-cotton-drape | /collection/blush-green-handwoven-cotton-drape | /collection/brown-kapi-cotton-black-line-border | /collection/brown-and-mustard-light-silk | /collection/kesari-sunset-chiffon-saree | /collection/magenta-mist-chiffon-drape | /collection/green-chiffon-with-fancy-border | /collection/rani-pink-georgette-garden-party | /collection/midnight-zari-georgette | /collection/pressed-bloom-sheer-chiffon | /collection/mayil-peacock-kanjivaram-mix | /collection/burnt-orange-temple-border-kanjivaram | /collection/semmanjal-turmeric-gold-kanjeevaram | /collection/thangam-golden-weave-kanjivaram | /collection/violet-bloom-cotton-drape | /collection/moss-green-lightweight-silk-selai | /collection/heritage-zari-border-kanjivaram | /collection/nava-pazham-kanjeevaram-silk | /collection/nila-blue-gold-zari-silk | /collection/colorful-vintage-kanjeevaram | /collection/gulabi-kota-cotton | /collection/kempu-pachai-and-bandhani | /collection/pachai-linen-golden-border-drape | /founders | /privacy-policy | /return-policy | /shipping-policy | /terms-of-service | /collection/fabric/chiffon | /collection/fabric/georgette | /faq | /about | /stories | /admin | /collection/rose-vine-stripe-chiffon-saree | /collection/coral-sunrise-chiffon-georgette-saree,/,yes,/: body | /collection: body | /top-viewed: body | /our-story: body | /our-team: body,
reserved,92,/ | /collection | /top-viewed | /our-story | /our-team | /faqs | /contact | /how-it-works | /authentication | /policies | /why | /sell-your-saree | /packing | /policies/privacy-policy | /policies/return-refund-policy | /policies/shipping-delivery-policy | /policies/terms-of-service | /policies/authentication-condition-policy | /policies/care-packaging-policy | /policies/cancellation-policy | /policies/sell-with-us-policy | /policies/grievance-redressal | /collection/fabric/silk | /blouses | /guides/what-is-a-pre-loved-saree | /guides/pre-loved-vs-second-hand-saree | /collection/tangerine-noir-floral-border-weave | /collection/sunset-ombr-chiffon-draped-dream | /collection/indigo-plum-tied-silk-saree | /collection/forest-flame-tie-dye-silk | /collection/moonstone-cream-mauve-border-saree | /collection/marigold-moss-cotton | /collection/midnight-garden-georgette-saree | /collection/verdant-bloom-silk-burgundy-gold-border | /collection/pink-katan-triangle-zari-edge | /collection/forest-green-silk-black-gold | /collection/teal-blue-moody-silk-drape | /collection/rose-silk-green-brown-stripe | /collection/mustard-organza-brown-border-drape | /collection/charcoal-gold-organza-heirloom-drape | /collection/beige-organza-peach-bloom | /collection/maroon-chettinad-cotton | /collection/deep-wine-organza | /collection/indigo-dusk-silk-cotton | /collection/reddish-mango-cotton-orange-border | /collection/magenta-cotton | /collection/red-blue-madras-check-cotton | /collection/twilight-orange-cotton-weave | /collection/lime-and-gold-cotton-classic | /collection/midnight-tribe-gold-border-cotton | /collection/autumn-ember-golden-leaf-cotton | /collection/orange-blossom-cotton-weave | /collection/midnight-kesari-cotton-drape | /collection/blush-green-handwoven-cotton-drape | /collection/brown-kapi-cotton-black-line-border | /collection/brown-and-mustard-light-silk | /collection/kesari-sunset-chiffon-saree | /collection/magenta-mist-chiffon-drape | /collection/green-chiffon-with-fancy-border | /collection/rani-pink-georgette-garden-party | /collection/midnight-zari-georgette | /collection/pressed-bloom-sheer-chiffon | /collection/mayil-peacock-kanjivaram-mix | /collection/burnt-orange-temple-border-kanjivaram | /collection/semmanjal-turmeric-gold-kanjeevaram | /collection/thangam-golden-weave-kanjivaram | /collection/violet-bloom-cotton-drape | /collection/moss-green-lightweight-silk-selai | /collection/heritage-zari-border-kanjivaram | /collection/nava-pazham-kanjeevaram-silk | /collection/nila-blue-gold-zari-silk | /collection/colorful-vintage-kanjeevaram | /collection/gulabi-kota-cotton | /collection/kempu-pachai-and-bandhani | /collection/pachai-linen-golden-border-drape | /founders | /privacy-policy | /return-policy | /shipping-policy | /terms-of-service | /collection/fabric/chiffon | /collection/fabric/georgette | /faq | /about | /stories | /admin | /collection/rose-vine-stripe-chiffon-saree | /collection/coral-sunrise-chiffon-georgette-saree,/,yes,/: body | /collection: body | /top-viewed: body | /our-story: body | /our-team: body,
stories,92,/ | /collection | /top-viewed | /our-story | /our-team | /faqs | /contact | /how-it-works | /authentication | /policies | /why | /sell-your-saree | /packing | /policies/privacy-policy | /policies/return-refund-policy | /policies/shipping-delivery-policy | /policies/terms-of-service | /policies/authentication-condition-policy | /policies/care-packaging-policy | /policies/cancellation-policy | /policies/sell-with-us-policy | /policies/grievance-redressal | /collection/fabric/silk | /blouses | /guides/what-is-a-pre-loved-saree | /guides/pre-loved-vs-second-hand-saree | /collection/tangerine-noir-floral-border-weave | /collection/sunset-ombr-chiffon-draped-dream | /collection/indigo-plum-tied-silk-saree | /collection/forest-flame-tie-dye-silk | /collection/moonstone-cream-mauve-border-saree | /collection/marigold-moss-cotton | /collection/midnight-garden-georgette-saree | /collection/verdant-bloom-silk-burgundy-gold-border | /collection/pink-katan-triangle-zari-edge | /collection/forest-green-silk-black-gold | /collection/teal-blue-moody-silk-drape | /collection/rose-silk-green-brown-stripe | /collection/mustard-organza-brown-border-drape | /collection/charcoal-gold-organza-heirloom-drape | /collection/beige-organza-peach-bloom | /collection/maroon-chettinad-cotton | /collection/deep-wine-organza | /collection/indigo-dusk-silk-cotton | /collection/reddish-mango-cotton-orange-border | /collection/magenta-cotton | /collection/red-blue-madras-check-cotton | /collection/twilight-orange-cotton-weave | /collection/lime-and-gold-cotton-classic | /collection/midnight-tribe-gold-border-cotton | /collection/autumn-ember-golden-leaf-cotton | /collection/orange-blossom-cotton-weave | /collection/midnight-kesari-cotton-drape | /collection/blush-green-handwoven-cotton-drape | /collection/brown-kapi-cotton-black-line-border | /collection/brown-and-mustard-light-silk | /collection/kesari-sunset-chiffon-saree | /collection/magenta-mist-chiffon-drape | /collection/green-chiffon-with-fancy-border | /collection/rani-pink-georgette-garden-party | /collection/midnight-zari-georgette | /collection/pressed-bloom-sheer-chiffon | /collection/mayil-peacock-kanjivaram-mix | /collection/burnt-orange-temple-border-kanjivaram | /collection/semmanjal-turmeric-gold-kanjeevaram | /collection/thangam-golden-weave-kanjivaram | /collection/violet-bloom-cotton-drape | /collection/moss-green-lightweight-silk-selai | /collection/heritage-zari-border-kanjivaram | /collection/nava-pazham-kanjeevaram-silk | /collection/nila-blue-gold-zari-silk | /collection/colorful-vintage-kanjeevaram | /collection/gulabi-kota-cotton | /collection/kempu-pachai-and-bandhani | /collection/pachai-linen-golden-border-drape | /founders | /privacy-policy | /return-policy | /shipping-policy | /terms-of-service | /collection/fabric/chiffon | /collection/fabric/georgette | /faq | /about | /stories | /admin | /collection/rose-vine-stripe-chiffon-saree | /collection/coral-sunrise-chiffon-georgette-saree,/,no,/: body | /collection: body | /top-viewed: body | /our-story: body | /our-team: body,
traffic,92,/ | /collection | /top-viewed | /our-story | /our-team | /faqs | /contact | /how-it-works | /authentication | /policies | /why | /sell-your-saree | /packing | /policies/privacy-policy | /policies/return-refund-policy | /policies/shipping-delivery-policy | /policies/terms-of-service | /policies/authentication-condition-policy | /policies/care-packaging-policy | /policies/cancellation-policy | /policies/sell-with-us-policy | /policies/grievance-redressal | /collection/fabric/silk | /blouses | /guides/what-is-a-pre-loved-saree | /guides/pre-loved-vs-second-hand-saree | /collection/tangerine-noir-floral-border-weave | /collection/sunset-ombr-chiffon-draped-dream | /collection/indigo-plum-tied-silk-saree | /collection/forest-flame-tie-dye-silk | /collection/moonstone-cream-mauve-border-saree | /collection/marigold-moss-cotton | /collection/midnight-garden-georgette-saree | /collection/verdant-bloom-silk-burgundy-gold-border | /collection/pink-katan-triangle-zari-edge | /collection/forest-green-silk-black-gold | /collection/teal-blue-moody-silk-drape | /collection/rose-silk-green-brown-stripe | /collection/mustard-organza-brown-border-drape | /collection/charcoal-gold-organza-heirloom-drape | /collection/beige-organza-peach-bloom | /collection/maroon-chettinad-cotton | /collection/deep-wine-organza | /collection/indigo-dusk-silk-cotton | /collection/reddish-mango-cotton-orange-border | /collection/magenta-cotton | /collection/red-blue-madras-check-cotton | /collection/twilight-orange-cotton-weave | /collection/lime-and-gold-cotton-classic | /collection/midnight-tribe-gold-border-cotton | /collection/autumn-ember-golden-leaf-cotton | /collection/orange-blossom-cotton-weave | /collection/midnight-kesari-cotton-drape | /collection/blush-green-handwoven-cotton-drape | /collection/brown-kapi-cotton-black-line-border | /collection/brown-and-mustard-light-silk | /collection/kesari-sunset-chiffon-saree | /collection/magenta-mist-chiffon-drape | /collection/green-chiffon-with-fancy-border | /collection/rani-pink-georgette-garden-party | /collection/midnight-zari-georgette | /collection/pressed-bloom-sheer-chiffon | /collection/mayil-peacock-kanjivaram-mix | /collection/burnt-orange-temple-border-kanjivaram | /collection/semmanjal-turmeric-gold-kanjeevaram | /collection/thangam-golden-weave-kanjivaram | /collection/violet-bloom-cotton-drape | /collection/moss-green-lightweight-silk-selai | /collection/heritage-zari-border-kanjivaram | /collection/nava-pazham-kanjeevaram-silk | /collection/nila-blue-gold-zari-silk | /collection/colorful-vintage-kanjeevaram | /collection/gulabi-kota-cotton | /collection/kempu-pachai-and-bandhani | /collection/pachai-linen-golden-border-drape | /founders | /privacy-policy | /return-policy | /shipping-policy | /terms-of-service | /collection/fabric/chiffon | /collection/fabric/georgette | /faq | /about | /stories | /admin | /collection/rose-vine-stripe-chiffon-saree | /collection/coral-sunrise-chiffon-georgette-saree,/,no,/: body | /collection: body | /top-viewed: body | /our-story: body | /our-team: body,
rare,91,/ | /collection | /top-viewed | /our-story | /our-team | /faqs | /contact | /how-it-works | /authentication | /policies | /why | /sell-your-saree | /packing | /policies/privacy-policy | /policies/return-refund-policy | /policies/shipping-delivery-policy | /policies/terms-of-service | /policies/authentication-condition-policy | /policies/care-packaging-policy | /policies/cancellation-policy | /policies/sell-with-us-policy | /policies/grievance-redressal | /collection/fabric/silk | /blouses | /guides/what-is-a-pre-loved-saree | /guides/pre-loved-vs-second-hand-saree | /collection/tangerine-noir-floral-border-weave | /collection/sunset-ombr-chiffon-draped-dream | /collection/indigo-plum-tied-silk-saree | /collection/forest-flame-tie-dye-silk | /collection/moonstone-cream-mauve-border-saree | /collection/marigold-moss-cotton | /collection/midnight-garden-georgette-saree | /collection/verdant-bloom-silk-burgundy-gold-border | /collection/pink-katan-triangle-zari-edge | /collection/forest-green-silk-black-gold | /collection/teal-blue-moody-silk-drape | /collection/rose-silk-green-brown-stripe | /collection/mustard-organza-brown-border-drape | /collection/charcoal-gold-organza-heirloom-drape | /collection/beige-organza-peach-bloom | /collection/maroon-chettinad-cotton | /collection/deep-wine-organza | /collection/indigo-dusk-silk-cotton | /collection/reddish-mango-cotton-orange-border | /collection/magenta-cotton | /collection/red-blue-madras-check-cotton | /collection/twilight-orange-cotton-weave | /collection/lime-and-gold-cotton-classic | /collection/midnight-tribe-gold-border-cotton | /collection/autumn-ember-golden-leaf-cotton | /collection/orange-blossom-cotton-weave | /collection/midnight-kesari-cotton-drape | /collection/blush-green-handwoven-cotton-drape | /collection/brown-kapi-cotton-black-line-border | /collection/brown-and-mustard-light-silk | /collection/kesari-sunset-chiffon-saree | /collection/magenta-mist-chiffon-drape | /collection/green-chiffon-with-fancy-border | /collection/rani-pink-georgette-garden-party | /collection/midnight-zari-georgette | /collection/pressed-bloom-sheer-chiffon | /collection/mayil-peacock-kanjivaram-mix | /collection/burnt-orange-temple-border-kanjivaram | /collection/semmanjal-turmeric-gold-kanjeevaram | /collection/thangam-golden-weave-kanjivaram | /collection/violet-bloom-cotton-drape | /collection/moss-green-lightweight-silk-selai | /collection/heritage-zari-border-kanjivaram | /collection/nava-pazham-kanjeevaram-silk | /collection/nila-blue-gold-zari-silk | /collection/colorful-vintage-kanjeevaram | /collection/gulabi-kota-cotton | /collection/kempu-pachai-and-bandhani | /collection/pachai-linen-golden-border-drape | /founders | /privacy-policy | /return-policy | /shipping-policy | /terms-of-service | /collection/fabric/chiffon | /collection/fabric/georgette | /faq | /about | /stories | /admin | /collection/rose-vine-stripe-chiffon-saree | /collection/coral-sunrise-chiffon-georgette-saree,/,no,/: body | /collection: body | /top-viewed: body | /our-story: body | /our-team: body,
browsed,90,/ | /collection | /top-viewed | /our-story | /our-team | /faqs | /contact | /how-it-works | /authentication | /policies | /why | /sell-your-saree | /packing | /policies/privacy-policy | /policies/return-refund-policy | /policies/shipping-delivery-policy | /policies/terms-of-service | /policies/authentication-condition-policy | /policies/care-packaging-policy | /policies/cancellation-policy | /policies/sell-with-us-policy | /policies/grievance-redressal | /collection/fabric/silk | /blouses | /guides/what-is-a-pre-loved-saree | /guides/pre-loved-vs-second-hand-saree | /collection/tangerine-noir-floral-border-weave | /collection/sunset-ombr-chiffon-draped-dream | /collection/indigo-plum-tied-silk-saree | /collection/forest-flame-tie-dye-silk | /collection/moonstone-cream-mauve-border-saree | /collection/marigold-moss-cotton | /collection/midnight-garden-georgette-saree | /collection/verdant-bloom-silk-burgundy-gold-border | /collection/pink-katan-triangle-zari-edge | /collection/forest-green-silk-black-gold | /collection/teal-blue-moody-silk-drape | /collection/rose-silk-green-brown-stripe | /collection/mustard-organza-brown-border-drape | /collection/charcoal-gold-organza-heirloom-drape | /collection/beige-organza-peach-bloom | /collection/maroon-chettinad-cotton | /collection/deep-wine-organza | /collection/indigo-dusk-silk-cotton | /collection/reddish-mango-cotton-orange-border | /collection/magenta-cotton | /collection/red-blue-madras-check-cotton | /collection/twilight-orange-cotton-weave | /collection/lime-and-gold-cotton-classic | /collection/midnight-tribe-gold-border-cotton | /collection/autumn-ember-golden-leaf-cotton | /collection/orange-blossom-cotton-weave | /collection/midnight-kesari-cotton-drape | /collection/blush-green-handwoven-cotton-drape | /collection/brown-kapi-cotton-black-line-border | /collection/brown-and-mustard-light-silk | /collection/kesari-sunset-chiffon-saree | /collection/magenta-mist-chiffon-drape | /collection/green-chiffon-with-fancy-border | /collection/rani-pink-georgette-garden-party | /collection/midnight-zari-georgette | /collection/pressed-bloom-sheer-chiffon | /collection/mayil-peacock-kanjivaram-mix | /collection/burnt-orange-temple-border-kanjivaram | /collection/semmanjal-turmeric-gold-kanjeevaram | /collection/thangam-golden-weave-kanjivaram | /collection/violet-bloom-cotton-drape | /collection/moss-green-lightweight-silk-selai | /collection/heritage-zari-border-kanjivaram | /collection/nava-pazham-kanjeevaram-silk | /collection/nila-blue-gold-zari-silk | /collection/colorful-vintage-kanjeevaram | /collection/gulabi-kota-cotton | /collection/kempu-pachai-and-bandhani | /collection/pachai-linen-golden-border-drape | /founders | /privacy-policy | /return-policy | /shipping-policy | /terms-of-service | /collection/fabric/chiffon | /collection/fabric/georgette | /faq | /about | /stories | /admin | /collection/rose-vine-stripe-chiffon-saree | /collection/coral-sunrise-chiffon-georgette-saree,/,no,/: body | /collection: body | /top-viewed: body | /our-story: body | /our-team: body,
choose,90,/ | /collection | /top-viewed | /our-story | /our-team | /faqs | /contact | /how-it-works | /authentication | /policies | /why | /sell-your-saree | /packing | /policies/privacy-policy | /policies/return-refund-policy | /policies/shipping-delivery-policy | /policies/terms-of-service | /policies/authentication-condition-policy | /policies/care-packaging-policy | /policies/cancellation-policy | /policies/sell-with-us-policy | /policies/grievance-redressal | /collection/fabric/silk | /blouses | /guides/what-is-a-pre-loved-saree | /guides/pre-loved-vs-second-hand-saree | /collection/tangerine-noir-floral-border-weave | /collection/sunset-ombr-chiffon-draped-dream | /collection/indigo-plum-tied-silk-saree | /collection/forest-flame-tie-dye-silk | /collection/moonstone-cream-mauve-border-saree | /collection/marigold-moss-cotton | /collection/midnight-garden-georgette-saree | /collection/verdant-bloom-silk-burgundy-gold-border | /collection/pink-katan-triangle-zari-edge | /collection/forest-green-silk-black-gold | /collection/teal-blue-moody-silk-drape | /collection/rose-silk-green-brown-stripe | /collection/mustard-organza-brown-border-drape | /collection/charcoal-gold-organza-heirloom-drape | /collection/beige-organza-peach-bloom | /collection/maroon-chettinad-cotton | /collection/deep-wine-organza | /collection/indigo-dusk-silk-cotton | /collection/reddish-mango-cotton-orange-border | /collection/magenta-cotton | /collection/red-blue-madras-check-cotton | /collection/twilight-orange-cotton-weave | /collection/lime-and-gold-cotton-classic | /collection/midnight-tribe-gold-border-cotton | /collection/autumn-ember-golden-leaf-cotton | /collection/orange-blossom-cotton-weave | /collection/midnight-kesari-cotton-drape | /collection/blush-green-handwoven-cotton-drape | /collection/brown-kapi-cotton-black-line-border | /collection/brown-and-mustard-light-silk | /collection/kesari-sunset-chiffon-saree | /collection/magenta-mist-chiffon-drape | /collection/green-chiffon-with-fancy-border | /collection/rani-pink-georgette-garden-party | /collection/midnight-zari-georgette | /collection/pressed-bloom-sheer-chiffon | /collection/mayil-peacock-kanjivaram-mix | /collection/burnt-orange-temple-border-kanjivaram | /collection/semmanjal-turmeric-gold-kanjeevaram | /collection/thangam-golden-weave-kanjivaram | /collection/violet-bloom-cotton-drape | /collection/moss-green-lightweight-silk-selai | /collection/heritage-zari-border-kanjivaram | /collection/nava-pazham-kanjeevaram-silk | /collection/nila-blue-gold-zari-silk | /collection/colorful-vintage-kanjeevaram | /collection/gulabi-kota-cotton | /collection/kempu-pachai-and-bandhani | /collection/pachai-linen-golden-border-drape | /founders | /privacy-policy | /return-policy | /shipping-policy | /terms-of-service | /collection/fabric/chiffon | /collection/fabric/georgette | /faq | /about | /stories | /admin | /collection/rose-vine-stripe-chiffon-saree | /collection/coral-sunrise-chiffon-georgette-saree,/,yes,/: body | /collection: body | /top-viewed: body | /our-story: body | /our-team: body,
measure,90,/ | /collection | /top-viewed | /our-story | /our-team | /faqs | /contact | /how-it-works | /authentication | /policies | /why | /sell-your-saree | /packing | /policies/privacy-policy | /policies/return-refund-policy | /policies/shipping-delivery-policy | /policies/terms-of-service | /policies/authentication-condition-policy | /policies/care-packaging-policy | /policies/cancellation-policy | /policies/sell-with-us-policy | /policies/grievance-redressal | /collection/fabric/silk | /blouses | /guides/what-is-a-pre-loved-saree | /guides/pre-loved-vs-second-hand-saree | /collection/tangerine-noir-floral-border-weave | /collection/sunset-ombr-chiffon-draped-dream | /collection/indigo-plum-tied-silk-saree | /collection/forest-flame-tie-dye-silk | /collection/moonstone-cream-mauve-border-saree | /collection/marigold-moss-cotton | /collection/midnight-garden-georgette-saree | /collection/verdant-bloom-silk-burgundy-gold-border | /collection/pink-katan-triangle-zari-edge | /collection/forest-green-silk-black-gold | /collection/teal-blue-moody-silk-drape | /collection/rose-silk-green-brown-stripe | /collection/mustard-organza-brown-border-drape | /collection/charcoal-gold-organza-heirloom-drape | /collection/beige-organza-peach-bloom | /collection/maroon-chettinad-cotton | /collection/deep-wine-organza | /collection/indigo-dusk-silk-cotton | /collection/reddish-mango-cotton-orange-border | /collection/magenta-cotton | /collection/red-blue-madras-check-cotton | /collection/twilight-orange-cotton-weave | /collection/lime-and-gold-cotton-classic | /collection/midnight-tribe-gold-border-cotton | /collection/autumn-ember-golden-leaf-cotton | /collection/orange-blossom-cotton-weave | /collection/midnight-kesari-cotton-drape | /collection/blush-green-handwoven-cotton-drape | /collection/brown-kapi-cotton-black-line-border | /collection/brown-and-mustard-light-silk | /collection/kesari-sunset-chiffon-saree | /collection/magenta-mist-chiffon-drape | /collection/green-chiffon-with-fancy-border | /collection/rani-pink-georgette-garden-party | /collection/midnight-zari-georgette | /collection/pressed-bloom-sheer-chiffon | /collection/mayil-peacock-kanjivaram-mix | /collection/burnt-orange-temple-border-kanjivaram | /collection/semmanjal-turmeric-gold-kanjeevaram | /collection/thangam-golden-weave-kanjivaram | /collection/violet-bloom-cotton-drape | /collection/moss-green-lightweight-silk-selai | /collection/heritage-zari-border-kanjivaram | /collection/nava-pazham-kanjeevaram-silk | /collection/nila-blue-gold-zari-silk | /collection/colorful-vintage-kanjeevaram | /collection/gulabi-kota-cotton | /collection/kempu-pachai-and-bandhani | /collection/pachai-linen-golden-border-drape | /founders | /privacy-policy | /return-policy | /shipping-policy | /terms-of-service | /collection/fabric/chiffon | /collection/fabric/georgette | /faq | /about | /stories | /admin | /collection/rose-vine-stripe-chiffon-saree | /collection/coral-sunrise-chiffon-georgette-saree,/,no,/: body | /collection: body | /top-viewed: body | /our-story: body | /our-team: body,
treasures,90,/ | /collection | /top-viewed | /our-story | /our-team | /faqs | /contact | /how-it-works | /authentication | /policies | /why | /sell-your-saree | /packing | /policies/privacy-policy | /policies/return-refund-policy | /policies/shipping-delivery-policy | /policies/terms-of-service | /policies/authentication-condition-policy | /policies/care-packaging-policy | /policies/cancellation-policy | /policies/sell-with-us-policy | /policies/grievance-redressal | /collection/fabric/silk | /blouses | /guides/what-is-a-pre-loved-saree | /guides/pre-loved-vs-second-hand-saree | /collection/tangerine-noir-floral-border-weave | /collection/sunset-ombr-chiffon-draped-dream | /collection/indigo-plum-tied-silk-saree | /collection/forest-flame-tie-dye-silk | /collection/moonstone-cream-mauve-border-saree | /collection/marigold-moss-cotton | /collection/midnight-garden-georgette-saree | /collection/verdant-bloom-silk-burgundy-gold-border | /collection/pink-katan-triangle-zari-edge | /collection/forest-green-silk-black-gold | /collection/teal-blue-moody-silk-drape | /collection/rose-silk-green-brown-stripe | /collection/mustard-organza-brown-border-drape | /collection/charcoal-gold-organza-heirloom-drape | /collection/beige-organza-peach-bloom | /collection/maroon-chettinad-cotton | /collection/deep-wine-organza | /collection/indigo-dusk-silk-cotton | /collection/reddish-mango-cotton-orange-border | /collection/magenta-cotton | /collection/red-blue-madras-check-cotton | /collection/twilight-orange-cotton-weave | /collection/lime-and-gold-cotton-classic | /collection/midnight-tribe-gold-border-cotton | /collection/autumn-ember-golden-leaf-cotton | /collection/orange-blossom-cotton-weave | /collection/midnight-kesari-cotton-drape | /collection/blush-green-handwoven-cotton-drape | /collection/brown-kapi-cotton-black-line-border | /collection/brown-and-mustard-light-silk | /collection/kesari-sunset-chiffon-saree | /collection/magenta-mist-chiffon-drape | /collection/green-chiffon-with-fancy-border | /collection/rani-pink-georgette-garden-party | /collection/midnight-zari-georgette | /collection/pressed-bloom-sheer-chiffon | /collection/mayil-peacock-kanjivaram-mix | /collection/burnt-orange-temple-border-kanjivaram | /collection/semmanjal-turmeric-gold-kanjeevaram | /collection/thangam-golden-weave-kanjivaram | /collection/violet-bloom-cotton-drape | /collection/moss-green-lightweight-silk-selai | /collection/heritage-zari-border-kanjivaram | /collection/nava-pazham-kanjeevaram-silk | /collection/nila-blue-gold-zari-silk | /collection/colorful-vintage-kanjeevaram | /collection/gulabi-kota-cotton | /collection/kempu-pachai-and-bandhani | /collection/pachai-linen-golden-border-drape | /founders | /privacy-policy | /return-policy | /shipping-policy | /terms-of-service | /collection/fabric/chiffon | /collection/fabric/georgette | /faq | /about | /stories | /admin | /collection/rose-vine-stripe-chiffon-saree | /collection/coral-sunrise-chiffon-georgette-saree,/,no,/: body | /collection: body | /top-viewed: body | /our-story: body | /our-team: body,
rights,89,/ | /collection | /top-viewed | /our-story | /our-team | /faqs | /contact | /how-it-works | /authentication | /policies | /why | /sell-your-saree | /packing | /policies/privacy-policy | /policies/return-refund-policy | /policies/shipping-delivery-policy | /policies/terms-of-service | /policies/authentication-condition-policy | /policies/care-packaging-policy | /policies/cancellation-policy | /policies/sell-with-us-policy | /policies/grievance-redressal | /collection/fabric/silk | /blouses | /guides/what-is-a-pre-loved-saree | /guides/pre-loved-vs-second-hand-saree | /collection/tangerine-noir-floral-border-weave | /collection/sunset-ombr-chiffon-draped-dream | /collection/indigo-plum-tied-silk-saree | /collection/forest-flame-tie-dye-silk | /collection/moonstone-cream-mauve-border-saree | /collection/marigold-moss-cotton | /collection/midnight-garden-georgette-saree | /collection/verdant-bloom-silk-burgundy-gold-border | /collection/pink-katan-triangle-zari-edge | /collection/forest-green-silk-black-gold | /collection/teal-blue-moody-silk-drape | /collection/rose-silk-green-brown-stripe | /collection/mustard-organza-brown-border-drape | /collection/charcoal-gold-organza-heirloom-drape | /collection/beige-organza-peach-bloom | /collection/maroon-chettinad-cotton | /collection/deep-wine-organza | /collection/indigo-dusk-silk-cotton | /collection/reddish-mango-cotton-orange-border | /collection/magenta-cotton | /collection/red-blue-madras-check-cotton | /collection/twilight-orange-cotton-weave | /collection/lime-and-gold-cotton-classic | /collection/midnight-tribe-gold-border-cotton | /collection/autumn-ember-golden-leaf-cotton | /collection/orange-blossom-cotton-weave | /collection/midnight-kesari-cotton-drape | /collection/blush-green-handwoven-cotton-drape | /collection/brown-kapi-cotton-black-line-border | /collection/brown-and-mustard-light-silk | /collection/kesari-sunset-chiffon-saree | /collection/magenta-mist-chiffon-drape | /collection/green-chiffon-with-fancy-border | /collection/rani-pink-georgette-garden-party | /collection/midnight-zari-georgette | /collection/pressed-bloom-sheer-chiffon | /collection/mayil-peacock-kanjivaram-mix | /collection/burnt-orange-temple-border-kanjivaram | /collection/semmanjal-turmeric-gold-kanjeevaram | /collection/thangam-golden-weave-kanjivaram | /collection/violet-bloom-cotton-drape | /collection/moss-green-lightweight-silk-selai | /collection/heritage-zari-border-kanjivaram | /collection/nava-pazham-kanjeevaram-silk | /collection/nila-blue-gold-zari-silk | /collection/colorful-vintage-kanjeevaram | /collection/gulabi-kota-cotton | /collection/kempu-pachai-and-bandhani | /collection/pachai-linen-golden-border-drape | /founders | /privacy-policy | /return-policy | /shipping-policy | /terms-of-service | /collection/fabric/chiffon | /collection/fabric/georgette | /faq | /about | /stories | /admin | /collection/rose-vine-stripe-chiffon-saree | /collection/coral-sunrise-chiffon-georgette-saree,/,yes,/: body | /collection: body | /top-viewed: body | /our-story: body | /our-team: body,
stored,89,/ | /collection | /top-viewed | /our-story | /our-team | /faqs | /contact | /how-it-works | /authentication | /policies | /why | /sell-your-saree | /packing | /policies/privacy-policy | /policies/return-refund-policy | /policies/shipping-delivery-policy | /policies/terms-of-service | /policies/authentication-condition-policy | /policies/care-packaging-policy | /policies/cancellation-policy | /policies/sell-with-us-policy | /policies/grievance-redressal | /collection/fabric/silk | /blouses | /guides/what-is-a-pre-loved-saree | /guides/pre-loved-vs-second-hand-saree | /collection/tangerine-noir-floral-border-weave | /collection/sunset-ombr-chiffon-draped-dream | /collection/indigo-plum-tied-silk-saree | /collection/forest-flame-tie-dye-silk | /collection/moonstone-cream-mauve-border-saree | /collection/marigold-moss-cotton | /collection/midnight-garden-georgette-saree | /collection/verdant-bloom-silk-burgundy-gold-border | /collection/pink-katan-triangle-zari-edge | /collection/forest-green-silk-black-gold | /collection/teal-blue-moody-silk-drape | /collection/rose-silk-green-brown-stripe | /collection/mustard-organza-brown-border-drape | /collection/charcoal-gold-organza-heirloom-drape | /collection/beige-organza-peach-bloom | /collection/maroon-chettinad-cotton | /collection/deep-wine-organza | /collection/indigo-dusk-silk-cotton | /collection/reddish-mango-cotton-orange-border | /collection/magenta-cotton | /collection/red-blue-madras-check-cotton | /collection/twilight-orange-cotton-weave | /collection/lime-and-gold-cotton-classic | /collection/midnight-tribe-gold-border-cotton | /collection/autumn-ember-golden-leaf-cotton | /collection/orange-blossom-cotton-weave | /collection/midnight-kesari-cotton-drape | /collection/blush-green-handwoven-cotton-drape | /collection/brown-kapi-cotton-black-line-border | /collection/brown-and-mustard-light-silk | /collection/kesari-sunset-chiffon-saree | /collection/magenta-mist-chiffon-drape | /collection/green-chiffon-with-fancy-border | /collection/rani-pink-georgette-garden-party | /collection/midnight-zari-georgette | /collection/pressed-bloom-sheer-chiffon | /collection/mayil-peacock-kanjivaram-mix | /collection/burnt-orange-temple-border-kanjivaram | /collection/semmanjal-turmeric-gold-kanjeevaram | /collection/thangam-golden-weave-kanjivaram | /collection/violet-bloom-cotton-drape | /collection/moss-green-lightweight-silk-selai | /collection/heritage-zari-border-kanjivaram | /collection/nava-pazham-kanjeevaram-silk | /collection/nila-blue-gold-zari-silk | /collection/colorful-vintage-kanjeevaram | /collection/gulabi-kota-cotton | /collection/kempu-pachai-and-bandhani | /collection/pachai-linen-golden-border-drape | /founders | /privacy-policy | /return-policy | /shipping-policy | /terms-of-service | /collection/fabric/chiffon | /collection/fabric/georgette | /faq | /about | /stories | /admin | /collection/rose-vine-stripe-chiffon-saree | /collection/coral-sunrise-chiffon-georgette-saree,/,no,/: body | /collection: body | /top-viewed: body | /our-story: body | /our-team: body,
2026,88,/ | /collection | /top-viewed | /our-story | /our-team | /faqs | /contact | /how-it-works | /authentication | /policies | /why | /sell-your-saree | /packing | /policies/privacy-policy | /policies/return-refund-policy | /policies/shipping-delivery-policy | /policies/terms-of-service | /policies/authentication-condition-policy | /policies/care-packaging-policy | /policies/cancellation-policy | /policies/sell-with-us-policy | /policies/grievance-redressal | /collection/fabric/silk | /blouses | /guides/what-is-a-pre-loved-saree | /guides/pre-loved-vs-second-hand-saree | /collection/tangerine-noir-floral-border-weave | /collection/sunset-ombr-chiffon-draped-dream | /collection/indigo-plum-tied-silk-saree | /collection/forest-flame-tie-dye-silk | /collection/moonstone-cream-mauve-border-saree | /collection/marigold-moss-cotton | /collection/midnight-garden-georgette-saree | /collection/verdant-bloom-silk-burgundy-gold-border | /collection/pink-katan-triangle-zari-edge | /collection/forest-green-silk-black-gold | /collection/teal-blue-moody-silk-drape | /collection/rose-silk-green-brown-stripe | /collection/mustard-organza-brown-border-drape | /collection/charcoal-gold-organza-heirloom-drape | /collection/beige-organza-peach-bloom | /collection/maroon-chettinad-cotton | /collection/deep-wine-organza | /collection/indigo-dusk-silk-cotton | /collection/reddish-mango-cotton-orange-border | /collection/magenta-cotton | /collection/red-blue-madras-check-cotton | /collection/twilight-orange-cotton-weave | /collection/lime-and-gold-cotton-classic | /collection/midnight-tribe-gold-border-cotton | /collection/autumn-ember-golden-leaf-cotton | /collection/orange-blossom-cotton-weave | /collection/midnight-kesari-cotton-drape | /collection/blush-green-handwoven-cotton-drape | /collection/brown-kapi-cotton-black-line-border | /collection/brown-and-mustard-light-silk | /collection/kesari-sunset-chiffon-saree | /collection/magenta-mist-chiffon-drape | /collection/green-chiffon-with-fancy-border | /collection/rani-pink-georgette-garden-party | /collection/midnight-zari-georgette | /collection/pressed-bloom-sheer-chiffon | /collection/mayil-peacock-kanjivaram-mix | /collection/burnt-orange-temple-border-kanjivaram | /collection/semmanjal-turmeric-gold-kanjeevaram | /collection/thangam-golden-weave-kanjivaram | /collection/violet-bloom-cotton-drape | /collection/moss-green-lightweight-silk-selai | /collection/heritage-zari-border-kanjivaram | /collection/nava-pazham-kanjeevaram-silk | /collection/nila-blue-gold-zari-silk | /collection/colorful-vintage-kanjeevaram | /collection/gulabi-kota-cotton | /collection/kempu-pachai-and-bandhani | /collection/pachai-linen-golden-border-drape | /founders | /privacy-policy | /return-policy | /shipping-policy | /terms-of-service | /collection/fabric/chiffon | /collection/fabric/georgette | /faq | /about | /stories | /admin | /collection/rose-vine-stripe-chiffon-saree | /collection/coral-sunrise-chiffon-georgette-saree,/,no,/: body | /collection: body | /top-viewed: body | /our-story: body | /our-team: body,
aren,88,/ | /collection | /top-viewed | /our-story | /our-team | /faqs | /contact | /how-it-works | /authentication | /policies | /why | /sell-your-saree | /packing | /policies/privacy-policy | /policies/return-refund-policy | /policies/shipping-delivery-policy | /policies/terms-of-service | /policies/authentication-condition-policy | /policies/care-packaging-policy | /policies/cancellation-policy | /policies/sell-with-us-policy | /policies/grievance-redressal | /collection/fabric/silk | /blouses | /guides/what-is-a-pre-loved-saree | /guides/pre-loved-vs-second-hand-saree | /collection/tangerine-noir-floral-border-weave | /collection/sunset-ombr-chiffon-draped-dream | /collection/indigo-plum-tied-silk-saree | /collection/forest-flame-tie-dye-silk | /collection/moonstone-cream-mauve-border-saree | /collection/marigold-moss-cotton | /collection/midnight-garden-georgette-saree | /collection/verdant-bloom-silk-burgundy-gold-border | /collection/pink-katan-triangle-zari-edge | /collection/forest-green-silk-black-gold | /collection/teal-blue-moody-silk-drape | /collection/rose-silk-green-brown-stripe | /collection/mustard-organza-brown-border-drape | /collection/charcoal-gold-organza-heirloom-drape | /collection/beige-organza-peach-bloom | /collection/maroon-chettinad-cotton | /collection/deep-wine-organza | /collection/indigo-dusk-silk-cotton | /collection/reddish-mango-cotton-orange-border | /collection/magenta-cotton | /collection/red-blue-madras-check-cotton | /collection/twilight-orange-cotton-weave | /collection/lime-and-gold-cotton-classic | /collection/midnight-tribe-gold-border-cotton | /collection/autumn-ember-golden-leaf-cotton | /collection/orange-blossom-cotton-weave | /collection/midnight-kesari-cotton-drape | /collection/blush-green-handwoven-cotton-drape | /collection/brown-kapi-cotton-black-line-border | /collection/brown-and-mustard-light-silk | /collection/kesari-sunset-chiffon-saree | /collection/magenta-mist-chiffon-drape | /collection/green-chiffon-with-fancy-border | /collection/rani-pink-georgette-garden-party | /collection/midnight-zari-georgette | /collection/pressed-bloom-sheer-chiffon | /collection/mayil-peacock-kanjivaram-mix | /collection/burnt-orange-temple-border-kanjivaram | /collection/semmanjal-turmeric-gold-kanjeevaram | /collection/thangam-golden-weave-kanjivaram | /collection/violet-bloom-cotton-drape | /collection/moss-green-lightweight-silk-selai | /collection/heritage-zari-border-kanjivaram | /collection/nava-pazham-kanjeevaram-silk | /collection/nila-blue-gold-zari-silk | /collection/colorful-vintage-kanjeevaram | /collection/gulabi-kota-cotton | /collection/kempu-pachai-and-bandhani | /collection/pachai-linen-golden-border-drape | /founders | /privacy-policy | /return-policy | /shipping-policy | /terms-of-service | /collection/fabric/chiffon | /collection/fabric/georgette | /faq | /about | /stories | /admin | /collection/rose-vine-stripe-chiffon-saree | /collection/coral-sunrise-chiffon-georgette-saree,/,no,/: body | /collection: body | /top-viewed: body | /our-story: body | /our-team: body,
careshippingpackingreturns,88,/ | /collection | /top-viewed | /our-story | /our-team | /faqs | /contact | /how-it-works | /authentication | /policies | /why | /sell-your-saree | /packing | /policies/privacy-policy | /policies/return-refund-policy | /policies/shipping-delivery-policy | /policies/terms-of-service | /policies/authentication-condition-policy | /policies/care-packaging-policy | /policies/cancellation-policy | /policies/sell-with-us-policy | /policies/grievance-redressal | /collection/fabric/silk | /blouses | /guides/what-is-a-pre-loved-saree | /guides/pre-loved-vs-second-hand-saree | /collection/tangerine-noir-floral-border-weave | /collection/sunset-ombr-chiffon-draped-dream | /collection/indigo-plum-tied-silk-saree | /collection/forest-flame-tie-dye-silk | /collection/moonstone-cream-mauve-border-saree | /collection/marigold-moss-cotton | /collection/midnight-garden-georgette-saree | /collection/verdant-bloom-silk-burgundy-gold-border | /collection/pink-katan-triangle-zari-edge | /collection/forest-green-silk-black-gold | /collection/teal-blue-moody-silk-drape | /collection/rose-silk-green-brown-stripe | /collection/mustard-organza-brown-border-drape | /collection/charcoal-gold-organza-heirloom-drape | /collection/beige-organza-peach-bloom | /collection/maroon-chettinad-cotton | /collection/deep-wine-organza | /collection/indigo-dusk-silk-cotton | /collection/reddish-mango-cotton-orange-border | /collection/magenta-cotton | /collection/red-blue-madras-check-cotton | /collection/twilight-orange-cotton-weave | /collection/lime-and-gold-cotton-classic | /collection/midnight-tribe-gold-border-cotton | /collection/autumn-ember-golden-leaf-cotton | /collection/orange-blossom-cotton-weave | /collection/midnight-kesari-cotton-drape | /collection/blush-green-handwoven-cotton-drape | /collection/brown-kapi-cotton-black-line-border | /collection/brown-and-mustard-light-silk | /collection/kesari-sunset-chiffon-saree | /collection/magenta-mist-chiffon-drape | /collection/green-chiffon-with-fancy-border | /collection/rani-pink-georgette-garden-party | /collection/midnight-zari-georgette | /collection/pressed-bloom-sheer-chiffon | /collection/mayil-peacock-kanjivaram-mix | /collection/burnt-orange-temple-border-kanjivaram | /collection/semmanjal-turmeric-gold-kanjeevaram | /collection/thangam-golden-weave-kanjivaram | /collection/violet-bloom-cotton-drape | /collection/moss-green-lightweight-silk-selai | /collection/heritage-zari-border-kanjivaram | /collection/nava-pazham-kanjeevaram-silk | /collection/nila-blue-gold-zari-silk | /collection/colorful-vintage-kanjeevaram | /collection/gulabi-kota-cotton | /collection/kempu-pachai-and-bandhani | /collection/pachai-linen-golden-border-drape | /founders | /privacy-policy | /return-policy | /shipping-policy | /terms-of-service | /collection/fabric/chiffon | /collection/fabric/georgette | /faq | /about | /stories | /admin | /collection/rose-vine-stripe-chiffon-saree | /collection/coral-sunrise-chiffon-georgette-saree,/,no,/: body | /collection: body | /top-viewed: body | /our-story: body | /our-team: body,
contentfirst,88,/ | /collection | /top-viewed | /our-story | /our-team | /faqs | /contact | /how-it-works | /authentication | /policies | /why | /sell-your-saree | /packing | /policies/privacy-policy | /policies/return-refund-policy | /policies/shipping-delivery-policy | /policies/terms-of-service | /policies/authentication-condition-policy | /policies/care-packaging-policy | /policies/cancellation-policy | /policies/sell-with-us-policy | /policies/grievance-redressal | /collection/fabric/silk | /blouses | /guides/what-is-a-pre-loved-saree | /guides/pre-loved-vs-second-hand-saree | /collection/tangerine-noir-floral-border-weave | /collection/sunset-ombr-chiffon-draped-dream | /collection/indigo-plum-tied-silk-saree | /collection/forest-flame-tie-dye-silk | /collection/moonstone-cream-mauve-border-saree | /collection/marigold-moss-cotton | /collection/midnight-garden-georgette-saree | /collection/verdant-bloom-silk-burgundy-gold-border | /collection/pink-katan-triangle-zari-edge | /collection/forest-green-silk-black-gold | /collection/teal-blue-moody-silk-drape | /collection/rose-silk-green-brown-stripe | /collection/mustard-organza-brown-border-drape | /collection/charcoal-gold-organza-heirloom-drape | /collection/beige-organza-peach-bloom | /collection/maroon-chettinad-cotton | /collection/deep-wine-organza | /collection/indigo-dusk-silk-cotton | /collection/reddish-mango-cotton-orange-border | /collection/magenta-cotton | /collection/red-blue-madras-check-cotton | /collection/twilight-orange-cotton-weave | /collection/lime-and-gold-cotton-classic | /collection/midnight-tribe-gold-border-cotton | /collection/autumn-ember-golden-leaf-cotton | /collection/orange-blossom-cotton-weave | /collection/midnight-kesari-cotton-drape | /collection/blush-green-handwoven-cotton-drape | /collection/brown-kapi-cotton-black-line-border | /collection/brown-and-mustard-light-silk | /collection/kesari-sunset-chiffon-saree | /collection/magenta-mist-chiffon-drape | /collection/green-chiffon-with-fancy-border | /collection/rani-pink-georgette-garden-party | /collection/midnight-zari-georgette | /collection/pressed-bloom-sheer-chiffon | /collection/mayil-peacock-kanjivaram-mix | /collection/burnt-orange-temple-border-kanjivaram | /collection/semmanjal-turmeric-gold-kanjeevaram | /collection/thangam-golden-weave-kanjivaram | /collection/violet-bloom-cotton-drape | /collection/moss-green-lightweight-silk-selai | /collection/heritage-zari-border-kanjivaram | /collection/nava-pazham-kanjeevaram-silk | /collection/nila-blue-gold-zari-silk | /collection/colorful-vintage-kanjeevaram | /collection/gulabi-kota-cotton | /collection/kempu-pachai-and-bandhani | /collection/pachai-linen-golden-border-drape | /founders | /privacy-policy | /return-policy | /shipping-policy | /terms-of-service | /collection/fabric/chiffon | /collection/fabric/georgette | /faq | /about | /stories | /admin | /collection/rose-vine-stripe-chiffon-saree | /collection/coral-sunrise-chiffon-georgette-saree,/,no,/: body | /collection: body | /top-viewed: body | /our-story: body | /our-team: body,
cookiesallow,88,/ | /collection | /top-viewed | /our-story | /our-team | /faqs | /contact | /how-it-works | /authentication | /policies | /why | /sell-your-saree | /packing | /policies/privacy-policy | /policies/return-refund-policy | /policies/shipping-delivery-policy | /policies/terms-of-service | /policies/authentication-condition-policy | /policies/care-packaging-policy | /policies/cancellation-policy | /policies/sell-with-us-policy | /policies/grievance-redressal | /collection/fabric/silk | /blouses | /guides/what-is-a-pre-loved-saree | /guides/pre-loved-vs-second-hand-saree | /collection/tangerine-noir-floral-border-weave | /collection/sunset-ombr-chiffon-draped-dream | /collection/indigo-plum-tied-silk-saree | /collection/forest-flame-tie-dye-silk | /collection/moonstone-cream-mauve-border-saree | /collection/marigold-moss-cotton | /collection/midnight-garden-georgette-saree | /collection/verdant-bloom-silk-burgundy-gold-border | /collection/pink-katan-triangle-zari-edge | /collection/forest-green-silk-black-gold | /collection/teal-blue-moody-silk-drape | /collection/rose-silk-green-brown-stripe | /collection/mustard-organza-brown-border-drape | /collection/charcoal-gold-organza-heirloom-drape | /collection/beige-organza-peach-bloom | /collection/maroon-chettinad-cotton | /collection/deep-wine-organza | /collection/indigo-dusk-silk-cotton | /collection/reddish-mango-cotton-orange-border | /collection/magenta-cotton | /collection/red-blue-madras-check-cotton | /collection/twilight-orange-cotton-weave | /collection/lime-and-gold-cotton-classic | /collection/midnight-tribe-gold-border-cotton | /collection/autumn-ember-golden-leaf-cotton | /collection/orange-blossom-cotton-weave | /collection/midnight-kesari-cotton-drape | /collection/blush-green-handwoven-cotton-drape | /collection/brown-kapi-cotton-black-line-border | /collection/brown-and-mustard-light-silk | /collection/kesari-sunset-chiffon-saree | /collection/magenta-mist-chiffon-drape | /collection/green-chiffon-with-fancy-border | /collection/rani-pink-georgette-garden-party | /collection/midnight-zari-georgette | /collection/pressed-bloom-sheer-chiffon | /collection/mayil-peacock-kanjivaram-mix | /collection/burnt-orange-temple-border-kanjivaram | /collection/semmanjal-turmeric-gold-kanjeevaram | /collection/thangam-golden-weave-kanjivaram | /collection/violet-bloom-cotton-drape | /collection/moss-green-lightweight-silk-selai | /collection/heritage-zari-border-kanjivaram | /collection/nava-pazham-kanjeevaram-silk | /collection/nila-blue-gold-zari-silk | /collection/colorful-vintage-kanjeevaram | /collection/gulabi-kota-cotton | /collection/kempu-pachai-and-bandhani | /collection/pachai-linen-golden-border-drape | /founders | /privacy-policy | /return-policy | /shipping-policy | /terms-of-service | /collection/fabric/chiffon | /collection/fabric/georgette | /faq | /about | /stories | /admin | /collection/rose-vine-stripe-chiffon-saree | /collection/coral-sunrise-chiffon-georgette-saree,/,no,/: body | /collection: body | /top-viewed: body | /our-story: body | /our-team: body,
explorethe,88,/ | /collection | /top-viewed | /our-story | /our-team | /faqs | /contact | /how-it-works | /authentication | /policies | /why | /sell-your-saree | /packing | /policies/privacy-policy | /policies/return-refund-policy | /policies/shipping-delivery-policy | /policies/terms-of-service | /policies/authentication-condition-policy | /policies/care-packaging-policy | /policies/cancellation-policy | /policies/sell-with-us-policy | /policies/grievance-redressal | /collection/fabric/silk | /blouses | /guides/what-is-a-pre-loved-saree | /guides/pre-loved-vs-second-hand-saree | /collection/tangerine-noir-floral-border-weave | /collection/sunset-ombr-chiffon-draped-dream | /collection/indigo-plum-tied-silk-saree | /collection/forest-flame-tie-dye-silk | /collection/moonstone-cream-mauve-border-saree | /collection/marigold-moss-cotton | /collection/midnight-garden-georgette-saree | /collection/verdant-bloom-silk-burgundy-gold-border | /collection/pink-katan-triangle-zari-edge | /collection/forest-green-silk-black-gold | /collection/teal-blue-moody-silk-drape | /collection/rose-silk-green-brown-stripe | /collection/mustard-organza-brown-border-drape | /collection/charcoal-gold-organza-heirloom-drape | /collection/beige-organza-peach-bloom | /collection/maroon-chettinad-cotton | /collection/deep-wine-organza | /collection/indigo-dusk-silk-cotton | /collection/reddish-mango-cotton-orange-border | /collection/magenta-cotton | /collection/red-blue-madras-check-cotton | /collection/twilight-orange-cotton-weave | /collection/lime-and-gold-cotton-classic | /collection/midnight-tribe-gold-border-cotton | /collection/autumn-ember-golden-leaf-cotton | /collection/orange-blossom-cotton-weave | /collection/midnight-kesari-cotton-drape | /collection/blush-green-handwoven-cotton-drape | /collection/brown-kapi-cotton-black-line-border | /collection/brown-and-mustard-light-silk | /collection/kesari-sunset-chiffon-saree | /collection/magenta-mist-chiffon-drape | /collection/green-chiffon-with-fancy-border | /collection/rani-pink-georgette-garden-party | /collection/midnight-zari-georgette | /collection/pressed-bloom-sheer-chiffon | /collection/mayil-peacock-kanjivaram-mix | /collection/burnt-orange-temple-border-kanjivaram | /collection/semmanjal-turmeric-gold-kanjeevaram | /collection/thangam-golden-weave-kanjivaram | /collection/violet-bloom-cotton-drape | /collection/moss-green-lightweight-silk-selai | /collection/heritage-zari-border-kanjivaram | /collection/nava-pazham-kanjeevaram-silk | /collection/nila-blue-gold-zari-silk | /collection/colorful-vintage-kanjeevaram | /collection/gulabi-kota-cotton | /collection/kempu-pachai-and-bandhani | /collection/pachai-linen-golden-border-drape | /founders | /privacy-policy | /return-policy | /shipping-policy | /terms-of-service | /collection/fabric/chiffon | /collection/fabric/georgette | /faq | /about | /stories | /admin | /collection/rose-vine-stripe-chiffon-saree | /collection/coral-sunrise-chiffon-georgette-saree,/,no,/: body | /collection: body | /top-viewed: body | /our-story: body | /our-team: body,
indiawe,88,/ | /collection | /top-viewed | /our-story | /our-team | /faqs | /contact | /how-it-works | /authentication | /policies | /why | /sell-your-saree | /packing | /policies/privacy-policy | /policies/return-refund-policy | /policies/shipping-delivery-policy | /policies/terms-of-service | /policies/authentication-condition-policy | /policies/care-packaging-policy | /policies/cancellation-policy | /policies/sell-with-us-policy | /policies/grievance-redressal | /collection/fabric/silk | /blouses | /guides/what-is-a-pre-loved-saree | /guides/pre-loved-vs-second-hand-saree | /collection/tangerine-noir-floral-border-weave | /collection/sunset-ombr-chiffon-draped-dream | /collection/indigo-plum-tied-silk-saree | /collection/forest-flame-tie-dye-silk | /collection/moonstone-cream-mauve-border-saree | /collection/marigold-moss-cotton | /collection/midnight-garden-georgette-saree | /collection/verdant-bloom-silk-burgundy-gold-border | /collection/pink-katan-triangle-zari-edge | /collection/forest-green-silk-black-gold | /collection/teal-blue-moody-silk-drape | /collection/rose-silk-green-brown-stripe | /collection/mustard-organza-brown-border-drape | /collection/charcoal-gold-organza-heirloom-drape | /collection/beige-organza-peach-bloom | /collection/maroon-chettinad-cotton | /collection/deep-wine-organza | /collection/indigo-dusk-silk-cotton | /collection/reddish-mango-cotton-orange-border | /collection/magenta-cotton | /collection/red-blue-madras-check-cotton | /collection/twilight-orange-cotton-weave | /collection/lime-and-gold-cotton-classic | /collection/midnight-tribe-gold-border-cotton | /collection/autumn-ember-golden-leaf-cotton | /collection/orange-blossom-cotton-weave | /collection/midnight-kesari-cotton-drape | /collection/blush-green-handwoven-cotton-drape | /collection/brown-kapi-cotton-black-line-border | /collection/brown-and-mustard-light-silk | /collection/kesari-sunset-chiffon-saree | /collection/magenta-mist-chiffon-drape | /collection/green-chiffon-with-fancy-border | /collection/rani-pink-georgette-garden-party | /collection/midnight-zari-georgette | /collection/pressed-bloom-sheer-chiffon | /collection/mayil-peacock-kanjivaram-mix | /collection/burnt-orange-temple-border-kanjivaram | /collection/semmanjal-turmeric-gold-kanjeevaram | /collection/thangam-golden-weave-kanjivaram | /collection/violet-bloom-cotton-drape | /collection/moss-green-lightweight-silk-selai | /collection/heritage-zari-border-kanjivaram | /collection/nava-pazham-kanjeevaram-silk | /collection/nila-blue-gold-zari-silk | /collection/colorful-vintage-kanjeevaram | /collection/gulabi-kota-cotton | /collection/kempu-pachai-and-bandhani | /collection/pachai-linen-golden-border-drape | /founders | /privacy-policy | /return-policy | /shipping-policy | /terms-of-service | /collection/fabric/chiffon | /collection/fabric/georgette | /faq | /about | /stories | /admin | /collection/rose-vine-stripe-chiffon-saree | /collection/coral-sunrise-chiffon-georgette-saree,/,no,/: body | /collection: body | /top-viewed: body | /our-story: body | /our-team: body,
loads,88,/ | /collection | /top-viewed | /our-story | /our-team | /faqs | /contact | /how-it-works | /authentication | /policies | /why | /sell-your-saree | /packing | /policies/privacy-policy | /policies/return-refund-policy | /policies/shipping-delivery-policy | /policies/terms-of-service | /policies/authentication-condition-policy | /policies/care-packaging-policy | /policies/cancellation-policy | /policies/sell-with-us-policy | /policies/grievance-redressal | /collection/fabric/silk | /blouses | /guides/what-is-a-pre-loved-saree | /guides/pre-loved-vs-second-hand-saree | /collection/tangerine-noir-floral-border-weave | /collection/sunset-ombr-chiffon-draped-dream | /collection/indigo-plum-tied-silk-saree | /collection/forest-flame-tie-dye-silk | /collection/moonstone-cream-mauve-border-saree | /collection/marigold-moss-cotton | /collection/midnight-garden-georgette-saree | /collection/verdant-bloom-silk-burgundy-gold-border | /collection/pink-katan-triangle-zari-edge | /collection/forest-green-silk-black-gold | /collection/teal-blue-moody-silk-drape | /collection/rose-silk-green-brown-stripe | /collection/mustard-organza-brown-border-drape | /collection/charcoal-gold-organza-heirloom-drape | /collection/beige-organza-peach-bloom | /collection/maroon-chettinad-cotton | /collection/deep-wine-organza | /collection/indigo-dusk-silk-cotton | /collection/reddish-mango-cotton-orange-border | /collection/magenta-cotton | /collection/red-blue-madras-check-cotton | /collection/twilight-orange-cotton-weave | /collection/lime-and-gold-cotton-classic | /collection/midnight-tribe-gold-border-cotton | /collection/autumn-ember-golden-leaf-cotton | /collection/orange-blossom-cotton-weave | /collection/midnight-kesari-cotton-drape | /collection/blush-green-handwoven-cotton-drape | /collection/brown-kapi-cotton-black-line-border | /collection/brown-and-mustard-light-silk | /collection/kesari-sunset-chiffon-saree | /collection/magenta-mist-chiffon-drape | /collection/green-chiffon-with-fancy-border | /collection/rani-pink-georgette-garden-party | /collection/midnight-zari-georgette | /collection/pressed-bloom-sheer-chiffon | /collection/mayil-peacock-kanjivaram-mix | /collection/burnt-orange-temple-border-kanjivaram | /collection/semmanjal-turmeric-gold-kanjeevaram | /collection/thangam-golden-weave-kanjivaram | /collection/violet-bloom-cotton-drape | /collection/moss-green-lightweight-silk-selai | /collection/heritage-zari-border-kanjivaram | /collection/nava-pazham-kanjeevaram-silk | /collection/nila-blue-gold-zari-silk | /collection/colorful-vintage-kanjeevaram | /collection/gulabi-kota-cotton | /collection/kempu-pachai-and-bandhani | /collection/pachai-linen-golden-border-drape | /founders | /privacy-policy | /return-policy | /shipping-policy | /terms-of-service | /collection/fabric/chiffon | /collection/fabric/georgette | /faq | /about | /stories | /admin | /collection/rose-vine-stripe-chiffon-saree | /collection/coral-sunrise-chiffon-georgette-saree,/,no,/: body | /collection: body | /top-viewed: body | /our-story: body | /our-team: body,
loopnew,88,/ | /collection | /top-viewed | /our-story | /our-team | /faqs | /contact | /how-it-works | /authentication | /policies | /why | /sell-your-saree | /packing | /policies/privacy-policy | /policies/return-refund-policy | /policies/shipping-delivery-policy | /policies/terms-of-service | /policies/authentication-condition-policy | /policies/care-packaging-policy | /policies/cancellation-policy | /policies/sell-with-us-policy | /policies/grievance-redressal | /collection/fabric/silk | /blouses | /guides/what-is-a-pre-loved-saree | /guides/pre-loved-vs-second-hand-saree | /collection/tangerine-noir-floral-border-weave | /collection/sunset-ombr-chiffon-draped-dream | /collection/indigo-plum-tied-silk-saree | /collection/forest-flame-tie-dye-silk | /collection/moonstone-cream-mauve-border-saree | /collection/marigold-moss-cotton | /collection/midnight-garden-georgette-saree | /collection/verdant-bloom-silk-burgundy-gold-border | /collection/pink-katan-triangle-zari-edge | /collection/forest-green-silk-black-gold | /collection/teal-blue-moody-silk-drape | /collection/rose-silk-green-brown-stripe | /collection/mustard-organza-brown-border-drape | /collection/charcoal-gold-organza-heirloom-drape | /collection/beige-organza-peach-bloom | /collection/maroon-chettinad-cotton | /collection/deep-wine-organza | /collection/indigo-dusk-silk-cotton | /collection/reddish-mango-cotton-orange-border | /collection/magenta-cotton | /collection/red-blue-madras-check-cotton | /collection/twilight-orange-cotton-weave | /collection/lime-and-gold-cotton-classic | /collection/midnight-tribe-gold-border-cotton | /collection/autumn-ember-golden-leaf-cotton | /collection/orange-blossom-cotton-weave | /collection/midnight-kesari-cotton-drape | /collection/blush-green-handwoven-cotton-drape | /collection/brown-kapi-cotton-black-line-border | /collection/brown-and-mustard-light-silk | /collection/kesari-sunset-chiffon-saree | /collection/magenta-mist-chiffon-drape | /collection/green-chiffon-with-fancy-border | /collection/rani-pink-georgette-garden-party | /collection/midnight-zari-georgette | /collection/pressed-bloom-sheer-chiffon | /collection/mayil-peacock-kanjivaram-mix | /collection/burnt-orange-temple-border-kanjivaram | /collection/semmanjal-turmeric-gold-kanjeevaram | /collection/thangam-golden-weave-kanjivaram | /collection/violet-bloom-cotton-drape | /collection/moss-green-lightweight-silk-selai | /collection/heritage-zari-border-kanjivaram | /collection/nava-pazham-kanjeevaram-silk | /collection/nila-blue-gold-zari-silk | /collection/colorful-vintage-kanjeevaram | /collection/gulabi-kota-cotton | /collection/kempu-pachai-and-bandhani | /collection/pachai-linen-golden-border-drape | /founders | /privacy-policy | /return-policy | /shipping-policy | /terms-of-service | /collection/fabric/chiffon | /collection/fabric/georgette | /faq | /about | /stories | /admin | /collection/rose-vine-stripe-chiffon-saree | /collection/coral-sunrise-chiffon-georgette-saree,/,no,/: body | /collection: body | /top-viewed: body | /our-story: body | /our-team: body,
main,88,/ | /collection | /top-viewed | /our-story | /our-team | /faqs | /contact | /how-it-works | /authentication | /policies | /why | /sell-your-saree | /packing | /policies/privacy-policy | /policies/return-refund-policy | /policies/shipping-delivery-policy | /policies/terms-of-service | /policies/authentication-condition-policy | /policies/care-packaging-policy | /policies/cancellation-policy | /policies/sell-with-us-policy | /policies/grievance-redressal | /collection/fabric/silk | /blouses | /guides/what-is-a-pre-loved-saree | /guides/pre-loved-vs-second-hand-saree | /collection/tangerine-noir-floral-border-weave | /collection/sunset-ombr-chiffon-draped-dream | /collection/indigo-plum-tied-silk-saree | /collection/forest-flame-tie-dye-silk | /collection/moonstone-cream-mauve-border-saree | /collection/marigold-moss-cotton | /collection/midnight-garden-georgette-saree | /collection/verdant-bloom-silk-burgundy-gold-border | /collection/pink-katan-triangle-zari-edge | /collection/forest-green-silk-black-gold | /collection/teal-blue-moody-silk-drape | /collection/rose-silk-green-brown-stripe | /collection/mustard-organza-brown-border-drape | /collection/charcoal-gold-organza-heirloom-drape | /collection/beige-organza-peach-bloom | /collection/maroon-chettinad-cotton | /collection/deep-wine-organza | /collection/indigo-dusk-silk-cotton | /collection/reddish-mango-cotton-orange-border | /collection/magenta-cotton | /collection/red-blue-madras-check-cotton | /collection/twilight-orange-cotton-weave | /collection/lime-and-gold-cotton-classic | /collection/midnight-tribe-gold-border-cotton | /collection/autumn-ember-golden-leaf-cotton | /collection/orange-blossom-cotton-weave | /collection/midnight-kesari-cotton-drape | /collection/blush-green-handwoven-cotton-drape | /collection/brown-kapi-cotton-black-line-border | /collection/brown-and-mustard-light-silk | /collection/kesari-sunset-chiffon-saree | /collection/magenta-mist-chiffon-drape | /collection/green-chiffon-with-fancy-border | /collection/rani-pink-georgette-garden-party | /collection/midnight-zari-georgette | /collection/pressed-bloom-sheer-chiffon | /collection/mayil-peacock-kanjivaram-mix | /collection/burnt-orange-temple-border-kanjivaram | /collection/semmanjal-turmeric-gold-kanjeevaram | /collection/thangam-golden-weave-kanjivaram | /collection/violet-bloom-cotton-drape | /collection/moss-green-lightweight-silk-selai | /collection/heritage-zari-border-kanjivaram | /collection/nava-pazham-kanjeevaram-silk | /collection/nila-blue-gold-zari-silk | /collection/colorful-vintage-kanjeevaram | /collection/gulabi-kota-cotton | /collection/kempu-pachai-and-bandhani | /collection/pachai-linen-golden-border-drape | /founders | /privacy-policy | /return-policy | /shipping-policy | /terms-of-service | /collection/fabric/chiffon | /collection/fabric/georgette | /faq | /about | /stories | /admin | /collection/rose-vine-stripe-chiffon-saree | /collection/coral-sunrise-chiffon-georgette-saree,/,no,/: body | /collection: body | /top-viewed: body | /our-story: body | /our-team: body,
re,88,/ | /collection | /top-viewed | /our-story | /our-team | /faqs | /contact | /how-it-works | /authentication | /policies | /why | /sell-your-saree | /packing | /policies/privacy-policy | /policies/return-refund-policy | /policies/shipping-delivery-policy | /policies/terms-of-service | /policies/authentication-condition-policy | /policies/care-packaging-policy | /policies/cancellation-policy | /policies/sell-with-us-policy | /policies/grievance-redressal | /collection/fabric/silk | /blouses | /guides/what-is-a-pre-loved-saree | /guides/pre-loved-vs-second-hand-saree | /collection/tangerine-noir-floral-border-weave | /collection/sunset-ombr-chiffon-draped-dream | /collection/indigo-plum-tied-silk-saree | /collection/forest-flame-tie-dye-silk | /collection/moonstone-cream-mauve-border-saree | /collection/marigold-moss-cotton | /collection/midnight-garden-georgette-saree | /collection/verdant-bloom-silk-burgundy-gold-border | /collection/pink-katan-triangle-zari-edge | /collection/forest-green-silk-black-gold | /collection/teal-blue-moody-silk-drape | /collection/rose-silk-green-brown-stripe | /collection/mustard-organza-brown-border-drape | /collection/charcoal-gold-organza-heirloom-drape | /collection/beige-organza-peach-bloom | /collection/maroon-chettinad-cotton | /collection/deep-wine-organza | /collection/indigo-dusk-silk-cotton | /collection/reddish-mango-cotton-orange-border | /collection/magenta-cotton | /collection/red-blue-madras-check-cotton | /collection/twilight-orange-cotton-weave | /collection/lime-and-gold-cotton-classic | /collection/midnight-tribe-gold-border-cotton | /collection/autumn-ember-golden-leaf-cotton | /collection/orange-blossom-cotton-weave | /collection/midnight-kesari-cotton-drape | /collection/blush-green-handwoven-cotton-drape | /collection/brown-kapi-cotton-black-line-border | /collection/brown-and-mustard-light-silk | /collection/kesari-sunset-chiffon-saree | /collection/magenta-mist-chiffon-drape | /collection/green-chiffon-with-fancy-border | /collection/rani-pink-georgette-garden-party | /collection/midnight-zari-georgette | /collection/pressed-bloom-sheer-chiffon | /collection/mayil-peacock-kanjivaram-mix | /collection/burnt-orange-temple-border-kanjivaram | /collection/semmanjal-turmeric-gold-kanjeevaram | /collection/thangam-golden-weave-kanjivaram | /collection/violet-bloom-cotton-drape | /collection/moss-green-lightweight-silk-selai | /collection/heritage-zari-border-kanjivaram | /collection/nava-pazham-kanjeevaram-silk | /collection/nila-blue-gold-zari-silk | /collection/colorful-vintage-kanjeevaram | /collection/gulabi-kota-cotton | /collection/kempu-pachai-and-bandhani | /collection/pachai-linen-golden-border-drape | /founders | /privacy-policy | /return-policy | /shipping-policy | /terms-of-service | /collection/fabric/chiffon | /collection/fabric/georgette | /faq | /about | /stories | /admin | /collection/rose-vine-stripe-chiffon-saree | /collection/coral-sunrise-chiffon-georgette-saree,/,no,/: body | /collection: body | /top-viewed: body | /our-story: body | /our-team: body,
serviceexplore,88,/ | /collection | /top-viewed | /our-story | /our-team | /faqs | /contact | /how-it-works | /authentication | /policies | /why | /sell-your-saree | /packing | /policies/privacy-policy | /policies/return-refund-policy | /policies/shipping-delivery-policy | /policies/terms-of-service | /policies/authentication-condition-policy | /policies/care-packaging-policy | /policies/cancellation-policy | /policies/sell-with-us-policy | /policies/grievance-redressal | /collection/fabric/silk | /blouses | /guides/what-is-a-pre-loved-saree | /guides/pre-loved-vs-second-hand-saree | /collection/tangerine-noir-floral-border-weave | /collection/sunset-ombr-chiffon-draped-dream | /collection/indigo-plum-tied-silk-saree | /collection/forest-flame-tie-dye-silk | /collection/moonstone-cream-mauve-border-saree | /collection/marigold-moss-cotton | /collection/midnight-garden-georgette-saree | /collection/verdant-bloom-silk-burgundy-gold-border | /collection/pink-katan-triangle-zari-edge | /collection/forest-green-silk-black-gold | /collection/teal-blue-moody-silk-drape | /collection/rose-silk-green-brown-stripe | /collection/mustard-organza-brown-border-drape | /collection/charcoal-gold-organza-heirloom-drape | /collection/beige-organza-peach-bloom | /collection/maroon-chettinad-cotton | /collection/deep-wine-organza | /collection/indigo-dusk-silk-cotton | /collection/reddish-mango-cotton-orange-border | /collection/magenta-cotton | /collection/red-blue-madras-check-cotton | /collection/twilight-orange-cotton-weave | /collection/lime-and-gold-cotton-classic | /collection/midnight-tribe-gold-border-cotton | /collection/autumn-ember-golden-leaf-cotton | /collection/orange-blossom-cotton-weave | /collection/midnight-kesari-cotton-drape | /collection/blush-green-handwoven-cotton-drape | /collection/brown-kapi-cotton-black-line-border | /collection/brown-and-mustard-light-silk | /collection/kesari-sunset-chiffon-saree | /collection/magenta-mist-chiffon-drape | /collection/green-chiffon-with-fancy-border | /collection/rani-pink-georgette-garden-party | /collection/midnight-zari-georgette | /collection/pressed-bloom-sheer-chiffon | /collection/mayil-peacock-kanjivaram-mix | /collection/burnt-orange-temple-border-kanjivaram | /collection/semmanjal-turmeric-gold-kanjeevaram | /collection/thangam-golden-weave-kanjivaram | /collection/violet-bloom-cotton-drape | /collection/moss-green-lightweight-silk-selai | /collection/heritage-zari-border-kanjivaram | /collection/nava-pazham-kanjeevaram-silk | /collection/nila-blue-gold-zari-silk | /collection/colorful-vintage-kanjeevaram | /collection/gulabi-kota-cotton | /collection/kempu-pachai-and-bandhani | /collection/pachai-linen-golden-border-drape | /founders | /privacy-policy | /return-policy | /shipping-policy | /terms-of-service | /collection/fabric/chiffon | /collection/fabric/georgette | /faq | /about | /stories | /admin | /collection/rose-vine-stripe-chiffon-saree | /collection/coral-sunrise-chiffon-georgette-saree,/,no,/: body | /collection: body | /top-viewed: body | /our-story: body | /our-team: body,
servicestay,88,/ | /collection | /top-viewed | /our-story | /our-team | /faqs | /contact | /how-it-works | /authentication | /policies | /why | /sell-your-saree | /packing | /policies/privacy-policy | /policies/return-refund-policy | /policies/shipping-delivery-policy | /policies/terms-of-service | /policies/authentication-condition-policy | /policies/care-packaging-policy | /policies/cancellation-policy | /policies/sell-with-us-policy | /policies/grievance-redressal | /collection/fabric/silk | /blouses | /guides/what-is-a-pre-loved-saree | /guides/pre-loved-vs-second-hand-saree | /collection/tangerine-noir-floral-border-weave | /collection/sunset-ombr-chiffon-draped-dream | /collection/indigo-plum-tied-silk-saree | /collection/forest-flame-tie-dye-silk | /collection/moonstone-cream-mauve-border-saree | /collection/marigold-moss-cotton | /collection/midnight-garden-georgette-saree | /collection/verdant-bloom-silk-burgundy-gold-border | /collection/pink-katan-triangle-zari-edge | /collection/forest-green-silk-black-gold | /collection/teal-blue-moody-silk-drape | /collection/rose-silk-green-brown-stripe | /collection/mustard-organza-brown-border-drape | /collection/charcoal-gold-organza-heirloom-drape | /collection/beige-organza-peach-bloom | /collection/maroon-chettinad-cotton | /collection/deep-wine-organza | /collection/indigo-dusk-silk-cotton | /collection/reddish-mango-cotton-orange-border | /collection/magenta-cotton | /collection/red-blue-madras-check-cotton | /collection/twilight-orange-cotton-weave | /collection/lime-and-gold-cotton-classic | /collection/midnight-tribe-gold-border-cotton | /collection/autumn-ember-golden-leaf-cotton | /collection/orange-blossom-cotton-weave | /collection/midnight-kesari-cotton-drape | /collection/blush-green-handwoven-cotton-drape | /collection/brown-kapi-cotton-black-line-border | /collection/brown-and-mustard-light-silk | /collection/kesari-sunset-chiffon-saree | /collection/magenta-mist-chiffon-drape | /collection/green-chiffon-with-fancy-border | /collection/rani-pink-georgette-garden-party | /collection/midnight-zari-georgette | /collection/pressed-bloom-sheer-chiffon | /collection/mayil-peacock-kanjivaram-mix | /collection/burnt-orange-temple-border-kanjivaram | /collection/semmanjal-turmeric-gold-kanjeevaram | /collection/thangam-golden-weave-kanjivaram | /collection/violet-bloom-cotton-drape | /collection/moss-green-lightweight-silk-selai | /collection/heritage-zari-border-kanjivaram | /collection/nava-pazham-kanjeevaram-silk | /collection/nila-blue-gold-zari-silk | /collection/colorful-vintage-kanjeevaram | /collection/gulabi-kota-cotton | /collection/kempu-pachai-and-bandhani | /collection/pachai-linen-golden-border-drape | /founders | /privacy-policy | /return-policy | /shipping-policy | /terms-of-service | /collection/fabric/chiffon | /collection/fabric/georgette | /faq | /about | /stories | /admin | /collection/rose-vine-stripe-chiffon-saree | /collection/coral-sunrise-chiffon-georgette-saree,/,no,/: body | /collection: body | /top-viewed: body | /our-story: body | /our-team: body,
settingssome,88,/ | /collection | /top-viewed | /our-story | /our-team | /faqs | /contact | /how-it-works | /authentication | /policies | /why | /sell-your-saree | /packing | /policies/privacy-policy | /policies/return-refund-policy | /policies/shipping-delivery-policy | /policies/terms-of-service | /policies/authentication-condition-policy | /policies/care-packaging-policy | /policies/cancellation-policy | /policies/sell-with-us-policy | /policies/grievance-redressal | /collection/fabric/silk | /blouses | /guides/what-is-a-pre-loved-saree | /guides/pre-loved-vs-second-hand-saree | /collection/tangerine-noir-floral-border-weave | /collection/sunset-ombr-chiffon-draped-dream | /collection/indigo-plum-tied-silk-saree | /collection/forest-flame-tie-dye-silk | /collection/moonstone-cream-mauve-border-saree | /collection/marigold-moss-cotton | /collection/midnight-garden-georgette-saree | /collection/verdant-bloom-silk-burgundy-gold-border | /collection/pink-katan-triangle-zari-edge | /collection/forest-green-silk-black-gold | /collection/teal-blue-moody-silk-drape | /collection/rose-silk-green-brown-stripe | /collection/mustard-organza-brown-border-drape | /collection/charcoal-gold-organza-heirloom-drape | /collection/beige-organza-peach-bloom | /collection/maroon-chettinad-cotton | /collection/deep-wine-organza | /collection/indigo-dusk-silk-cotton | /collection/reddish-mango-cotton-orange-border | /collection/magenta-cotton | /collection/red-blue-madras-check-cotton | /collection/twilight-orange-cotton-weave | /collection/lime-and-gold-cotton-classic | /collection/midnight-tribe-gold-border-cotton | /collection/autumn-ember-golden-leaf-cotton | /collection/orange-blossom-cotton-weave | /collection/midnight-kesari-cotton-drape | /collection/blush-green-handwoven-cotton-drape | /collection/brown-kapi-cotton-black-line-border | /collection/brown-and-mustard-light-silk | /collection/kesari-sunset-chiffon-saree | /collection/magenta-mist-chiffon-drape | /collection/green-chiffon-with-fancy-border | /collection/rani-pink-georgette-garden-party | /collection/midnight-zari-georgette | /collection/pressed-bloom-sheer-chiffon | /collection/mayil-peacock-kanjivaram-mix | /collection/burnt-orange-temple-border-kanjivaram | /collection/semmanjal-turmeric-gold-kanjeevaram | /collection/thangam-golden-weave-kanjivaram | /collection/violet-bloom-cotton-drape | /collection/moss-green-lightweight-silk-selai | /collection/heritage-zari-border-kanjivaram | /collection/nava-pazham-kanjeevaram-silk | /collection/nila-blue-gold-zari-silk | /collection/colorful-vintage-kanjeevaram | /collection/gulabi-kota-cotton | /collection/kempu-pachai-and-bandhani | /collection/pachai-linen-golden-border-drape | /founders | /privacy-policy | /return-policy | /shipping-policy | /terms-of-service | /collection/fabric/chiffon | /collection/fabric/georgette | /faq | /about | /stories | /admin | /collection/rose-vine-stripe-chiffon-saree | /collection/coral-sunrise-chiffon-georgette-saree,/,no,/: body | /collection: body | /top-viewed: body | /our-story: body | /our-team: body,
shippingpackingreturns,88,/ | /collection | /top-viewed | /our-story | /our-team | /faqs | /contact | /how-it-works | /authentication | /policies | /why | /sell-your-saree | /packing | /policies/privacy-policy | /policies/return-refund-policy | /policies/shipping-delivery-policy | /policies/terms-of-service | /policies/authentication-condition-policy | /policies/care-packaging-policy | /policies/cancellation-policy | /policies/sell-with-us-policy | /policies/grievance-redressal | /collection/fabric/silk | /blouses | /guides/what-is-a-pre-loved-saree | /guides/pre-loved-vs-second-hand-saree | /collection/tangerine-noir-floral-border-weave | /collection/sunset-ombr-chiffon-draped-dream | /collection/indigo-plum-tied-silk-saree | /collection/forest-flame-tie-dye-silk | /collection/moonstone-cream-mauve-border-saree | /collection/marigold-moss-cotton | /collection/midnight-garden-georgette-saree | /collection/verdant-bloom-silk-burgundy-gold-border | /collection/pink-katan-triangle-zari-edge | /collection/forest-green-silk-black-gold | /collection/teal-blue-moody-silk-drape | /collection/rose-silk-green-brown-stripe | /collection/mustard-organza-brown-border-drape | /collection/charcoal-gold-organza-heirloom-drape | /collection/beige-organza-peach-bloom | /collection/maroon-chettinad-cotton | /collection/deep-wine-organza | /collection/indigo-dusk-silk-cotton | /collection/reddish-mango-cotton-orange-border | /collection/magenta-cotton | /collection/red-blue-madras-check-cotton | /collection/twilight-orange-cotton-weave | /collection/lime-and-gold-cotton-classic | /collection/midnight-tribe-gold-border-cotton | /collection/autumn-ember-golden-leaf-cotton | /collection/orange-blossom-cotton-weave | /collection/midnight-kesari-cotton-drape | /collection/blush-green-handwoven-cotton-drape | /collection/brown-kapi-cotton-black-line-border | /collection/brown-and-mustard-light-silk | /collection/kesari-sunset-chiffon-saree | /collection/magenta-mist-chiffon-drape | /collection/green-chiffon-with-fancy-border | /collection/rani-pink-georgette-garden-party | /collection/midnight-zari-georgette | /collection/pressed-bloom-sheer-chiffon | /collection/mayil-peacock-kanjivaram-mix | /collection/burnt-orange-temple-border-kanjivaram | /collection/semmanjal-turmeric-gold-kanjeevaram | /collection/thangam-golden-weave-kanjivaram | /collection/violet-bloom-cotton-drape | /collection/moss-green-lightweight-silk-selai | /collection/heritage-zari-border-kanjivaram | /collection/nava-pazham-kanjeevaram-silk | /collection/nila-blue-gold-zari-silk | /collection/colorful-vintage-kanjeevaram | /collection/gulabi-kota-cotton | /collection/kempu-pachai-and-bandhani | /collection/pachai-linen-golden-border-drape | /founders | /privacy-policy | /return-policy | /shipping-policy | /terms-of-service | /collection/fabric/chiffon | /collection/fabric/georgette | /faq | /about | /stories | /admin | /collection/rose-vine-stripe-chiffon-saree | /collection/coral-sunrise-chiffon-georgette-saree,/,no,/: body | /collection: body | /top-viewed: body | /our-story: body | /our-team: body,
skip,88,/ | /collection | /top-viewed | /our-story | /our-team | /faqs | /contact | /how-it-works | /authentication | /policies | /why | /sell-your-saree | /packing | /policies/privacy-policy | /policies/return-refund-policy | /policies/shipping-delivery-policy | /policies/terms-of-service | /policies/authentication-condition-policy | /policies/care-packaging-policy | /policies/cancellation-policy | /policies/sell-with-us-policy | /policies/grievance-redressal | /collection/fabric/silk | /blouses | /guides/what-is-a-pre-loved-saree | /guides/pre-loved-vs-second-hand-saree | /collection/tangerine-noir-floral-border-weave | /collection/sunset-ombr-chiffon-draped-dream | /collection/indigo-plum-tied-silk-saree | /collection/forest-flame-tie-dye-silk | /collection/moonstone-cream-mauve-border-saree | /collection/marigold-moss-cotton | /collection/midnight-garden-georgette-saree | /collection/verdant-bloom-silk-burgundy-gold-border | /collection/pink-katan-triangle-zari-edge | /collection/forest-green-silk-black-gold | /collection/teal-blue-moody-silk-drape | /collection/rose-silk-green-brown-stripe | /collection/mustard-organza-brown-border-drape | /collection/charcoal-gold-organza-heirloom-drape | /collection/beige-organza-peach-bloom | /collection/maroon-chettinad-cotton | /collection/deep-wine-organza | /collection/indigo-dusk-silk-cotton | /collection/reddish-mango-cotton-orange-border | /collection/magenta-cotton | /collection/red-blue-madras-check-cotton | /collection/twilight-orange-cotton-weave | /collection/lime-and-gold-cotton-classic | /collection/midnight-tribe-gold-border-cotton | /collection/autumn-ember-golden-leaf-cotton | /collection/orange-blossom-cotton-weave | /collection/midnight-kesari-cotton-drape | /collection/blush-green-handwoven-cotton-drape | /collection/brown-kapi-cotton-black-line-border | /collection/brown-and-mustard-light-silk | /collection/kesari-sunset-chiffon-saree | /collection/magenta-mist-chiffon-drape | /collection/green-chiffon-with-fancy-border | /collection/rani-pink-georgette-garden-party | /collection/midnight-zari-georgette | /collection/pressed-bloom-sheer-chiffon | /collection/mayil-peacock-kanjivaram-mix | /collection/burnt-orange-temple-border-kanjivaram | /collection/semmanjal-turmeric-gold-kanjeevaram | /collection/thangam-golden-weave-kanjivaram | /collection/violet-bloom-cotton-drape | /collection/moss-green-lightweight-silk-selai | /collection/heritage-zari-border-kanjivaram | /collection/nava-pazham-kanjeevaram-silk | /collection/nila-blue-gold-zari-silk | /collection/colorful-vintage-kanjeevaram | /collection/gulabi-kota-cotton | /collection/kempu-pachai-and-bandhani | /collection/pachai-linen-golden-border-drape | /founders | /privacy-policy | /return-policy | /shipping-policy | /terms-of-service | /collection/fabric/chiffon | /collection/fabric/georgette | /faq | /about | /stories | /admin | /collection/rose-vine-stripe-chiffon-saree | /collection/coral-sunrise-chiffon-georgette-saree,/,no,/: body | /collection: body | /top-viewed: body | /our-story: body | /our-team: body,
supportlegal,88,/ | /collection | /top-viewed | /our-story | /our-team | /faqs | /contact | /how-it-works | /authentication | /policies | /why | /sell-your-saree | /packing | /policies/privacy-policy | /policies/return-refund-policy | /policies/shipping-delivery-policy | /policies/terms-of-service | /policies/authentication-condition-policy | /policies/care-packaging-policy | /policies/cancellation-policy | /policies/sell-with-us-policy | /policies/grievance-redressal | /collection/fabric/silk | /blouses | /guides/what-is-a-pre-loved-saree | /guides/pre-loved-vs-second-hand-saree | /collection/tangerine-noir-floral-border-weave | /collection/sunset-ombr-chiffon-draped-dream | /collection/indigo-plum-tied-silk-saree | /collection/forest-flame-tie-dye-silk | /collection/moonstone-cream-mauve-border-saree | /collection/marigold-moss-cotton | /collection/midnight-garden-georgette-saree | /collection/verdant-bloom-silk-burgundy-gold-border | /collection/pink-katan-triangle-zari-edge | /collection/forest-green-silk-black-gold | /collection/teal-blue-moody-silk-drape | /collection/rose-silk-green-brown-stripe | /collection/mustard-organza-brown-border-drape | /collection/charcoal-gold-organza-heirloom-drape | /collection/beige-organza-peach-bloom | /collection/maroon-chettinad-cotton | /collection/deep-wine-organza | /collection/indigo-dusk-silk-cotton | /collection/reddish-mango-cotton-orange-border | /collection/magenta-cotton | /collection/red-blue-madras-check-cotton | /collection/twilight-orange-cotton-weave | /collection/lime-and-gold-cotton-classic | /collection/midnight-tribe-gold-border-cotton | /collection/autumn-ember-golden-leaf-cotton | /collection/orange-blossom-cotton-weave | /collection/midnight-kesari-cotton-drape | /collection/blush-green-handwoven-cotton-drape | /collection/brown-kapi-cotton-black-line-border | /collection/brown-and-mustard-light-silk | /collection/kesari-sunset-chiffon-saree | /collection/magenta-mist-chiffon-drape | /collection/green-chiffon-with-fancy-border | /collection/rani-pink-georgette-garden-party | /collection/midnight-zari-georgette | /collection/pressed-bloom-sheer-chiffon | /collection/mayil-peacock-kanjivaram-mix | /collection/burnt-orange-temple-border-kanjivaram | /collection/semmanjal-turmeric-gold-kanjeevaram | /collection/thangam-golden-weave-kanjivaram | /collection/violet-bloom-cotton-drape | /collection/moss-green-lightweight-silk-selai | /collection/heritage-zari-border-kanjivaram | /collection/nava-pazham-kanjeevaram-silk | /collection/nila-blue-gold-zari-silk | /collection/colorful-vintage-kanjeevaram | /collection/gulabi-kota-cotton | /collection/kempu-pachai-and-bandhani | /collection/pachai-linen-golden-border-drape | /founders | /privacy-policy | /return-policy | /shipping-policy | /terms-of-service | /collection/fabric/chiffon | /collection/fabric/georgette | /faq | /about | /stories | /admin | /collection/rose-vine-stripe-chiffon-saree | /collection/coral-sunrise-chiffon-georgette-saree,/,no,/: body | /collection: body | /top-viewed: body | /our-story: body | /our-team: body,
supportlegalprivacy,88,/ | /collection | /top-viewed | /our-story | /our-team | /faqs | /contact | /how-it-works | /authentication | /policies | /why | /sell-your-saree | /packing | /policies/privacy-policy | /policies/return-refund-policy | /policies/shipping-delivery-policy | /policies/terms-of-service | /policies/authentication-condition-policy | /policies/care-packaging-policy | /policies/cancellation-policy | /policies/sell-with-us-policy | /policies/grievance-redressal | /collection/fabric/silk | /blouses | /guides/what-is-a-pre-loved-saree | /guides/pre-loved-vs-second-hand-saree | /collection/tangerine-noir-floral-border-weave | /collection/sunset-ombr-chiffon-draped-dream | /collection/indigo-plum-tied-silk-saree | /collection/forest-flame-tie-dye-silk | /collection/moonstone-cream-mauve-border-saree | /collection/marigold-moss-cotton | /collection/midnight-garden-georgette-saree | /collection/verdant-bloom-silk-burgundy-gold-border | /collection/pink-katan-triangle-zari-edge | /collection/forest-green-silk-black-gold | /collection/teal-blue-moody-silk-drape | /collection/rose-silk-green-brown-stripe | /collection/mustard-organza-brown-border-drape | /collection/charcoal-gold-organza-heirloom-drape | /collection/beige-organza-peach-bloom | /collection/maroon-chettinad-cotton | /collection/deep-wine-organza | /collection/indigo-dusk-silk-cotton | /collection/reddish-mango-cotton-orange-border | /collection/magenta-cotton | /collection/red-blue-madras-check-cotton | /collection/twilight-orange-cotton-weave | /collection/lime-and-gold-cotton-classic | /collection/midnight-tribe-gold-border-cotton | /collection/autumn-ember-golden-leaf-cotton | /collection/orange-blossom-cotton-weave | /collection/midnight-kesari-cotton-drape | /collection/blush-green-handwoven-cotton-drape | /collection/brown-kapi-cotton-black-line-border | /collection/brown-and-mustard-light-silk | /collection/kesari-sunset-chiffon-saree | /collection/magenta-mist-chiffon-drape | /collection/green-chiffon-with-fancy-border | /collection/rani-pink-georgette-garden-party | /collection/midnight-zari-georgette | /collection/pressed-bloom-sheer-chiffon | /collection/mayil-peacock-kanjivaram-mix | /collection/burnt-orange-temple-border-kanjivaram | /collection/semmanjal-turmeric-gold-kanjeevaram | /collection/thangam-golden-weave-kanjivaram | /collection/violet-bloom-cotton-drape | /collection/moss-green-lightweight-silk-selai | /collection/heritage-zari-border-kanjivaram | /collection/nava-pazham-kanjeevaram-silk | /collection/nila-blue-gold-zari-silk | /collection/colorful-vintage-kanjeevaram | /collection/gulabi-kota-cotton | /collection/kempu-pachai-and-bandhani | /collection/pachai-linen-golden-border-drape | /founders | /privacy-policy | /return-policy | /shipping-policy | /terms-of-service | /collection/fabric/chiffon | /collection/fabric/georgette | /faq | /about | /stories | /admin | /collection/rose-vine-stripe-chiffon-saree | /collection/coral-sunrise-chiffon-georgette-saree,/,no,/: body | /collection: body | /top-viewed: body | /our-story: body | /our-team: body,
trunkcollectiontop,88,/ | /collection | /top-viewed | /our-story | /our-team | /faqs | /contact | /how-it-works | /authentication | /policies | /why | /sell-your-saree | /packing | /policies/privacy-policy | /policies/return-refund-policy | /policies/shipping-delivery-policy | /policies/terms-of-service | /policies/authentication-condition-policy | /policies/care-packaging-policy | /policies/cancellation-policy | /policies/sell-with-us-policy | /policies/grievance-redressal | /collection/fabric/silk | /blouses | /guides/what-is-a-pre-loved-saree | /guides/pre-loved-vs-second-hand-saree | /collection/tangerine-noir-floral-border-weave | /collection/sunset-ombr-chiffon-draped-dream | /collection/indigo-plum-tied-silk-saree | /collection/forest-flame-tie-dye-silk | /collection/moonstone-cream-mauve-border-saree | /collection/marigold-moss-cotton | /collection/midnight-garden-georgette-saree | /collection/verdant-bloom-silk-burgundy-gold-border | /collection/pink-katan-triangle-zari-edge | /collection/forest-green-silk-black-gold | /collection/teal-blue-moody-silk-drape | /collection/rose-silk-green-brown-stripe | /collection/mustard-organza-brown-border-drape | /collection/charcoal-gold-organza-heirloom-drape | /collection/beige-organza-peach-bloom | /collection/maroon-chettinad-cotton | /collection/deep-wine-organza | /collection/indigo-dusk-silk-cotton | /collection/reddish-mango-cotton-orange-border | /collection/magenta-cotton | /collection/red-blue-madras-check-cotton | /collection/twilight-orange-cotton-weave | /collection/lime-and-gold-cotton-classic | /collection/midnight-tribe-gold-border-cotton | /collection/autumn-ember-golden-leaf-cotton | /collection/orange-blossom-cotton-weave | /collection/midnight-kesari-cotton-drape | /collection/blush-green-handwoven-cotton-drape | /collection/brown-kapi-cotton-black-line-border | /collection/brown-and-mustard-light-silk | /collection/kesari-sunset-chiffon-saree | /collection/magenta-mist-chiffon-drape | /collection/green-chiffon-with-fancy-border | /collection/rani-pink-georgette-garden-party | /collection/midnight-zari-georgette | /collection/pressed-bloom-sheer-chiffon | /collection/mayil-peacock-kanjivaram-mix | /collection/burnt-orange-temple-border-kanjivaram | /collection/semmanjal-turmeric-gold-kanjeevaram | /collection/thangam-golden-weave-kanjivaram | /collection/violet-bloom-cotton-drape | /collection/moss-green-lightweight-silk-selai | /collection/heritage-zari-border-kanjivaram | /collection/nava-pazham-kanjeevaram-silk | /collection/nila-blue-gold-zari-silk | /collection/colorful-vintage-kanjeevaram | /collection/gulabi-kota-cotton | /collection/kempu-pachai-and-bandhani | /collection/pachai-linen-golden-border-drape | /founders | /privacy-policy | /return-policy | /shipping-policy | /terms-of-service | /collection/fabric/chiffon | /collection/fabric/georgette | /faq | /about | /stories | /admin | /collection/rose-vine-stripe-chiffon-saree | /collection/coral-sunrise-chiffon-georgette-saree,/,no,/: body | /collection: body | /top-viewed: body | /our-story: body | /our-team: body,
arrival,87,/collection | /top-viewed | /collection/fabric/silk | /collection/tangerine-noir-floral-border-weave | /collection/indigo-plum-tied-silk-saree | /collection/forest-flame-tie-dye-silk | /collection/midnight-garden-georgette-saree | /collection/verdant-bloom-silk-burgundy-gold-border | /collection/pink-katan-triangle-zari-edge | /collection/forest-green-silk-black-gold | /collection/teal-blue-moody-silk-drape | /collection/rose-silk-green-brown-stripe | /collection/mustard-organza-brown-border-drape | /collection/charcoal-gold-organza-heirloom-drape | /collection/beige-organza-peach-bloom | /collection/deep-wine-organza | /collection/midnight-kesari-cotton-drape | /collection/brown-and-mustard-light-silk | /collection/kesari-sunset-chiffon-saree | /collection/magenta-mist-chiffon-drape | /collection/green-chiffon-with-fancy-border | /collection/rani-pink-georgette-garden-party | /collection/midnight-zari-georgette | /collection/pressed-bloom-sheer-chiffon | /collection/violet-bloom-cotton-drape | /collection/moss-green-lightweight-silk-selai | /collection/nila-blue-gold-zari-silk | /collection/kempu-pachai-and-bandhani | /collection/fabric/chiffon | /collection/fabric/georgette | /collection/rose-vine-stripe-chiffon-saree | /collection/coral-sunrise-chiffon-georgette-saree,/collection,no,/collection: body | /top-viewed: body | /collection/fabric/silk: body | /collection/tangerine-noir-floral-border-weave: body | /collection/indigo-plum-tied-silk-saree: body,
silk,86,/ | /collection | /top-viewed | /faqs | /authentication | /sell-your-saree | /policies/care-packaging-policy | /collection/fabric/silk | /guides/pre-loved-vs-second-hand-saree | /collection/indigo-plum-tied-silk-saree | /collection/forest-flame-tie-dye-silk | /collection/verdant-bloom-silk-burgundy-gold-border | /collection/pink-katan-triangle-zari-edge | /collection/forest-green-silk-black-gold | /collection/teal-blue-moody-silk-drape | /collection/rose-silk-green-brown-stripe | /collection/indigo-dusk-silk-cotton | /collection/red-blue-madras-check-cotton | /collection/midnight-kesari-cotton-drape | /collection/brown-and-mustard-light-silk | /collection/burnt-orange-temple-border-kanjivaram | /collection/moss-green-lightweight-silk-selai | /collection/nila-blue-gold-zari-silk | /collection/kempu-pachai-and-bandhani | /collection/fabric/chiffon | /faq | /collection/coral-sunrise-chiffon-georgette-saree,/,yes,/: body | /collection: meta | /top-viewed: meta | /faqs: body | /authentication: body,Protected commercial term retained by audit normalization.
collection,81,/ | /top-viewed | /faqs | /how-it-works | /authentication | /why | /sell-your-saree | /collection/fabric/silk | /blouses | /collection/tangerine-noir-floral-border-weave | /collection/sunset-ombr-chiffon-draped-dream | /collection/indigo-plum-tied-silk-saree | /collection/forest-flame-tie-dye-silk | /collection/moonstone-cream-mauve-border-saree | /collection/marigold-moss-cotton | /collection/midnight-garden-georgette-saree | /collection/verdant-bloom-silk-burgundy-gold-border | /collection/pink-katan-triangle-zari-edge | /collection/forest-green-silk-black-gold | /collection/teal-blue-moody-silk-drape | /collection/rose-silk-green-brown-stripe | /collection/mustard-organza-brown-border-drape | /collection/charcoal-gold-organza-heirloom-drape | /collection/beige-organza-peach-bloom | /collection/maroon-chettinad-cotton | /collection/deep-wine-organza | /collection/indigo-dusk-silk-cotton | /collection/reddish-mango-cotton-orange-border | /collection/magenta-cotton | /collection/red-blue-madras-check-cotton | /collection/twilight-orange-cotton-weave | /collection/lime-and-gold-cotton-classic | /collection/midnight-tribe-gold-border-cotton | /collection/autumn-ember-golden-leaf-cotton | /collection/orange-blossom-cotton-weave | /collection/midnight-kesari-cotton-drape | /collection/blush-green-handwoven-cotton-drape | /collection/brown-kapi-cotton-black-line-border | /collection/brown-and-mustard-light-silk | /collection/kesari-sunset-chiffon-saree | /collection/magenta-mist-chiffon-drape | /collection/green-chiffon-with-fancy-border | /collection/rani-pink-georgette-garden-party | /collection/midnight-zari-georgette | /collection/pressed-bloom-sheer-chiffon | /collection/mayil-peacock-kanjivaram-mix | /collection/burnt-orange-temple-border-kanjivaram | /collection/semmanjal-turmeric-gold-kanjeevaram | /collection/thangam-golden-weave-kanjivaram | /collection/violet-bloom-cotton-drape | /collection/moss-green-lightweight-silk-selai | /collection/heritage-zari-border-kanjivaram | /collection/nava-pazham-kanjeevaram-silk | /collection/nila-blue-gold-zari-silk | /collection/colorful-vintage-kanjeevaram | /collection/gulabi-kota-cotton | /collection/kempu-pachai-and-bandhani | /collection/pachai-linen-golden-border-drape | /collection/fabric/chiffon | /collection/fabric/georgette | /faq | /collection/rose-vine-stripe-chiffon-saree | /collection/coral-sunrise-chiffon-georgette-saree,/,yes,/: body | /top-viewed: body | /faqs: body | /how-it-works: body | /authentication: body,
details,81,/how-it-works | /policies | /sell-your-saree | /packing | /policies/privacy-policy | /policies/return-refund-policy | /policies/shipping-delivery-policy | /policies/authentication-condition-policy | /policies/sell-with-us-policy | /policies/grievance-redressal | /blouses | /guides/what-is-a-pre-loved-saree | /guides/pre-loved-vs-second-hand-saree | /collection/tangerine-noir-floral-border-weave | /collection/sunset-ombr-chiffon-draped-dream | /collection/indigo-plum-tied-silk-saree | /collection/forest-flame-tie-dye-silk | /collection/moonstone-cream-mauve-border-saree | /collection/marigold-moss-cotton | /collection/midnight-garden-georgette-saree | /collection/verdant-bloom-silk-burgundy-gold-border | /collection/pink-katan-triangle-zari-edge | /collection/forest-green-silk-black-gold | /collection/teal-blue-moody-silk-drape | /collection/rose-silk-green-brown-stripe | /collection/mustard-organza-brown-border-drape | /collection/charcoal-gold-organza-heirloom-drape | /collection/beige-organza-peach-bloom | /collection/maroon-chettinad-cotton | /collection/deep-wine-organza | /collection/indigo-dusk-silk-cotton | /collection/reddish-mango-cotton-orange-border | /collection/magenta-cotton | /collection/red-blue-madras-check-cotton | /collection/twilight-orange-cotton-weave | /collection/lime-and-gold-cotton-classic | /collection/midnight-tribe-gold-border-cotton | /collection/autumn-ember-golden-leaf-cotton | /collection/orange-blossom-cotton-weave | /collection/midnight-kesari-cotton-drape | /collection/blush-green-handwoven-cotton-drape | /collection/brown-kapi-cotton-black-line-border | /collection/brown-and-mustard-light-silk | /collection/kesari-sunset-chiffon-saree | /collection/magenta-mist-chiffon-drape | /collection/green-chiffon-with-fancy-border | /collection/rani-pink-georgette-garden-party | /collection/midnight-zari-georgette | /collection/pressed-bloom-sheer-chiffon | /collection/mayil-peacock-kanjivaram-mix | /collection/burnt-orange-temple-border-kanjivaram | /collection/semmanjal-turmeric-gold-kanjeevaram | /collection/thangam-golden-weave-kanjivaram | /collection/violet-bloom-cotton-drape | /collection/moss-green-lightweight-silk-selai | /collection/heritage-zari-border-kanjivaram | /collection/nava-pazham-kanjeevaram-silk | /collection/nila-blue-gold-zari-silk | /collection/colorful-vintage-kanjeevaram | /collection/gulabi-kota-cotton | /collection/kempu-pachai-and-bandhani | /collection/pachai-linen-golden-border-drape | /privacy-policy | /return-policy | /shipping-policy | /collection/rose-vine-stripe-chiffon-saree | /collection/coral-sunrise-chiffon-georgette-saree,/how-it-works,no,/how-it-works: body | /policies: body | /sell-your-saree: body | /packing: body | /policies/privacy-policy: body,
blouseheirloom,80,/ | /top-viewed | /blouses | /collection/tangerine-noir-floral-border-weave | /collection/sunset-ombr-chiffon-draped-dream | /collection/indigo-plum-tied-silk-saree | /collection/forest-flame-tie-dye-silk | /collection/moonstone-cream-mauve-border-saree | /collection/marigold-moss-cotton | /collection/midnight-garden-georgette-saree | /collection/mustard-organza-brown-border-drape | /collection/charcoal-gold-organza-heirloom-drape | /collection/beige-organza-peach-bloom | /collection/maroon-chettinad-cotton | /collection/deep-wine-organza | /collection/indigo-dusk-silk-cotton | /collection/reddish-mango-cotton-orange-border | /collection/magenta-cotton | /collection/red-blue-madras-check-cotton | /collection/twilight-orange-cotton-weave | /collection/lime-and-gold-cotton-classic | /collection/midnight-tribe-gold-border-cotton | /collection/autumn-ember-golden-leaf-cotton | /collection/orange-blossom-cotton-weave | /collection/blush-green-handwoven-cotton-drape | /collection/brown-kapi-cotton-black-line-border | /collection/kesari-sunset-chiffon-saree | /collection/magenta-mist-chiffon-drape | /collection/green-chiffon-with-fancy-border | /collection/rani-pink-georgette-garden-party | /collection/midnight-zari-georgette | /collection/pressed-bloom-sheer-chiffon | /collection/mayil-peacock-kanjivaram-mix | /collection/burnt-orange-temple-border-kanjivaram | /collection/semmanjal-turmeric-gold-kanjeevaram | /collection/thangam-golden-weave-kanjivaram | /collection/violet-bloom-cotton-drape | /collection/heritage-zari-border-kanjivaram | /collection/nava-pazham-kanjeevaram-silk | /collection/colorful-vintage-kanjeevaram | /collection/gulabi-kota-cotton | /collection/pachai-linen-golden-border-drape | /collection/rose-vine-stripe-chiffon-saree | /collection/coral-sunrise-chiffon-georgette-saree,/,no,/: body | /top-viewed: body | /blouses: body | /collection/tangerine-noir-floral-border-weave: body | /collection/sunset-ombr-chiffon-draped-dream: body,
299,76,/collection | /top-viewed | /collection/fabric/silk | /collection/tangerine-noir-floral-border-weave | /collection/sunset-ombr-chiffon-draped-dream | /collection/indigo-plum-tied-silk-saree | /collection/forest-flame-tie-dye-silk | /collection/moonstone-cream-mauve-border-saree | /collection/midnight-garden-georgette-saree | /collection/verdant-bloom-silk-burgundy-gold-border | /collection/pink-katan-triangle-zari-edge | /collection/forest-green-silk-black-gold | /collection/teal-blue-moody-silk-drape | /collection/rose-silk-green-brown-stripe | /collection/mustard-organza-brown-border-drape | /collection/charcoal-gold-organza-heirloom-drape | /collection/beige-organza-peach-bloom | /collection/maroon-chettinad-cotton | /collection/deep-wine-organza | /collection/indigo-dusk-silk-cotton | /collection/magenta-cotton | /collection/twilight-orange-cotton-weave | /collection/lime-and-gold-cotton-classic | /collection/midnight-tribe-gold-border-cotton | /collection/orange-blossom-cotton-weave | /collection/midnight-kesari-cotton-drape | /collection/brown-kapi-cotton-black-line-border | /collection/brown-and-mustard-light-silk | /collection/kesari-sunset-chiffon-saree | /collection/magenta-mist-chiffon-drape | /collection/green-chiffon-with-fancy-border | /collection/rani-pink-georgette-garden-party | /collection/midnight-zari-georgette | /collection/pressed-bloom-sheer-chiffon | /collection/mayil-peacock-kanjivaram-mix | /collection/burnt-orange-temple-border-kanjivaram | /collection/semmanjal-turmeric-gold-kanjeevaram | /collection/thangam-golden-weave-kanjivaram | /collection/violet-bloom-cotton-drape | /collection/moss-green-lightweight-silk-selai | /collection/heritage-zari-border-kanjivaram | /collection/nava-pazham-kanjeevaram-silk | /collection/nila-blue-gold-zari-silk | /collection/gulabi-kota-cotton | /collection/kempu-pachai-and-bandhani | /collection/fabric/chiffon | /collection/fabric/georgette | /collection/rose-vine-stripe-chiffon-saree | /collection/coral-sunrise-chiffon-georgette-saree,/collection,no,/collection: body | /top-viewed: body | /collection/fabric/silk: body | /collection/tangerine-noir-floral-border-weave: body | /collection/sunset-ombr-chiffon-draped-dream: body,
store,75,/faqs | /policies | /policies/privacy-policy | /policies/return-refund-policy | /policies/terms-of-service | /policies/care-packaging-policy | /collection/fabric/silk | /collection/tangerine-noir-floral-border-weave | /collection/sunset-ombr-chiffon-draped-dream | /collection/indigo-plum-tied-silk-saree | /collection/forest-flame-tie-dye-silk | /collection/moonstone-cream-mauve-border-saree | /collection/marigold-moss-cotton | /collection/midnight-garden-georgette-saree | /collection/verdant-bloom-silk-burgundy-gold-border | /collection/pink-katan-triangle-zari-edge | /collection/forest-green-silk-black-gold | /collection/teal-blue-moody-silk-drape | /collection/rose-silk-green-brown-stripe | /collection/mustard-organza-brown-border-drape | /collection/charcoal-gold-organza-heirloom-drape | /collection/beige-organza-peach-bloom | /collection/maroon-chettinad-cotton | /collection/deep-wine-organza | /collection/indigo-dusk-silk-cotton | /collection/reddish-mango-cotton-orange-border | /collection/magenta-cotton | /collection/red-blue-madras-check-cotton | /collection/twilight-orange-cotton-weave | /collection/lime-and-gold-cotton-classic | /collection/midnight-tribe-gold-border-cotton | /collection/autumn-ember-golden-leaf-cotton | /collection/orange-blossom-cotton-weave | /collection/midnight-kesari-cotton-drape | /collection/blush-green-handwoven-cotton-drape | /collection/brown-kapi-cotton-black-line-border | /collection/brown-and-mustard-light-silk | /collection/kesari-sunset-chiffon-saree | /collection/magenta-mist-chiffon-drape | /collection/green-chiffon-with-fancy-border | /collection/rani-pink-georgette-garden-party | /collection/midnight-zari-georgette | /collection/pressed-bloom-sheer-chiffon | /collection/mayil-peacock-kanjivaram-mix | /collection/burnt-orange-temple-border-kanjivaram | /collection/semmanjal-turmeric-gold-kanjeevaram | /collection/thangam-golden-weave-kanjivaram | /collection/violet-bloom-cotton-drape | /collection/moss-green-lightweight-silk-selai | /collection/heritage-zari-border-kanjivaram | /collection/nava-pazham-kanjeevaram-silk | /collection/nila-blue-gold-zari-silk | /collection/colorful-vintage-kanjeevaram | /collection/gulabi-kota-cotton | /collection/kempu-pachai-and-bandhani | /collection/pachai-linen-golden-border-drape | /privacy-policy | /return-policy | /terms-of-service | /faq | /collection/rose-vine-stripe-chiffon-saree | /collection/coral-sunrise-chiffon-georgette-saree,/faqs,yes,/faqs: body | /policies: body | /policies/privacy-policy: body | /policies/return-refund-policy: body | /policies/terms-of-service: body,
condition,71,/ | /faqs | /how-it-works | /authentication | /policies | /sell-your-saree | /policies/privacy-policy | /policies/return-refund-policy | /policies/shipping-delivery-policy | /policies/terms-of-service | /policies/authentication-condition-policy | /policies/sell-with-us-policy | /collection/fabric/silk | /blouses | /guides/what-is-a-pre-loved-saree | /guides/pre-loved-vs-second-hand-saree | /privacy-policy | /return-policy | /shipping-policy | /terms-of-service | /faq,/,yes,/: body | /faqs: body | /how-it-works: body | /authentication: body | /policies: body,
authenticated,70,/collection | /top-viewed | /faqs | /contact | /sell-your-saree | /policies/terms-of-service | /collection/fabric/silk | /blouses | /collection/tangerine-noir-floral-border-weave | /collection/sunset-ombr-chiffon-draped-dream | /collection/indigo-plum-tied-silk-saree | /collection/forest-flame-tie-dye-silk | /collection/moonstone-cream-mauve-border-saree | /collection/marigold-moss-cotton | /collection/midnight-garden-georgette-saree | /collection/verdant-bloom-silk-burgundy-gold-border | /collection/pink-katan-triangle-zari-edge | /collection/forest-green-silk-black-gold | /collection/teal-blue-moody-silk-drape | /collection/rose-silk-green-brown-stripe | /collection/mustard-organza-brown-border-drape | /collection/charcoal-gold-organza-heirloom-drape | /collection/beige-organza-peach-bloom | /collection/maroon-chettinad-cotton | /collection/deep-wine-organza | /collection/indigo-dusk-silk-cotton | /collection/reddish-mango-cotton-orange-border | /collection/magenta-cotton | /collection/red-blue-madras-check-cotton | /collection/twilight-orange-cotton-weave | /collection/lime-and-gold-cotton-classic | /collection/midnight-tribe-gold-border-cotton | /collection/autumn-ember-golden-leaf-cotton | /collection/orange-blossom-cotton-weave | /collection/midnight-kesari-cotton-drape | /collection/blush-green-handwoven-cotton-drape | /collection/brown-kapi-cotton-black-line-border | /collection/brown-and-mustard-light-silk | /collection/kesari-sunset-chiffon-saree | /collection/magenta-mist-chiffon-drape | /collection/green-chiffon-with-fancy-border | /collection/rani-pink-georgette-garden-party | /collection/midnight-zari-georgette | /collection/pressed-bloom-sheer-chiffon | /collection/mayil-peacock-kanjivaram-mix | /collection/burnt-orange-temple-border-kanjivaram | /collection/semmanjal-turmeric-gold-kanjeevaram | /collection/thangam-golden-weave-kanjivaram | /collection/violet-bloom-cotton-drape | /collection/moss-green-lightweight-silk-selai | /collection/heritage-zari-border-kanjivaram | /collection/nava-pazham-kanjeevaram-silk | /collection/nila-blue-gold-zari-silk | /collection/colorful-vintage-kanjeevaram | /collection/gulabi-kota-cotton | /collection/kempu-pachai-and-bandhani | /collection/pachai-linen-golden-border-drape | /terms-of-service | /collection/fabric/chiffon | /faq,/collection,yes,/collection: meta | /top-viewed: meta | /faqs: body | /contact: body | /sell-your-saree: body,Protected commercial term retained by audit normalization.
keep,69,/top-viewed | /faqs | /packing | /policies/privacy-policy | /policies/care-packaging-policy | /collection/fabric/silk | /guides/what-is-a-pre-loved-saree | /guides/pre-loved-vs-second-hand-saree | /collection/tangerine-noir-floral-border-weave | /collection/sunset-ombr-chiffon-draped-dream | /collection/indigo-plum-tied-silk-saree | /collection/forest-flame-tie-dye-silk | /collection/moonstone-cream-mauve-border-saree | /collection/marigold-moss-cotton | /collection/midnight-garden-georgette-saree | /collection/verdant-bloom-silk-burgundy-gold-border | /collection/pink-katan-triangle-zari-edge | /collection/forest-green-silk-black-gold | /collection/teal-blue-moody-silk-drape | /collection/rose-silk-green-brown-stripe | /collection/mustard-organza-brown-border-drape | /collection/charcoal-gold-organza-heirloom-drape | /collection/beige-organza-peach-bloom | /collection/maroon-chettinad-cotton | /collection/deep-wine-organza | /collection/indigo-dusk-silk-cotton | /collection/reddish-mango-cotton-orange-border | /collection/magenta-cotton | /collection/red-blue-madras-check-cotton | /collection/twilight-orange-cotton-weave | /collection/lime-and-gold-cotton-classic | /collection/midnight-tribe-gold-border-cotton | /collection/autumn-ember-golden-leaf-cotton | /collection/orange-blossom-cotton-weave | /collection/midnight-kesari-cotton-drape | /collection/blush-green-handwoven-cotton-drape | /collection/brown-kapi-cotton-black-line-border | /collection/brown-and-mustard-light-silk | /collection/kesari-sunset-chiffon-saree | /collection/magenta-mist-chiffon-drape | /collection/green-chiffon-with-fancy-border | /collection/rani-pink-georgette-garden-party | /collection/midnight-zari-georgette | /collection/pressed-bloom-sheer-chiffon | /collection/mayil-peacock-kanjivaram-mix | /collection/burnt-orange-temple-border-kanjivaram | /collection/semmanjal-turmeric-gold-kanjeevaram | /collection/thangam-golden-weave-kanjivaram | /collection/violet-bloom-cotton-drape | /collection/moss-green-lightweight-silk-selai | /collection/heritage-zari-border-kanjivaram | /collection/nava-pazham-kanjeevaram-silk | /collection/nila-blue-gold-zari-silk | /collection/colorful-vintage-kanjeevaram | /collection/gulabi-kota-cotton | /collection/kempu-pachai-and-bandhani | /collection/pachai-linen-golden-border-drape | /privacy-policy | /faq | /collection/rose-vine-stripe-chiffon-saree | /collection/coral-sunrise-chiffon-georgette-saree,/top-viewed,yes,/top-viewed: meta | /faqs: body | /packing: body | /policies/privacy-policy: body | /policies/care-packaging-policy: body,
order,69,/faqs | /contact | /how-it-works | /authentication | /policies | /packing | /policies/privacy-policy | /policies/return-refund-policy | /policies/shipping-delivery-policy | /policies/terms-of-service | /policies/authentication-condition-policy | /policies/care-packaging-policy | /policies/cancellation-policy | /policies/sell-with-us-policy | /policies/grievance-redressal | /privacy-policy | /return-policy | /shipping-policy | /terms-of-service | /faq,/faqs,yes,/faqs: body | /contact: meta | /how-it-works: body | /authentication: body | /policies: body,
drape,62,/ | /top-viewed | /authentication | /policies/return-refund-policy | /collection/tangerine-noir-floral-border-weave | /collection/sunset-ombr-chiffon-draped-dream | /collection/indigo-plum-tied-silk-saree | /collection/forest-flame-tie-dye-silk | /collection/moonstone-cream-mauve-border-saree | /collection/marigold-moss-cotton | /collection/midnight-garden-georgette-saree | /collection/verdant-bloom-silk-burgundy-gold-border | /collection/pink-katan-triangle-zari-edge | /collection/forest-green-silk-black-gold | /collection/teal-blue-moody-silk-drape | /collection/rose-silk-green-brown-stripe | /collection/mustard-organza-brown-border-drape | /collection/charcoal-gold-organza-heirloom-drape | /collection/beige-organza-peach-bloom | /collection/maroon-chettinad-cotton | /collection/deep-wine-organza | /collection/indigo-dusk-silk-cotton | /collection/reddish-mango-cotton-orange-border | /collection/magenta-cotton | /collection/red-blue-madras-check-cotton | /collection/twilight-orange-cotton-weave | /collection/lime-and-gold-cotton-classic | /collection/midnight-tribe-gold-border-cotton | /collection/autumn-ember-golden-leaf-cotton | /collection/orange-blossom-cotton-weave | /collection/midnight-kesari-cotton-drape | /collection/blush-green-handwoven-cotton-drape | /collection/brown-kapi-cotton-black-line-border | /collection/brown-and-mustard-light-silk | /collection/kesari-sunset-chiffon-saree | /collection/magenta-mist-chiffon-drape | /collection/green-chiffon-with-fancy-border | /collection/rani-pink-georgette-garden-party | /collection/midnight-zari-georgette | /collection/pressed-bloom-sheer-chiffon | /collection/mayil-peacock-kanjivaram-mix | /collection/burnt-orange-temple-border-kanjivaram | /collection/semmanjal-turmeric-gold-kanjeevaram | /collection/thangam-golden-weave-kanjivaram | /collection/violet-bloom-cotton-drape | /collection/moss-green-lightweight-silk-selai | /collection/heritage-zari-border-kanjivaram | /collection/nava-pazham-kanjeevaram-silk | /collection/nila-blue-gold-zari-silk | /collection/colorful-vintage-kanjeevaram | /collection/gulabi-kota-cotton | /collection/kempu-pachai-and-bandhani | /collection/pachai-linen-golden-border-drape | /return-policy | /collection/fabric/chiffon | /collection/rose-vine-stripe-chiffon-saree | /collection/coral-sunrise-chiffon-georgette-saree,/,yes,/: body | /top-viewed: body | /authentication: body | /policies/return-refund-policy: body | /collection/tangerine-noir-floral-border-weave: body,
carefully,61,/faqs | /sell-your-saree | /policies/shipping-delivery-policy | /collection/fabric/silk | /collection/tangerine-noir-floral-border-weave | /collection/sunset-ombr-chiffon-draped-dream | /collection/indigo-plum-tied-silk-saree | /collection/forest-flame-tie-dye-silk | /collection/moonstone-cream-mauve-border-saree | /collection/marigold-moss-cotton | /collection/midnight-garden-georgette-saree | /collection/verdant-bloom-silk-burgundy-gold-border | /collection/pink-katan-triangle-zari-edge | /collection/forest-green-silk-black-gold | /collection/teal-blue-moody-silk-drape | /collection/rose-silk-green-brown-stripe | /collection/mustard-organza-brown-border-drape | /collection/charcoal-gold-organza-heirloom-drape | /collection/beige-organza-peach-bloom | /collection/maroon-chettinad-cotton | /collection/deep-wine-organza | /collection/indigo-dusk-silk-cotton | /collection/reddish-mango-cotton-orange-border | /collection/magenta-cotton | /collection/red-blue-madras-check-cotton | /collection/twilight-orange-cotton-weave | /collection/lime-and-gold-cotton-classic | /collection/midnight-tribe-gold-border-cotton | /collection/autumn-ember-golden-leaf-cotton | /collection/orange-blossom-cotton-weave | /collection/midnight-kesari-cotton-drape | /collection/blush-green-handwoven-cotton-drape | /collection/brown-kapi-cotton-black-line-border | /collection/brown-and-mustard-light-silk | /collection/kesari-sunset-chiffon-saree | /collection/magenta-mist-chiffon-drape | /collection/green-chiffon-with-fancy-border | /collection/rani-pink-georgette-garden-party | /collection/midnight-zari-georgette | /collection/pressed-bloom-sheer-chiffon | /collection/mayil-peacock-kanjivaram-mix | /collection/burnt-orange-temple-border-kanjivaram | /collection/semmanjal-turmeric-gold-kanjeevaram | /collection/thangam-golden-weave-kanjivaram | /collection/violet-bloom-cotton-drape | /collection/moss-green-lightweight-silk-selai | /collection/heritage-zari-border-kanjivaram | /collection/nava-pazham-kanjeevaram-silk | /collection/nila-blue-gold-zari-silk | /collection/colorful-vintage-kanjeevaram | /collection/gulabi-kota-cotton | /collection/kempu-pachai-and-bandhani | /collection/pachai-linen-golden-border-drape | /shipping-policy | /faq | /collection/rose-vine-stripe-chiffon-saree | /collection/coral-sunrise-chiffon-georgette-saree,/faqs,yes,/faqs: body | /sell-your-saree: body | /policies/shipping-delivery-policy: body | /collection/fabric/silk: body | /collection/tangerine-noir-floral-border-weave: body,
chiffon,61,/ | /collection | /authentication | /sell-your-saree | /policies/care-packaging-policy | /collection/tangerine-noir-floral-border-weave | /collection/sunset-ombr-chiffon-draped-dream | /collection/indigo-plum-tied-silk-saree | /collection/forest-flame-tie-dye-silk | /collection/midnight-garden-georgette-saree | /collection/verdant-bloom-silk-burgundy-gold-border | /collection/pink-katan-triangle-zari-edge | /collection/forest-green-silk-black-gold | /collection/teal-blue-moody-silk-drape | /collection/rose-silk-green-brown-stripe | /collection/midnight-kesari-cotton-drape | /collection/brown-and-mustard-light-silk | /collection/kesari-sunset-chiffon-saree | /collection/magenta-mist-chiffon-drape | /collection/green-chiffon-with-fancy-border | /collection/rani-pink-georgette-garden-party | /collection/midnight-zari-georgette | /collection/pressed-bloom-sheer-chiffon | /collection/violet-bloom-cotton-drape | /collection/moss-green-lightweight-silk-selai | /collection/nila-blue-gold-zari-silk | /collection/kempu-pachai-and-bandhani | /collection/fabric/chiffon | /collection/fabric/georgette | /collection/rose-vine-stripe-chiffon-saree | /collection/coral-sunrise-chiffon-georgette-saree,/,yes,/: body | /collection: meta | /authentication: body | /sell-your-saree: body | /policies/care-packaging-policy: body,Protected commercial term retained by audit normalization.
sizesleeveless,61,/blouses | /collection/tangerine-noir-floral-border-weave | /collection/sunset-ombr-chiffon-draped-dream | /collection/moonstone-cream-mauve-border-saree | /collection/marigold-moss-cotton | /collection/midnight-garden-georgette-saree | /collection/mustard-organza-brown-border-drape | /collection/charcoal-gold-organza-heirloom-drape | /collection/beige-organza-peach-bloom | /collection/maroon-chettinad-cotton | /collection/deep-wine-organza | /collection/indigo-dusk-silk-cotton | /collection/reddish-mango-cotton-orange-border | /collection/magenta-cotton | /collection/red-blue-madras-check-cotton | /collection/twilight-orange-cotton-weave | /collection/lime-and-gold-cotton-classic | /collection/midnight-tribe-gold-border-cotton | /collection/autumn-ember-golden-leaf-cotton | /collection/orange-blossom-cotton-weave | /collection/blush-green-handwoven-cotton-drape | /collection/brown-kapi-cotton-black-line-border | /collection/rani-pink-georgette-garden-party | /collection/midnight-zari-georgette | /collection/mayil-peacock-kanjivaram-mix | /collection/burnt-orange-temple-border-kanjivaram | /collection/semmanjal-turmeric-gold-kanjeevaram | /collection/thangam-golden-weave-kanjivaram | /collection/violet-bloom-cotton-drape | /collection/heritage-zari-border-kanjivaram | /collection/nava-pazham-kanjeevaram-silk | /collection/colorful-vintage-kanjeevaram | /collection/gulabi-kota-cotton | /collection/pachai-linen-golden-border-drape | /collection/rose-vine-stripe-chiffon-saree,/blouses,no,/blouses: body | /collection/tangerine-noir-floral-border-weave: body | /collection/sunset-ombr-chiffon-draped-dream: body | /collection/moonstone-cream-mauve-border-saree: body | /collection/marigold-moss-cotton: body,
stretchfit,61,/top-viewed | /blouses | /collection/tangerine-noir-floral-border-weave | /collection/sunset-ombr-chiffon-draped-dream | /collection/moonstone-cream-mauve-border-saree | /collection/marigold-moss-cotton | /collection/midnight-garden-georgette-saree | /collection/mustard-organza-brown-border-drape | /collection/charcoal-gold-organza-heirloom-drape | /collection/beige-organza-peach-bloom | /collection/maroon-chettinad-cotton | /collection/deep-wine-organza | /collection/indigo-dusk-silk-cotton | /collection/reddish-mango-cotton-orange-border | /collection/magenta-cotton | /collection/red-blue-madras-check-cotton | /collection/twilight-orange-cotton-weave | /collection/lime-and-gold-cotton-classic | /collection/midnight-tribe-gold-border-cotton | /collection/autumn-ember-golden-leaf-cotton | /collection/orange-blossom-cotton-weave | /collection/blush-green-handwoven-cotton-drape | /collection/brown-kapi-cotton-black-line-border | /collection/rani-pink-georgette-garden-party | /collection/midnight-zari-georgette | /collection/mayil-peacock-kanjivaram-mix | /collection/burnt-orange-temple-border-kanjivaram | /collection/semmanjal-turmeric-gold-kanjeevaram | /collection/thangam-golden-weave-kanjivaram | /collection/violet-bloom-cotton-drape | /collection/heritage-zari-border-kanjivaram | /collection/nava-pazham-kanjeevaram-silk | /collection/colorful-vintage-kanjeevaram | /collection/gulabi-kota-cotton | /collection/pachai-linen-golden-border-drape | /collection/rose-vine-stripe-chiffon-saree,/top-viewed,yes,/top-viewed: body | /blouses: body | /collection/tangerine-noir-floral-border-weave: body | /collection/sunset-ombr-chiffon-draped-dream: body | /collection/moonstone-cream-mauve-border-saree: body,
clean,60,/faqs | /how-it-works | /sell-your-saree | /packing | /policies/care-packaging-policy | /collection/fabric/silk | /collection/tangerine-noir-floral-border-weave | /collection/sunset-ombr-chiffon-draped-dream | /collection/indigo-plum-tied-silk-saree | /collection/forest-flame-tie-dye-silk | /collection/moonstone-cream-mauve-border-saree | /collection/marigold-moss-cotton | /collection/midnight-garden-georgette-saree | /collection/verdant-bloom-silk-burgundy-gold-border | /collection/pink-katan-triangle-zari-edge | /collection/forest-green-silk-black-gold | /collection/teal-blue-moody-silk-drape | /collection/rose-silk-green-brown-stripe | /collection/mustard-organza-brown-border-drape | /collection/charcoal-gold-organza-heirloom-drape | /collection/beige-organza-peach-bloom | /collection/maroon-chettinad-cotton | /collection/deep-wine-organza | /collection/indigo-dusk-silk-cotton | /collection/reddish-mango-cotton-orange-border | /collection/magenta-cotton | /collection/red-blue-madras-check-cotton | /collection/twilight-orange-cotton-weave | /collection/lime-and-gold-cotton-classic | /collection/midnight-tribe-gold-border-cotton | /collection/autumn-ember-golden-leaf-cotton | /collection/orange-blossom-cotton-weave | /collection/midnight-kesari-cotton-drape | /collection/blush-green-handwoven-cotton-drape | /collection/brown-kapi-cotton-black-line-border | /collection/brown-and-mustard-light-silk | /collection/kesari-sunset-chiffon-saree | /collection/magenta-mist-chiffon-drape | /collection/green-chiffon-with-fancy-border | /collection/rani-pink-georgette-garden-party | /collection/midnight-zari-georgette | /collection/pressed-bloom-sheer-chiffon | /collection/mayil-peacock-kanjivaram-mix | /collection/burnt-orange-temple-border-kanjivaram | /collection/semmanjal-turmeric-gold-kanjeevaram | /collection/thangam-golden-weave-kanjivaram | /collection/violet-bloom-cotton-drape | /collection/moss-green-lightweight-silk-selai | /collection/heritage-zari-border-kanjivaram | /collection/nava-pazham-kanjeevaram-silk | /collection/nila-blue-gold-zari-silk | /collection/colorful-vintage-kanjeevaram | /collection/gulabi-kota-cotton | /collection/kempu-pachai-and-bandhani | /collection/pachai-linen-golden-border-drape | /faq | /collection/rose-vine-stripe-chiffon-saree | /collection/coral-sunrise-chiffon-georgette-saree,/faqs,no,/faqs: body | /how-it-works: body | /sell-your-saree: body | /packing: body | /policies/care-packaging-policy: body,
feel,60,/ | /faqs | /policies/return-refund-policy | /guides/what-is-a-pre-loved-saree | /guides/pre-loved-vs-second-hand-saree | /collection/tangerine-noir-floral-border-weave | /collection/sunset-ombr-chiffon-draped-dream | /collection/indigo-plum-tied-silk-saree | /collection/forest-flame-tie-dye-silk | /collection/moonstone-cream-mauve-border-saree | /collection/marigold-moss-cotton | /collection/midnight-garden-georgette-saree | /collection/verdant-bloom-silk-burgundy-gold-border | /collection/pink-katan-triangle-zari-edge | /collection/forest-green-silk-black-gold | /collection/teal-blue-moody-silk-drape | /collection/rose-silk-green-brown-stripe | /collection/mustard-organza-brown-border-drape | /collection/charcoal-gold-organza-heirloom-drape | /collection/beige-organza-peach-bloom | /collection/maroon-chettinad-cotton | /collection/deep-wine-organza | /collection/indigo-dusk-silk-cotton | /collection/reddish-mango-cotton-orange-border | /collection/magenta-cotton | /collection/red-blue-madras-check-cotton | /collection/twilight-orange-cotton-weave | /collection/lime-and-gold-cotton-classic | /collection/midnight-tribe-gold-border-cotton | /collection/autumn-ember-golden-leaf-cotton | /collection/orange-blossom-cotton-weave | /collection/midnight-kesari-cotton-drape | /collection/blush-green-handwoven-cotton-drape | /collection/brown-kapi-cotton-black-line-border | /collection/brown-and-mustard-light-silk | /collection/kesari-sunset-chiffon-saree | /collection/magenta-mist-chiffon-drape | /collection/green-chiffon-with-fancy-border | /collection/rani-pink-georgette-garden-party | /collection/midnight-zari-georgette | /collection/pressed-bloom-sheer-chiffon | /collection/mayil-peacock-kanjivaram-mix | /collection/burnt-orange-temple-border-kanjivaram | /collection/semmanjal-turmeric-gold-kanjeevaram | /collection/thangam-golden-weave-kanjivaram | /collection/violet-bloom-cotton-drape | /collection/moss-green-lightweight-silk-selai | /collection/heritage-zari-border-kanjivaram | /collection/nava-pazham-kanjeevaram-silk | /collection/nila-blue-gold-zari-silk | /collection/colorful-vintage-kanjeevaram | /collection/gulabi-kota-cotton | /collection/kempu-pachai-and-bandhani | /collection/pachai-linen-golden-border-drape | /return-policy | /faq | /collection/rose-vine-stripe-chiffon-saree | /collection/coral-sunrise-chiffon-georgette-saree,/,yes,/: body | /faqs: body | /policies/return-refund-policy: body | /guides/what-is-a-pre-loved-saree: body | /guides/pre-loved-vs-second-hand-saree: body,
final,60,/sell-your-saree | /policies/return-refund-policy | /policies/terms-of-service | /policies/authentication-condition-policy | /policies/cancellation-policy | /guides/pre-loved-vs-second-hand-saree | /collection/tangerine-noir-floral-border-weave | /collection/sunset-ombr-chiffon-draped-dream | /collection/indigo-plum-tied-silk-saree | /collection/forest-flame-tie-dye-silk | /collection/moonstone-cream-mauve-border-saree | /collection/marigold-moss-cotton | /collection/midnight-garden-georgette-saree | /collection/verdant-bloom-silk-burgundy-gold-border | /collection/pink-katan-triangle-zari-edge | /collection/forest-green-silk-black-gold | /collection/teal-blue-moody-silk-drape | /collection/rose-silk-green-brown-stripe | /collection/mustard-organza-brown-border-drape | /collection/charcoal-gold-organza-heirloom-drape | /collection/beige-organza-peach-bloom | /collection/maroon-chettinad-cotton | /collection/deep-wine-organza | /collection/indigo-dusk-silk-cotton | /collection/reddish-mango-cotton-orange-border | /collection/magenta-cotton | /collection/red-blue-madras-check-cotton | /collection/twilight-orange-cotton-weave | /collection/lime-and-gold-cotton-classic | /collection/midnight-tribe-gold-border-cotton | /collection/autumn-ember-golden-leaf-cotton | /collection/orange-blossom-cotton-weave | /collection/midnight-kesari-cotton-drape | /collection/blush-green-handwoven-cotton-drape | /collection/brown-kapi-cotton-black-line-border | /collection/brown-and-mustard-light-silk | /collection/kesari-sunset-chiffon-saree | /collection/magenta-mist-chiffon-drape | /collection/green-chiffon-with-fancy-border | /collection/rani-pink-georgette-garden-party | /collection/midnight-zari-georgette | /collection/pressed-bloom-sheer-chiffon | /collection/mayil-peacock-kanjivaram-mix | /collection/burnt-orange-temple-border-kanjivaram | /collection/semmanjal-turmeric-gold-kanjeevaram | /collection/thangam-golden-weave-kanjivaram | /collection/violet-bloom-cotton-drape | /collection/moss-green-lightweight-silk-selai | /collection/heritage-zari-border-kanjivaram | /collection/nava-pazham-kanjeevaram-silk | /collection/nila-blue-gold-zari-silk | /collection/colorful-vintage-kanjeevaram | /collection/gulabi-kota-cotton | /collection/kempu-pachai-and-bandhani | /collection/pachai-linen-golden-border-drape | /return-policy | /terms-of-service,/sell-your-saree,yes,/sell-your-saree: body | /policies/return-refund-policy: body | /policies/terms-of-service: body | /policies/authentication-condition-policy: body | /policies/cancellation-policy: body,
similar,60,/faqs | /policies/privacy-policy | /policies/cancellation-policy | /collection/tangerine-noir-floral-border-weave | /collection/sunset-ombr-chiffon-draped-dream | /collection/indigo-plum-tied-silk-saree | /collection/forest-flame-tie-dye-silk | /collection/moonstone-cream-mauve-border-saree | /collection/marigold-moss-cotton | /collection/midnight-garden-georgette-saree | /collection/verdant-bloom-silk-burgundy-gold-border | /collection/pink-katan-triangle-zari-edge | /collection/forest-green-silk-black-gold | /collection/teal-blue-moody-silk-drape | /collection/rose-silk-green-brown-stripe | /collection/mustard-organza-brown-border-drape | /collection/charcoal-gold-organza-heirloom-drape | /collection/beige-organza-peach-bloom | /collection/maroon-chettinad-cotton | /collection/deep-wine-organza | /collection/indigo-dusk-silk-cotton | /collection/reddish-mango-cotton-orange-border | /collection/magenta-cotton | /collection/red-blue-madras-check-cotton | /collection/twilight-orange-cotton-weave | /collection/lime-and-gold-cotton-classic | /collection/midnight-tribe-gold-border-cotton | /collection/autumn-ember-golden-leaf-cotton | /collection/orange-blossom-cotton-weave | /collection/midnight-kesari-cotton-drape | /collection/blush-green-handwoven-cotton-drape | /collection/brown-kapi-cotton-black-line-border | /collection/brown-and-mustard-light-silk | /collection/kesari-sunset-chiffon-saree | /collection/magenta-mist-chiffon-drape | /collection/green-chiffon-with-fancy-border | /collection/rani-pink-georgette-garden-party | /collection/midnight-zari-georgette | /collection/pressed-bloom-sheer-chiffon | /collection/mayil-peacock-kanjivaram-mix | /collection/burnt-orange-temple-border-kanjivaram | /collection/semmanjal-turmeric-gold-kanjeevaram | /collection/thangam-golden-weave-kanjivaram | /collection/violet-bloom-cotton-drape | /collection/moss-green-lightweight-silk-selai | /collection/heritage-zari-border-kanjivaram | /collection/nava-pazham-kanjeevaram-silk | /collection/nila-blue-gold-zari-silk | /collection/colorful-vintage-kanjeevaram | /collection/gulabi-kota-cotton | /collection/kempu-pachai-and-bandhani | /collection/pachai-linen-golden-border-drape | /privacy-policy | /faq | /collection/rose-vine-stripe-chiffon-saree | /collection/coral-sunrise-chiffon-georgette-saree,/faqs,yes,/faqs: body | /policies/privacy-policy: body | /policies/cancellation-policy: body | /collection/tangerine-noir-floral-border-weave: body | /collection/sunset-ombr-chiffon-draped-dream: body,
away,59,/ | /faqs | /sell-your-saree | /policies/care-packaging-policy | /collection/fabric/silk | /collection/tangerine-noir-floral-border-weave | /collection/sunset-ombr-chiffon-draped-dream | /collection/indigo-plum-tied-silk-saree | /collection/forest-flame-tie-dye-silk | /collection/moonstone-cream-mauve-border-saree | /collection/marigold-moss-cotton | /collection/midnight-garden-georgette-saree | /collection/verdant-bloom-silk-burgundy-gold-border | /collection/pink-katan-triangle-zari-edge | /collection/forest-green-silk-black-gold | /collection/teal-blue-moody-silk-drape | /collection/rose-silk-green-brown-stripe | /collection/mustard-organza-brown-border-drape | /collection/charcoal-gold-organza-heirloom-drape | /collection/beige-organza-peach-bloom | /collection/maroon-chettinad-cotton | /collection/deep-wine-organza | /collection/indigo-dusk-silk-cotton | /collection/reddish-mango-cotton-orange-border | /collection/magenta-cotton | /collection/red-blue-madras-check-cotton | /collection/twilight-orange-cotton-weave | /collection/lime-and-gold-cotton-classic | /collection/midnight-tribe-gold-border-cotton | /collection/autumn-ember-golden-leaf-cotton | /collection/orange-blossom-cotton-weave | /collection/midnight-kesari-cotton-drape | /collection/blush-green-handwoven-cotton-drape | /collection/brown-kapi-cotton-black-line-border | /collection/brown-and-mustard-light-silk | /collection/kesari-sunset-chiffon-saree | /collection/magenta-mist-chiffon-drape | /collection/green-chiffon-with-fancy-border | /collection/rani-pink-georgette-garden-party | /collection/midnight-zari-georgette | /collection/pressed-bloom-sheer-chiffon | /collection/mayil-peacock-kanjivaram-mix | /collection/burnt-orange-temple-border-kanjivaram | /collection/semmanjal-turmeric-gold-kanjeevaram | /collection/thangam-golden-weave-kanjivaram | /collection/violet-bloom-cotton-drape | /collection/moss-green-lightweight-silk-selai | /collection/heritage-zari-border-kanjivaram | /collection/nava-pazham-kanjeevaram-silk | /collection/nila-blue-gold-zari-silk | /collection/colorful-vintage-kanjeevaram | /collection/gulabi-kota-cotton | /collection/kempu-pachai-and-bandhani | /collection/pachai-linen-golden-border-drape | /faq | /collection/rose-vine-stripe-chiffon-saree | /collection/coral-sunrise-chiffon-georgette-saree,/,no,/: body | /faqs: body | /sell-your-saree: body | /policies/care-packaging-policy: body | /collection/fabric/silk: body,
chapter,59,/our-story | /faqs | /how-it-works | /authentication | /sell-your-saree | /collection/tangerine-noir-floral-border-weave | /collection/sunset-ombr-chiffon-draped-dream | /collection/indigo-plum-tied-silk-saree | /collection/forest-flame-tie-dye-silk | /collection/moonstone-cream-mauve-border-saree | /collection/marigold-moss-cotton | /collection/midnight-garden-georgette-saree | /collection/verdant-bloom-silk-burgundy-gold-border | /collection/pink-katan-triangle-zari-edge | /collection/forest-green-silk-black-gold | /collection/teal-blue-moody-silk-drape | /collection/rose-silk-green-brown-stripe | /collection/mustard-organza-brown-border-drape | /collection/charcoal-gold-organza-heirloom-drape | /collection/beige-organza-peach-bloom | /collection/maroon-chettinad-cotton | /collection/deep-wine-organza | /collection/indigo-dusk-silk-cotton | /collection/reddish-mango-cotton-orange-border | /collection/magenta-cotton | /collection/red-blue-madras-check-cotton | /collection/twilight-orange-cotton-weave | /collection/lime-and-gold-cotton-classic | /collection/midnight-tribe-gold-border-cotton | /collection/autumn-ember-golden-leaf-cotton | /collection/orange-blossom-cotton-weave | /collection/midnight-kesari-cotton-drape | /collection/blush-green-handwoven-cotton-drape | /collection/brown-kapi-cotton-black-line-border | /collection/brown-and-mustard-light-silk | /collection/kesari-sunset-chiffon-saree | /collection/magenta-mist-chiffon-drape | /collection/green-chiffon-with-fancy-border | /collection/rani-pink-georgette-garden-party | /collection/midnight-zari-georgette | /collection/pressed-bloom-sheer-chiffon | /collection/mayil-peacock-kanjivaram-mix | /collection/burnt-orange-temple-border-kanjivaram | /collection/semmanjal-turmeric-gold-kanjeevaram | /collection/thangam-golden-weave-kanjivaram | /collection/violet-bloom-cotton-drape | /collection/moss-green-lightweight-silk-selai | /collection/heritage-zari-border-kanjivaram | /collection/nava-pazham-kanjeevaram-silk | /collection/nila-blue-gold-zari-silk | /collection/colorful-vintage-kanjeevaram | /collection/gulabi-kota-cotton | /collection/kempu-pachai-and-bandhani | /collection/pachai-linen-golden-border-drape | /faq | /about | /stories | /collection/rose-vine-stripe-chiffon-saree | /collection/coral-sunrise-chiffon-georgette-saree,/our-story,yes,/our-story: body | /faqs: body | /how-it-works: body | /authentication: body | /sell-your-saree: body,
delivery,59,/faqs | /policies | /packing | /policies/privacy-policy | /policies/return-refund-policy | /policies/shipping-delivery-policy | /policies/terms-of-service | /policies/authentication-condition-policy | /policies/care-packaging-policy | /policies/cancellation-policy | /policies/sell-with-us-policy | /policies/grievance-redressal | /privacy-policy | /return-policy | /shipping-policy | /terms-of-service | /faq,/faqs,yes,/faqs: body | /policies: body | /packing: body | /policies/privacy-policy: body | /policies/return-refund-policy: body,
direct,59,/faqs | /packing | /policies/care-packaging-policy | /collection/fabric/silk | /collection/tangerine-noir-floral-border-weave | /collection/sunset-ombr-chiffon-draped-dream | /collection/indigo-plum-tied-silk-saree | /collection/forest-flame-tie-dye-silk | /collection/moonstone-cream-mauve-border-saree | /collection/marigold-moss-cotton | /collection/midnight-garden-georgette-saree | /collection/verdant-bloom-silk-burgundy-gold-border | /collection/pink-katan-triangle-zari-edge | /collection/forest-green-silk-black-gold | /collection/teal-blue-moody-silk-drape | /collection/rose-silk-green-brown-stripe | /collection/mustard-organza-brown-border-drape | /collection/charcoal-gold-organza-heirloom-drape | /collection/beige-organza-peach-bloom | /collection/maroon-chettinad-cotton | /collection/deep-wine-organza | /collection/indigo-dusk-silk-cotton | /collection/reddish-mango-cotton-orange-border | /collection/magenta-cotton | /collection/red-blue-madras-check-cotton | /collection/twilight-orange-cotton-weave | /collection/lime-and-gold-cotton-classic | /collection/midnight-tribe-gold-border-cotton | /collection/autumn-ember-golden-leaf-cotton | /collection/orange-blossom-cotton-weave | /collection/midnight-kesari-cotton-drape | /collection/blush-green-handwoven-cotton-drape | /collection/brown-kapi-cotton-black-line-border | /collection/brown-and-mustard-light-silk | /collection/kesari-sunset-chiffon-saree | /collection/magenta-mist-chiffon-drape | /collection/green-chiffon-with-fancy-border | /collection/rani-pink-georgette-garden-party | /collection/midnight-zari-georgette | /collection/pressed-bloom-sheer-chiffon | /collection/mayil-peacock-kanjivaram-mix | /collection/burnt-orange-temple-border-kanjivaram | /collection/semmanjal-turmeric-gold-kanjeevaram | /collection/thangam-golden-weave-kanjivaram | /collection/violet-bloom-cotton-drape | /collection/moss-green-lightweight-silk-selai | /collection/heritage-zari-border-kanjivaram | /collection/nava-pazham-kanjeevaram-silk | /collection/nila-blue-gold-zari-silk | /collection/colorful-vintage-kanjeevaram | /collection/gulabi-kota-cotton | /collection/kempu-pachai-and-bandhani | /collection/pachai-linen-golden-border-drape | /faq | /collection/rose-vine-stripe-chiffon-saree | /collection/coral-sunrise-chiffon-georgette-saree,/faqs,no,/faqs: body | /packing: body | /policies/care-packaging-policy: body | /collection/fabric/silk: body | /collection/tangerine-noir-floral-border-weave: body,
home,59,/faqs | /how-it-works | /policies | /why | /sell-your-saree | /collection/tangerine-noir-floral-border-weave | /collection/sunset-ombr-chiffon-draped-dream | /collection/indigo-plum-tied-silk-saree | /collection/forest-flame-tie-dye-silk | /collection/moonstone-cream-mauve-border-saree | /collection/marigold-moss-cotton | /collection/midnight-garden-georgette-saree | /collection/verdant-bloom-silk-burgundy-gold-border | /collection/pink-katan-triangle-zari-edge | /collection/forest-green-silk-black-gold | /collection/teal-blue-moody-silk-drape | /collection/rose-silk-green-brown-stripe | /collection/mustard-organza-brown-border-drape | /collection/charcoal-gold-organza-heirloom-drape | /collection/beige-organza-peach-bloom | /collection/maroon-chettinad-cotton | /collection/deep-wine-organza | /collection/indigo-dusk-silk-cotton | /collection/reddish-mango-cotton-orange-border | /collection/magenta-cotton | /collection/red-blue-madras-check-cotton | /collection/twilight-orange-cotton-weave | /collection/lime-and-gold-cotton-classic | /collection/midnight-tribe-gold-border-cotton | /collection/autumn-ember-golden-leaf-cotton | /collection/orange-blossom-cotton-weave | /collection/midnight-kesari-cotton-drape | /collection/blush-green-handwoven-cotton-drape | /collection/brown-kapi-cotton-black-line-border | /collection/brown-and-mustard-light-silk | /collection/kesari-sunset-chiffon-saree | /collection/magenta-mist-chiffon-drape | /collection/green-chiffon-with-fancy-border | /collection/rani-pink-georgette-garden-party | /collection/midnight-zari-georgette | /collection/pressed-bloom-sheer-chiffon | /collection/mayil-peacock-kanjivaram-mix | /collection/burnt-orange-temple-border-kanjivaram | /collection/semmanjal-turmeric-gold-kanjeevaram | /collection/thangam-golden-weave-kanjivaram | /collection/violet-bloom-cotton-drape | /collection/moss-green-lightweight-silk-selai | /collection/heritage-zari-border-kanjivaram | /collection/nava-pazham-kanjeevaram-silk | /collection/nila-blue-gold-zari-silk | /collection/colorful-vintage-kanjeevaram | /collection/gulabi-kota-cotton | /collection/kempu-pachai-and-bandhani | /collection/pachai-linen-golden-border-drape | /faq | /collection/rose-vine-stripe-chiffon-saree | /collection/coral-sunrise-chiffon-georgette-saree,/faqs,yes,/faqs: body | /how-it-works: body | /policies: body | /why: body | /sell-your-saree: body,
sunlight,57,/faqs | /policies/care-packaging-policy | /collection/fabric/silk | /collection/tangerine-noir-floral-border-weave | /collection/sunset-ombr-chiffon-draped-dream | /collection/indigo-plum-tied-silk-saree | /collection/forest-flame-tie-dye-silk | /collection/moonstone-cream-mauve-border-saree | /collection/marigold-moss-cotton | /collection/midnight-garden-georgette-saree | /collection/verdant-bloom-silk-burgundy-gold-border | /collection/pink-katan-triangle-zari-edge | /collection/forest-green-silk-black-gold | /collection/teal-blue-moody-silk-drape | /collection/rose-silk-green-brown-stripe | /collection/mustard-organza-brown-border-drape | /collection/charcoal-gold-organza-heirloom-drape | /collection/beige-organza-peach-bloom | /collection/maroon-chettinad-cotton | /collection/deep-wine-organza | /collection/indigo-dusk-silk-cotton | /collection/reddish-mango-cotton-orange-border | /collection/magenta-cotton | /collection/red-blue-madras-check-cotton | /collection/twilight-orange-cotton-weave | /collection/lime-and-gold-cotton-classic | /collection/midnight-tribe-gold-border-cotton | /collection/autumn-ember-golden-leaf-cotton | /collection/orange-blossom-cotton-weave | /collection/midnight-kesari-cotton-drape | /collection/blush-green-handwoven-cotton-drape | /collection/brown-kapi-cotton-black-line-border | /collection/brown-and-mustard-light-silk | /collection/kesari-sunset-chiffon-saree | /collection/magenta-mist-chiffon-drape | /collection/green-chiffon-with-fancy-border | /collection/rani-pink-georgette-garden-party | /collection/midnight-zari-georgette | /collection/pressed-bloom-sheer-chiffon | /collection/mayil-peacock-kanjivaram-mix | /collection/burnt-orange-temple-border-kanjivaram | /collection/semmanjal-turmeric-gold-kanjeevaram | /collection/thangam-golden-weave-kanjivaram | /collection/violet-bloom-cotton-drape | /collection/moss-green-lightweight-silk-selai | /collection/heritage-zari-border-kanjivaram | /collection/nava-pazham-kanjeevaram-silk | /collection/nila-blue-gold-zari-silk | /collection/colorful-vintage-kanjeevaram | /collection/gulabi-kota-cotton | /collection/kempu-pachai-and-bandhani | /collection/pachai-linen-golden-border-drape | /faq | /collection/rose-vine-stripe-chiffon-saree | /collection/coral-sunrise-chiffon-georgette-saree,/faqs,no,/faqs: body | /policies/care-packaging-policy: body | /collection/fabric/silk: body | /collection/tangerine-noir-floral-border-weave: body | /collection/sunset-ombr-chiffon-draped-dream: body,
make,56,/why | /policies/privacy-policy | /guides/what-is-a-pre-loved-saree | /guides/pre-loved-vs-second-hand-saree | /collection/tangerine-noir-floral-border-weave | /collection/sunset-ombr-chiffon-draped-dream | /collection/indigo-plum-tied-silk-saree | /collection/forest-flame-tie-dye-silk | /collection/moonstone-cream-mauve-border-saree | /collection/marigold-moss-cotton | /collection/midnight-garden-georgette-saree | /collection/verdant-bloom-silk-burgundy-gold-border | /collection/pink-katan-triangle-zari-edge | /collection/forest-green-silk-black-gold | /collection/teal-blue-moody-silk-drape | /collection/rose-silk-green-brown-stripe | /collection/mustard-organza-brown-border-drape | /collection/charcoal-gold-organza-heirloom-drape | /collection/beige-organza-peach-bloom | /collection/maroon-chettinad-cotton | /collection/deep-wine-organza | /collection/indigo-dusk-silk-cotton | /collection/reddish-mango-cotton-orange-border | /collection/magenta-cotton | /collection/red-blue-madras-check-cotton | /collection/twilight-orange-cotton-weave | /collection/lime-and-gold-cotton-classic | /collection/midnight-tribe-gold-border-cotton | /collection/autumn-ember-golden-leaf-cotton | /collection/orange-blossom-cotton-weave | /collection/midnight-kesari-cotton-drape | /collection/blush-green-handwoven-cotton-drape | /collection/brown-kapi-cotton-black-line-border | /collection/brown-and-mustard-light-silk | /collection/kesari-sunset-chiffon-saree | /collection/magenta-mist-chiffon-drape | /collection/green-chiffon-with-fancy-border | /collection/rani-pink-georgette-garden-party | /collection/midnight-zari-georgette | /collection/pressed-bloom-sheer-chiffon | /collection/mayil-peacock-kanjivaram-mix | /collection/burnt-orange-temple-border-kanjivaram | /collection/semmanjal-turmeric-gold-kanjeevaram | /collection/thangam-golden-weave-kanjivaram | /collection/violet-bloom-cotton-drape | /collection/moss-green-lightweight-silk-selai | /collection/heritage-zari-border-kanjivaram | /collection/nava-pazham-kanjeevaram-silk | /collection/nila-blue-gold-zari-silk | /collection/colorful-vintage-kanjeevaram | /collection/gulabi-kota-cotton | /collection/kempu-pachai-and-bandhani | /collection/pachai-linen-golden-border-drape | /privacy-policy | /collection/rose-vine-stripe-chiffon-saree | /collection/coral-sunrise-chiffon-georgette-saree,/why,no,/why: body | /policies/privacy-policy: body | /guides/what-is-a-pre-loved-saree: body | /guides/pre-loved-vs-second-hand-saree: body | /collection/tangerine-noir-floral-border-weave: body,
ownership,56,/policies/privacy-policy | /policies/terms-of-service | /policies/authentication-condition-policy | /policies/sell-with-us-policy | /blouses | /collection/tangerine-noir-floral-border-weave | /collection/sunset-ombr-chiffon-draped-dream | /collection/indigo-plum-tied-silk-saree | /collection/forest-flame-tie-dye-silk | /collection/moonstone-cream-mauve-border-saree | /collection/marigold-moss-cotton | /collection/midnight-garden-georgette-saree | /collection/verdant-bloom-silk-burgundy-gold-border | /collection/pink-katan-triangle-zari-edge | /collection/forest-green-silk-black-gold | /collection/teal-blue-moody-silk-drape | /collection/rose-silk-green-brown-stripe | /collection/mustard-organza-brown-border-drape | /collection/charcoal-gold-organza-heirloom-drape | /collection/beige-organza-peach-bloom | /collection/maroon-chettinad-cotton | /collection/deep-wine-organza | /collection/indigo-dusk-silk-cotton | /collection/reddish-mango-cotton-orange-border | /collection/magenta-cotton | /collection/red-blue-madras-check-cotton | /collection/twilight-orange-cotton-weave | /collection/lime-and-gold-cotton-classic | /collection/midnight-tribe-gold-border-cotton | /collection/autumn-ember-golden-leaf-cotton | /collection/orange-blossom-cotton-weave | /collection/midnight-kesari-cotton-drape | /collection/blush-green-handwoven-cotton-drape | /collection/brown-kapi-cotton-black-line-border | /collection/brown-and-mustard-light-silk | /collection/kesari-sunset-chiffon-saree | /collection/magenta-mist-chiffon-drape | /collection/green-chiffon-with-fancy-border | /collection/rani-pink-georgette-garden-party | /collection/midnight-zari-georgette | /collection/pressed-bloom-sheer-chiffon | /collection/mayil-peacock-kanjivaram-mix | /collection/burnt-orange-temple-border-kanjivaram | /collection/semmanjal-turmeric-gold-kanjeevaram | /collection/thangam-golden-weave-kanjivaram | /collection/violet-bloom-cotton-drape | /collection/moss-green-lightweight-silk-selai | /collection/heritage-zari-border-kanjivaram | /collection/nava-pazham-kanjeevaram-silk | /collection/nila-blue-gold-zari-silk | /collection/colorful-vintage-kanjeevaram | /collection/gulabi-kota-cotton | /collection/kempu-pachai-and-bandhani | /collection/pachai-linen-golden-border-drape | /privacy-policy | /terms-of-service,/policies/privacy-policy,yes,/policies/privacy-policy: body | /policies/terms-of-service: body | /policies/authentication-condition-policy: body | /policies/sell-with-us-policy: body | /blouses: body,
just,55,/faqs | /how-it-works | /why | /collection/tangerine-noir-floral-border-weave | /collection/sunset-ombr-chiffon-draped-dream | /collection/indigo-plum-tied-silk-saree | /collection/forest-flame-tie-dye-silk | /collection/moonstone-cream-mauve-border-saree | /collection/marigold-moss-cotton | /collection/midnight-garden-georgette-saree | /collection/verdant-bloom-silk-burgundy-gold-border | /collection/pink-katan-triangle-zari-edge | /collection/forest-green-silk-black-gold | /collection/teal-blue-moody-silk-drape | /collection/rose-silk-green-brown-stripe | /collection/mustard-organza-brown-border-drape | /collection/charcoal-gold-organza-heirloom-drape | /collection/beige-organza-peach-bloom | /collection/maroon-chettinad-cotton | /collection/deep-wine-organza | /collection/indigo-dusk-silk-cotton | /collection/reddish-mango-cotton-orange-border | /collection/magenta-cotton | /collection/red-blue-madras-check-cotton | /collection/twilight-orange-cotton-weave | /collection/lime-and-gold-cotton-classic | /collection/midnight-tribe-gold-border-cotton | /collection/autumn-ember-golden-leaf-cotton | /collection/orange-blossom-cotton-weave | /collection/midnight-kesari-cotton-drape | /collection/blush-green-handwoven-cotton-drape | /collection/brown-kapi-cotton-black-line-border | /collection/brown-and-mustard-light-silk | /collection/kesari-sunset-chiffon-saree | /collection/magenta-mist-chiffon-drape | /collection/green-chiffon-with-fancy-border | /collection/rani-pink-georgette-garden-party | /collection/midnight-zari-georgette | /collection/pressed-bloom-sheer-chiffon | /collection/mayil-peacock-kanjivaram-mix | /collection/burnt-orange-temple-border-kanjivaram | /collection/semmanjal-turmeric-gold-kanjeevaram | /collection/thangam-golden-weave-kanjivaram | /collection/violet-bloom-cotton-drape | /collection/moss-green-lightweight-silk-selai | /collection/heritage-zari-border-kanjivaram | /collection/nava-pazham-kanjeevaram-silk | /collection/nila-blue-gold-zari-silk | /collection/colorful-vintage-kanjeevaram | /collection/gulabi-kota-cotton | /collection/kempu-pachai-and-bandhani | /collection/pachai-linen-golden-border-drape | /faq | /collection/rose-vine-stripe-chiffon-saree | /collection/coral-sunrise-chiffon-georgette-saree,/faqs,yes,/faqs: body | /how-it-works: body | /why: H1 | /collection/tangerine-noir-floral-border-weave: body | /collection/sunset-ombr-chiffon-draped-dream: body,
selected,55,/ | /faqs | /packing | /collection/tangerine-noir-floral-border-weave | /collection/sunset-ombr-chiffon-draped-dream | /collection/indigo-plum-tied-silk-saree | /collection/forest-flame-tie-dye-silk | /collection/moonstone-cream-mauve-border-saree | /collection/marigold-moss-cotton | /collection/midnight-garden-georgette-saree | /collection/verdant-bloom-silk-burgundy-gold-border | /collection/pink-katan-triangle-zari-edge | /collection/forest-green-silk-black-gold | /collection/teal-blue-moody-silk-drape | /collection/rose-silk-green-brown-stripe | /collection/mustard-organza-brown-border-drape | /collection/charcoal-gold-organza-heirloom-drape | /collection/beige-organza-peach-bloom | /collection/maroon-chettinad-cotton | /collection/deep-wine-organza | /collection/indigo-dusk-silk-cotton | /collection/reddish-mango-cotton-orange-border | /collection/magenta-cotton | /collection/red-blue-madras-check-cotton | /collection/twilight-orange-cotton-weave | /collection/lime-and-gold-cotton-classic | /collection/midnight-tribe-gold-border-cotton | /collection/autumn-ember-golden-leaf-cotton | /collection/orange-blossom-cotton-weave | /collection/midnight-kesari-cotton-drape | /collection/blush-green-handwoven-cotton-drape | /collection/brown-kapi-cotton-black-line-border | /collection/brown-and-mustard-light-silk | /collection/kesari-sunset-chiffon-saree | /collection/magenta-mist-chiffon-drape | /collection/green-chiffon-with-fancy-border | /collection/rani-pink-georgette-garden-party | /collection/midnight-zari-georgette | /collection/pressed-bloom-sheer-chiffon | /collection/mayil-peacock-kanjivaram-mix | /collection/burnt-orange-temple-border-kanjivaram | /collection/semmanjal-turmeric-gold-kanjeevaram | /collection/thangam-golden-weave-kanjivaram | /collection/violet-bloom-cotton-drape | /collection/moss-green-lightweight-silk-selai | /collection/heritage-zari-border-kanjivaram | /collection/nava-pazham-kanjeevaram-silk | /collection/nila-blue-gold-zari-silk | /collection/colorful-vintage-kanjeevaram | /collection/gulabi-kota-cotton | /collection/kempu-pachai-and-bandhani | /collection/pachai-linen-golden-border-drape | /faq | /collection/rose-vine-stripe-chiffon-saree | /collection/coral-sunrise-chiffon-georgette-saree,/,no,/: body | /faqs: body | /packing: body | /collection/tangerine-noir-floral-border-weave: body | /collection/sunset-ombr-chiffon-draped-dream: body,
circular,54,/how-it-works | /why | /guides/what-is-a-pre-loved-saree | /collection/tangerine-noir-floral-border-weave | /collection/sunset-ombr-chiffon-draped-dream | /collection/indigo-plum-tied-silk-saree | /collection/forest-flame-tie-dye-silk | /collection/moonstone-cream-mauve-border-saree | /collection/marigold-moss-cotton | /collection/midnight-garden-georgette-saree | /collection/verdant-bloom-silk-burgundy-gold-border | /collection/pink-katan-triangle-zari-edge | /collection/forest-green-silk-black-gold | /collection/teal-blue-moody-silk-drape | /collection/rose-silk-green-brown-stripe | /collection/mustard-organza-brown-border-drape | /collection/charcoal-gold-organza-heirloom-drape | /collection/beige-organza-peach-bloom | /collection/maroon-chettinad-cotton | /collection/deep-wine-organza | /collection/indigo-dusk-silk-cotton | /collection/reddish-mango-cotton-orange-border | /collection/magenta-cotton | /collection/red-blue-madras-check-cotton | /collection/twilight-orange-cotton-weave | /collection/lime-and-gold-cotton-classic | /collection/midnight-tribe-gold-border-cotton | /collection/autumn-ember-golden-leaf-cotton | /collection/orange-blossom-cotton-weave | /collection/midnight-kesari-cotton-drape | /collection/blush-green-handwoven-cotton-drape | /collection/brown-kapi-cotton-black-line-border | /collection/brown-and-mustard-light-silk | /collection/kesari-sunset-chiffon-saree | /collection/magenta-mist-chiffon-drape | /collection/green-chiffon-with-fancy-border | /collection/rani-pink-georgette-garden-party | /collection/midnight-zari-georgette | /collection/pressed-bloom-sheer-chiffon | /collection/mayil-peacock-kanjivaram-mix | /collection/burnt-orange-temple-border-kanjivaram | /collection/semmanjal-turmeric-gold-kanjeevaram | /collection/thangam-golden-weave-kanjivaram | /collection/violet-bloom-cotton-drape | /collection/moss-green-lightweight-silk-selai | /collection/heritage-zari-border-kanjivaram | /collection/nava-pazham-kanjeevaram-silk | /collection/nila-blue-gold-zari-silk | /collection/colorful-vintage-kanjeevaram | /collection/gulabi-kota-cotton | /collection/kempu-pachai-and-bandhani | /collection/pachai-linen-golden-border-drape | /collection/rose-vine-stripe-chiffon-saree | /collection/coral-sunrise-chiffon-georgette-saree,/how-it-works,yes,/how-it-works: body | /why: body | /guides/what-is-a-pre-loved-saree: body | /collection/tangerine-noir-floral-border-weave: body | /collection/sunset-ombr-chiffon-draped-dream: body,
reserves,54,/policies/return-refund-policy | /policies/terms-of-service | /policies/cancellation-policy | /collection/tangerine-noir-floral-border-weave | /collection/sunset-ombr-chiffon-draped-dream | /collection/indigo-plum-tied-silk-saree | /collection/forest-flame-tie-dye-silk | /collection/moonstone-cream-mauve-border-saree | /collection/marigold-moss-cotton | /collection/midnight-garden-georgette-saree | /collection/verdant-bloom-silk-burgundy-gold-border | /collection/pink-katan-triangle-zari-edge | /collection/forest-green-silk-black-gold | /collection/teal-blue-moody-silk-drape | /collection/rose-silk-green-brown-stripe | /collection/mustard-organza-brown-border-drape | /collection/charcoal-gold-organza-heirloom-drape | /collection/beige-organza-peach-bloom | /collection/maroon-chettinad-cotton | /collection/deep-wine-organza | /collection/indigo-dusk-silk-cotton | /collection/reddish-mango-cotton-orange-border | /collection/magenta-cotton | /collection/red-blue-madras-check-cotton | /collection/twilight-orange-cotton-weave | /collection/lime-and-gold-cotton-classic | /collection/midnight-tribe-gold-border-cotton | /collection/autumn-ember-golden-leaf-cotton | /collection/orange-blossom-cotton-weave | /collection/midnight-kesari-cotton-drape | /collection/blush-green-handwoven-cotton-drape | /collection/brown-kapi-cotton-black-line-border | /collection/brown-and-mustard-light-silk | /collection/kesari-sunset-chiffon-saree | /collection/magenta-mist-chiffon-drape | /collection/green-chiffon-with-fancy-border | /collection/rani-pink-georgette-garden-party | /collection/midnight-zari-georgette | /collection/pressed-bloom-sheer-chiffon | /collection/mayil-peacock-kanjivaram-mix | /collection/burnt-orange-temple-border-kanjivaram | /collection/semmanjal-turmeric-gold-kanjeevaram | /collection/thangam-golden-weave-kanjivaram | /collection/violet-bloom-cotton-drape | /collection/moss-green-lightweight-silk-selai | /collection/heritage-zari-border-kanjivaram | /collection/nava-pazham-kanjeevaram-silk | /collection/nila-blue-gold-zari-silk | /collection/colorful-vintage-kanjeevaram | /collection/gulabi-kota-cotton | /collection/kempu-pachai-and-bandhani | /collection/pachai-linen-golden-border-drape | /return-policy | /terms-of-service,/policies/return-refund-policy,no,/policies/return-refund-policy: body | /policies/terms-of-service: body | /policies/cancellation-policy: body | /collection/tangerine-noir-floral-border-weave: body | /collection/sunset-ombr-chiffon-draped-dream: body,
blousecotton,53,/top-viewed | /blouses | /collection/tangerine-noir-floral-border-weave | /collection/sunset-ombr-chiffon-draped-dream | /collection/indigo-plum-tied-silk-saree | /collection/forest-flame-tie-dye-silk | /collection/moonstone-cream-mauve-border-saree | /collection/marigold-moss-cotton | /collection/midnight-garden-georgette-saree | /collection/verdant-bloom-silk-burgundy-gold-border | /collection/pink-katan-triangle-zari-edge | /collection/forest-green-silk-black-gold | /collection/teal-blue-moody-silk-drape | /collection/rose-silk-green-brown-stripe | /collection/mustard-organza-brown-border-drape | /collection/charcoal-gold-organza-heirloom-drape | /collection/beige-organza-peach-bloom | /collection/maroon-chettinad-cotton | /collection/deep-wine-organza | /collection/indigo-dusk-silk-cotton | /collection/reddish-mango-cotton-orange-border | /collection/magenta-cotton | /collection/red-blue-madras-check-cotton | /collection/twilight-orange-cotton-weave | /collection/lime-and-gold-cotton-classic | /collection/midnight-tribe-gold-border-cotton | /collection/autumn-ember-golden-leaf-cotton | /collection/orange-blossom-cotton-weave | /collection/midnight-kesari-cotton-drape | /collection/blush-green-handwoven-cotton-drape | /collection/brown-kapi-cotton-black-line-border | /collection/brown-and-mustard-light-silk | /collection/kesari-sunset-chiffon-saree | /collection/magenta-mist-chiffon-drape | /collection/green-chiffon-with-fancy-border | /collection/rani-pink-georgette-garden-party | /collection/midnight-zari-georgette | /collection/pressed-bloom-sheer-chiffon | /collection/mayil-peacock-kanjivaram-mix | /collection/burnt-orange-temple-border-kanjivaram | /collection/semmanjal-turmeric-gold-kanjeevaram | /collection/thangam-golden-weave-kanjivaram | /collection/violet-bloom-cotton-drape | /collection/moss-green-lightweight-silk-selai | /collection/heritage-zari-border-kanjivaram | /collection/nava-pazham-kanjeevaram-silk | /collection/nila-blue-gold-zari-silk | /collection/colorful-vintage-kanjeevaram | /collection/gulabi-kota-cotton | /collection/kempu-pachai-and-bandhani | /collection/pachai-linen-golden-border-drape | /collection/rose-vine-stripe-chiffon-saree | /collection/coral-sunrise-chiffon-georgette-saree,/top-viewed,no,/top-viewed: body | /blouses: body | /collection/tangerine-noir-floral-border-weave: body | /collection/sunset-ombr-chiffon-draped-dream: body | /collection/indigo-plum-tied-silk-saree: body,
confirmed,53,/policies/terms-of-service | /collection/tangerine-noir-floral-border-weave | /collection/sunset-ombr-chiffon-draped-dream | /collection/indigo-plum-tied-silk-saree | /collection/forest-flame-tie-dye-silk | /collection/moonstone-cream-mauve-border-saree | /collection/marigold-moss-cotton | /collection/midnight-garden-georgette-saree | /collection/verdant-bloom-silk-burgundy-gold-border | /collection/pink-katan-triangle-zari-edge | /collection/forest-green-silk-black-gold | /collection/teal-blue-moody-silk-drape | /collection/rose-silk-green-brown-stripe | /collection/mustard-organza-brown-border-drape | /collection/charcoal-gold-organza-heirloom-drape | /collection/beige-organza-peach-bloom | /collection/maroon-chettinad-cotton | /collection/deep-wine-organza | /collection/indigo-dusk-silk-cotton | /collection/reddish-mango-cotton-orange-border | /collection/magenta-cotton | /collection/red-blue-madras-check-cotton | /collection/twilight-orange-cotton-weave | /collection/lime-and-gold-cotton-classic | /collection/midnight-tribe-gold-border-cotton | /collection/autumn-ember-golden-leaf-cotton | /collection/orange-blossom-cotton-weave | /collection/midnight-kesari-cotton-drape | /collection/blush-green-handwoven-cotton-drape | /collection/brown-kapi-cotton-black-line-border | /collection/brown-and-mustard-light-silk | /collection/kesari-sunset-chiffon-saree | /collection/magenta-mist-chiffon-drape | /collection/green-chiffon-with-fancy-border | /collection/rani-pink-georgette-garden-party | /collection/midnight-zari-georgette | /collection/pressed-bloom-sheer-chiffon | /collection/mayil-peacock-kanjivaram-mix | /collection/burnt-orange-temple-border-kanjivaram | /collection/semmanjal-turmeric-gold-kanjeevaram | /collection/thangam-golden-weave-kanjivaram | /collection/violet-bloom-cotton-drape | /collection/moss-green-lightweight-silk-selai | /collection/heritage-zari-border-kanjivaram | /collection/nava-pazham-kanjeevaram-silk | /collection/nila-blue-gold-zari-silk | /collection/colorful-vintage-kanjeevaram | /collection/gulabi-kota-cotton | /collection/kempu-pachai-and-bandhani | /collection/pachai-linen-golden-border-drape | /terms-of-service,/policies/terms-of-service,no,/policies/terms-of-service: body | /collection/tangerine-noir-floral-border-weave: body | /collection/sunset-ombr-chiffon-draped-dream: body | /collection/indigo-plum-tied-silk-saree: body | /collection/forest-flame-tie-dye-silk: body,
cookiescollectiontop,53,/collection | /collection/tangerine-noir-floral-border-weave | /collection/sunset-ombr-chiffon-draped-dream | /collection/indigo-plum-tied-silk-saree | /collection/forest-flame-tie-dye-silk | /collection/moonstone-cream-mauve-border-saree | /collection/marigold-moss-cotton | /collection/midnight-garden-georgette-saree | /collection/verdant-bloom-silk-burgundy-gold-border | /collection/pink-katan-triangle-zari-edge | /collection/forest-green-silk-black-gold | /collection/teal-blue-moody-silk-drape | /collection/rose-silk-green-brown-stripe | /collection/mustard-organza-brown-border-drape | /collection/charcoal-gold-organza-heirloom-drape | /collection/beige-organza-peach-bloom | /collection/maroon-chettinad-cotton | /collection/deep-wine-organza | /collection/indigo-dusk-silk-cotton | /collection/reddish-mango-cotton-orange-border | /collection/magenta-cotton | /collection/red-blue-madras-check-cotton | /collection/twilight-orange-cotton-weave | /collection/lime-and-gold-cotton-classic | /collection/midnight-tribe-gold-border-cotton | /collection/autumn-ember-golden-leaf-cotton | /collection/orange-blossom-cotton-weave | /collection/midnight-kesari-cotton-drape | /collection/blush-green-handwoven-cotton-drape | /collection/brown-kapi-cotton-black-line-border | /collection/brown-and-mustard-light-silk | /collection/kesari-sunset-chiffon-saree | /collection/magenta-mist-chiffon-drape | /collection/green-chiffon-with-fancy-border | /collection/rani-pink-georgette-garden-party | /collection/midnight-zari-georgette | /collection/pressed-bloom-sheer-chiffon | /collection/mayil-peacock-kanjivaram-mix | /collection/burnt-orange-temple-border-kanjivaram | /collection/semmanjal-turmeric-gold-kanjeevaram | /collection/thangam-golden-weave-kanjivaram | /collection/violet-bloom-cotton-drape | /collection/moss-green-lightweight-silk-selai | /collection/heritage-zari-border-kanjivaram | /collection/nava-pazham-kanjeevaram-silk | /collection/nila-blue-gold-zari-silk | /collection/colorful-vintage-kanjeevaram | /collection/gulabi-kota-cotton | /collection/kempu-pachai-and-bandhani | /collection/pachai-linen-golden-border-drape | /admin | /collection/rose-vine-stripe-chiffon-saree | /collection/coral-sunrise-chiffon-georgette-saree,/collection,no,/collection: body | /collection/tangerine-noir-floral-border-weave: body | /collection/sunset-ombr-chiffon-draped-dream: body | /collection/indigo-plum-tied-silk-saree: body | /collection/forest-flame-tie-dye-silk: body,
era,53,/authentication | /collection/tangerine-noir-floral-border-weave | /collection/sunset-ombr-chiffon-draped-dream | /collection/indigo-plum-tied-silk-saree | /collection/forest-flame-tie-dye-silk | /collection/moonstone-cream-mauve-border-saree | /collection/marigold-moss-cotton | /collection/midnight-garden-georgette-saree | /collection/verdant-bloom-silk-burgundy-gold-border | /collection/pink-katan-triangle-zari-edge | /collection/forest-green-silk-black-gold | /collection/teal-blue-moody-silk-drape | /collection/rose-silk-green-brown-stripe | /collection/mustard-organza-brown-border-drape | /collection/charcoal-gold-organza-heirloom-drape | /collection/beige-organza-peach-bloom | /collection/maroon-chettinad-cotton | /collection/deep-wine-organza | /collection/indigo-dusk-silk-cotton | /collection/reddish-mango-cotton-orange-border | /collection/magenta-cotton | /collection/red-blue-madras-check-cotton | /collection/twilight-orange-cotton-weave | /collection/lime-and-gold-cotton-classic | /collection/midnight-tribe-gold-border-cotton | /collection/autumn-ember-golden-leaf-cotton | /collection/orange-blossom-cotton-weave | /collection/midnight-kesari-cotton-drape | /collection/blush-green-handwoven-cotton-drape | /collection/brown-kapi-cotton-black-line-border | /collection/brown-and-mustard-light-silk | /collection/kesari-sunset-chiffon-saree | /collection/magenta-mist-chiffon-drape | /collection/green-chiffon-with-fancy-border | /collection/rani-pink-georgette-garden-party | /collection/midnight-zari-georgette | /collection/pressed-bloom-sheer-chiffon | /collection/mayil-peacock-kanjivaram-mix | /collection/burnt-orange-temple-border-kanjivaram | /collection/semmanjal-turmeric-gold-kanjeevaram | /collection/thangam-golden-weave-kanjivaram | /collection/violet-bloom-cotton-drape | /collection/moss-green-lightweight-silk-selai | /collection/heritage-zari-border-kanjivaram | /collection/nava-pazham-kanjeevaram-silk | /collection/nila-blue-gold-zari-silk | /collection/colorful-vintage-kanjeevaram | /collection/gulabi-kota-cotton | /collection/kempu-pachai-and-bandhani | /collection/pachai-linen-golden-border-drape | /collection/rose-vine-stripe-chiffon-saree | /collection/coral-sunrise-chiffon-georgette-saree,/authentication,no,/authentication: body | /collection/tangerine-noir-floral-border-weave: body | /collection/sunset-ombr-chiffon-draped-dream: body | /collection/indigo-plum-tied-silk-saree: body | /collection/forest-flame-tie-dye-silk: body,
listing,53,/authentication | /why | /policies/return-refund-policy | /policies/authentication-condition-policy | /policies/sell-with-us-policy | /collection/fabric/silk | /guides/pre-loved-vs-second-hand-saree | /collection/tangerine-noir-floral-border-weave | /collection/sunset-ombr-chiffon-draped-dream | /collection/indigo-plum-tied-silk-saree | /collection/forest-flame-tie-dye-silk | /collection/moonstone-cream-mauve-border-saree | /collection/marigold-moss-cotton | /collection/midnight-garden-georgette-saree | /collection/verdant-bloom-silk-burgundy-gold-border | /collection/pink-katan-triangle-zari-edge | /collection/forest-green-silk-black-gold | /collection/teal-blue-moody-silk-drape | /collection/rose-silk-green-brown-stripe | /collection/mustard-organza-brown-border-drape | /collection/charcoal-gold-organza-heirloom-drape | /collection/beige-organza-peach-bloom | /collection/maroon-chettinad-cotton | /collection/deep-wine-organza | /collection/indigo-dusk-silk-cotton | /collection/reddish-mango-cotton-orange-border | /collection/magenta-cotton | /collection/red-blue-madras-check-cotton | /collection/twilight-orange-cotton-weave | /collection/lime-and-gold-cotton-classic | /collection/midnight-tribe-gold-border-cotton | /collection/autumn-ember-golden-leaf-cotton | /collection/orange-blossom-cotton-weave | /collection/midnight-kesari-cotton-drape | /collection/blush-green-handwoven-cotton-drape | /collection/brown-kapi-cotton-black-line-border | /collection/brown-and-mustard-light-silk | /collection/kesari-sunset-chiffon-saree | /collection/magenta-mist-chiffon-drape | /collection/green-chiffon-with-fancy-border | /collection/rani-pink-georgette-garden-party | /collection/pressed-bloom-sheer-chiffon | /collection/violet-bloom-cotton-drape | /collection/heritage-zari-border-kanjivaram | /collection/nila-blue-gold-zari-silk | /collection/colorful-vintage-kanjeevaram | /collection/gulabi-kota-cotton | /collection/kempu-pachai-and-bandhani | /return-policy | /collection/rose-vine-stripe-chiffon-saree | /collection/coral-sunrise-chiffon-georgette-saree,/authentication,no,/authentication: body | /why: body | /policies/return-refund-policy: body | /policies/authentication-condition-policy: body | /policies/sell-with-us-policy: body,
re-stored,53,/ | /why | /collection/tangerine-noir-floral-border-weave | /collection/sunset-ombr-chiffon-draped-dream | /collection/indigo-plum-tied-silk-saree | /collection/forest-flame-tie-dye-silk | /collection/moonstone-cream-mauve-border-saree | /collection/marigold-moss-cotton | /collection/midnight-garden-georgette-saree | /collection/verdant-bloom-silk-burgundy-gold-border | /collection/pink-katan-triangle-zari-edge | /collection/forest-green-silk-black-gold | /collection/teal-blue-moody-silk-drape | /collection/rose-silk-green-brown-stripe | /collection/mustard-organza-brown-border-drape | /collection/charcoal-gold-organza-heirloom-drape | /collection/beige-organza-peach-bloom | /collection/maroon-chettinad-cotton | /collection/deep-wine-organza | /collection/indigo-dusk-silk-cotton | /collection/reddish-mango-cotton-orange-border | /collection/magenta-cotton | /collection/red-blue-madras-check-cotton | /collection/twilight-orange-cotton-weave | /collection/lime-and-gold-cotton-classic | /collection/midnight-tribe-gold-border-cotton | /collection/autumn-ember-golden-leaf-cotton | /collection/orange-blossom-cotton-weave | /collection/midnight-kesari-cotton-drape | /collection/blush-green-handwoven-cotton-drape | /collection/brown-kapi-cotton-black-line-border | /collection/brown-and-mustard-light-silk | /collection/kesari-sunset-chiffon-saree | /collection/magenta-mist-chiffon-drape | /collection/green-chiffon-with-fancy-border | /collection/rani-pink-georgette-garden-party | /collection/midnight-zari-georgette | /collection/pressed-bloom-sheer-chiffon | /collection/mayil-peacock-kanjivaram-mix | /collection/burnt-orange-temple-border-kanjivaram | /collection/semmanjal-turmeric-gold-kanjeevaram | /collection/thangam-golden-weave-kanjivaram | /collection/violet-bloom-cotton-drape | /collection/moss-green-lightweight-silk-selai | /collection/heritage-zari-border-kanjivaram | /collection/nava-pazham-kanjeevaram-silk | /collection/nila-blue-gold-zari-silk | /collection/colorful-vintage-kanjeevaram | /collection/gulabi-kota-cotton | /collection/kempu-pachai-and-bandhani | /collection/pachai-linen-golden-border-drape | /collection/rose-vine-stripe-chiffon-saree | /collection/coral-sunrise-chiffon-georgette-saree,/,yes,/: body | /why: body | /collection/tangerine-noir-floral-border-weave: body | /collection/sunset-ombr-chiffon-draped-dream: body | /collection/indigo-plum-tied-silk-saree: body,
taxes,53,/policies/return-refund-policy | /collection/tangerine-noir-floral-border-weave | /collection/sunset-ombr-chiffon-draped-dream | /collection/indigo-plum-tied-silk-saree | /collection/forest-flame-tie-dye-silk | /collection/moonstone-cream-mauve-border-saree | /collection/marigold-moss-cotton | /collection/midnight-garden-georgette-saree | /collection/verdant-bloom-silk-burgundy-gold-border | /collection/pink-katan-triangle-zari-edge | /collection/forest-green-silk-black-gold | /collection/teal-blue-moody-silk-drape | /collection/rose-silk-green-brown-stripe | /collection/mustard-organza-brown-border-drape | /collection/charcoal-gold-organza-heirloom-drape | /collection/beige-organza-peach-bloom | /collection/maroon-chettinad-cotton | /collection/deep-wine-organza | /collection/indigo-dusk-silk-cotton | /collection/reddish-mango-cotton-orange-border | /collection/magenta-cotton | /collection/red-blue-madras-check-cotton | /collection/twilight-orange-cotton-weave | /collection/lime-and-gold-cotton-classic | /collection/midnight-tribe-gold-border-cotton | /collection/autumn-ember-golden-leaf-cotton | /collection/orange-blossom-cotton-weave | /collection/midnight-kesari-cotton-drape | /collection/blush-green-handwoven-cotton-drape | /collection/brown-kapi-cotton-black-line-border | /collection/brown-and-mustard-light-silk | /collection/kesari-sunset-chiffon-saree | /collection/magenta-mist-chiffon-drape | /collection/green-chiffon-with-fancy-border | /collection/rani-pink-georgette-garden-party | /collection/midnight-zari-georgette | /collection/pressed-bloom-sheer-chiffon | /collection/mayil-peacock-kanjivaram-mix | /collection/burnt-orange-temple-border-kanjivaram | /collection/semmanjal-turmeric-gold-kanjeevaram | /collection/thangam-golden-weave-kanjivaram | /collection/violet-bloom-cotton-drape | /collection/moss-green-lightweight-silk-selai | /collection/heritage-zari-border-kanjivaram | /collection/nava-pazham-kanjeevaram-silk | /collection/nila-blue-gold-zari-silk | /collection/colorful-vintage-kanjeevaram | /collection/gulabi-kota-cotton | /collection/kempu-pachai-and-bandhani | /collection/pachai-linen-golden-border-drape | /return-policy | /collection/rose-vine-stripe-chiffon-saree | /collection/coral-sunrise-chiffon-georgette-saree,/policies/return-refund-policy,no,/policies/return-refund-policy: body | /collection/tangerine-noir-floral-border-weave: body | /collection/sunset-ombr-chiffon-draped-dream: body | /collection/indigo-plum-tied-silk-saree: body | /collection/forest-flame-tie-dye-silk: body,
promisenot,52,/why | /collection/tangerine-noir-floral-border-weave | /collection/sunset-ombr-chiffon-draped-dream | /collection/indigo-plum-tied-silk-saree | /collection/forest-flame-tie-dye-silk | /collection/moonstone-cream-mauve-border-saree | /collection/marigold-moss-cotton | /collection/midnight-garden-georgette-saree | /collection/verdant-bloom-silk-burgundy-gold-border | /collection/pink-katan-triangle-zari-edge | /collection/forest-green-silk-black-gold | /collection/teal-blue-moody-silk-drape | /collection/rose-silk-green-brown-stripe | /collection/mustard-organza-brown-border-drape | /collection/charcoal-gold-organza-heirloom-drape | /collection/beige-organza-peach-bloom | /collection/maroon-chettinad-cotton | /collection/deep-wine-organza | /collection/indigo-dusk-silk-cotton | /collection/reddish-mango-cotton-orange-border | /collection/magenta-cotton | /collection/red-blue-madras-check-cotton | /collection/twilight-orange-cotton-weave | /collection/lime-and-gold-cotton-classic | /collection/midnight-tribe-gold-border-cotton | /collection/autumn-ember-golden-leaf-cotton | /collection/orange-blossom-cotton-weave | /collection/midnight-kesari-cotton-drape | /collection/blush-green-handwoven-cotton-drape | /collection/brown-kapi-cotton-black-line-border | /collection/brown-and-mustard-light-silk | /collection/kesari-sunset-chiffon-saree | /collection/magenta-mist-chiffon-drape | /collection/green-chiffon-with-fancy-border | /collection/rani-pink-georgette-garden-party | /collection/midnight-zari-georgette | /collection/pressed-bloom-sheer-chiffon | /collection/mayil-peacock-kanjivaram-mix | /collection/burnt-orange-temple-border-kanjivaram | /collection/semmanjal-turmeric-gold-kanjeevaram | /collection/thangam-golden-weave-kanjivaram | /collection/violet-bloom-cotton-drape | /collection/moss-green-lightweight-silk-selai | /collection/heritage-zari-border-kanjivaram | /collection/nava-pazham-kanjeevaram-silk | /collection/nila-blue-gold-zari-silk | /collection/colorful-vintage-kanjeevaram | /collection/gulabi-kota-cotton | /collection/kempu-pachai-and-bandhani | /collection/pachai-linen-golden-border-drape | /collection/rose-vine-stripe-chiffon-saree | /collection/coral-sunrise-chiffon-georgette-saree,/why,no,/why: body | /collection/tangerine-noir-floral-border-weave: body | /collection/sunset-ombr-chiffon-draped-dream: body | /collection/indigo-plum-tied-silk-saree: body | /collection/forest-flame-tie-dye-silk: body,
authenticatedby,51,/collection/tangerine-noir-floral-border-weave | /collection/sunset-ombr-chiffon-draped-dream | /collection/indigo-plum-tied-silk-saree | /collection/forest-flame-tie-dye-silk | /collection/moonstone-cream-mauve-border-saree | /collection/marigold-moss-cotton | /collection/midnight-garden-georgette-saree | /collection/verdant-bloom-silk-burgundy-gold-border | /collection/pink-katan-triangle-zari-edge | /collection/forest-green-silk-black-gold | /collection/teal-blue-moody-silk-drape | /collection/rose-silk-green-brown-stripe | /collection/mustard-organza-brown-border-drape | /collection/charcoal-gold-organza-heirloom-drape | /collection/beige-organza-peach-bloom | /collection/maroon-chettinad-cotton | /collection/deep-wine-organza | /collection/indigo-dusk-silk-cotton | /collection/reddish-mango-cotton-orange-border | /collection/magenta-cotton | /collection/red-blue-madras-check-cotton | /collection/twilight-orange-cotton-weave | /collection/lime-and-gold-cotton-classic | /collection/midnight-tribe-gold-border-cotton | /collection/autumn-ember-golden-leaf-cotton | /collection/orange-blossom-cotton-weave | /collection/midnight-kesari-cotton-drape | /collection/blush-green-handwoven-cotton-drape | /collection/brown-kapi-cotton-black-line-border | /collection/brown-and-mustard-light-silk | /collection/kesari-sunset-chiffon-saree | /collection/magenta-mist-chiffon-drape | /collection/green-chiffon-with-fancy-border | /collection/rani-pink-georgette-garden-party | /collection/midnight-zari-georgette | /collection/pressed-bloom-sheer-chiffon | /collection/mayil-peacock-kanjivaram-mix | /collection/burnt-orange-temple-border-kanjivaram | /collection/semmanjal-turmeric-gold-kanjeevaram | /collection/thangam-golden-weave-kanjivaram | /collection/violet-bloom-cotton-drape | /collection/moss-green-lightweight-silk-selai | /collection/heritage-zari-border-kanjivaram | /collection/nava-pazham-kanjeevaram-silk | /collection/nila-blue-gold-zari-silk | /collection/colorful-vintage-kanjeevaram | /collection/gulabi-kota-cotton | /collection/kempu-pachai-and-bandhani | /collection/pachai-linen-golden-border-drape | /collection/rose-vine-stripe-chiffon-saree | /collection/coral-sunrise-chiffon-georgette-saree,/collection/tangerine-noir-floral-border-weave,no,/collection/tangerine-noir-floral-border-weave: body | /collection/sunset-ombr-chiffon-draped-dream: body | /collection/indigo-plum-tied-silk-saree: body | /collection/forest-flame-tie-dye-silk: body | /collection/moonstone-cream-mauve-border-saree: body,
calculated,51,/collection/tangerine-noir-floral-border-weave | /collection/sunset-ombr-chiffon-draped-dream | /collection/indigo-plum-tied-silk-saree | /collection/forest-flame-tie-dye-silk | /collection/moonstone-cream-mauve-border-saree | /collection/marigold-moss-cotton | /collection/midnight-garden-georgette-saree | /collection/verdant-bloom-silk-burgundy-gold-border | /collection/pink-katan-triangle-zari-edge | /collection/forest-green-silk-black-gold | /collection/teal-blue-moody-silk-drape | /collection/rose-silk-green-brown-stripe | /collection/mustard-organza-brown-border-drape | /collection/charcoal-gold-organza-heirloom-drape | /collection/beige-organza-peach-bloom | /collection/maroon-chettinad-cotton | /collection/deep-wine-organza | /collection/indigo-dusk-silk-cotton | /collection/reddish-mango-cotton-orange-border | /collection/magenta-cotton | /collection/red-blue-madras-check-cotton | /collection/twilight-orange-cotton-weave | /collection/lime-and-gold-cotton-classic | /collection/midnight-tribe-gold-border-cotton | /collection/autumn-ember-golden-leaf-cotton | /collection/orange-blossom-cotton-weave | /collection/midnight-kesari-cotton-drape | /collection/blush-green-handwoven-cotton-drape | /collection/brown-kapi-cotton-black-line-border | /collection/brown-and-mustard-light-silk | /collection/kesari-sunset-chiffon-saree | /collection/magenta-mist-chiffon-drape | /collection/green-chiffon-with-fancy-border | /collection/rani-pink-georgette-garden-party | /collection/midnight-zari-georgette | /collection/pressed-bloom-sheer-chiffon | /collection/mayil-peacock-kanjivaram-mix | /collection/burnt-orange-temple-border-kanjivaram | /collection/semmanjal-turmeric-gold-kanjeevaram | /collection/thangam-golden-weave-kanjivaram | /collection/violet-bloom-cotton-drape | /collection/moss-green-lightweight-silk-selai | /collection/heritage-zari-border-kanjivaram | /collection/nava-pazham-kanjeevaram-silk | /collection/nila-blue-gold-zari-silk | /collection/colorful-vintage-kanjeevaram | /collection/gulabi-kota-cotton | /collection/kempu-pachai-and-bandhani | /collection/pachai-linen-golden-border-drape | /collection/rose-vine-stripe-chiffon-saree | /collection/coral-sunrise-chiffon-georgette-saree,/collection/tangerine-noir-floral-border-weave,no,/collection/tangerine-noir-floral-border-weave: body | /collection/sunset-ombr-chiffon-draped-dream: body | /collection/indigo-plum-tied-silk-saree: body | /collection/forest-flame-tie-dye-silk: body | /collection/moonstone-cream-mauve-border-saree: body,
caredry,51,/collection/tangerine-noir-floral-border-weave | /collection/sunset-ombr-chiffon-draped-dream | /collection/indigo-plum-tied-silk-saree | /collection/forest-flame-tie-dye-silk | /collection/moonstone-cream-mauve-border-saree | /collection/marigold-moss-cotton | /collection/midnight-garden-georgette-saree | /collection/verdant-bloom-silk-burgundy-gold-border | /collection/pink-katan-triangle-zari-edge | /collection/forest-green-silk-black-gold | /collection/teal-blue-moody-silk-drape | /collection/rose-silk-green-brown-stripe | /collection/mustard-organza-brown-border-drape | /collection/charcoal-gold-organza-heirloom-drape | /collection/beige-organza-peach-bloom | /collection/maroon-chettinad-cotton | /collection/deep-wine-organza | /collection/indigo-dusk-silk-cotton | /collection/reddish-mango-cotton-orange-border | /collection/magenta-cotton | /collection/red-blue-madras-check-cotton | /collection/twilight-orange-cotton-weave | /collection/lime-and-gold-cotton-classic | /collection/midnight-tribe-gold-border-cotton | /collection/autumn-ember-golden-leaf-cotton | /collection/orange-blossom-cotton-weave | /collection/midnight-kesari-cotton-drape | /collection/blush-green-handwoven-cotton-drape | /collection/brown-kapi-cotton-black-line-border | /collection/brown-and-mustard-light-silk | /collection/kesari-sunset-chiffon-saree | /collection/magenta-mist-chiffon-drape | /collection/green-chiffon-with-fancy-border | /collection/rani-pink-georgette-garden-party | /collection/midnight-zari-georgette | /collection/pressed-bloom-sheer-chiffon | /collection/mayil-peacock-kanjivaram-mix | /collection/burnt-orange-temple-border-kanjivaram | /collection/semmanjal-turmeric-gold-kanjeevaram | /collection/thangam-golden-weave-kanjivaram | /collection/violet-bloom-cotton-drape | /collection/moss-green-lightweight-silk-selai | /collection/heritage-zari-border-kanjivaram | /collection/nava-pazham-kanjeevaram-silk | /collection/nila-blue-gold-zari-silk | /collection/colorful-vintage-kanjeevaram | /collection/gulabi-kota-cotton | /collection/kempu-pachai-and-bandhani | /collection/pachai-linen-golden-border-drape | /collection/rose-vine-stripe-chiffon-saree | /collection/coral-sunrise-chiffon-georgette-saree,/collection/tangerine-noir-floral-border-weave,no,/collection/tangerine-noir-floral-border-weave: body | /collection/sunset-ombr-chiffon-draped-dream: body | /collection/indigo-plum-tied-silk-saree: body | /collection/forest-flame-tie-dye-silk: body | /collection/moonstone-cream-mauve-border-saree: body,
careshipping,51,/collection/tangerine-noir-floral-border-weave | /collection/sunset-ombr-chiffon-draped-dream | /collection/indigo-plum-tied-silk-saree | /collection/forest-flame-tie-dye-silk | /collection/moonstone-cream-mauve-border-saree | /collection/marigold-moss-cotton | /collection/midnight-garden-georgette-saree | /collection/verdant-bloom-silk-burgundy-gold-border | /collection/pink-katan-triangle-zari-edge | /collection/forest-green-silk-black-gold | /collection/teal-blue-moody-silk-drape | /collection/rose-silk-green-brown-stripe | /collection/mustard-organza-brown-border-drape | /collection/charcoal-gold-organza-heirloom-drape | /collection/beige-organza-peach-bloom | /collection/maroon-chettinad-cotton | /collection/deep-wine-organza | /collection/indigo-dusk-silk-cotton | /collection/reddish-mango-cotton-orange-border | /collection/magenta-cotton | /collection/red-blue-madras-check-cotton | /collection/twilight-orange-cotton-weave | /collection/lime-and-gold-cotton-classic | /collection/midnight-tribe-gold-border-cotton | /collection/autumn-ember-golden-leaf-cotton | /collection/orange-blossom-cotton-weave | /collection/midnight-kesari-cotton-drape | /collection/blush-green-handwoven-cotton-drape | /collection/brown-kapi-cotton-black-line-border | /collection/brown-and-mustard-light-silk | /collection/kesari-sunset-chiffon-saree | /collection/magenta-mist-chiffon-drape | /collection/green-chiffon-with-fancy-border | /collection/rani-pink-georgette-garden-party | /collection/midnight-zari-georgette | /collection/pressed-bloom-sheer-chiffon | /collection/mayil-peacock-kanjivaram-mix | /collection/burnt-orange-temple-border-kanjivaram | /collection/semmanjal-turmeric-gold-kanjeevaram | /collection/thangam-golden-weave-kanjivaram | /collection/violet-bloom-cotton-drape | /collection/moss-green-lightweight-silk-selai | /collection/heritage-zari-border-kanjivaram | /collection/nava-pazham-kanjeevaram-silk | /collection/nila-blue-gold-zari-silk | /collection/colorful-vintage-kanjeevaram | /collection/gulabi-kota-cotton | /collection/kempu-pachai-and-bandhani | /collection/pachai-linen-golden-border-drape | /collection/rose-vine-stripe-chiffon-saree | /collection/coral-sunrise-chiffon-georgette-saree,/collection/tangerine-noir-floral-border-weave,no,/collection/tangerine-noir-floral-border-weave: body | /collection/sunset-ombr-chiffon-draped-dream: body | /collection/indigo-plum-tied-silk-saree: body | /collection/forest-flame-tie-dye-silk: body | /collection/moonstone-cream-mauve-border-saree: body,
checkouthow,51,/collection/tangerine-noir-floral-border-weave | /collection/sunset-ombr-chiffon-draped-dream | /collection/indigo-plum-tied-silk-saree | /collection/forest-flame-tie-dye-silk | /collection/moonstone-cream-mauve-border-saree | /collection/marigold-moss-cotton | /collection/midnight-garden-georgette-saree | /collection/verdant-bloom-silk-burgundy-gold-border | /collection/pink-katan-triangle-zari-edge | /collection/forest-green-silk-black-gold | /collection/teal-blue-moody-silk-drape | /collection/rose-silk-green-brown-stripe | /collection/mustard-organza-brown-border-drape | /collection/charcoal-gold-organza-heirloom-drape | /collection/beige-organza-peach-bloom | /collection/maroon-chettinad-cotton | /collection/deep-wine-organza | /collection/indigo-dusk-silk-cotton | /collection/reddish-mango-cotton-orange-border | /collection/magenta-cotton | /collection/red-blue-madras-check-cotton | /collection/twilight-orange-cotton-weave | /collection/lime-and-gold-cotton-classic | /collection/midnight-tribe-gold-border-cotton | /collection/autumn-ember-golden-leaf-cotton | /collection/orange-blossom-cotton-weave | /collection/midnight-kesari-cotton-drape | /collection/blush-green-handwoven-cotton-drape | /collection/brown-kapi-cotton-black-line-border | /collection/brown-and-mustard-light-silk | /collection/kesari-sunset-chiffon-saree | /collection/magenta-mist-chiffon-drape | /collection/green-chiffon-with-fancy-border | /collection/rani-pink-georgette-garden-party | /collection/midnight-zari-georgette | /collection/pressed-bloom-sheer-chiffon | /collection/mayil-peacock-kanjivaram-mix | /collection/burnt-orange-temple-border-kanjivaram | /collection/semmanjal-turmeric-gold-kanjeevaram | /collection/thangam-golden-weave-kanjivaram | /collection/violet-bloom-cotton-drape | /collection/moss-green-lightweight-silk-selai | /collection/heritage-zari-border-kanjivaram | /collection/nava-pazham-kanjeevaram-silk | /collection/nila-blue-gold-zari-silk | /collection/colorful-vintage-kanjeevaram | /collection/gulabi-kota-cotton | /collection/kempu-pachai-and-bandhani | /collection/pachai-linen-golden-border-drape | /collection/rose-vine-stripe-chiffon-saree | /collection/coral-sunrise-chiffon-georgette-saree,/collection/tangerine-noir-floral-border-weave,no,/collection/tangerine-noir-floral-border-weave: body | /collection/sunset-ombr-chiffon-draped-dream: body | /collection/indigo-plum-tied-silk-saree: body | /collection/forest-flame-tie-dye-silk: body | /collection/moonstone-cream-mauve-border-saree: body,
connected,51,/collection/tangerine-noir-floral-border-weave | /collection/sunset-ombr-chiffon-draped-dream | /collection/indigo-plum-tied-silk-saree | /collection/forest-flame-tie-dye-silk | /collection/moonstone-cream-mauve-border-saree | /collection/marigold-moss-cotton | /collection/midnight-garden-georgette-saree | /collection/verdant-bloom-silk-burgundy-gold-border | /collection/pink-katan-triangle-zari-edge | /collection/forest-green-silk-black-gold | /collection/teal-blue-moody-silk-drape | /collection/rose-silk-green-brown-stripe | /collection/mustard-organza-brown-border-drape | /collection/charcoal-gold-organza-heirloom-drape | /collection/beige-organza-peach-bloom | /collection/maroon-chettinad-cotton | /collection/deep-wine-organza | /collection/indigo-dusk-silk-cotton | /collection/reddish-mango-cotton-orange-border | /collection/magenta-cotton | /collection/red-blue-madras-check-cotton | /collection/twilight-orange-cotton-weave | /collection/lime-and-gold-cotton-classic | /collection/midnight-tribe-gold-border-cotton | /collection/autumn-ember-golden-leaf-cotton | /collection/orange-blossom-cotton-weave | /collection/midnight-kesari-cotton-drape | /collection/blush-green-handwoven-cotton-drape | /collection/brown-kapi-cotton-black-line-border | /collection/brown-and-mustard-light-silk | /collection/kesari-sunset-chiffon-saree | /collection/magenta-mist-chiffon-drape | /collection/green-chiffon-with-fancy-border | /collection/rani-pink-georgette-garden-party | /collection/midnight-zari-georgette | /collection/pressed-bloom-sheer-chiffon | /collection/mayil-peacock-kanjivaram-mix | /collection/burnt-orange-temple-border-kanjivaram | /collection/semmanjal-turmeric-gold-kanjeevaram | /collection/thangam-golden-weave-kanjivaram | /collection/violet-bloom-cotton-drape | /collection/moss-green-lightweight-silk-selai | /collection/heritage-zari-border-kanjivaram | /collection/nava-pazham-kanjeevaram-silk | /collection/nila-blue-gold-zari-silk | /collection/colorful-vintage-kanjeevaram | /collection/gulabi-kota-cotton | /collection/kempu-pachai-and-bandhani | /collection/pachai-linen-golden-border-drape | /collection/rose-vine-stripe-chiffon-saree | /collection/coral-sunrise-chiffon-georgette-saree,/collection/tangerine-noir-floral-border-weave,no,/collection/tangerine-noir-floral-border-weave: body | /collection/sunset-ombr-chiffon-draped-dream: body | /collection/indigo-plum-tied-silk-saree: body | /collection/forest-flame-tie-dye-silk: body | /collection/moonstone-cream-mauve-border-saree: body,
curationpieces,51,/collection/tangerine-noir-floral-border-weave | /collection/sunset-ombr-chiffon-draped-dream | /collection/indigo-plum-tied-silk-saree | /collection/forest-flame-tie-dye-silk | /collection/moonstone-cream-mauve-border-saree | /collection/marigold-moss-cotton | /collection/midnight-garden-georgette-saree | /collection/verdant-bloom-silk-burgundy-gold-border | /collection/pink-katan-triangle-zari-edge | /collection/forest-green-silk-black-gold | /collection/teal-blue-moody-silk-drape | /collection/rose-silk-green-brown-stripe | /collection/mustard-organza-brown-border-drape | /collection/charcoal-gold-organza-heirloom-drape | /collection/beige-organza-peach-bloom | /collection/maroon-chettinad-cotton | /collection/deep-wine-organza | /collection/indigo-dusk-silk-cotton | /collection/reddish-mango-cotton-orange-border | /collection/magenta-cotton | /collection/red-blue-madras-check-cotton | /collection/twilight-orange-cotton-weave | /collection/lime-and-gold-cotton-classic | /collection/midnight-tribe-gold-border-cotton | /collection/autumn-ember-golden-leaf-cotton | /collection/orange-blossom-cotton-weave | /collection/midnight-kesari-cotton-drape | /collection/blush-green-handwoven-cotton-drape | /collection/brown-kapi-cotton-black-line-border | /collection/brown-and-mustard-light-silk | /collection/kesari-sunset-chiffon-saree | /collection/magenta-mist-chiffon-drape | /collection/green-chiffon-with-fancy-border | /collection/rani-pink-georgette-garden-party | /collection/midnight-zari-georgette | /collection/pressed-bloom-sheer-chiffon | /collection/mayil-peacock-kanjivaram-mix | /collection/burnt-orange-temple-border-kanjivaram | /collection/semmanjal-turmeric-gold-kanjeevaram | /collection/thangam-golden-weave-kanjivaram | /collection/violet-bloom-cotton-drape | /collection/moss-green-lightweight-silk-selai | /collection/heritage-zari-border-kanjivaram | /collection/nava-pazham-kanjeevaram-silk | /collection/nila-blue-gold-zari-silk | /collection/colorful-vintage-kanjeevaram | /collection/gulabi-kota-cotton | /collection/kempu-pachai-and-bandhani | /collection/pachai-linen-golden-border-drape | /collection/rose-vine-stripe-chiffon-saree | /collection/coral-sunrise-chiffon-georgette-saree,/collection/tangerine-noir-floral-border-weave,no,/collection/tangerine-noir-floral-border-weave: body | /collection/sunset-ombr-chiffon-draped-dream: body | /collection/indigo-plum-tied-silk-saree: body | /collection/forest-flame-tie-dye-silk: body | /collection/moonstone-cream-mauve-border-saree: body,
dossier1,51,/collection/tangerine-noir-floral-border-weave | /collection/sunset-ombr-chiffon-draped-dream | /collection/indigo-plum-tied-silk-saree | /collection/forest-flame-tie-dye-silk | /collection/moonstone-cream-mauve-border-saree | /collection/marigold-moss-cotton | /collection/midnight-garden-georgette-saree | /collection/verdant-bloom-silk-burgundy-gold-border | /collection/pink-katan-triangle-zari-edge | /collection/forest-green-silk-black-gold | /collection/teal-blue-moody-silk-drape | /collection/rose-silk-green-brown-stripe | /collection/mustard-organza-brown-border-drape | /collection/charcoal-gold-organza-heirloom-drape | /collection/beige-organza-peach-bloom | /collection/maroon-chettinad-cotton | /collection/deep-wine-organza | /collection/indigo-dusk-silk-cotton | /collection/reddish-mango-cotton-orange-border | /collection/magenta-cotton | /collection/red-blue-madras-check-cotton | /collection/twilight-orange-cotton-weave | /collection/lime-and-gold-cotton-classic | /collection/midnight-tribe-gold-border-cotton | /collection/autumn-ember-golden-leaf-cotton | /collection/orange-blossom-cotton-weave | /collection/midnight-kesari-cotton-drape | /collection/blush-green-handwoven-cotton-drape | /collection/brown-kapi-cotton-black-line-border | /collection/brown-and-mustard-light-silk | /collection/kesari-sunset-chiffon-saree | /collection/magenta-mist-chiffon-drape | /collection/green-chiffon-with-fancy-border | /collection/rani-pink-georgette-garden-party | /collection/midnight-zari-georgette | /collection/pressed-bloom-sheer-chiffon | /collection/mayil-peacock-kanjivaram-mix | /collection/burnt-orange-temple-border-kanjivaram | /collection/semmanjal-turmeric-gold-kanjeevaram | /collection/thangam-golden-weave-kanjivaram | /collection/violet-bloom-cotton-drape | /collection/moss-green-lightweight-silk-selai | /collection/heritage-zari-border-kanjivaram | /collection/nava-pazham-kanjeevaram-silk | /collection/nila-blue-gold-zari-silk | /collection/colorful-vintage-kanjeevaram | /collection/gulabi-kota-cotton | /collection/kempu-pachai-and-bandhani | /collection/pachai-linen-golden-border-drape | /collection/rose-vine-stripe-chiffon-saree | /collection/coral-sunrise-chiffon-georgette-saree,/collection/tangerine-noir-floral-border-weave,no,/collection/tangerine-noir-floral-border-weave: body | /collection/sunset-ombr-chiffon-draped-dream: body | /collection/indigo-plum-tied-silk-saree: body | /collection/forest-flame-tie-dye-silk: body | /collection/moonstone-cream-mauve-border-saree: body,
dossierunique,51,/collection/tangerine-noir-floral-border-weave | /collection/sunset-ombr-chiffon-draped-dream | /collection/indigo-plum-tied-silk-saree | /collection/forest-flame-tie-dye-silk | /collection/moonstone-cream-mauve-border-saree | /collection/marigold-moss-cotton | /collection/midnight-garden-georgette-saree | /collection/verdant-bloom-silk-burgundy-gold-border | /collection/pink-katan-triangle-zari-edge | /collection/forest-green-silk-black-gold | /collection/teal-blue-moody-silk-drape | /collection/rose-silk-green-brown-stripe | /collection/mustard-organza-brown-border-drape | /collection/charcoal-gold-organza-heirloom-drape | /collection/beige-organza-peach-bloom | /collection/maroon-chettinad-cotton | /collection/deep-wine-organza | /collection/indigo-dusk-silk-cotton | /collection/reddish-mango-cotton-orange-border | /collection/magenta-cotton | /collection/red-blue-madras-check-cotton | /collection/twilight-orange-cotton-weave | /collection/lime-and-gold-cotton-classic | /collection/midnight-tribe-gold-border-cotton | /collection/autumn-ember-golden-leaf-cotton | /collection/orange-blossom-cotton-weave | /collection/midnight-kesari-cotton-drape | /collection/blush-green-handwoven-cotton-drape | /collection/brown-kapi-cotton-black-line-border | /collection/brown-and-mustard-light-silk | /collection/kesari-sunset-chiffon-saree | /collection/magenta-mist-chiffon-drape | /collection/green-chiffon-with-fancy-border | /collection/rani-pink-georgette-garden-party | /collection/midnight-zari-georgette | /collection/pressed-bloom-sheer-chiffon | /collection/mayil-peacock-kanjivaram-mix | /collection/burnt-orange-temple-border-kanjivaram | /collection/semmanjal-turmeric-gold-kanjeevaram | /collection/thangam-golden-weave-kanjivaram | /collection/violet-bloom-cotton-drape | /collection/moss-green-lightweight-silk-selai | /collection/heritage-zari-border-kanjivaram | /collection/nava-pazham-kanjeevaram-silk | /collection/nila-blue-gold-zari-silk | /collection/colorful-vintage-kanjeevaram | /collection/gulabi-kota-cotton | /collection/kempu-pachai-and-bandhani | /collection/pachai-linen-golden-border-drape | /collection/rose-vine-stripe-chiffon-saree | /collection/coral-sunrise-chiffon-georgette-saree,/collection/tangerine-noir-floral-border-weave,no,/collection/tangerine-noir-floral-border-weave: body | /collection/sunset-ombr-chiffon-draped-dream: body | /collection/indigo-plum-tied-silk-saree: body | /collection/forest-flame-tie-dye-silk: body | /collection/moonstone-cream-mauve-border-saree: body,
drapewidthstandard,51,/collection/tangerine-noir-floral-border-weave | /collection/sunset-ombr-chiffon-draped-dream | /collection/indigo-plum-tied-silk-saree | /collection/forest-flame-tie-dye-silk | /collection/moonstone-cream-mauve-border-saree | /collection/marigold-moss-cotton | /collection/midnight-garden-georgette-saree | /collection/verdant-bloom-silk-burgundy-gold-border | /collection/pink-katan-triangle-zari-edge | /collection/forest-green-silk-black-gold | /collection/teal-blue-moody-silk-drape | /collection/rose-silk-green-brown-stripe | /collection/mustard-organza-brown-border-drape | /collection/charcoal-gold-organza-heirloom-drape | /collection/beige-organza-peach-bloom | /collection/maroon-chettinad-cotton | /collection/deep-wine-organza | /collection/indigo-dusk-silk-cotton | /collection/reddish-mango-cotton-orange-border | /collection/magenta-cotton | /collection/red-blue-madras-check-cotton | /collection/twilight-orange-cotton-weave | /collection/lime-and-gold-cotton-classic | /collection/midnight-tribe-gold-border-cotton | /collection/autumn-ember-golden-leaf-cotton | /collection/orange-blossom-cotton-weave | /collection/midnight-kesari-cotton-drape | /collection/blush-green-handwoven-cotton-drape | /collection/brown-kapi-cotton-black-line-border | /collection/brown-and-mustard-light-silk | /collection/kesari-sunset-chiffon-saree | /collection/magenta-mist-chiffon-drape | /collection/green-chiffon-with-fancy-border | /collection/rani-pink-georgette-garden-party | /collection/midnight-zari-georgette | /collection/pressed-bloom-sheer-chiffon | /collection/mayil-peacock-kanjivaram-mix | /collection/burnt-orange-temple-border-kanjivaram | /collection/semmanjal-turmeric-gold-kanjeevaram | /collection/thangam-golden-weave-kanjivaram | /collection/violet-bloom-cotton-drape | /collection/moss-green-lightweight-silk-selai | /collection/heritage-zari-border-kanjivaram | /collection/nava-pazham-kanjeevaram-silk | /collection/nila-blue-gold-zari-silk | /collection/colorful-vintage-kanjeevaram | /collection/gulabi-kota-cotton | /collection/kempu-pachai-and-bandhani | /collection/pachai-linen-golden-border-drape | /collection/rose-vine-stripe-chiffon-saree | /collection/coral-sunrise-chiffon-georgette-saree,/collection/tangerine-noir-floral-border-weave,no,/collection/tangerine-noir-floral-border-weave: body | /collection/sunset-ombr-chiffon-draped-dream: body | /collection/indigo-plum-tied-silk-saree: body | /collection/forest-flame-tie-dye-silk: body | /collection/moonstone-cream-mauve-border-saree: body,
fttconditiongradededition1,51,/collection/tangerine-noir-floral-border-weave | /collection/sunset-ombr-chiffon-draped-dream | /collection/indigo-plum-tied-silk-saree | /collection/forest-flame-tie-dye-silk | /collection/moonstone-cream-mauve-border-saree | /collection/marigold-moss-cotton | /collection/midnight-garden-georgette-saree | /collection/verdant-bloom-silk-burgundy-gold-border | /collection/pink-katan-triangle-zari-edge | /collection/forest-green-silk-black-gold | /collection/teal-blue-moody-silk-drape | /collection/rose-silk-green-brown-stripe | /collection/mustard-organza-brown-border-drape | /collection/charcoal-gold-organza-heirloom-drape | /collection/beige-organza-peach-bloom | /collection/maroon-chettinad-cotton | /collection/deep-wine-organza | /collection/indigo-dusk-silk-cotton | /collection/reddish-mango-cotton-orange-border | /collection/magenta-cotton | /collection/red-blue-madras-check-cotton | /collection/twilight-orange-cotton-weave | /collection/lime-and-gold-cotton-classic | /collection/midnight-tribe-gold-border-cotton | /collection/autumn-ember-golden-leaf-cotton | /collection/orange-blossom-cotton-weave | /collection/midnight-kesari-cotton-drape | /collection/blush-green-handwoven-cotton-drape | /collection/brown-kapi-cotton-black-line-border | /collection/brown-and-mustard-light-silk | /collection/kesari-sunset-chiffon-saree | /collection/magenta-mist-chiffon-drape | /collection/green-chiffon-with-fancy-border | /collection/rani-pink-georgette-garden-party | /collection/midnight-zari-georgette | /collection/pressed-bloom-sheer-chiffon | /collection/mayil-peacock-kanjivaram-mix | /collection/burnt-orange-temple-border-kanjivaram | /collection/semmanjal-turmeric-gold-kanjeevaram | /collection/thangam-golden-weave-kanjivaram | /collection/violet-bloom-cotton-drape | /collection/moss-green-lightweight-silk-selai | /collection/heritage-zari-border-kanjivaram | /collection/nava-pazham-kanjeevaram-silk | /collection/nila-blue-gold-zari-silk | /collection/colorful-vintage-kanjeevaram | /collection/gulabi-kota-cotton | /collection/kempu-pachai-and-bandhani | /collection/pachai-linen-golden-border-drape | /collection/rose-vine-stripe-chiffon-saree | /collection/coral-sunrise-chiffon-georgette-saree,/collection/tangerine-noir-floral-border-weave,no,/collection/tangerine-noir-floral-border-weave: body | /collection/sunset-ombr-chiffon-draped-dream: body | /collection/indigo-plum-tied-silk-saree: body | /collection/forest-flame-tie-dye-silk: body | /collection/moonstone-cream-mauve-border-saree: body,
handpacked,51,/collection/tangerine-noir-floral-border-weave | /collection/sunset-ombr-chiffon-draped-dream | /collection/indigo-plum-tied-silk-saree | /collection/forest-flame-tie-dye-silk | /collection/moonstone-cream-mauve-border-saree | /collection/marigold-moss-cotton | /collection/midnight-garden-georgette-saree | /collection/verdant-bloom-silk-burgundy-gold-border | /collection/pink-katan-triangle-zari-edge | /collection/forest-green-silk-black-gold | /collection/teal-blue-moody-silk-drape | /collection/rose-silk-green-brown-stripe | /collection/mustard-organza-brown-border-drape | /collection/charcoal-gold-organza-heirloom-drape | /collection/beige-organza-peach-bloom | /collection/maroon-chettinad-cotton | /collection/deep-wine-organza | /collection/indigo-dusk-silk-cotton | /collection/reddish-mango-cotton-orange-border | /collection/magenta-cotton | /collection/red-blue-madras-check-cotton | /collection/twilight-orange-cotton-weave | /collection/lime-and-gold-cotton-classic | /collection/midnight-tribe-gold-border-cotton | /collection/autumn-ember-golden-leaf-cotton | /collection/orange-blossom-cotton-weave | /collection/midnight-kesari-cotton-drape | /collection/blush-green-handwoven-cotton-drape | /collection/brown-kapi-cotton-black-line-border | /collection/brown-and-mustard-light-silk | /collection/kesari-sunset-chiffon-saree | /collection/magenta-mist-chiffon-drape | /collection/green-chiffon-with-fancy-border | /collection/rani-pink-georgette-garden-party | /collection/midnight-zari-georgette | /collection/pressed-bloom-sheer-chiffon | /collection/mayil-peacock-kanjivaram-mix | /collection/burnt-orange-temple-border-kanjivaram | /collection/semmanjal-turmeric-gold-kanjeevaram | /collection/thangam-golden-weave-kanjivaram | /collection/violet-bloom-cotton-drape | /collection/moss-green-lightweight-silk-selai | /collection/heritage-zari-border-kanjivaram | /collection/nava-pazham-kanjeevaram-silk | /collection/nila-blue-gold-zari-silk | /collection/colorful-vintage-kanjeevaram | /collection/gulabi-kota-cotton | /collection/kempu-pachai-and-bandhani | /collection/pachai-linen-golden-border-drape | /collection/rose-vine-stripe-chiffon-saree | /collection/coral-sunrise-chiffon-georgette-saree,/collection/tangerine-noir-floral-border-weave,no,/collection/tangerine-noir-floral-border-weave: body | /collection/sunset-ombr-chiffon-draped-dream: body | /collection/indigo-plum-tied-silk-saree: body | /collection/forest-flame-tie-dye-silk: body | /collection/moonstone-cream-mauve-border-saree: body,
ownershipmeasurementsprovenance,51,/collection/tangerine-noir-floral-border-weave | /collection/sunset-ombr-chiffon-draped-dream | /collection/indigo-plum-tied-silk-saree | /collection/forest-flame-tie-dye-silk | /collection/moonstone-cream-mauve-border-saree | /collection/marigold-moss-cotton | /collection/midnight-garden-georgette-saree | /collection/verdant-bloom-silk-burgundy-gold-border | /collection/pink-katan-triangle-zari-edge | /collection/forest-green-silk-black-gold | /collection/teal-blue-moody-silk-drape | /collection/rose-silk-green-brown-stripe | /collection/mustard-organza-brown-border-drape | /collection/charcoal-gold-organza-heirloom-drape | /collection/beige-organza-peach-bloom | /collection/maroon-chettinad-cotton | /collection/deep-wine-organza | /collection/indigo-dusk-silk-cotton | /collection/reddish-mango-cotton-orange-border | /collection/magenta-cotton | /collection/red-blue-madras-check-cotton | /collection/twilight-orange-cotton-weave | /collection/lime-and-gold-cotton-classic | /collection/midnight-tribe-gold-border-cotton | /collection/autumn-ember-golden-leaf-cotton | /collection/orange-blossom-cotton-weave | /collection/midnight-kesari-cotton-drape | /collection/blush-green-handwoven-cotton-drape | /collection/brown-kapi-cotton-black-line-border | /collection/brown-and-mustard-light-silk | /collection/kesari-sunset-chiffon-saree | /collection/magenta-mist-chiffon-drape | /collection/green-chiffon-with-fancy-border | /collection/rani-pink-georgette-garden-party | /collection/midnight-zari-georgette | /collection/pressed-bloom-sheer-chiffon | /collection/mayil-peacock-kanjivaram-mix | /collection/burnt-orange-temple-border-kanjivaram | /collection/semmanjal-turmeric-gold-kanjeevaram | /collection/thangam-golden-weave-kanjivaram | /collection/violet-bloom-cotton-drape | /collection/moss-green-lightweight-silk-selai | /collection/heritage-zari-border-kanjivaram | /collection/nava-pazham-kanjeevaram-silk | /collection/nila-blue-gold-zari-silk | /collection/colorful-vintage-kanjeevaram | /collection/gulabi-kota-cotton | /collection/kempu-pachai-and-bandhani | /collection/pachai-linen-golden-border-drape | /collection/rose-vine-stripe-chiffon-saree | /collection/coral-sunrise-chiffon-georgette-saree,/collection/tangerine-noir-floral-border-weave,no,/collection/tangerine-noir-floral-border-weave: body | /collection/sunset-ombr-chiffon-draped-dream: body | /collection/indigo-plum-tied-silk-saree: body | /collection/forest-flame-tie-dye-silk: body | /collection/moonstone-cream-mauve-border-saree: body,
ownershipsecure,51,/collection/tangerine-noir-floral-border-weave | /collection/sunset-ombr-chiffon-draped-dream | /collection/indigo-plum-tied-silk-saree | /collection/forest-flame-tie-dye-silk | /collection/moonstone-cream-mauve-border-saree | /collection/marigold-moss-cotton | /collection/midnight-garden-georgette-saree | /collection/verdant-bloom-silk-burgundy-gold-border | /collection/pink-katan-triangle-zari-edge | /collection/forest-green-silk-black-gold | /collection/teal-blue-moody-silk-drape | /collection/rose-silk-green-brown-stripe | /collection/mustard-organza-brown-border-drape | /collection/charcoal-gold-organza-heirloom-drape | /collection/beige-organza-peach-bloom | /collection/maroon-chettinad-cotton | /collection/deep-wine-organza | /collection/indigo-dusk-silk-cotton | /collection/reddish-mango-cotton-orange-border | /collection/magenta-cotton | /collection/red-blue-madras-check-cotton | /collection/twilight-orange-cotton-weave | /collection/lime-and-gold-cotton-classic | /collection/midnight-tribe-gold-border-cotton | /collection/autumn-ember-golden-leaf-cotton | /collection/orange-blossom-cotton-weave | /collection/midnight-kesari-cotton-drape | /collection/blush-green-handwoven-cotton-drape | /collection/brown-kapi-cotton-black-line-border | /collection/brown-and-mustard-light-silk | /collection/kesari-sunset-chiffon-saree | /collection/magenta-mist-chiffon-drape | /collection/green-chiffon-with-fancy-border | /collection/rani-pink-georgette-garden-party | /collection/midnight-zari-georgette | /collection/pressed-bloom-sheer-chiffon | /collection/mayil-peacock-kanjivaram-mix | /collection/burnt-orange-temple-border-kanjivaram | /collection/semmanjal-turmeric-gold-kanjeevaram | /collection/thangam-golden-weave-kanjivaram | /collection/violet-bloom-cotton-drape | /collection/moss-green-lightweight-silk-selai | /collection/heritage-zari-border-kanjivaram | /collection/nava-pazham-kanjeevaram-silk | /collection/nila-blue-gold-zari-silk | /collection/colorful-vintage-kanjeevaram | /collection/gulabi-kota-cotton | /collection/kempu-pachai-and-bandhani | /collection/pachai-linen-golden-border-drape | /collection/rose-vine-stripe-chiffon-saree | /collection/coral-sunrise-chiffon-georgette-saree,/collection/tangerine-noir-floral-border-weave,no,/collection/tangerine-noir-floral-border-weave: body | /collection/sunset-ombr-chiffon-draped-dream: body | /collection/indigo-plum-tied-silk-saree: body | /collection/forest-flame-tie-dye-silk: body | /collection/moonstone-cream-mauve-border-saree: body,
packing,51,/collection/tangerine-noir-floral-border-weave | /collection/sunset-ombr-chiffon-draped-dream | /collection/indigo-plum-tied-silk-saree | /collection/forest-flame-tie-dye-silk | /collection/moonstone-cream-mauve-border-saree | /collection/marigold-moss-cotton | /collection/midnight-garden-georgette-saree | /collection/verdant-bloom-silk-burgundy-gold-border | /collection/pink-katan-triangle-zari-edge | /collection/forest-green-silk-black-gold | /collection/teal-blue-moody-silk-drape | /collection/rose-silk-green-brown-stripe | /collection/mustard-organza-brown-border-drape | /collection/charcoal-gold-organza-heirloom-drape | /collection/beige-organza-peach-bloom | /collection/maroon-chettinad-cotton | /collection/deep-wine-organza | /collection/indigo-dusk-silk-cotton | /collection/reddish-mango-cotton-orange-border | /collection/magenta-cotton | /collection/red-blue-madras-check-cotton | /collection/twilight-orange-cotton-weave | /collection/lime-and-gold-cotton-classic | /collection/midnight-tribe-gold-border-cotton | /collection/autumn-ember-golden-leaf-cotton | /collection/orange-blossom-cotton-weave | /collection/midnight-kesari-cotton-drape | /collection/blush-green-handwoven-cotton-drape | /collection/brown-kapi-cotton-black-line-border | /collection/brown-and-mustard-light-silk | /collection/kesari-sunset-chiffon-saree | /collection/magenta-mist-chiffon-drape | /collection/green-chiffon-with-fancy-border | /collection/rani-pink-georgette-garden-party | /collection/midnight-zari-georgette | /collection/pressed-bloom-sheer-chiffon | /collection/mayil-peacock-kanjivaram-mix | /collection/burnt-orange-temple-border-kanjivaram | /collection/semmanjal-turmeric-gold-kanjeevaram | /collection/thangam-golden-weave-kanjivaram | /collection/violet-bloom-cotton-drape | /collection/moss-green-lightweight-silk-selai | /collection/heritage-zari-border-kanjivaram | /collection/nava-pazham-kanjeevaram-silk | /collection/nila-blue-gold-zari-silk | /collection/colorful-vintage-kanjeevaram | /collection/gulabi-kota-cotton | /collection/kempu-pachai-and-bandhani | /collection/pachai-linen-golden-border-drape | /collection/rose-vine-stripe-chiffon-saree | /collection/coral-sunrise-chiffon-georgette-saree,/collection/tangerine-noir-floral-border-weave,no,/collection/tangerine-noir-floral-border-weave: body | /collection/sunset-ombr-chiffon-draped-dream: body | /collection/indigo-plum-tied-silk-saree: body | /collection/forest-flame-tie-dye-silk: body | /collection/moonstone-cream-mauve-border-saree: body,
provenancecare,51,/collection/tangerine-noir-floral-border-weave | /collection/sunset-ombr-chiffon-draped-dream | /collection/indigo-plum-tied-silk-saree | /collection/forest-flame-tie-dye-silk | /collection/moonstone-cream-mauve-border-saree | /collection/marigold-moss-cotton | /collection/midnight-garden-georgette-saree | /collection/verdant-bloom-silk-burgundy-gold-border | /collection/pink-katan-triangle-zari-edge | /collection/forest-green-silk-black-gold | /collection/teal-blue-moody-silk-drape | /collection/rose-silk-green-brown-stripe | /collection/mustard-organza-brown-border-drape | /collection/charcoal-gold-organza-heirloom-drape | /collection/beige-organza-peach-bloom | /collection/maroon-chettinad-cotton | /collection/deep-wine-organza | /collection/indigo-dusk-silk-cotton | /collection/reddish-mango-cotton-orange-border | /collection/magenta-cotton | /collection/red-blue-madras-check-cotton | /collection/twilight-orange-cotton-weave | /collection/lime-and-gold-cotton-classic | /collection/midnight-tribe-gold-border-cotton | /collection/autumn-ember-golden-leaf-cotton | /collection/orange-blossom-cotton-weave | /collection/midnight-kesari-cotton-drape | /collection/blush-green-handwoven-cotton-drape | /collection/brown-kapi-cotton-black-line-border | /collection/brown-and-mustard-light-silk | /collection/kesari-sunset-chiffon-saree | /collection/magenta-mist-chiffon-drape | /collection/green-chiffon-with-fancy-border | /collection/rani-pink-georgette-garden-party | /collection/midnight-zari-georgette | /collection/pressed-bloom-sheer-chiffon | /collection/mayil-peacock-kanjivaram-mix | /collection/burnt-orange-temple-border-kanjivaram | /collection/semmanjal-turmeric-gold-kanjeevaram | /collection/thangam-golden-weave-kanjivaram | /collection/violet-bloom-cotton-drape | /collection/moss-green-lightweight-silk-selai | /collection/heritage-zari-border-kanjivaram | /collection/nava-pazham-kanjeevaram-silk | /collection/nila-blue-gold-zari-silk | /collection/colorful-vintage-kanjeevaram | /collection/gulabi-kota-cotton | /collection/kempu-pachai-and-bandhani | /collection/pachai-linen-golden-border-drape | /collection/rose-vine-stripe-chiffon-saree | /collection/coral-sunrise-chiffon-georgette-saree,/collection/tangerine-noir-floral-border-weave,no,/collection/tangerine-noir-floral-border-weave: body | /collection/sunset-ombr-chiffon-draped-dream: body | /collection/indigo-plum-tied-silk-saree: body | /collection/forest-flame-tie-dye-silk: body | /collection/moonstone-cream-mauve-border-saree: body,
rest,51,/collection/tangerine-noir-floral-border-weave | /collection/sunset-ombr-chiffon-draped-dream | /collection/indigo-plum-tied-silk-saree | /collection/forest-flame-tie-dye-silk | /collection/moonstone-cream-mauve-border-saree | /collection/marigold-moss-cotton | /collection/midnight-garden-georgette-saree | /collection/verdant-bloom-silk-burgundy-gold-border | /collection/pink-katan-triangle-zari-edge | /collection/forest-green-silk-black-gold | /collection/teal-blue-moody-silk-drape | /collection/rose-silk-green-brown-stripe | /collection/mustard-organza-brown-border-drape | /collection/charcoal-gold-organza-heirloom-drape | /collection/beige-organza-peach-bloom | /collection/maroon-chettinad-cotton | /collection/deep-wine-organza | /collection/indigo-dusk-silk-cotton | /collection/reddish-mango-cotton-orange-border | /collection/magenta-cotton | /collection/red-blue-madras-check-cotton | /collection/twilight-orange-cotton-weave | /collection/lime-and-gold-cotton-classic | /collection/midnight-tribe-gold-border-cotton | /collection/autumn-ember-golden-leaf-cotton | /collection/orange-blossom-cotton-weave | /collection/midnight-kesari-cotton-drape | /collection/blush-green-handwoven-cotton-drape | /collection/brown-kapi-cotton-black-line-border | /collection/brown-and-mustard-light-silk | /collection/kesari-sunset-chiffon-saree | /collection/magenta-mist-chiffon-drape | /collection/green-chiffon-with-fancy-border | /collection/rani-pink-georgette-garden-party | /collection/midnight-zari-georgette | /collection/pressed-bloom-sheer-chiffon | /collection/mayil-peacock-kanjivaram-mix | /collection/burnt-orange-temple-border-kanjivaram | /collection/semmanjal-turmeric-gold-kanjeevaram | /collection/thangam-golden-weave-kanjivaram | /collection/violet-bloom-cotton-drape | /collection/moss-green-lightweight-silk-selai | /collection/heritage-zari-border-kanjivaram | /collection/nava-pazham-kanjeevaram-silk | /collection/nila-blue-gold-zari-silk | /collection/colorful-vintage-kanjeevaram | /collection/gulabi-kota-cotton | /collection/kempu-pachai-and-bandhani | /collection/pachai-linen-golden-border-drape | /collection/rose-vine-stripe-chiffon-saree | /collection/coral-sunrise-chiffon-georgette-saree,/collection/tangerine-noir-floral-border-weave,no,/collection/tangerine-noir-floral-border-weave: body | /collection/sunset-ombr-chiffon-draped-dream: body | /collection/indigo-plum-tied-silk-saree: body | /collection/forest-flame-tie-dye-silk: body | /collection/moonstone-cream-mauve-border-saree: body,
return,51,/faqs | /policies | /packing | /policies/privacy-policy | /policies/return-refund-policy | /policies/authentication-condition-policy | /policies/cancellation-policy | /policies/grievance-redressal | /privacy-policy | /return-policy | /faq,/faqs,yes,/faqs: body | /policies: body | /packing: body | /policies/privacy-policy: body | /policies/return-refund-policy: body,
standard,51,/collection/tangerine-noir-floral-border-weave | /collection/sunset-ombr-chiffon-draped-dream | /collection/indigo-plum-tied-silk-saree | /collection/forest-flame-tie-dye-silk | /collection/moonstone-cream-mauve-border-saree | /collection/marigold-moss-cotton | /collection/midnight-garden-georgette-saree | /collection/verdant-bloom-silk-burgundy-gold-border | /collection/pink-katan-triangle-zari-edge | /collection/forest-green-silk-black-gold | /collection/teal-blue-moody-silk-drape | /collection/rose-silk-green-brown-stripe | /collection/mustard-organza-brown-border-drape | /collection/charcoal-gold-organza-heirloom-drape | /collection/beige-organza-peach-bloom | /collection/maroon-chettinad-cotton | /collection/deep-wine-organza | /collection/indigo-dusk-silk-cotton | /collection/reddish-mango-cotton-orange-border | /collection/magenta-cotton | /collection/red-blue-madras-check-cotton | /collection/twilight-orange-cotton-weave | /collection/lime-and-gold-cotton-classic | /collection/midnight-tribe-gold-border-cotton | /collection/autumn-ember-golden-leaf-cotton | /collection/orange-blossom-cotton-weave | /collection/midnight-kesari-cotton-drape | /collection/blush-green-handwoven-cotton-drape | /collection/brown-kapi-cotton-black-line-border | /collection/brown-and-mustard-light-silk | /collection/kesari-sunset-chiffon-saree | /collection/magenta-mist-chiffon-drape | /collection/green-chiffon-with-fancy-border | /collection/rani-pink-georgette-garden-party | /collection/midnight-zari-georgette | /collection/pressed-bloom-sheer-chiffon | /collection/mayil-peacock-kanjivaram-mix | /collection/burnt-orange-temple-border-kanjivaram | /collection/semmanjal-turmeric-gold-kanjeevaram | /collection/thangam-golden-weave-kanjivaram | /collection/violet-bloom-cotton-drape | /collection/moss-green-lightweight-silk-selai | /collection/heritage-zari-border-kanjivaram | /collection/nava-pazham-kanjeevaram-silk | /collection/nila-blue-gold-zari-silk | /collection/colorful-vintage-kanjeevaram | /collection/gulabi-kota-cotton | /collection/kempu-pachai-and-bandhani | /collection/pachai-linen-golden-border-drape | /collection/rose-vine-stripe-chiffon-saree | /collection/coral-sunrise-chiffon-georgette-saree,/collection/tangerine-noir-floral-border-weave,no,/collection/tangerine-noir-floral-border-weave: body | /collection/sunset-ombr-chiffon-draped-dream: body | /collection/indigo-plum-tied-silk-saree: body | /collection/forest-flame-tie-dye-silk: body | /collection/moonstone-cream-mauve-border-saree: body,
width,51,/collection/tangerine-noir-floral-border-weave | /collection/sunset-ombr-chiffon-draped-dream | /collection/indigo-plum-tied-silk-saree | /collection/forest-flame-tie-dye-silk | /collection/moonstone-cream-mauve-border-saree | /collection/marigold-moss-cotton | /collection/midnight-garden-georgette-saree | /collection/verdant-bloom-silk-burgundy-gold-border | /collection/pink-katan-triangle-zari-edge | /collection/forest-green-silk-black-gold | /collection/teal-blue-moody-silk-drape | /collection/rose-silk-green-brown-stripe | /collection/mustard-organza-brown-border-drape | /collection/charcoal-gold-organza-heirloom-drape | /collection/beige-organza-peach-bloom | /collection/maroon-chettinad-cotton | /collection/deep-wine-organza | /collection/indigo-dusk-silk-cotton | /collection/reddish-mango-cotton-orange-border | /collection/magenta-cotton | /collection/red-blue-madras-check-cotton | /collection/twilight-orange-cotton-weave | /collection/lime-and-gold-cotton-classic | /collection/midnight-tribe-gold-border-cotton | /collection/autumn-ember-golden-leaf-cotton | /collection/orange-blossom-cotton-weave | /collection/midnight-kesari-cotton-drape | /collection/blush-green-handwoven-cotton-drape | /collection/brown-kapi-cotton-black-line-border | /collection/brown-and-mustard-light-silk | /collection/kesari-sunset-chiffon-saree | /collection/magenta-mist-chiffon-drape | /collection/green-chiffon-with-fancy-border | /collection/rani-pink-georgette-garden-party | /collection/midnight-zari-georgette | /collection/pressed-bloom-sheer-chiffon | /collection/mayil-peacock-kanjivaram-mix | /collection/burnt-orange-temple-border-kanjivaram | /collection/semmanjal-turmeric-gold-kanjeevaram | /collection/thangam-golden-weave-kanjivaram | /collection/violet-bloom-cotton-drape | /collection/moss-green-lightweight-silk-selai | /collection/heritage-zari-border-kanjivaram | /collection/nava-pazham-kanjeevaram-silk | /collection/nila-blue-gold-zari-silk | /collection/colorful-vintage-kanjeevaram | /collection/gulabi-kota-cotton | /collection/kempu-pachai-and-bandhani | /collection/pachai-linen-golden-border-drape | /collection/rose-vine-stripe-chiffon-saree | /collection/coral-sunrise-chiffon-georgette-saree,/collection/tangerine-noir-floral-border-weave,no,/collection/tangerine-noir-floral-border-weave: body | /collection/sunset-ombr-chiffon-draped-dream: body | /collection/indigo-plum-tied-silk-saree: body | /collection/forest-flame-tie-dye-silk: body | /collection/moonstone-cream-mauve-border-saree: body,
workspackingshippingreturnsstory,51,/collection/tangerine-noir-floral-border-weave | /collection/sunset-ombr-chiffon-draped-dream | /collection/indigo-plum-tied-silk-saree | /collection/forest-flame-tie-dye-silk | /collection/moonstone-cream-mauve-border-saree | /collection/marigold-moss-cotton | /collection/midnight-garden-georgette-saree | /collection/verdant-bloom-silk-burgundy-gold-border | /collection/pink-katan-triangle-zari-edge | /collection/forest-green-silk-black-gold | /collection/teal-blue-moody-silk-drape | /collection/rose-silk-green-brown-stripe | /collection/mustard-organza-brown-border-drape | /collection/charcoal-gold-organza-heirloom-drape | /collection/beige-organza-peach-bloom | /collection/maroon-chettinad-cotton | /collection/deep-wine-organza | /collection/indigo-dusk-silk-cotton | /collection/reddish-mango-cotton-orange-border | /collection/magenta-cotton | /collection/red-blue-madras-check-cotton | /collection/twilight-orange-cotton-weave | /collection/lime-and-gold-cotton-classic | /collection/midnight-tribe-gold-border-cotton | /collection/autumn-ember-golden-leaf-cotton | /collection/orange-blossom-cotton-weave | /collection/midnight-kesari-cotton-drape | /collection/blush-green-handwoven-cotton-drape | /collection/brown-kapi-cotton-black-line-border | /collection/brown-and-mustard-light-silk | /collection/kesari-sunset-chiffon-saree | /collection/magenta-mist-chiffon-drape | /collection/green-chiffon-with-fancy-border | /collection/rani-pink-georgette-garden-party | /collection/midnight-zari-georgette | /collection/pressed-bloom-sheer-chiffon | /collection/mayil-peacock-kanjivaram-mix | /collection/burnt-orange-temple-border-kanjivaram | /collection/semmanjal-turmeric-gold-kanjeevaram | /collection/thangam-golden-weave-kanjivaram | /collection/violet-bloom-cotton-drape | /collection/moss-green-lightweight-silk-selai | /collection/heritage-zari-border-kanjivaram | /collection/nava-pazham-kanjeevaram-silk | /collection/nila-blue-gold-zari-silk | /collection/colorful-vintage-kanjeevaram | /collection/gulabi-kota-cotton | /collection/kempu-pachai-and-bandhani | /collection/pachai-linen-golden-border-drape | /collection/rose-vine-stripe-chiffon-saree | /collection/coral-sunrise-chiffon-georgette-saree,/collection/tangerine-noir-floral-border-weave,no,/collection/tangerine-noir-floral-border-weave: body | /collection/sunset-ombr-chiffon-draped-dream: body | /collection/indigo-plum-tied-silk-saree: body | /collection/forest-flame-tie-dye-silk: body | /collection/moonstone-cream-mauve-border-saree: body,
bagadding,49,/collection/tangerine-noir-floral-border-weave | /collection/sunset-ombr-chiffon-draped-dream | /collection/indigo-plum-tied-silk-saree | /collection/forest-flame-tie-dye-silk | /collection/moonstone-cream-mauve-border-saree | /collection/marigold-moss-cotton | /collection/midnight-garden-georgette-saree | /collection/verdant-bloom-silk-burgundy-gold-border | /collection/pink-katan-triangle-zari-edge | /collection/forest-green-silk-black-gold | /collection/teal-blue-moody-silk-drape | /collection/rose-silk-green-brown-stripe | /collection/mustard-organza-brown-border-drape | /collection/charcoal-gold-organza-heirloom-drape | /collection/beige-organza-peach-bloom | /collection/maroon-chettinad-cotton | /collection/deep-wine-organza | /collection/indigo-dusk-silk-cotton | /collection/reddish-mango-cotton-orange-border | /collection/magenta-cotton | /collection/red-blue-madras-check-cotton | /collection/twilight-orange-cotton-weave | /collection/lime-and-gold-cotton-classic | /collection/midnight-tribe-gold-border-cotton | /collection/autumn-ember-golden-leaf-cotton | /collection/orange-blossom-cotton-weave | /collection/midnight-kesari-cotton-drape | /collection/blush-green-handwoven-cotton-drape | /collection/brown-kapi-cotton-black-line-border | /collection/brown-and-mustard-light-silk | /collection/kesari-sunset-chiffon-saree | /collection/magenta-mist-chiffon-drape | /collection/green-chiffon-with-fancy-border | /collection/rani-pink-georgette-garden-party | /collection/midnight-zari-georgette | /collection/pressed-bloom-sheer-chiffon | /collection/mayil-peacock-kanjivaram-mix | /collection/burnt-orange-temple-border-kanjivaram | /collection/semmanjal-turmeric-gold-kanjeevaram | /collection/thangam-golden-weave-kanjivaram | /collection/violet-bloom-cotton-drape | /collection/moss-green-lightweight-silk-selai | /collection/heritage-zari-border-kanjivaram | /collection/nava-pazham-kanjeevaram-silk | /collection/nila-blue-gold-zari-silk | /collection/colorful-vintage-kanjeevaram | /collection/gulabi-kota-cotton | /collection/kempu-pachai-and-bandhani | /collection/pachai-linen-golden-border-drape,/collection/tangerine-noir-floral-border-weave,no,/collection/tangerine-noir-floral-border-weave: body | /collection/sunset-ombr-chiffon-draped-dream: body | /collection/indigo-plum-tied-silk-saree: body | /collection/forest-flame-tie-dye-silk: body | /collection/moonstone-cream-mauve-border-saree: body,
meansadd,49,/collection/tangerine-noir-floral-border-weave | /collection/sunset-ombr-chiffon-draped-dream | /collection/indigo-plum-tied-silk-saree | /collection/forest-flame-tie-dye-silk | /collection/moonstone-cream-mauve-border-saree | /collection/marigold-moss-cotton | /collection/midnight-garden-georgette-saree | /collection/verdant-bloom-silk-burgundy-gold-border | /collection/pink-katan-triangle-zari-edge | /collection/forest-green-silk-black-gold | /collection/teal-blue-moody-silk-drape | /collection/rose-silk-green-brown-stripe | /collection/mustard-organza-brown-border-drape | /collection/charcoal-gold-organza-heirloom-drape | /collection/beige-organza-peach-bloom | /collection/maroon-chettinad-cotton | /collection/deep-wine-organza | /collection/indigo-dusk-silk-cotton | /collection/reddish-mango-cotton-orange-border | /collection/magenta-cotton | /collection/red-blue-madras-check-cotton | /collection/twilight-orange-cotton-weave | /collection/lime-and-gold-cotton-classic | /collection/midnight-tribe-gold-border-cotton | /collection/autumn-ember-golden-leaf-cotton | /collection/orange-blossom-cotton-weave | /collection/midnight-kesari-cotton-drape | /collection/blush-green-handwoven-cotton-drape | /collection/brown-kapi-cotton-black-line-border | /collection/brown-and-mustard-light-silk | /collection/kesari-sunset-chiffon-saree | /collection/magenta-mist-chiffon-drape | /collection/green-chiffon-with-fancy-border | /collection/rani-pink-georgette-garden-party | /collection/midnight-zari-georgette | /collection/pressed-bloom-sheer-chiffon | /collection/mayil-peacock-kanjivaram-mix | /collection/burnt-orange-temple-border-kanjivaram | /collection/semmanjal-turmeric-gold-kanjeevaram | /collection/thangam-golden-weave-kanjivaram | /collection/violet-bloom-cotton-drape | /collection/moss-green-lightweight-silk-selai | /collection/heritage-zari-border-kanjivaram | /collection/nava-pazham-kanjeevaram-silk | /collection/nila-blue-gold-zari-silk | /collection/colorful-vintage-kanjeevaram | /collection/gulabi-kota-cotton | /collection/kempu-pachai-and-bandhani | /collection/pachai-linen-golden-border-drape,/collection/tangerine-noir-floral-border-weave,no,/collection/tangerine-noir-floral-border-weave: body | /collection/sunset-ombr-chiffon-draped-dream: body | /collection/indigo-plum-tied-silk-saree: body | /collection/forest-flame-tie-dye-silk: body | /collection/moonstone-cream-mauve-border-saree: body,
payment,49,/faqs | /policies/privacy-policy | /policies/return-refund-policy | /policies/shipping-delivery-policy | /policies/terms-of-service | /policies/cancellation-policy | /policies/grievance-redressal | /privacy-policy | /return-policy | /shipping-policy | /terms-of-service | /faq,/faqs,yes,/faqs: body | /policies/privacy-policy: body | /policies/return-refund-policy: body | /policies/shipping-delivery-policy: body | /policies/terms-of-service: body,
reviewed,49,/how-it-works | /sell-your-saree | /policies/authentication-condition-policy | /guides/what-is-a-pre-loved-saree | /guides/pre-loved-vs-second-hand-saree | /collection/tangerine-noir-floral-border-weave | /collection/sunset-ombr-chiffon-draped-dream | /collection/indigo-plum-tied-silk-saree | /collection/forest-flame-tie-dye-silk | /collection/moonstone-cream-mauve-border-saree | /collection/marigold-moss-cotton | /collection/midnight-garden-georgette-saree | /collection/verdant-bloom-silk-burgundy-gold-border | /collection/pink-katan-triangle-zari-edge | /collection/forest-green-silk-black-gold | /collection/teal-blue-moody-silk-drape | /collection/rose-silk-green-brown-stripe | /collection/mustard-organza-brown-border-drape | /collection/charcoal-gold-organza-heirloom-drape | /collection/beige-organza-peach-bloom | /collection/maroon-chettinad-cotton | /collection/deep-wine-organza | /collection/indigo-dusk-silk-cotton | /collection/reddish-mango-cotton-orange-border | /collection/magenta-cotton | /collection/red-blue-madras-check-cotton | /collection/twilight-orange-cotton-weave | /collection/lime-and-gold-cotton-classic | /collection/midnight-tribe-gold-border-cotton | /collection/autumn-ember-golden-leaf-cotton | /collection/orange-blossom-cotton-weave | /collection/midnight-kesari-cotton-drape | /collection/blush-green-handwoven-cotton-drape | /collection/brown-kapi-cotton-black-line-border | /collection/brown-and-mustard-light-silk | /collection/kesari-sunset-chiffon-saree | /collection/magenta-mist-chiffon-drape | /collection/green-chiffon-with-fancy-border | /collection/rani-pink-georgette-garden-party | /collection/pressed-bloom-sheer-chiffon | /collection/violet-bloom-cotton-drape | /collection/heritage-zari-border-kanjivaram | /collection/nila-blue-gold-zari-silk | /collection/colorful-vintage-kanjeevaram | /collection/gulabi-kota-cotton | /collection/kempu-pachai-and-bandhani | /collection/rose-vine-stripe-chiffon-saree | /collection/coral-sunrise-chiffon-georgette-saree,/how-it-works,no,/how-it-works: body | /sell-your-saree: body | /policies/authentication-condition-policy: body | /guides/what-is-a-pre-loved-saree: body | /guides/pre-loved-vs-second-hand-saree: body,
sareein,49,/collection/tangerine-noir-floral-border-weave | /collection/sunset-ombr-chiffon-draped-dream | /collection/indigo-plum-tied-silk-saree | /collection/forest-flame-tie-dye-silk | /collection/moonstone-cream-mauve-border-saree | /collection/marigold-moss-cotton | /collection/midnight-garden-georgette-saree | /collection/verdant-bloom-silk-burgundy-gold-border | /collection/pink-katan-triangle-zari-edge | /collection/forest-green-silk-black-gold | /collection/teal-blue-moody-silk-drape | /collection/rose-silk-green-brown-stripe | /collection/mustard-organza-brown-border-drape | /collection/charcoal-gold-organza-heirloom-drape | /collection/beige-organza-peach-bloom | /collection/maroon-chettinad-cotton | /collection/deep-wine-organza | /collection/indigo-dusk-silk-cotton | /collection/reddish-mango-cotton-orange-border | /collection/magenta-cotton | /collection/red-blue-madras-check-cotton | /collection/twilight-orange-cotton-weave | /collection/lime-and-gold-cotton-classic | /collection/midnight-tribe-gold-border-cotton | /collection/autumn-ember-golden-leaf-cotton | /collection/orange-blossom-cotton-weave | /collection/midnight-kesari-cotton-drape | /collection/blush-green-handwoven-cotton-drape | /collection/brown-kapi-cotton-black-line-border | /collection/brown-and-mustard-light-silk | /collection/kesari-sunset-chiffon-saree | /collection/magenta-mist-chiffon-drape | /collection/green-chiffon-with-fancy-border | /collection/rani-pink-georgette-garden-party | /collection/midnight-zari-georgette | /collection/pressed-bloom-sheer-chiffon | /collection/mayil-peacock-kanjivaram-mix | /collection/burnt-orange-temple-border-kanjivaram | /collection/semmanjal-turmeric-gold-kanjeevaram | /collection/thangam-golden-weave-kanjivaram | /collection/violet-bloom-cotton-drape | /collection/moss-green-lightweight-silk-selai | /collection/heritage-zari-border-kanjivaram | /collection/nava-pazham-kanjeevaram-silk | /collection/nila-blue-gold-zari-silk | /collection/colorful-vintage-kanjeevaram | /collection/gulabi-kota-cotton | /collection/kempu-pachai-and-bandhani | /collection/pachai-linen-golden-border-drape,/collection/tangerine-noir-floral-border-weave,no,/collection/tangerine-noir-floral-border-weave: body | /collection/sunset-ombr-chiffon-draped-dream: body | /collection/indigo-plum-tied-silk-saree: body | /collection/forest-flame-tie-dye-silk: body | /collection/moonstone-cream-mauve-border-saree: body,
private,46,/collection | /how-it-works | /collection/tangerine-noir-floral-border-weave | /collection/sunset-ombr-chiffon-draped-dream | /collection/indigo-plum-tied-silk-saree | /collection/forest-flame-tie-dye-silk | /collection/moonstone-cream-mauve-border-saree | /collection/marigold-moss-cotton | /collection/midnight-garden-georgette-saree | /collection/verdant-bloom-silk-burgundy-gold-border | /collection/pink-katan-triangle-zari-edge | /collection/forest-green-silk-black-gold | /collection/teal-blue-moody-silk-drape | /collection/rose-silk-green-brown-stripe | /collection/mustard-organza-brown-border-drape | /collection/charcoal-gold-organza-heirloom-drape | /collection/beige-organza-peach-bloom | /collection/maroon-chettinad-cotton | /collection/deep-wine-organza | /collection/indigo-dusk-silk-cotton | /collection/reddish-mango-cotton-orange-border | /collection/magenta-cotton | /collection/red-blue-madras-check-cotton | /collection/twilight-orange-cotton-weave | /collection/lime-and-gold-cotton-classic | /collection/midnight-tribe-gold-border-cotton | /collection/autumn-ember-golden-leaf-cotton | /collection/orange-blossom-cotton-weave | /collection/midnight-kesari-cotton-drape | /collection/blush-green-handwoven-cotton-drape | /collection/brown-kapi-cotton-black-line-border | /collection/brown-and-mustard-light-silk | /collection/kesari-sunset-chiffon-saree | /collection/magenta-mist-chiffon-drape | /collection/green-chiffon-with-fancy-border | /collection/rani-pink-georgette-garden-party | /collection/pressed-bloom-sheer-chiffon | /collection/violet-bloom-cotton-drape | /collection/heritage-zari-border-kanjivaram | /collection/nila-blue-gold-zari-silk | /collection/colorful-vintage-kanjeevaram | /collection/gulabi-kota-cotton | /collection/kempu-pachai-and-bandhani | /collection/rose-vine-stripe-chiffon-saree | /collection/coral-sunrise-chiffon-georgette-saree,/collection,no,/collection: body | /how-it-works: body | /collection/tangerine-noir-floral-border-weave: body | /collection/sunset-ombr-chiffon-draped-dream: body | /collection/indigo-plum-tied-silk-saree: body,
checkedlengthstandard,45,/collection/tangerine-noir-floral-border-weave | /collection/sunset-ombr-chiffon-draped-dream | /collection/indigo-plum-tied-silk-saree | /collection/forest-flame-tie-dye-silk | /collection/moonstone-cream-mauve-border-saree | /collection/marigold-moss-cotton | /collection/midnight-garden-georgette-saree | /collection/verdant-bloom-silk-burgundy-gold-border | /collection/pink-katan-triangle-zari-edge | /collection/forest-green-silk-black-gold | /collection/teal-blue-moody-silk-drape | /collection/rose-silk-green-brown-stripe | /collection/mustard-organza-brown-border-drape | /collection/charcoal-gold-organza-heirloom-drape | /collection/beige-organza-peach-bloom | /collection/maroon-chettinad-cotton | /collection/deep-wine-organza | /collection/indigo-dusk-silk-cotton | /collection/reddish-mango-cotton-orange-border | /collection/magenta-cotton | /collection/red-blue-madras-check-cotton | /collection/twilight-orange-cotton-weave | /collection/lime-and-gold-cotton-classic | /collection/midnight-tribe-gold-border-cotton | /collection/autumn-ember-golden-leaf-cotton | /collection/orange-blossom-cotton-weave | /collection/midnight-kesari-cotton-drape | /collection/blush-green-handwoven-cotton-drape | /collection/brown-kapi-cotton-black-line-border | /collection/brown-and-mustard-light-silk | /collection/kesari-sunset-chiffon-saree | /collection/magenta-mist-chiffon-drape | /collection/green-chiffon-with-fancy-border | /collection/rani-pink-georgette-garden-party | /collection/midnight-zari-georgette | /collection/pressed-bloom-sheer-chiffon | /collection/burnt-orange-temple-border-kanjivaram | /collection/semmanjal-turmeric-gold-kanjeevaram | /collection/thangam-golden-weave-kanjivaram | /collection/violet-bloom-cotton-drape | /collection/moss-green-lightweight-silk-selai | /collection/heritage-zari-border-kanjivaram | /collection/nava-pazham-kanjeevaram-silk | /collection/nila-blue-gold-zari-silk | /collection/coral-sunrise-chiffon-georgette-saree,/collection/tangerine-noir-floral-border-weave,no,/collection/tangerine-noir-floral-border-weave: body | /collection/sunset-ombr-chiffon-draped-dream: body | /collection/indigo-plum-tied-silk-saree: body | /collection/forest-flame-tie-dye-silk: body | /collection/moonstone-cream-mauve-border-saree: body,
handconditionpre-loved,45,/collection/tangerine-noir-floral-border-weave | /collection/sunset-ombr-chiffon-draped-dream | /collection/indigo-plum-tied-silk-saree | /collection/forest-flame-tie-dye-silk | /collection/moonstone-cream-mauve-border-saree | /collection/marigold-moss-cotton | /collection/midnight-garden-georgette-saree | /collection/verdant-bloom-silk-burgundy-gold-border | /collection/pink-katan-triangle-zari-edge | /collection/forest-green-silk-black-gold | /collection/teal-blue-moody-silk-drape | /collection/rose-silk-green-brown-stripe | /collection/mustard-organza-brown-border-drape | /collection/charcoal-gold-organza-heirloom-drape | /collection/beige-organza-peach-bloom | /collection/maroon-chettinad-cotton | /collection/deep-wine-organza | /collection/indigo-dusk-silk-cotton | /collection/reddish-mango-cotton-orange-border | /collection/magenta-cotton | /collection/red-blue-madras-check-cotton | /collection/twilight-orange-cotton-weave | /collection/lime-and-gold-cotton-classic | /collection/midnight-tribe-gold-border-cotton | /collection/autumn-ember-golden-leaf-cotton | /collection/orange-blossom-cotton-weave | /collection/midnight-kesari-cotton-drape | /collection/blush-green-handwoven-cotton-drape | /collection/brown-kapi-cotton-black-line-border | /collection/brown-and-mustard-light-silk | /collection/kesari-sunset-chiffon-saree | /collection/magenta-mist-chiffon-drape | /collection/green-chiffon-with-fancy-border | /collection/rani-pink-georgette-garden-party | /collection/midnight-zari-georgette | /collection/pressed-bloom-sheer-chiffon | /collection/burnt-orange-temple-border-kanjivaram | /collection/semmanjal-turmeric-gold-kanjeevaram | /collection/thangam-golden-weave-kanjivaram | /collection/violet-bloom-cotton-drape | /collection/moss-green-lightweight-silk-selai | /collection/heritage-zari-border-kanjivaram | /collection/nava-pazham-kanjeevaram-silk | /collection/nila-blue-gold-zari-silk | /collection/coral-sunrise-chiffon-georgette-saree,/collection/tangerine-noir-floral-border-weave,no,/collection/tangerine-noir-floral-border-weave: body | /collection/sunset-ombr-chiffon-draped-dream: body | /collection/indigo-plum-tied-silk-saree: body | /collection/forest-flame-tie-dye-silk: body | /collection/moonstone-cream-mauve-border-saree: body,
conditionpre-loved,44,/collection/tangerine-noir-floral-border-weave | /collection/sunset-ombr-chiffon-draped-dream | /collection/indigo-plum-tied-silk-saree | /collection/forest-flame-tie-dye-silk | /collection/moonstone-cream-mauve-border-saree | /collection/marigold-moss-cotton | /collection/midnight-garden-georgette-saree | /collection/verdant-bloom-silk-burgundy-gold-border | /collection/pink-katan-triangle-zari-edge | /collection/forest-green-silk-black-gold | /collection/teal-blue-moody-silk-drape | /collection/rose-silk-green-brown-stripe | /collection/mustard-organza-brown-border-drape | /collection/charcoal-gold-organza-heirloom-drape | /collection/beige-organza-peach-bloom | /collection/maroon-chettinad-cotton | /collection/deep-wine-organza | /collection/indigo-dusk-silk-cotton | /collection/reddish-mango-cotton-orange-border | /collection/magenta-cotton | /collection/red-blue-madras-check-cotton | /collection/twilight-orange-cotton-weave | /collection/lime-and-gold-cotton-classic | /collection/midnight-tribe-gold-border-cotton | /collection/autumn-ember-golden-leaf-cotton | /collection/orange-blossom-cotton-weave | /collection/midnight-kesari-cotton-drape | /collection/blush-green-handwoven-cotton-drape | /collection/brown-kapi-cotton-black-line-border | /collection/brown-and-mustard-light-silk | /collection/kesari-sunset-chiffon-saree | /collection/magenta-mist-chiffon-drape | /collection/green-chiffon-with-fancy-border | /collection/rani-pink-georgette-garden-party | /collection/pressed-bloom-sheer-chiffon | /collection/burnt-orange-temple-border-kanjivaram | /collection/semmanjal-turmeric-gold-kanjeevaram | /collection/thangam-golden-weave-kanjivaram | /collection/violet-bloom-cotton-drape | /collection/moss-green-lightweight-silk-selai | /collection/heritage-zari-border-kanjivaram | /collection/nava-pazham-kanjeevaram-silk | /collection/nila-blue-gold-zari-silk | /collection/coral-sunrise-chiffon-georgette-saree,/collection/tangerine-noir-floral-border-weave,no,/collection/tangerine-noir-floral-border-weave: body | /collection/sunset-ombr-chiffon-draped-dream: body | /collection/indigo-plum-tied-silk-saree: body | /collection/forest-flame-tie-dye-silk: body | /collection/moonstone-cream-mauve-border-saree: body,
1originprivate,43,/collection/tangerine-noir-floral-border-weave | /collection/sunset-ombr-chiffon-draped-dream | /collection/indigo-plum-tied-silk-saree | /collection/forest-flame-tie-dye-silk | /collection/moonstone-cream-mauve-border-saree | /collection/marigold-moss-cotton | /collection/midnight-garden-georgette-saree | /collection/verdant-bloom-silk-burgundy-gold-border | /collection/pink-katan-triangle-zari-edge | /collection/forest-green-silk-black-gold | /collection/teal-blue-moody-silk-drape | /collection/rose-silk-green-brown-stripe | /collection/mustard-organza-brown-border-drape | /collection/charcoal-gold-organza-heirloom-drape | /collection/beige-organza-peach-bloom | /collection/maroon-chettinad-cotton | /collection/deep-wine-organza | /collection/indigo-dusk-silk-cotton | /collection/reddish-mango-cotton-orange-border | /collection/magenta-cotton | /collection/red-blue-madras-check-cotton | /collection/twilight-orange-cotton-weave | /collection/lime-and-gold-cotton-classic | /collection/midnight-tribe-gold-border-cotton | /collection/autumn-ember-golden-leaf-cotton | /collection/orange-blossom-cotton-weave | /collection/midnight-kesari-cotton-drape | /collection/blush-green-handwoven-cotton-drape | /collection/brown-kapi-cotton-black-line-border | /collection/brown-and-mustard-light-silk | /collection/kesari-sunset-chiffon-saree | /collection/magenta-mist-chiffon-drape | /collection/green-chiffon-with-fancy-border | /collection/rani-pink-georgette-garden-party | /collection/pressed-bloom-sheer-chiffon | /collection/violet-bloom-cotton-drape | /collection/heritage-zari-border-kanjivaram | /collection/nila-blue-gold-zari-silk | /collection/colorful-vintage-kanjeevaram | /collection/gulabi-kota-cotton | /collection/kempu-pachai-and-bandhani | /collection/rose-vine-stripe-chiffon-saree | /collection/coral-sunrise-chiffon-georgette-saree,/collection/tangerine-noir-floral-border-weave,no,/collection/tangerine-noir-floral-border-weave: body | /collection/sunset-ombr-chiffon-draped-dream: body | /collection/indigo-plum-tied-silk-saree: body | /collection/forest-flame-tie-dye-silk: body | /collection/moonstone-cream-mauve-border-saree: body,
information,43,/faqs | /policies | /policies/privacy-policy | /policies/terms-of-service | /policies/authentication-condition-policy | /policies/cancellation-policy | /policies/grievance-redressal | /guides/pre-loved-vs-second-hand-saree | /privacy-policy | /terms-of-service | /faq,/faqs,yes,/faqs: body | /policies: body | /policies/privacy-policy: meta | /policies/terms-of-service: body | /policies/authentication-condition-policy: body,
sizestretchfit,43,/top-viewed | /blouses | /collection/tangerine-noir-floral-border-weave | /collection/sunset-ombr-chiffon-draped-dream | /collection/indigo-plum-tied-silk-saree | /collection/forest-flame-tie-dye-silk | /collection/moonstone-cream-mauve-border-saree | /collection/marigold-moss-cotton | /collection/midnight-garden-georgette-saree | /collection/mustard-organza-brown-border-drape | /collection/charcoal-gold-organza-heirloom-drape | /collection/beige-organza-peach-bloom | /collection/maroon-chettinad-cotton | /collection/deep-wine-organza | /collection/indigo-dusk-silk-cotton | /collection/reddish-mango-cotton-orange-border | /collection/magenta-cotton | /collection/red-blue-madras-check-cotton | /collection/twilight-orange-cotton-weave | /collection/lime-and-gold-cotton-classic | /collection/midnight-tribe-gold-border-cotton | /collection/autumn-ember-golden-leaf-cotton | /collection/orange-blossom-cotton-weave | /collection/blush-green-handwoven-cotton-drape | /collection/brown-kapi-cotton-black-line-border | /collection/kesari-sunset-chiffon-saree | /collection/magenta-mist-chiffon-drape | /collection/green-chiffon-with-fancy-border | /collection/rani-pink-georgette-garden-party | /collection/midnight-zari-georgette | /collection/pressed-bloom-sheer-chiffon | /collection/mayil-peacock-kanjivaram-mix | /collection/burnt-orange-temple-border-kanjivaram | /collection/semmanjal-turmeric-gold-kanjeevaram | /collection/thangam-golden-weave-kanjivaram | /collection/violet-bloom-cotton-drape | /collection/heritage-zari-border-kanjivaram | /collection/nava-pazham-kanjeevaram-silk | /collection/colorful-vintage-kanjeevaram | /collection/gulabi-kota-cotton | /collection/pachai-linen-golden-border-drape | /collection/rose-vine-stripe-chiffon-saree | /collection/coral-sunrise-chiffon-georgette-saree,/top-viewed,no,/top-viewed: body | /blouses: body | /collection/tangerine-noir-floral-border-weave: body | /collection/sunset-ombr-chiffon-draped-dream: body | /collection/indigo-plum-tied-silk-saree: body,
checkedownershipuniqueprovenancesourced,42,/collection/tangerine-noir-floral-border-weave | /collection/sunset-ombr-chiffon-draped-dream | /collection/indigo-plum-tied-silk-saree | /collection/forest-flame-tie-dye-silk | /collection/moonstone-cream-mauve-border-saree | /collection/marigold-moss-cotton | /collection/midnight-garden-georgette-saree | /collection/verdant-bloom-silk-burgundy-gold-border | /collection/pink-katan-triangle-zari-edge | /collection/forest-green-silk-black-gold | /collection/teal-blue-moody-silk-drape | /collection/rose-silk-green-brown-stripe | /collection/mustard-organza-brown-border-drape | /collection/charcoal-gold-organza-heirloom-drape | /collection/beige-organza-peach-bloom | /collection/maroon-chettinad-cotton | /collection/deep-wine-organza | /collection/indigo-dusk-silk-cotton | /collection/reddish-mango-cotton-orange-border | /collection/magenta-cotton | /collection/red-blue-madras-check-cotton | /collection/twilight-orange-cotton-weave | /collection/lime-and-gold-cotton-classic | /collection/midnight-tribe-gold-border-cotton | /collection/autumn-ember-golden-leaf-cotton | /collection/orange-blossom-cotton-weave | /collection/midnight-kesari-cotton-drape | /collection/blush-green-handwoven-cotton-drape | /collection/brown-kapi-cotton-black-line-border | /collection/brown-and-mustard-light-silk | /collection/kesari-sunset-chiffon-saree | /collection/magenta-mist-chiffon-drape | /collection/green-chiffon-with-fancy-border | /collection/rani-pink-georgette-garden-party | /collection/midnight-zari-georgette | /collection/pressed-bloom-sheer-chiffon | /collection/semmanjal-turmeric-gold-kanjeevaram | /collection/thangam-golden-weave-kanjivaram | /collection/violet-bloom-cotton-drape | /collection/heritage-zari-border-kanjivaram | /collection/nila-blue-gold-zari-silk | /collection/coral-sunrise-chiffon-georgette-saree,/collection/tangerine-noir-floral-border-weave,no,/collection/tangerine-noir-floral-border-weave: body | /collection/sunset-ombr-chiffon-draped-dream: body | /collection/indigo-plum-tied-silk-saree: body | /collection/forest-flame-tie-dye-silk: body | /collection/moonstone-cream-mauve-border-saree: body,
help,40,/ | /faqs | /contact | /why | /policies/privacy-policy | /policies/return-refund-policy | /policies/shipping-delivery-policy | /policies/terms-of-service | /policies/authentication-condition-policy | /policies/care-packaging-policy | /policies/cancellation-policy | /policies/sell-with-us-policy | /policies/grievance-redressal | /guides/pre-loved-vs-second-hand-saree | /privacy-policy | /return-policy | /shipping-policy | /terms-of-service | /faq,/,yes,/: body | /faqs: body | /contact: body | /why: body | /policies/privacy-policy: body,
pink,40,/ | /top-viewed | /blouses | /collection/tangerine-noir-floral-border-weave | /collection/sunset-ombr-chiffon-draped-dream | /collection/moonstone-cream-mauve-border-saree | /collection/marigold-moss-cotton | /collection/midnight-garden-georgette-saree | /collection/mustard-organza-brown-border-drape | /collection/charcoal-gold-organza-heirloom-drape | /collection/beige-organza-peach-bloom | /collection/maroon-chettinad-cotton | /collection/deep-wine-organza | /collection/indigo-dusk-silk-cotton | /collection/reddish-mango-cotton-orange-border | /collection/magenta-cotton | /collection/red-blue-madras-check-cotton | /collection/twilight-orange-cotton-weave | /collection/lime-and-gold-cotton-classic | /collection/midnight-tribe-gold-border-cotton | /collection/autumn-ember-golden-leaf-cotton | /collection/orange-blossom-cotton-weave | /collection/blush-green-handwoven-cotton-drape | /collection/brown-kapi-cotton-black-line-border | /collection/rani-pink-georgette-garden-party | /collection/midnight-zari-georgette | /collection/mayil-peacock-kanjivaram-mix | /collection/burnt-orange-temple-border-kanjivaram | /collection/semmanjal-turmeric-gold-kanjeevaram | /collection/thangam-golden-weave-kanjivaram | /collection/violet-bloom-cotton-drape | /collection/heritage-zari-border-kanjivaram | /collection/nava-pazham-kanjeevaram-silk | /collection/colorful-vintage-kanjeevaram | /collection/gulabi-kota-cotton | /collection/pachai-linen-golden-border-drape | /collection/fabric/georgette | /collection/rose-vine-stripe-chiffon-saree,/,yes,/: body | /top-viewed: body | /blouses: body | /collection/tangerine-noir-floral-border-weave: body | /collection/sunset-ombr-chiffon-draped-dream: body,
garden,39,/ | /collection | /top-viewed | /collection/fabric/silk | /collection/tangerine-noir-floral-border-weave | /collection/midnight-garden-georgette-saree | /collection/verdant-bloom-silk-burgundy-gold-border | /collection/orange-blossom-cotton-weave | /collection/blush-green-handwoven-cotton-drape | /collection/kesari-sunset-chiffon-saree | /collection/magenta-mist-chiffon-drape | /collection/green-chiffon-with-fancy-border | /collection/pressed-bloom-sheer-chiffon | /collection/fabric/chiffon | /collection/fabric/georgette | /collection/rose-vine-stripe-chiffon-saree,/,yes,/: body | /collection: body | /top-viewed: body | /collection/fabric/silk: body | /collection/tangerine-noir-floral-border-weave: body,
georgette,38,/ | /collection | /authentication | /sell-your-saree | /policies/care-packaging-policy | /collection/sunset-ombr-chiffon-draped-dream | /collection/indigo-plum-tied-silk-saree | /collection/forest-flame-tie-dye-silk | /collection/midnight-garden-georgette-saree | /collection/verdant-bloom-silk-burgundy-gold-border | /collection/pink-katan-triangle-zari-edge | /collection/forest-green-silk-black-gold | /collection/teal-blue-moody-silk-drape | /collection/rose-silk-green-brown-stripe | /collection/midnight-kesari-cotton-drape | /collection/brown-and-mustard-light-silk | /collection/rani-pink-georgette-garden-party | /collection/midnight-zari-georgette | /collection/violet-bloom-cotton-drape | /collection/moss-green-lightweight-silk-selai | /collection/nila-blue-gold-zari-silk | /collection/kempu-pachai-and-bandhani | /collection/fabric/georgette | /collection/coral-sunrise-chiffon-georgette-saree,/,yes,/: body | /collection: body | /authentication: body | /sell-your-saree: body | /policies/care-packaging-policy: body,
zari,38,/ | /collection | /faqs | /how-it-works | /authentication | /why | /policies/terms-of-service | /policies/authentication-condition-policy | /policies/care-packaging-policy | /collection/fabric/silk | /collection/verdant-bloom-silk-burgundy-gold-border | /collection/magenta-cotton | /collection/midnight-zari-georgette | /collection/burnt-orange-temple-border-kanjivaram | /collection/nila-blue-gold-zari-silk | /terms-of-service | /faq,/,yes,/: body | /collection: body | /faqs: body | /how-it-works: body | /authentication: meta,
after,37,/faqs | /packing | /policies/return-refund-policy | /policies/shipping-delivery-policy | /policies/terms-of-service | /policies/care-packaging-policy | /policies/cancellation-policy | /return-policy | /shipping-policy | /terms-of-service | /faq,/faqs,yes,/faqs: body | /packing: body | /policies/return-refund-policy: body | /policies/shipping-delivery-policy: body | /policies/terms-of-service: body,
personal,37,/ | /faqs | /policies | /policies/privacy-policy | /guides/what-is-a-pre-loved-saree | /guides/pre-loved-vs-second-hand-saree | /collection/midnight-zari-georgette | /collection/burnt-orange-temple-border-kanjivaram | /collection/semmanjal-turmeric-gold-kanjeevaram | /collection/thangam-golden-weave-kanjivaram | /collection/nava-pazham-kanjeevaram-silk | /privacy-policy | /faq,/,yes,/: body | /faqs: body | /policies: body | /policies/privacy-policy: meta | /guides/what-is-a-pre-loved-saree: body,
cerise,36,/top-viewed | /blouses | /collection/tangerine-noir-floral-border-weave | /collection/sunset-ombr-chiffon-draped-dream | /collection/moonstone-cream-mauve-border-saree | /collection/marigold-moss-cotton | /collection/midnight-garden-georgette-saree | /collection/mustard-organza-brown-border-drape | /collection/charcoal-gold-organza-heirloom-drape | /collection/beige-organza-peach-bloom | /collection/maroon-chettinad-cotton | /collection/deep-wine-organza | /collection/indigo-dusk-silk-cotton | /collection/reddish-mango-cotton-orange-border | /collection/magenta-cotton | /collection/red-blue-madras-check-cotton | /collection/twilight-orange-cotton-weave | /collection/lime-and-gold-cotton-classic | /collection/midnight-tribe-gold-border-cotton | /collection/autumn-ember-golden-leaf-cotton | /collection/orange-blossom-cotton-weave | /collection/blush-green-handwoven-cotton-drape | /collection/brown-kapi-cotton-black-line-border | /collection/rani-pink-georgette-garden-party | /collection/midnight-zari-georgette | /collection/mayil-peacock-kanjivaram-mix | /collection/burnt-orange-temple-border-kanjivaram | /collection/semmanjal-turmeric-gold-kanjeevaram | /collection/thangam-golden-weave-kanjivaram | /collection/violet-bloom-cotton-drape | /collection/heritage-zari-border-kanjivaram | /collection/nava-pazham-kanjeevaram-silk | /collection/colorful-vintage-kanjeevaram | /collection/gulabi-kota-cotton | /collection/pachai-linen-golden-border-drape | /collection/rose-vine-stripe-chiffon-saree,/top-viewed,yes,/top-viewed: body | /blouses: body | /collection/tangerine-noir-floral-border-weave: body | /collection/sunset-ombr-chiffon-draped-dream: body | /collection/moonstone-cream-mauve-border-saree: body,
shop,36,/ | /collection | /packing | /policies/privacy-policy | /policies/return-refund-policy | /policies/shipping-delivery-policy | /policies/terms-of-service | /policies/authentication-condition-policy | /policies/cancellation-policy | /policies/sell-with-us-policy | /policies/grievance-redressal | /collection/tangerine-noir-floral-border-weave | /collection/indigo-plum-tied-silk-saree | /collection/forest-flame-tie-dye-silk | /collection/verdant-bloom-silk-burgundy-gold-border | /collection/pink-katan-triangle-zari-edge | /collection/forest-green-silk-black-gold | /collection/teal-blue-moody-silk-drape | /collection/rose-silk-green-brown-stripe | /collection/midnight-kesari-cotton-drape | /collection/brown-and-mustard-light-silk | /collection/kesari-sunset-chiffon-saree | /collection/magenta-mist-chiffon-drape | /collection/green-chiffon-with-fancy-border | /collection/pressed-bloom-sheer-chiffon | /collection/moss-green-lightweight-silk-selai | /collection/nila-blue-gold-zari-silk | /collection/kempu-pachai-and-bandhani | /privacy-policy | /return-policy | /shipping-policy | /terms-of-service,/,yes,/: meta | /collection: title | /packing: body | /policies/privacy-policy: body | /policies/return-refund-policy: body,
cotton,34,/ | /collection | /faqs | /authentication | /sell-your-saree | /policies/care-packaging-policy | /collection/fabric/silk | /collection/marigold-moss-cotton | /collection/maroon-chettinad-cotton | /collection/reddish-mango-cotton-orange-border | /collection/magenta-cotton | /collection/red-blue-madras-check-cotton | /collection/twilight-orange-cotton-weave | /collection/lime-and-gold-cotton-classic | /collection/midnight-tribe-gold-border-cotton | /collection/autumn-ember-golden-leaf-cotton | /collection/orange-blossom-cotton-weave | /collection/midnight-kesari-cotton-drape | /collection/brown-kapi-cotton-black-line-border | /collection/violet-bloom-cotton-drape | /collection/gulabi-kota-cotton | /faq,/,yes,/: body | /collection: body | /faqs: body | /authentication: body | /sell-your-saree: body,
provenance,34,/ | /collection | /faqs | /authentication | /policies | /why | /sell-your-saree | /packing | /policies/privacy-policy | /policies/return-refund-policy | /policies/terms-of-service | /policies/authentication-condition-policy | /policies/care-packaging-policy | /policies/sell-with-us-policy | /collection/fabric/silk | /guides/what-is-a-pre-loved-saree | /guides/pre-loved-vs-second-hand-saree | /privacy-policy | /return-policy | /terms-of-service | /faq,/,yes,/: meta | /collection: body | /faqs: body | /authentication: title/meta | /policies: body,Protected commercial term retained by audit normalization.
border,33,/ | /collection | /top-viewed | /how-it-works | /authentication | /why | /policies/authentication-condition-policy | /policies/sell-with-us-policy | /collection/tangerine-noir-floral-border-weave | /collection/moonstone-cream-mauve-border-saree | /collection/pink-katan-triangle-zari-edge | /collection/mustard-organza-brown-border-drape | /collection/charcoal-gold-organza-heirloom-drape | /collection/beige-organza-peach-bloom | /collection/deep-wine-organza | /collection/magenta-cotton | /collection/midnight-tribe-gold-border-cotton | /collection/kesari-sunset-chiffon-saree | /collection/magenta-mist-chiffon-drape | /collection/green-chiffon-with-fancy-border | /collection/pressed-bloom-sheer-chiffon | /collection/fabric/chiffon | /collection/rose-vine-stripe-chiffon-saree,/,yes,/: body | /collection: body | /top-viewed: body | /how-it-works: body | /authentication: body,
contact,33,/packing | /policies/privacy-policy | /policies/return-refund-policy | /policies/shipping-delivery-policy | /policies/terms-of-service | /policies/authentication-condition-policy | /policies/care-packaging-policy | /policies/cancellation-policy | /policies/sell-with-us-policy | /policies/grievance-redressal | /privacy-policy | /return-policy | /shipping-policy | /terms-of-service,/packing,yes,/packing: body | /policies/privacy-policy: body | /policies/return-refund-policy: body | /policies/shipping-delivery-policy: body | /policies/terms-of-service: body,
sareeswhat,33,/collection/fabric/silk | /collection/tangerine-noir-floral-border-weave | /collection/sunset-ombr-chiffon-draped-dream | /collection/indigo-plum-tied-silk-saree | /collection/forest-flame-tie-dye-silk | /collection/midnight-garden-georgette-saree | /collection/verdant-bloom-silk-burgundy-gold-border | /collection/pink-katan-triangle-zari-edge | /collection/forest-green-silk-black-gold | /collection/teal-blue-moody-silk-drape | /collection/rose-silk-green-brown-stripe | /collection/red-blue-madras-check-cotton | /collection/midnight-kesari-cotton-drape | /collection/brown-and-mustard-light-silk | /collection/kesari-sunset-chiffon-saree | /collection/magenta-mist-chiffon-drape | /collection/green-chiffon-with-fancy-border | /collection/rani-pink-georgette-garden-party | /collection/midnight-zari-georgette | /collection/pressed-bloom-sheer-chiffon | /collection/mayil-peacock-kanjivaram-mix | /collection/burnt-orange-temple-border-kanjivaram | /collection/semmanjal-turmeric-gold-kanjeevaram | /collection/thangam-golden-weave-kanjivaram | /collection/violet-bloom-cotton-drape | /collection/moss-green-lightweight-silk-selai | /collection/heritage-zari-border-kanjivaram | /collection/nava-pazham-kanjeevaram-silk | /collection/nila-blue-gold-zari-silk | /collection/colorful-vintage-kanjeevaram | /collection/kempu-pachai-and-bandhani | /collection/rose-vine-stripe-chiffon-saree | /collection/coral-sunrise-chiffon-georgette-saree,/collection/fabric/silk,no,/collection/fabric/silk: body | /collection/tangerine-noir-floral-border-weave: body | /collection/sunset-ombr-chiffon-draped-dream: body | /collection/indigo-plum-tied-silk-saree: body | /collection/forest-flame-tie-dye-silk: body,
story,33,/ | /collection | /our-story | /faqs | /how-it-works | /authentication | /why | /sell-your-saree | /packing | /policies/authentication-condition-policy | /policies/care-packaging-policy | /policies/sell-with-us-policy | /guides/pre-loved-vs-second-hand-saree | /faq | /about | /stories,/,yes,/: meta | /collection: body | /our-story: title/meta/H1 | /faqs: body | /how-it-works: body,
widthmore,32,/collection/tangerine-noir-floral-border-weave | /collection/sunset-ombr-chiffon-draped-dream | /collection/indigo-plum-tied-silk-saree | /collection/forest-flame-tie-dye-silk | /collection/midnight-garden-georgette-saree | /collection/verdant-bloom-silk-burgundy-gold-border | /collection/pink-katan-triangle-zari-edge | /collection/forest-green-silk-black-gold | /collection/teal-blue-moody-silk-drape | /collection/rose-silk-green-brown-stripe | /collection/red-blue-madras-check-cotton | /collection/midnight-kesari-cotton-drape | /collection/brown-and-mustard-light-silk | /collection/kesari-sunset-chiffon-saree | /collection/magenta-mist-chiffon-drape | /collection/green-chiffon-with-fancy-border | /collection/rani-pink-georgette-garden-party | /collection/midnight-zari-georgette | /collection/pressed-bloom-sheer-chiffon | /collection/mayil-peacock-kanjivaram-mix | /collection/burnt-orange-temple-border-kanjivaram | /collection/semmanjal-turmeric-gold-kanjeevaram | /collection/thangam-golden-weave-kanjivaram | /collection/violet-bloom-cotton-drape | /collection/moss-green-lightweight-silk-selai | /collection/heritage-zari-border-kanjivaram | /collection/nava-pazham-kanjeevaram-silk | /collection/nila-blue-gold-zari-silk | /collection/colorful-vintage-kanjeevaram | /collection/kempu-pachai-and-bandhani | /collection/rose-vine-stripe-chiffon-saree | /collection/coral-sunrise-chiffon-georgette-saree,/collection/tangerine-noir-floral-border-weave,no,/collection/tangerine-noir-floral-border-weave: body | /collection/sunset-ombr-chiffon-draped-dream: body | /collection/indigo-plum-tied-silk-saree: body | /collection/forest-flame-tie-dye-silk: body | /collection/midnight-garden-georgette-saree: body,
number,31,/policies/privacy-policy | /policies/return-refund-policy | /policies/shipping-delivery-policy | /policies/terms-of-service | /policies/authentication-condition-policy | /policies/care-packaging-policy | /policies/cancellation-policy | /policies/sell-with-us-policy | /policies/grievance-redressal | /privacy-policy | /return-policy | /shipping-policy | /terms-of-service,/policies/privacy-policy,no,/policies/privacy-policy: body | /policies/return-refund-policy: body | /policies/shipping-delivery-policy: body | /policies/terms-of-service: body | /policies/authentication-condition-policy: body,
tied,31,/collection | /top-viewed | /collection/fabric/silk | /collection/indigo-plum-tied-silk-saree | /collection/forest-flame-tie-dye-silk | /collection/verdant-bloom-silk-burgundy-gold-border | /collection/pink-katan-triangle-zari-edge | /collection/forest-green-silk-black-gold | /collection/teal-blue-moody-silk-drape | /collection/rose-silk-green-brown-stripe | /collection/midnight-kesari-cotton-drape | /collection/brown-and-mustard-light-silk | /collection/moss-green-lightweight-silk-selai | /collection/nila-blue-gold-zari-silk | /collection/kempu-pachai-and-bandhani | /collection/coral-sunrise-chiffon-georgette-saree,/collection,yes,/collection: body | /top-viewed: body | /collection/fabric/silk: body | /collection/indigo-plum-tied-silk-saree: title/meta/H1 | /collection/forest-flame-tie-dye-silk: body,
299add,30,/collection/tangerine-noir-floral-border-weave | /collection/sunset-ombr-chiffon-draped-dream | /collection/indigo-plum-tied-silk-saree | /collection/moonstone-cream-mauve-border-saree | /collection/midnight-garden-georgette-saree | /collection/verdant-bloom-silk-burgundy-gold-border | /collection/forest-green-silk-black-gold | /collection/maroon-chettinad-cotton | /collection/deep-wine-organza | /collection/indigo-dusk-silk-cotton | /collection/magenta-cotton | /collection/twilight-orange-cotton-weave | /collection/lime-and-gold-cotton-classic | /collection/midnight-tribe-gold-border-cotton | /collection/orange-blossom-cotton-weave | /collection/midnight-kesari-cotton-drape | /collection/brown-kapi-cotton-black-line-border | /collection/green-chiffon-with-fancy-border | /collection/pressed-bloom-sheer-chiffon | /collection/mayil-peacock-kanjivaram-mix | /collection/burnt-orange-temple-border-kanjivaram | /collection/semmanjal-turmeric-gold-kanjeevaram | /collection/thangam-golden-weave-kanjivaram | /collection/violet-bloom-cotton-drape | /collection/moss-green-lightweight-silk-selai | /collection/heritage-zari-border-kanjivaram | /collection/nava-pazham-kanjeevaram-silk | /collection/nila-blue-gold-zari-silk | /collection/gulabi-kota-cotton | /collection/kempu-pachai-and-bandhani,/collection/tangerine-noir-floral-border-weave,no,/collection/tangerine-noir-floral-border-weave: body | /collection/sunset-ombr-chiffon-draped-dream: body | /collection/indigo-plum-tied-silk-saree: body | /collection/moonstone-cream-mauve-border-saree: body | /collection/midnight-garden-georgette-saree: body,
refund,30,/faqs | /policies | /policies/privacy-policy | /policies/return-refund-policy | /policies/shipping-delivery-policy | /policies/terms-of-service | /policies/authentication-condition-policy | /policies/care-packaging-policy | /policies/cancellation-policy | /policies/sell-with-us-policy | /policies/grievance-redressal | /privacy-policy | /return-policy | /shipping-policy | /terms-of-service | /faq,/faqs,yes,/faqs: body | /policies: body | /policies/privacy-policy: body | /policies/return-refund-policy: body | /policies/shipping-delivery-policy: body,
every,29,/ | /top-viewed | /faqs | /authentication | /policies | /sell-your-saree | /packing | /policies/return-refund-policy | /policies/authentication-condition-policy | /collection/fabric/silk | /guides/what-is-a-pre-loved-saree | /guides/pre-loved-vs-second-hand-saree | /return-policy | /faq,/,yes,/: body | /top-viewed: body | /faqs: body | /authentication: meta/H1 | /policies: body,
meets,29,/collection | /top-viewed | /collection/fabric/silk | /collection/sunset-ombr-chiffon-draped-dream | /collection/indigo-plum-tied-silk-saree | /collection/forest-flame-tie-dye-silk | /collection/midnight-garden-georgette-saree | /collection/verdant-bloom-silk-burgundy-gold-border | /collection/pink-katan-triangle-zari-edge | /collection/forest-green-silk-black-gold | /collection/teal-blue-moody-silk-drape | /collection/rose-silk-green-brown-stripe | /collection/midnight-kesari-cotton-drape | /collection/brown-and-mustard-light-silk | /collection/rani-pink-georgette-garden-party | /collection/midnight-zari-georgette | /collection/violet-bloom-cotton-drape | /collection/moss-green-lightweight-silk-selai | /collection/nila-blue-gold-zari-silk | /collection/kempu-pachai-and-bandhani | /collection/fabric/georgette | /collection/coral-sunrise-chiffon-georgette-saree,/collection,no,/collection: body | /top-viewed: body | /collection/fabric/silk: body | /collection/sunset-ombr-chiffon-draped-dream: body | /collection/indigo-plum-tied-silk-saree: body,
packaging,29,/ | /faqs | /how-it-works | /policies | /packing | /policies/privacy-policy | /policies/return-refund-policy | /policies/shipping-delivery-policy | /policies/care-packaging-policy | /privacy-policy | /return-policy | /shipping-policy | /faq,/,yes,/: body | /faqs: body | /how-it-works: body | /policies: body | /packing: title/H1,
like,28,/ | /our-story | /how-it-works | /authentication | /sell-your-saree | /guides/pre-loved-vs-second-hand-saree | /collection/tangerine-noir-floral-border-weave | /collection/indigo-plum-tied-silk-saree | /collection/forest-flame-tie-dye-silk | /collection/verdant-bloom-silk-burgundy-gold-border | /collection/pink-katan-triangle-zari-edge | /collection/forest-green-silk-black-gold | /collection/teal-blue-moody-silk-drape | /collection/rose-silk-green-brown-stripe | /collection/midnight-kesari-cotton-drape | /collection/brown-and-mustard-light-silk | /collection/kesari-sunset-chiffon-saree | /collection/magenta-mist-chiffon-drape | /collection/green-chiffon-with-fancy-border | /collection/pressed-bloom-sheer-chiffon | /collection/moss-green-lightweight-silk-selai | /collection/nila-blue-gold-zari-silk | /collection/kempu-pachai-and-bandhani | /about | /stories,/,yes,/: body | /our-story: body | /how-it-works: body | /authentication: body | /sell-your-saree: body,
pieces,28,/ | /top-viewed | /faqs | /how-it-works | /why | /sell-your-saree | /policies/shipping-delivery-policy | /collection/fabric/silk | /blouses | /shipping-policy | /collection/fabric/chiffon | /collection/fabric/georgette | /faq,/,yes,/: body | /top-viewed: body | /faqs: body | /how-it-works: body | /why: body,
policyhow,28,/faqs | /policies | /policies/privacy-policy | /policies/authentication-condition-policy | /policies/care-packaging-policy | /policies/cancellation-policy | /policies/sell-with-us-policy | /policies/grievance-redressal | /privacy-policy | /faq,/faqs,no,/faqs: body | /policies: body | /policies/privacy-policy: body | /policies/authentication-condition-policy: body | /policies/care-packaging-policy: body,
sareesilk,28,/collection | /top-viewed | /collection/fabric/silk | /collection/indigo-plum-tied-silk-saree | /collection/forest-flame-tie-dye-silk | /collection/verdant-bloom-silk-burgundy-gold-border | /collection/pink-katan-triangle-zari-edge | /collection/forest-green-silk-black-gold | /collection/teal-blue-moody-silk-drape | /collection/rose-silk-green-brown-stripe | /collection/midnight-kesari-cotton-drape | /collection/brown-and-mustard-light-silk | /collection/moss-green-lightweight-silk-selai | /collection/nila-blue-gold-zari-silk | /collection/kempu-pachai-and-bandhani | /collection/coral-sunrise-chiffon-georgette-saree,/collection,no,/collection: body | /top-viewed: body | /collection/fabric/silk: body | /collection/indigo-plum-tied-silk-saree: body | /collection/forest-flame-tie-dye-silk: body,
something,28,/faqs | /authentication | /policies | /guides/what-is-a-pre-loved-saree | /collection/tangerine-noir-floral-border-weave | /collection/indigo-plum-tied-silk-saree | /collection/forest-flame-tie-dye-silk | /collection/verdant-bloom-silk-burgundy-gold-border | /collection/pink-katan-triangle-zari-edge | /collection/forest-green-silk-black-gold | /collection/teal-blue-moody-silk-drape | /collection/rose-silk-green-brown-stripe | /collection/midnight-kesari-cotton-drape | /collection/brown-and-mustard-light-silk | /collection/kesari-sunset-chiffon-saree | /collection/magenta-mist-chiffon-drape | /collection/green-chiffon-with-fancy-border | /collection/pressed-bloom-sheer-chiffon | /collection/moss-green-lightweight-silk-selai | /collection/nila-blue-gold-zari-silk | /collection/kempu-pachai-and-bandhani | /faq,/faqs,no,/faqs: body | /authentication: body | /policies: body | /guides/what-is-a-pre-loved-saree: body | /collection/tangerine-noir-floral-border-weave: body,
799,27,/collection | /top-viewed | /collection/fabric/silk | /collection/indigo-plum-tied-silk-saree | /collection/forest-flame-tie-dye-silk | /collection/verdant-bloom-silk-burgundy-gold-border | /collection/pink-katan-triangle-zari-edge | /collection/forest-green-silk-black-gold | /collection/teal-blue-moody-silk-drape | /collection/rose-silk-green-brown-stripe | /collection/reddish-mango-cotton-orange-border | /collection/red-blue-madras-check-cotton | /collection/autumn-ember-golden-leaf-cotton | /collection/midnight-kesari-cotton-drape | /collection/brown-and-mustard-light-silk | /collection/moss-green-lightweight-silk-selai | /collection/nila-blue-gold-zari-silk | /collection/colorful-vintage-kanjeevaram | /collection/kempu-pachai-and-bandhani | /collection/pachai-linen-golden-border-drape | /collection/coral-sunrise-chiffon-georgette-saree,/collection,no,/collection: body | /top-viewed: body | /collection/fabric/silk: body | /collection/indigo-plum-tied-silk-saree: body | /collection/forest-flame-tie-dye-silk: body,
cartstretchfit,27,/collection/tangerine-noir-floral-border-weave | /collection/indigo-plum-tied-silk-saree | /collection/forest-flame-tie-dye-silk | /collection/midnight-garden-georgette-saree | /collection/verdant-bloom-silk-burgundy-gold-border | /collection/pink-katan-triangle-zari-edge | /collection/forest-green-silk-black-gold | /collection/teal-blue-moody-silk-drape | /collection/rose-silk-green-brown-stripe | /collection/mustard-organza-brown-border-drape | /collection/charcoal-gold-organza-heirloom-drape | /collection/beige-organza-peach-bloom | /collection/deep-wine-organza | /collection/midnight-kesari-cotton-drape | /collection/brown-and-mustard-light-silk | /collection/kesari-sunset-chiffon-saree | /collection/magenta-mist-chiffon-drape | /collection/green-chiffon-with-fancy-border | /collection/rani-pink-georgette-garden-party | /collection/midnight-zari-georgette | /collection/pressed-bloom-sheer-chiffon | /collection/violet-bloom-cotton-drape | /collection/moss-green-lightweight-silk-selai | /collection/nila-blue-gold-zari-silk | /collection/kempu-pachai-and-bandhani | /collection/rose-vine-stripe-chiffon-saree | /collection/coral-sunrise-chiffon-georgette-saree,/collection/tangerine-noir-floral-border-weave,no,/collection/tangerine-noir-floral-border-weave: body | /collection/indigo-plum-tied-silk-saree: body | /collection/forest-flame-tie-dye-silk: body | /collection/midnight-garden-georgette-saree: body | /collection/verdant-bloom-silk-burgundy-gold-border: body,
page,27,/our-story | /authentication | /policies/privacy-policy | /policies/return-refund-policy | /policies/shipping-delivery-policy | /collection/fabric/silk | /blouses | /privacy-policy | /return-policy | /shipping-policy | /collection/fabric/chiffon | /collection/fabric/georgette | /about | /stories,/our-story,yes,/our-story: body | /authentication: body | /policies/privacy-policy: body | /policies/return-refund-policy: body | /policies/shipping-delivery-policy: body,
available,26,/faqs | /packing | /policies/return-refund-policy | /policies/shipping-delivery-policy | /policies/terms-of-service | /policies/authentication-condition-policy | /policies/sell-with-us-policy | /collection/fabric/silk | /blouses | /guides/what-is-a-pre-loved-saree | /return-policy | /shipping-policy | /terms-of-service | /collection/fabric/chiffon | /collection/fabric/georgette | /faq,/faqs,yes,/faqs: body | /packing: body | /policies/return-refund-policy: body | /policies/shipping-delivery-policy: body | /policies/terms-of-service: body,
000where,25,/collection | /top-viewed | /collection/fabric/silk | /collection/forest-flame-tie-dye-silk | /collection/midnight-garden-georgette-saree | /collection/verdant-bloom-silk-burgundy-gold-border | /collection/pink-katan-triangle-zari-edge | /collection/forest-green-silk-black-gold | /collection/teal-blue-moody-silk-drape | /collection/rose-silk-green-brown-stripe | /collection/midnight-kesari-cotton-drape | /collection/brown-and-mustard-light-silk | /collection/rani-pink-georgette-garden-party | /collection/midnight-zari-georgette | /collection/violet-bloom-cotton-drape | /collection/moss-green-lightweight-silk-selai | /collection/nila-blue-gold-zari-silk | /collection/kempu-pachai-and-bandhani | /collection/fabric/georgette | /collection/coral-sunrise-chiffon-georgette-saree,/collection,no,/collection: body | /top-viewed: body | /collection/fabric/silk: body | /collection/forest-flame-tie-dye-silk: body | /collection/midnight-garden-georgette-saree: body,
each,25,/ | /collection | /faqs | /how-it-works | /authentication | /why | /policies/return-refund-policy | /policies/terms-of-service | /policies/authentication-condition-policy | /policies/cancellation-policy | /guides/what-is-a-pre-loved-saree | /return-policy | /terms-of-service | /faq,/,yes,/: meta | /collection: body | /faqs: body | /how-it-works: body | /authentication: body,
gold,25,/ | /collection | /collection/fabric/silk | /collection/forest-green-silk-black-gold | /collection/mustard-organza-brown-border-drape | /collection/charcoal-gold-organza-heirloom-drape | /collection/reddish-mango-cotton-orange-border | /collection/magenta-cotton | /collection/lime-and-gold-cotton-classic | /collection/midnight-tribe-gold-border-cotton | /collection/midnight-zari-georgette | /collection/heritage-zari-border-kanjivaram | /collection/nila-blue-gold-zari-silk | /collection/fabric/georgette,/,yes,/: body | /collection: body | /collection/fabric/silk: body | /collection/forest-green-silk-black-gold: title/meta/H1 | /collection/mustard-organza-brown-border-drape: title/meta/H1,
check,24,/top-viewed | /faqs | /how-it-works | /authentication | /policies/return-refund-policy | /policies/terms-of-service | /policies/authentication-condition-policy | /policies/cancellation-policy | /collection/fabric/silk | /blouses | /collection/red-blue-madras-check-cotton | /return-policy | /terms-of-service | /faq,/top-viewed,yes,/top-viewed: body | /faqs: body | /how-it-works: body | /authentication: body | /policies/return-refund-policy: body,
customer,24,/contact | /policies | /policies/privacy-policy | /policies/return-refund-policy | /policies/shipping-delivery-policy | /policies/terms-of-service | /policies/authentication-condition-policy | /policies/care-packaging-policy | /policies/cancellation-policy | /policies/sell-with-us-policy | /policies/grievance-redressal | /privacy-policy | /return-policy | /shipping-policy | /terms-of-service,/contact,yes,/contact: body | /policies: body | /policies/privacy-policy: body | /policies/return-refund-policy: body | /policies/shipping-delivery-policy: body,
item,24,/policies | /policies/return-refund-policy | /policies/shipping-delivery-policy | /policies/sell-with-us-policy | /return-policy | /shipping-policy,/policies,yes,/policies: body | /policies/return-refund-policy: body | /policies/shipping-delivery-policy: body | /policies/sell-with-us-policy: body | /return-policy: body,
back,23,/top-viewed | /policies/return-refund-policy | /blouses | /collection/tangerine-noir-floral-border-weave | /collection/indigo-plum-tied-silk-saree | /collection/forest-flame-tie-dye-silk | /collection/verdant-bloom-silk-burgundy-gold-border | /collection/pink-katan-triangle-zari-edge | /collection/forest-green-silk-black-gold | /collection/teal-blue-moody-silk-drape | /collection/rose-silk-green-brown-stripe | /collection/midnight-kesari-cotton-drape | /collection/brown-and-mustard-light-silk | /collection/kesari-sunset-chiffon-saree | /collection/magenta-mist-chiffon-drape | /collection/green-chiffon-with-fancy-border | /collection/pressed-bloom-sheer-chiffon | /collection/moss-green-lightweight-silk-selai | /collection/nila-blue-gold-zari-silk | /collection/kempu-pachai-and-bandhani | /return-policy,/top-viewed,yes,/top-viewed: meta | /policies/return-refund-policy: body | /blouses: body | /collection/tangerine-noir-floral-border-weave: body | /collection/indigo-plum-tied-silk-saree: body,
new,23,/ | /faqs | /how-it-works | /sell-your-saree | /policies/authentication-condition-policy | /collection/fabric/silk | /blouses | /collection/lime-and-gold-cotton-classic | /faq,/,yes,/: body | /faqs: body | /how-it-works: body | /sell-your-saree: body | /policies/authentication-condition-policy: body,
explore,22,/ | /authentication | /why,/,no,/: body | /authentication: body | /why: body,
ftt,22,/our-team | /how-it-works | /why | /policies/privacy-policy | /policies/return-refund-policy | /policies/terms-of-service | /policies/cancellation-policy | /policies/sell-with-us-policy | /founders | /privacy-policy | /return-policy | /terms-of-service,/our-team,yes,/our-team: body | /how-it-works: body | /why: body | /policies/privacy-policy: body | /policies/return-refund-policy: body,
know,22,/faqs | /authentication | /policies | /faq,/faqs,no,/faqs: body | /authentication: body | /policies: body | /faq: body,
need,22,/ | /faqs | /contact | /policies | /policies/privacy-policy | /policies/return-refund-policy | /policies/shipping-delivery-policy | /policies/terms-of-service | /policies/authentication-condition-policy | /policies/care-packaging-policy | /policies/cancellation-policy | /policies/sell-with-us-policy | /policies/grievance-redressal | /blouses | /guides/pre-loved-vs-second-hand-saree | /privacy-policy | /return-policy | /shipping-policy | /terms-of-service | /faq,/,no,/: body | /faqs: body | /contact: body | /policies: body | /policies/privacy-policy: body,
next,22,/ | /our-story | /our-team | /faqs | /how-it-works | /authentication | /why | /sell-your-saree | /guides/what-is-a-pre-loved-saree | /guides/pre-loved-vs-second-hand-saree | /founders | /faq | /about | /stories | /collection/rose-vine-stripe-chiffon-saree | /collection/coral-sunrise-chiffon-georgette-saree,/,yes,/: body | /our-story: body | /our-team: body | /faqs: body | /how-it-works: body,
10,21,/collection | /top-viewed | /collection/fabric/silk | /collection/tangerine-noir-floral-border-weave | /collection/midnight-garden-georgette-saree | /collection/verdant-bloom-silk-burgundy-gold-border | /collection/kesari-sunset-chiffon-saree | /collection/magenta-mist-chiffon-drape | /collection/green-chiffon-with-fancy-border | /collection/pressed-bloom-sheer-chiffon | /collection/mayil-peacock-kanjivaram-mix | /collection/burnt-orange-temple-border-kanjivaram | /collection/semmanjal-turmeric-gold-kanjeevaram | /collection/thangam-golden-weave-kanjivaram | /collection/nava-pazham-kanjeevaram-silk | /collection/fabric/chiffon | /collection/fabric/georgette | /collection/rose-vine-stripe-chiffon-saree,/collection,no,/collection: body | /top-viewed: body | /collection/fabric/silk: body | /collection/tangerine-noir-floral-border-weave: body | /collection/midnight-garden-georgette-saree: body,
days,20,/ | /faqs | /policies/return-refund-policy | /policies/shipping-delivery-policy | /policies/authentication-condition-policy | /policies/grievance-redressal | /return-policy | /shipping-policy | /faq,/,no,/: body | /faqs: body | /policies/return-refund-policy: body | /policies/shipping-delivery-policy: body | /policies/authentication-condition-policy: body,
kanjeevaram,20,/ | /collection | /faqs | /authentication | /sell-your-saree | /collection/mayil-peacock-kanjivaram-mix | /collection/burnt-orange-temple-border-kanjivaram | /collection/semmanjal-turmeric-gold-kanjeevaram | /collection/thangam-golden-weave-kanjivaram | /collection/heritage-zari-border-kanjivaram | /collection/nava-pazham-kanjeevaram-silk | /collection/colorful-vintage-kanjeevaram | /faq,/,yes,/: body | /collection: body | /faqs: body | /authentication: body | /sell-your-saree: body,Protected commercial term retained by audit normalization.
restoration,20,/ | /how-it-works | /sell-your-saree | /policies/privacy-policy | /policies/shipping-delivery-policy | /policies/terms-of-service | /policies/authentication-condition-policy | /policies/sell-with-us-policy | /guides/what-is-a-pre-loved-saree | /guides/pre-loved-vs-second-hand-saree | /privacy-policy | /shipping-policy | /terms-of-service,/,no,/: body | /how-it-works: body | /sell-your-saree: body | /policies/privacy-policy: body | /policies/shipping-delivery-policy: body,
account,19,/policies/privacy-policy | /policies/shipping-delivery-policy | /policies/terms-of-service | /policies/grievance-redressal | /privacy-policy | /shipping-policy | /terms-of-service,/policies/privacy-policy,yes,/policies/privacy-policy: body | /policies/shipping-delivery-policy: body | /policies/terms-of-service: body | /policies/grievance-redressal: body | /privacy-policy: body,
notify,19,/collection/tangerine-noir-floral-border-weave | /collection/indigo-plum-tied-silk-saree | /collection/forest-flame-tie-dye-silk | /collection/verdant-bloom-silk-burgundy-gold-border | /collection/pink-katan-triangle-zari-edge | /collection/forest-green-silk-black-gold | /collection/teal-blue-moody-silk-drape | /collection/rose-silk-green-brown-stripe | /collection/midnight-kesari-cotton-drape | /collection/brown-and-mustard-light-silk | /collection/kesari-sunset-chiffon-saree | /collection/magenta-mist-chiffon-drape | /collection/green-chiffon-with-fancy-border | /collection/pressed-bloom-sheer-chiffon | /collection/moss-green-lightweight-silk-selai | /collection/nila-blue-gold-zari-silk | /collection/kempu-pachai-and-bandhani | /collection/rose-vine-stripe-chiffon-saree | /collection/coral-sunrise-chiffon-georgette-saree,/collection/tangerine-noir-floral-border-weave,no,/collection/tangerine-noir-floral-border-weave: body | /collection/indigo-plum-tied-silk-saree: body | /collection/forest-flame-tie-dye-silk: body | /collection/verdant-bloom-silk-burgundy-gold-border: body | /collection/pink-katan-triangle-zari-edge: body,
team,19,/our-team | /sell-your-saree | /policies/privacy-policy | /policies/return-refund-policy | /policies/shipping-delivery-policy | /policies/terms-of-service | /policies/authentication-condition-policy | /policies/care-packaging-policy | /policies/cancellation-policy | /policies/sell-with-us-policy | /policies/grievance-redressal | /founders | /privacy-policy | /return-policy | /shipping-policy | /terms-of-service,/our-team,yes,/our-team: title/meta | /sell-your-saree: body | /policies/privacy-policy: body | /policies/return-refund-policy: body | /policies/shipping-delivery-policy: body,
updated,19,/top-viewed | /packing | /policies/privacy-policy | /policies/return-refund-policy | /policies/shipping-delivery-policy | /policies/terms-of-service | /policies/authentication-condition-policy | /policies/care-packaging-policy | /policies/cancellation-policy | /policies/sell-with-us-policy | /policies/grievance-redressal | /privacy-policy | /return-policy | /shipping-policy | /terms-of-service,/top-viewed,yes,/top-viewed: meta | /packing: body | /policies/privacy-policy: body | /policies/return-refund-policy: body | /policies/shipping-delivery-policy: body,
weave,19,/faqs | /authentication | /why | /policies/terms-of-service | /policies/authentication-condition-policy | /policies/sell-with-us-policy | /collection/tangerine-noir-floral-border-weave | /collection/twilight-orange-cotton-weave | /collection/orange-blossom-cotton-weave | /collection/thangam-golden-weave-kanjivaram | /collection/heritage-zari-border-kanjivaram | /terms-of-service | /faq,/faqs,yes,/faqs: body | /authentication: body | /why: body | /policies/terms-of-service: body | /policies/authentication-condition-policy: body,
widthwhat,19,/collection/moonstone-cream-mauve-border-saree | /collection/marigold-moss-cotton | /collection/mustard-organza-brown-border-drape | /collection/charcoal-gold-organza-heirloom-drape | /collection/beige-organza-peach-bloom | /collection/maroon-chettinad-cotton | /collection/deep-wine-organza | /collection/indigo-dusk-silk-cotton | /collection/reddish-mango-cotton-orange-border | /collection/magenta-cotton | /collection/twilight-orange-cotton-weave | /collection/lime-and-gold-cotton-classic | /collection/midnight-tribe-gold-border-cotton | /collection/autumn-ember-golden-leaf-cotton | /collection/orange-blossom-cotton-weave | /collection/blush-green-handwoven-cotton-drape | /collection/brown-kapi-cotton-black-line-border | /collection/gulabi-kota-cotton | /collection/pachai-linen-golden-border-drape,/collection/moonstone-cream-mauve-border-saree,no,/collection/moonstone-cream-mauve-border-saree: body | /collection/marigold-moss-cotton: body | /collection/mustard-organza-brown-border-drape: body | /collection/charcoal-gold-organza-heirloom-drape: body | /collection/beige-organza-peach-bloom: body,
black,18,/collection | /blouses | /collection/marigold-moss-cotton | /collection/forest-green-silk-black-gold | /collection/maroon-chettinad-cotton | /collection/indigo-dusk-silk-cotton | /collection/reddish-mango-cotton-orange-border | /collection/magenta-cotton | /collection/twilight-orange-cotton-weave | /collection/lime-and-gold-cotton-classic | /collection/midnight-tribe-gold-border-cotton | /collection/autumn-ember-golden-leaf-cotton | /collection/orange-blossom-cotton-weave | /collection/blush-green-handwoven-cotton-drape | /collection/brown-kapi-cotton-black-line-border,/collection,yes,/collection: body | /blouses: body | /collection/marigold-moss-cotton: body | /collection/forest-green-silk-black-gold: title/meta/H1 | /collection/maroon-chettinad-cotton: body,
comes,18,/packing | /collection/tangerine-noir-floral-border-weave | /collection/indigo-plum-tied-silk-saree | /collection/forest-flame-tie-dye-silk | /collection/verdant-bloom-silk-burgundy-gold-border | /collection/pink-katan-triangle-zari-edge | /collection/forest-green-silk-black-gold | /collection/teal-blue-moody-silk-drape | /collection/rose-silk-green-brown-stripe | /collection/midnight-kesari-cotton-drape | /collection/brown-and-mustard-light-silk | /collection/kesari-sunset-chiffon-saree | /collection/magenta-mist-chiffon-drape | /collection/green-chiffon-with-fancy-border | /collection/pressed-bloom-sheer-chiffon | /collection/moss-green-lightweight-silk-selai | /collection/nila-blue-gold-zari-silk | /collection/kempu-pachai-and-bandhani,/packing,yes,/packing: body | /collection/tangerine-noir-floral-border-weave: body | /collection/indigo-plum-tied-silk-saree: body | /collection/forest-flame-tie-dye-silk: body | /collection/verdant-bloom-silk-burgundy-gold-border: body,
craft,18,/ | /faqs | /why | /sell-your-saree | /policies/authentication-condition-policy | /policies/sell-with-us-policy | /collection/fabric/silk | /guides/what-is-a-pre-loved-saree | /guides/pre-loved-vs-second-hand-saree | /faq,/,yes,/: body | /faqs: body | /why: body | /sell-your-saree: body | /policies/authentication-condition-policy: body,
damaged,18,/packing | /policies/return-refund-policy | /policies/shipping-delivery-policy | /guides/what-is-a-pre-loved-saree | /return-policy | /shipping-policy,/packing,yes,/packing: body | /policies/return-refund-policy: body | /policies/shipping-delivery-policy: body | /guides/what-is-a-pre-loved-saree: body | /return-policy: body,
soft,18,/ | /faqs | /collection/fabric/silk | /collection/moss-green-lightweight-silk-selai | /collection/fabric/chiffon | /collection/fabric/georgette | /faq,/,yes,/: body | /faqs: body | /collection/fabric/silk: body | /collection/moss-green-lightweight-silk-selai: title/meta/H1 | /collection/fabric/chiffon: H1,
textile,18,/how-it-works | /why | /sell-your-saree | /packing | /policies/terms-of-service | /policies/authentication-condition-policy | /policies/sell-with-us-policy | /guides/what-is-a-pre-loved-saree | /guides/pre-loved-vs-second-hand-saree | /terms-of-service,/how-it-works,no,/how-it-works: body | /why: body | /sell-your-saree: body | /packing: body | /policies/terms-of-service: body,
wear,18,/ | /faqs | /authentication | /policies | /sell-your-saree | /policies/return-refund-policy | /policies/authentication-condition-policy | /policies/care-packaging-policy | /guides/what-is-a-pre-loved-saree | /return-policy | /collection/fabric/chiffon | /faq,/,yes,/: body | /faqs: body | /authentication: body | /policies: body | /sell-your-saree: body,
fromthetrunk,17,/contact | /packing | /policies/privacy-policy | /policies/return-refund-policy | /policies/shipping-delivery-policy | /policies/terms-of-service | /policies/authentication-condition-policy | /policies/cancellation-policy | /policies/sell-with-us-policy | /policies/grievance-redressal | /privacy-policy | /return-policy | /shipping-policy | /terms-of-service,/contact,no,/contact: body | /packing: body | /policies/privacy-policy: body | /policies/return-refund-policy: body | /policies/shipping-delivery-policy: body,
last,17,/faqs | /policies/privacy-policy | /policies/return-refund-policy | /policies/shipping-delivery-policy | /policies/terms-of-service | /policies/authentication-condition-policy | /policies/care-packaging-policy | /policies/cancellation-policy | /policies/sell-with-us-policy | /policies/grievance-redressal | /privacy-policy | /return-policy | /shipping-policy | /terms-of-service | /faq,/faqs,no,/faqs: body | /policies/privacy-policy: body | /policies/return-refund-policy: body | /policies/shipping-delivery-policy: body | /policies/terms-of-service: body,
life,17,/ | /our-story | /our-team | /faqs | /how-it-works | /why | /founders | /faq | /about | /stories,/,yes,/: body | /our-story: body | /our-team: body | /faqs: body | /how-it-works: body,
light,17,/ | /policies/authentication-condition-policy | /collection/fabric/silk | /collection/mustard-organza-brown-border-drape | /collection/brown-and-mustard-light-silk | /collection/midnight-zari-georgette | /collection/fabric/chiffon | /collection/fabric/georgette,/,yes,/: body | /policies/authentication-condition-policy: body | /collection/fabric/silk: body | /collection/mustard-organza-brown-border-drape: body | /collection/brown-and-mustard-light-silk: title/meta/H1,
ll,17,/collection/tangerine-noir-floral-border-weave | /collection/indigo-plum-tied-silk-saree | /collection/forest-flame-tie-dye-silk | /collection/verdant-bloom-silk-burgundy-gold-border | /collection/pink-katan-triangle-zari-edge | /collection/forest-green-silk-black-gold | /collection/teal-blue-moody-silk-drape | /collection/rose-silk-green-brown-stripe | /collection/midnight-kesari-cotton-drape | /collection/brown-and-mustard-light-silk | /collection/kesari-sunset-chiffon-saree | /collection/magenta-mist-chiffon-drape | /collection/green-chiffon-with-fancy-border | /collection/pressed-bloom-sheer-chiffon | /collection/moss-green-lightweight-silk-selai | /collection/nila-blue-gold-zari-silk | /collection/kempu-pachai-and-bandhani,/collection/tangerine-noir-floral-border-weave,no,/collection/tangerine-noir-floral-border-weave: body | /collection/indigo-plum-tied-silk-saree: body | /collection/forest-flame-tie-dye-silk: body | /collection/verdant-bloom-silk-burgundy-gold-border: body | /collection/pink-katan-triangle-zari-edge: body,
orange,17,/blouses | /collection/sunset-ombr-chiffon-draped-dream | /collection/moonstone-cream-mauve-border-saree | /collection/red-blue-madras-check-cotton | /collection/twilight-orange-cotton-weave | /collection/mayil-peacock-kanjivaram-mix | /collection/burnt-orange-temple-border-kanjivaram | /collection/semmanjal-turmeric-gold-kanjeevaram | /collection/thangam-golden-weave-kanjivaram | /collection/heritage-zari-border-kanjivaram | /collection/nava-pazham-kanjeevaram-silk | /collection/colorful-vintage-kanjeevaram | /collection/gulabi-kota-cotton | /collection/pachai-linen-golden-border-drape,/blouses,yes,/blouses: body | /collection/sunset-ombr-chiffon-draped-dream: body | /collection/moonstone-cream-mauve-border-saree: body | /collection/red-blue-madras-check-cotton: body | /collection/twilight-orange-cotton-weave: title/meta/H1,
outwe,17,/collection/tangerine-noir-floral-border-weave | /collection/indigo-plum-tied-silk-saree | /collection/forest-flame-tie-dye-silk | /collection/verdant-bloom-silk-burgundy-gold-border | /collection/pink-katan-triangle-zari-edge | /collection/forest-green-silk-black-gold | /collection/teal-blue-moody-silk-drape | /collection/rose-silk-green-brown-stripe | /collection/midnight-kesari-cotton-drape | /collection/brown-and-mustard-light-silk | /collection/kesari-sunset-chiffon-saree | /collection/magenta-mist-chiffon-drape | /collection/green-chiffon-with-fancy-border | /collection/pressed-bloom-sheer-chiffon | /collection/moss-green-lightweight-silk-selai | /collection/nila-blue-gold-zari-silk | /collection/kempu-pachai-and-bandhani,/collection/tangerine-noir-floral-border-weave,no,/collection/tangerine-noir-floral-border-weave: body | /collection/indigo-plum-tied-silk-saree: body | /collection/forest-flame-tie-dye-silk: body | /collection/verdant-bloom-silk-burgundy-gold-border: body | /collection/pink-katan-triangle-zari-edge: body,
plum,17,/collection | /top-viewed | /collection/fabric/silk | /collection/indigo-plum-tied-silk-saree | /collection/forest-flame-tie-dye-silk | /collection/verdant-bloom-silk-burgundy-gold-border | /collection/pink-katan-triangle-zari-edge | /collection/forest-green-silk-black-gold | /collection/teal-blue-moody-silk-drape | /collection/rose-silk-green-brown-stripe | /collection/midnight-kesari-cotton-drape | /collection/brown-and-mustard-light-silk | /collection/moss-green-lightweight-silk-selai | /collection/nila-blue-gold-zari-silk | /collection/kempu-pachai-and-bandhani | /collection/coral-sunrise-chiffon-georgette-saree,/collection,yes,/collection: body | /top-viewed: body | /collection/fabric/silk: body | /collection/indigo-plum-tied-silk-saree: title/meta/H1 | /collection/forest-flame-tie-dye-silk: body,
read,17,/faqs | /authentication | /policies | /policies/privacy-policy | /privacy-policy | /faq,/faqs,no,/faqs: body | /authentication: body | /policies: body | /policies/privacy-policy: body | /privacy-policy: body,
till,17,/collection/tangerine-noir-floral-border-weave | /collection/indigo-plum-tied-silk-saree | /collection/forest-flame-tie-dye-silk | /collection/verdant-bloom-silk-burgundy-gold-border | /collection/pink-katan-triangle-zari-edge | /collection/forest-green-silk-black-gold | /collection/teal-blue-moody-silk-drape | /collection/rose-silk-green-brown-stripe | /collection/midnight-kesari-cotton-drape | /collection/brown-and-mustard-light-silk | /collection/kesari-sunset-chiffon-saree | /collection/magenta-mist-chiffon-drape | /collection/green-chiffon-with-fancy-border | /collection/pressed-bloom-sheer-chiffon | /collection/moss-green-lightweight-silk-selai | /collection/nila-blue-gold-zari-silk | /collection/kempu-pachai-and-bandhani,/collection/tangerine-noir-floral-border-weave,no,/collection/tangerine-noir-floral-border-weave: body | /collection/indigo-plum-tied-silk-saree: body | /collection/forest-flame-tie-dye-silk: body | /collection/verdant-bloom-silk-burgundy-gold-border: body | /collection/pink-katan-triangle-zari-edge: body,
authentication,16,/faqs | /authentication | /policies | /policies/privacy-policy | /policies/return-refund-policy | /policies/care-packaging-policy | /guides/pre-loved-vs-second-hand-saree | /privacy-policy | /return-policy | /faq,/faqs,yes,/faqs: body | /authentication: title | /policies: meta | /policies/privacy-policy: body | /policies/return-refund-policy: body,Protected commercial term retained by audit normalization.
cannot,16,/faqs | /policies/privacy-policy | /policies/shipping-delivery-policy | /policies/terms-of-service | /policies/cancellation-policy | /privacy-policy | /shipping-policy | /terms-of-service | /faq,/faqs,no,/faqs: body | /policies/privacy-policy: body | /policies/shipping-delivery-policy: body | /policies/terms-of-service: body | /policies/cancellation-policy: body,
data,16,/policies/privacy-policy | /privacy-policy,/policies/privacy-policy,yes,/policies/privacy-policy: body | /privacy-policy: body,
exchange,16,/faqs | /policies | /policies/privacy-policy | /policies/shipping-delivery-policy | /policies/terms-of-service | /policies/authentication-condition-policy | /policies/care-packaging-policy | /policies/cancellation-policy | /policies/sell-with-us-policy | /policies/grievance-redressal | /privacy-policy | /shipping-policy | /terms-of-service | /faq,/faqs,yes,/faqs: body | /policies: body | /policies/privacy-policy: body | /policies/shipping-delivery-policy: body | /policies/terms-of-service: body,
fabricfabric,16,/,/,no,/: body,
hello,16,/packing | /policies/privacy-policy | /policies/return-refund-policy | /policies/shipping-delivery-policy | /policies/terms-of-service | /policies/authentication-condition-policy | /policies/cancellation-policy | /policies/sell-with-us-policy | /policies/grievance-redressal | /privacy-policy | /return-policy | /shipping-policy | /terms-of-service,/packing,no,/packing: body | /policies/privacy-policy: body | /policies/return-refund-policy: body | /policies/shipping-delivery-policy: body | /policies/terms-of-service: body,
india,16,/faqs | /contact | /policies/shipping-delivery-policy | /policies/terms-of-service | /collection/fabric/silk | /shipping-policy | /terms-of-service | /faq,/faqs,yes,/faqs: body | /contact: body | /policies/shipping-delivery-policy: body | /policies/terms-of-service: body | /collection/fabric/silk: title,
indigo,16,/collection | /top-viewed | /collection/fabric/silk | /collection/indigo-plum-tied-silk-saree | /collection/forest-flame-tie-dye-silk | /collection/verdant-bloom-silk-burgundy-gold-border | /collection/pink-katan-triangle-zari-edge | /collection/forest-green-silk-black-gold | /collection/teal-blue-moody-silk-drape | /collection/rose-silk-green-brown-stripe | /collection/midnight-kesari-cotton-drape | /collection/brown-and-mustard-light-silk | /collection/moss-green-lightweight-silk-selai | /collection/nila-blue-gold-zari-silk | /collection/kempu-pachai-and-bandhani | /collection/coral-sunrise-chiffon-georgette-saree,/collection,yes,/collection: body | /top-viewed: body | /collection/fabric/silk: body | /collection/indigo-plum-tied-silk-saree: title/meta/H1 | /collection/forest-flame-tie-dye-silk: body,
silksilk,16,/collection | /collection/fabric/silk | /collection/indigo-plum-tied-silk-saree | /collection/verdant-bloom-silk-burgundy-gold-border | /collection/pink-katan-triangle-zari-edge | /collection/forest-green-silk-black-gold | /collection/teal-blue-moody-silk-drape | /collection/rose-silk-green-brown-stripe | /collection/midnight-kesari-cotton-drape | /collection/brown-and-mustard-light-silk | /collection/moss-green-lightweight-silk-selai | /collection/nila-blue-gold-zari-silk | /collection/kempu-pachai-and-bandhani | /collection/coral-sunrise-chiffon-georgette-saree,/collection,no,/collection: body | /collection/fabric/silk: body | /collection/indigo-plum-tied-silk-saree: body | /collection/verdant-bloom-silk-burgundy-gold-border: body | /collection/pink-katan-triangle-zari-edge: body,
sold,16,/faqs | /collection/tangerine-noir-floral-border-weave | /collection/indigo-plum-tied-silk-saree | /collection/forest-flame-tie-dye-silk | /collection/verdant-bloom-silk-burgundy-gold-border | /collection/pink-katan-triangle-zari-edge | /collection/forest-green-silk-black-gold | /collection/teal-blue-moody-silk-drape | /collection/rose-silk-green-brown-stripe | /collection/midnight-kesari-cotton-drape | /collection/brown-and-mustard-light-silk | /collection/moss-green-lightweight-silk-selai | /collection/nila-blue-gold-zari-silk | /collection/kempu-pachai-and-bandhani | /collection/fabric/georgette | /faq,/faqs,no,/faqs: body | /collection/tangerine-noir-floral-border-weave: body | /collection/indigo-plum-tied-silk-saree: body | /collection/forest-flame-tie-dye-silk: body | /collection/verdant-bloom-silk-burgundy-gold-border: body,
vintage,16,/ | /collection | /faqs | /sell-your-saree | /policies/care-packaging-policy | /collection/fabric/silk | /collection/midnight-zari-georgette | /collection/semmanjal-turmeric-gold-kanjeevaram | /collection/colorful-vintage-kanjeevaram | /faq,/,yes,/: meta | /collection: title/H1 | /faqs: body | /sell-your-saree: meta | /policies/care-packaging-policy: body,Protected commercial term retained by audit normalization.
within,16,/faqs | /packing | /policies/return-refund-policy | /policies/shipping-delivery-policy | /policies/authentication-condition-policy | /policies/grievance-redressal | /return-policy | /shipping-policy | /faq,/faqs,no,/faqs: body | /packing: body | /policies/return-refund-policy: body | /policies/shipping-delivery-policy: body | /policies/authentication-condition-policy: body,
dusknew,15,/collection | /top-viewed | /collection/fabric/silk | /collection/forest-flame-tie-dye-silk | /collection/verdant-bloom-silk-burgundy-gold-border | /collection/pink-katan-triangle-zari-edge | /collection/forest-green-silk-black-gold | /collection/teal-blue-moody-silk-drape | /collection/rose-silk-green-brown-stripe | /collection/midnight-kesari-cotton-drape | /collection/brown-and-mustard-light-silk | /collection/moss-green-lightweight-silk-selai | /collection/nila-blue-gold-zari-silk | /collection/kempu-pachai-and-bandhani | /collection/coral-sunrise-chiffon-georgette-saree,/collection,no,/collection: body | /top-viewed: body | /collection/fabric/silk: body | /collection/forest-flame-tie-dye-silk: body | /collection/verdant-bloom-silk-burgundy-gold-border: body,
dye,15,/collection | /collection/indigo-plum-tied-silk-saree | /collection/forest-flame-tie-dye-silk | /collection/verdant-bloom-silk-burgundy-gold-border | /collection/pink-katan-triangle-zari-edge | /collection/forest-green-silk-black-gold | /collection/teal-blue-moody-silk-drape | /collection/rose-silk-green-brown-stripe | /collection/midnight-kesari-cotton-drape | /collection/brown-and-mustard-light-silk | /collection/moss-green-lightweight-silk-selai | /collection/nila-blue-gold-zari-silk | /collection/kempu-pachai-and-bandhani | /collection/coral-sunrise-chiffon-georgette-saree,/collection,yes,/collection: body | /collection/indigo-plum-tied-silk-saree: body | /collection/forest-flame-tie-dye-silk: title/meta/H1 | /collection/verdant-bloom-silk-burgundy-gold-border: body | /collection/pink-katan-triangle-zari-edge: body,
flame,15,/collection | /collection/indigo-plum-tied-silk-saree | /collection/forest-flame-tie-dye-silk | /collection/verdant-bloom-silk-burgundy-gold-border | /collection/pink-katan-triangle-zari-edge | /collection/forest-green-silk-black-gold | /collection/teal-blue-moody-silk-drape | /collection/rose-silk-green-brown-stripe | /collection/midnight-kesari-cotton-drape | /collection/brown-and-mustard-light-silk | /collection/moss-green-lightweight-silk-selai | /collection/nila-blue-gold-zari-silk | /collection/kempu-pachai-and-bandhani | /collection/coral-sunrise-chiffon-georgette-saree,/collection,yes,/collection: body | /collection/indigo-plum-tied-silk-saree: body | /collection/forest-flame-tie-dye-silk: title/meta/H1 | /collection/verdant-bloom-silk-burgundy-gold-border: body | /collection/pink-katan-triangle-zari-edge: body,
phone,15,/policies/privacy-policy | /policies/return-refund-policy | /policies/shipping-delivery-policy | /policies/grievance-redressal | /privacy-policy | /return-policy | /shipping-policy,/policies/privacy-policy,no,/policies/privacy-policy: body | /policies/return-refund-policy: body | /policies/shipping-delivery-policy: body | /policies/grievance-redressal: body | /privacy-policy: body,
returns,15,/ | /faqs | /policies | /policies/privacy-policy | /policies/return-refund-policy | /privacy-policy | /return-policy | /faq,/,yes,/: body | /faqs: meta | /policies: meta | /policies/privacy-policy: body | /policies/return-refund-policy: title/meta/H1,
styling,15,/ | /contact | /policies/return-refund-policy | /policies/terms-of-service | /policies/care-packaging-policy | /policies/sell-with-us-policy | /blouses | /guides/what-is-a-pre-loved-saree | /guides/pre-loved-vs-second-hand-saree | /return-policy | /terms-of-service,/,no,/: body | /contact: body | /policies/return-refund-policy: body | /policies/terms-of-service: body | /policies/care-packaging-policy: body,
tie,15,/collection | /collection/indigo-plum-tied-silk-saree | /collection/forest-flame-tie-dye-silk | /collection/verdant-bloom-silk-burgundy-gold-border | /collection/pink-katan-triangle-zari-edge | /collection/forest-green-silk-black-gold | /collection/teal-blue-moody-silk-drape | /collection/rose-silk-green-brown-stripe | /collection/midnight-kesari-cotton-drape | /collection/brown-and-mustard-light-silk | /collection/moss-green-lightweight-silk-selai | /collection/nila-blue-gold-zari-silk | /collection/kempu-pachai-and-bandhani | /collection/coral-sunrise-chiffon-georgette-saree,/collection,yes,/collection: body | /collection/indigo-plum-tied-silk-saree: body | /collection/forest-flame-tie-dye-silk: title/meta/H1 | /collection/verdant-bloom-silk-burgundy-gold-border: body | /collection/pink-katan-triangle-zari-edge: body,
29,14,/packing | /policies/privacy-policy | /policies/return-refund-policy | /policies/shipping-delivery-policy | /policies/terms-of-service | /policies/authentication-condition-policy | /policies/care-packaging-policy | /policies/cancellation-policy | /policies/sell-with-us-policy | /policies/grievance-redressal | /privacy-policy | /return-policy | /shipping-policy | /terms-of-service,/packing,no,/packing: body | /policies/privacy-policy: body | /policies/return-refund-policy: body | /policies/shipping-delivery-policy: body | /policies/terms-of-service: body,
consent,14,/policies/privacy-policy | /privacy-policy,/policies/privacy-policy,yes,/policies/privacy-policy: body | /privacy-policy: body,
gateway,14,/faqs | /policies | /policies/privacy-policy | /policies/return-refund-policy | /policies/terms-of-service | /policies/grievance-redressal | /privacy-policy | /return-policy | /terms-of-service | /faq,/faqs,no,/faqs: body | /policies: body | /policies/privacy-policy: body | /policies/return-refund-policy: body | /policies/terms-of-service: body,
june,14,/packing | /policies/privacy-policy | /policies/return-refund-policy | /policies/shipping-delivery-policy | /policies/terms-of-service | /policies/authentication-condition-policy | /policies/care-packaging-policy | /policies/cancellation-policy | /policies/sell-with-us-policy | /policies/grievance-redressal | /privacy-policy | /return-policy | /shipping-policy | /terms-of-service,/packing,no,/packing: body | /policies/privacy-policy: body | /policies/return-refund-policy: body | /policies/shipping-delivery-policy: body | /policies/terms-of-service: body,
memory,14,/our-story | /how-it-works | /why | /sell-your-saree | /policies/privacy-policy | /collection/fabric/silk | /privacy-policy | /about | /stories,/our-story,yes,/our-story: body | /how-it-works: body | /why: body | /sell-your-saree: body | /policies/privacy-policy: body,
notes,14,/ | /sell-your-saree | /packing | /policies/privacy-policy | /policies/terms-of-service | /policies/authentication-condition-policy | /policies/sell-with-us-policy | /guides/what-is-a-pre-loved-saree | /guides/pre-loved-vs-second-hand-saree | /privacy-policy | /terms-of-service,/,no,/: body | /sell-your-saree: body | /packing: body | /policies/privacy-policy: body | /policies/terms-of-service: body,
photos,14,/sell-your-saree | /policies/privacy-policy | /policies/return-refund-policy | /policies/authentication-condition-policy | /policies/sell-with-us-policy | /policies/grievance-redressal | /privacy-policy | /return-policy,/sell-your-saree,no,/sell-your-saree: body | /policies/privacy-policy: body | /policies/return-refund-policy: body | /policies/authentication-condition-policy: body | /policies/sell-with-us-policy: body,
request,14,/policies/privacy-policy | /policies/return-refund-policy | /policies/cancellation-policy | /privacy-policy | /return-policy,/policies/privacy-policy,yes,/policies/privacy-policy: body | /policies/return-refund-policy: body | /policies/cancellation-policy: body | /privacy-policy: body | /return-policy: body,
sell,14,/ | /faqs | /contact | /sell-your-saree | /policies/privacy-policy | /policies/sell-with-us-policy | /privacy-policy | /faq,/,yes,/: body | /faqs: body | /contact: body | /sell-your-saree: title/H1 | /policies/privacy-policy: body,
sunrise,14,/collection/indigo-plum-tied-silk-saree | /collection/forest-flame-tie-dye-silk | /collection/verdant-bloom-silk-burgundy-gold-border | /collection/pink-katan-triangle-zari-edge | /collection/forest-green-silk-black-gold | /collection/teal-blue-moody-silk-drape | /collection/rose-silk-green-brown-stripe | /collection/midnight-kesari-cotton-drape | /collection/brown-and-mustard-light-silk | /collection/moss-green-lightweight-silk-selai | /collection/nila-blue-gold-zari-silk | /collection/kempu-pachai-and-bandhani | /collection/coral-sunrise-chiffon-georgette-saree,/collection/indigo-plum-tied-silk-saree,yes,/collection/indigo-plum-tied-silk-saree: body | /collection/forest-flame-tie-dye-silk: body | /collection/verdant-bloom-silk-burgundy-gold-border: body | /collection/pink-katan-triangle-zari-edge: body | /collection/forest-green-silk-black-gold: body,
support,14,/faqs | /contact | /policies | /policies/privacy-policy | /policies/shipping-delivery-policy | /policies/grievance-redressal | /privacy-policy | /shipping-policy | /faq,/faqs,yes,/faqs: body | /contact: body | /policies: body | /policies/privacy-policy: body | /policies/shipping-delivery-policy: body,
terms,14,/faqs | /authentication | /policies | /policies/terms-of-service | /policies/sell-with-us-policy | /guides/pre-loved-vs-second-hand-saree | /terms-of-service | /faq,/faqs,yes,/faqs: body | /authentication: body | /policies: body | /policies/terms-of-service: title/meta/H1 | /policies/sell-with-us-policy: body,
write,14,/authentication | /policies/privacy-policy | /policies/return-refund-policy | /policies/shipping-delivery-policy | /policies/terms-of-service | /policies/authentication-condition-policy | /policies/care-packaging-policy | /policies/cancellation-policy | /policies/sell-with-us-policy | /policies/grievance-redressal | /privacy-policy | /return-policy | /shipping-policy | /terms-of-service,/authentication,no,/authentication: body | /policies/privacy-policy: body | /policies/return-refund-policy: body | /policies/shipping-delivery-policy: body | /policies/terms-of-service: body,
000colour,13,/collection | /collection/indigo-plum-tied-silk-saree | /collection/verdant-bloom-silk-burgundy-gold-border | /collection/pink-katan-triangle-zari-edge | /collection/forest-green-silk-black-gold | /collection/teal-blue-moody-silk-drape | /collection/rose-silk-green-brown-stripe | /collection/midnight-kesari-cotton-drape | /collection/brown-and-mustard-light-silk | /collection/moss-green-lightweight-silk-selai | /collection/nila-blue-gold-zari-silk | /collection/kempu-pachai-and-bandhani | /collection/coral-sunrise-chiffon-georgette-saree,/collection,no,/collection: body | /collection/indigo-plum-tied-silk-saree: body | /collection/verdant-bloom-silk-burgundy-gold-border: body | /collection/pink-katan-triangle-zari-edge: body | /collection/forest-green-silk-black-gold: body,
appears,13,/ | /packing | /policies/return-refund-policy | /policies/terms-of-service | /policies/cancellation-policy | /collection/midnight-zari-georgette | /collection/semmanjal-turmeric-gold-kanjeevaram | /collection/thangam-golden-weave-kanjivaram | /return-policy | /terms-of-service,/,no,/: body | /packing: body | /policies/return-refund-policy: body | /policies/terms-of-service: body | /policies/cancellation-policy: body,
card,13,/how-it-works | /policies | /packing | /policies/privacy-policy | /policies/return-refund-policy | /policies/terms-of-service | /policies/care-packaging-policy | /privacy-policy | /return-policy | /terms-of-service,/how-it-works,no,/how-it-works: body | /policies: body | /packing: body | /policies/privacy-policy: body | /policies/return-refund-policy: body,
cartreservedforest,13,/collection | /collection/indigo-plum-tied-silk-saree | /collection/verdant-bloom-silk-burgundy-gold-border | /collection/pink-katan-triangle-zari-edge | /collection/forest-green-silk-black-gold | /collection/teal-blue-moody-silk-drape | /collection/rose-silk-green-brown-stripe | /collection/midnight-kesari-cotton-drape | /collection/brown-and-mustard-light-silk | /collection/moss-green-lightweight-silk-selai | /collection/nila-blue-gold-zari-silk | /collection/kempu-pachai-and-bandhani | /collection/coral-sunrise-chiffon-georgette-saree,/collection,no,/collection: body | /collection/indigo-plum-tied-silk-saree: body | /collection/verdant-bloom-silk-burgundy-gold-border: body | /collection/pink-katan-triangle-zari-edge: body | /collection/forest-green-silk-black-gold: body,
charges,13,/faqs | /policies | /policies/return-refund-policy | /policies/shipping-delivery-policy | /return-policy | /shipping-policy | /faq,/faqs,yes,/faqs: body | /policies: body | /policies/return-refund-policy: body | /policies/shipping-delivery-policy: body | /return-policy: body,
clear,13,/policies | /sell-your-saree | /policies/return-refund-policy | /policies/sell-with-us-policy | /policies/grievance-redressal | /guides/what-is-a-pre-loved-saree | /guides/pre-loved-vs-second-hand-saree | /return-policy,/policies,yes,/policies: body | /sell-your-saree: body | /policies/return-refund-policy: body | /policies/sell-with-us-policy: body | /policies/grievance-redressal: body,
cloth,13,/faqs | /authentication | /why | /packing | /policies/shipping-delivery-policy | /policies/care-packaging-policy | /shipping-policy | /faq,/faqs,no,/faqs: body | /authentication: body | /why: body | /packing: body | /policies/shipping-delivery-policy: body,
groundnew,13,/collection | /top-viewed | /collection/mustard-organza-brown-border-drape | /collection/charcoal-gold-organza-heirloom-drape | /collection/beige-organza-peach-bloom | /collection/deep-wine-organza | /collection/kesari-sunset-chiffon-saree | /collection/magenta-mist-chiffon-drape | /collection/green-chiffon-with-fancy-border | /collection/pressed-bloom-sheer-chiffon | /collection/fabric/chiffon | /collection/rose-vine-stripe-chiffon-saree,/collection,no,/collection: body | /top-viewed: body | /collection/mustard-organza-brown-border-drape: body | /collection/charcoal-gold-organza-heirloom-drape: body | /collection/beige-organza-peach-bloom: body,
hour,13,/collection/indigo-plum-tied-silk-saree | /collection/forest-flame-tie-dye-silk | /collection/verdant-bloom-silk-burgundy-gold-border | /collection/pink-katan-triangle-zari-edge | /collection/forest-green-silk-black-gold | /collection/teal-blue-moody-silk-drape | /collection/rose-silk-green-brown-stripe | /collection/midnight-kesari-cotton-drape | /collection/brown-and-mustard-light-silk | /collection/moss-green-lightweight-silk-selai | /collection/nila-blue-gold-zari-silk | /collection/kempu-pachai-and-bandhani | /collection/coral-sunrise-chiffon-georgette-saree,/collection/indigo-plum-tied-silk-saree,no,/collection/indigo-plum-tied-silk-saree: body | /collection/forest-flame-tie-dye-silk: body | /collection/verdant-bloom-silk-burgundy-gold-border: body | /collection/pink-katan-triangle-zari-edge: body | /collection/forest-green-silk-black-gold: body,
listed,13,/faqs | /authentication | /policies | /policies/terms-of-service | /policies/authentication-condition-policy | /collection/fabric/silk | /blouses | /terms-of-service | /faq,/faqs,yes,/faqs: body | /authentication: body | /policies: body | /policies/terms-of-service: body | /policies/authentication-condition-policy: meta,
marigold,13,/blouses | /collection/sunset-ombr-chiffon-draped-dream | /collection/moonstone-cream-mauve-border-saree | /collection/red-blue-madras-check-cotton | /collection/mayil-peacock-kanjivaram-mix | /collection/burnt-orange-temple-border-kanjivaram | /collection/semmanjal-turmeric-gold-kanjeevaram | /collection/thangam-golden-weave-kanjivaram | /collection/heritage-zari-border-kanjivaram | /collection/nava-pazham-kanjeevaram-silk | /collection/colorful-vintage-kanjeevaram | /collection/gulabi-kota-cotton | /collection/pachai-linen-golden-border-drape,/blouses,yes,/blouses: body | /collection/sunset-ombr-chiffon-draped-dream: body | /collection/moonstone-cream-mauve-border-saree: body | /collection/red-blue-madras-check-cotton: body | /collection/mayil-peacock-kanjivaram-mix: body,
note,13,/ | /how-it-works | /authentication,/,no,/: body | /how-it-works: body | /authentication: body,
partners,13,/policies | /policies/privacy-policy | /policies/terms-of-service | /privacy-policy | /terms-of-service,/policies,no,/policies: body | /policies/privacy-policy: body | /policies/terms-of-service: body | /privacy-policy: body | /terms-of-service: body,
processed,13,/faqs | /policies | /policies/privacy-policy | /policies/return-refund-policy | /policies/shipping-delivery-policy | /policies/terms-of-service | /privacy-policy | /return-policy | /shipping-policy | /terms-of-service | /faq,/faqs,no,/faqs: body | /policies: body | /policies/privacy-policy: body | /policies/return-refund-policy: body | /policies/shipping-delivery-policy: body,
question,13,/policies/privacy-policy | /policies/return-refund-policy | /policies/shipping-delivery-policy | /policies/terms-of-service | /policies/authentication-condition-policy | /policies/care-packaging-policy | /policies/cancellation-policy | /policies/sell-with-us-policy | /policies/grievance-redressal | /privacy-policy | /return-policy | /shipping-policy | /terms-of-service,/policies/privacy-policy,no,/policies/privacy-policy: body | /policies/return-refund-policy: body | /policies/shipping-delivery-policy: body | /policies/terms-of-service: body | /policies/authentication-condition-policy: body,
second,13,/ | /our-story | /faqs | /sell-your-saree | /guides/what-is-a-pre-loved-saree | /guides/pre-loved-vs-second-hand-saree | /faq | /about | /stories,/,yes,/: body | /our-story: body | /faqs: body | /sell-your-saree: H1 | /guides/what-is-a-pre-loved-saree: body,
stretchfitcotton,13,/blouses | /collection/marigold-moss-cotton | /collection/maroon-chettinad-cotton | /collection/indigo-dusk-silk-cotton | /collection/reddish-mango-cotton-orange-border | /collection/magenta-cotton | /collection/twilight-orange-cotton-weave | /collection/lime-and-gold-cotton-classic | /collection/midnight-tribe-gold-border-cotton | /collection/autumn-ember-golden-leaf-cotton | /collection/orange-blossom-cotton-weave | /collection/blush-green-handwoven-cotton-drape | /collection/brown-kapi-cotton-black-line-border,/blouses,no,/blouses: body | /collection/marigold-moss-cotton: body | /collection/maroon-chettinad-cotton: body | /collection/indigo-dusk-silk-cotton: body | /collection/reddish-mango-cotton-orange-border: body,
stretchfitheirloom,13,/blouses | /collection/sunset-ombr-chiffon-draped-dream | /collection/moonstone-cream-mauve-border-saree | /collection/red-blue-madras-check-cotton | /collection/mayil-peacock-kanjivaram-mix | /collection/burnt-orange-temple-border-kanjivaram | /collection/semmanjal-turmeric-gold-kanjeevaram | /collection/thangam-golden-weave-kanjivaram | /collection/heritage-zari-border-kanjivaram | /collection/nava-pazham-kanjeevaram-silk | /collection/colorful-vintage-kanjeevaram | /collection/gulabi-kota-cotton | /collection/pachai-linen-golden-border-drape,/blouses,no,/blouses: body | /collection/sunset-ombr-chiffon-draped-dream: body | /collection/moonstone-cream-mauve-border-saree: body | /collection/red-blue-madras-check-cotton: body | /collection/mayil-peacock-kanjivaram-mix: body,
sun,13,/collection/indigo-plum-tied-silk-saree | /collection/forest-flame-tie-dye-silk | /collection/verdant-bloom-silk-burgundy-gold-border | /collection/pink-katan-triangle-zari-edge | /collection/forest-green-silk-black-gold | /collection/teal-blue-moody-silk-drape | /collection/rose-silk-green-brown-stripe | /collection/midnight-kesari-cotton-drape | /collection/brown-and-mustard-light-silk | /collection/moss-green-lightweight-silk-selai | /collection/nila-blue-gold-zari-silk | /collection/kempu-pachai-and-bandhani | /collection/coral-sunrise-chiffon-georgette-saree,/collection/indigo-plum-tied-silk-saree,no,/collection/indigo-plum-tied-silk-saree: body | /collection/forest-flame-tie-dye-silk: body | /collection/verdant-bloom-silk-burgundy-gold-border: body | /collection/pink-katan-triangle-zari-edge: body | /collection/forest-green-silk-black-gold: body,
timenew,13,/collection | /collection/indigo-plum-tied-silk-saree | /collection/verdant-bloom-silk-burgundy-gold-border | /collection/pink-katan-triangle-zari-edge | /collection/forest-green-silk-black-gold | /collection/teal-blue-moody-silk-drape | /collection/rose-silk-green-brown-stripe | /collection/midnight-kesari-cotton-drape | /collection/brown-and-mustard-light-silk | /collection/moss-green-lightweight-silk-selai | /collection/nila-blue-gold-zari-silk | /collection/kempu-pachai-and-bandhani | /collection/coral-sunrise-chiffon-georgette-saree,/collection,no,/collection: body | /collection/indigo-plum-tied-silk-saree: body | /collection/verdant-bloom-silk-burgundy-gold-border: body | /collection/pink-katan-triangle-zari-edge: body | /collection/forest-green-silk-black-gold: body,
want,13,/ | /contact | /sell-your-saree | /guides/what-is-a-pre-loved-saree | /guides/pre-loved-vs-second-hand-saree,/,yes,/: body | /contact: body | /sell-your-saree: body | /guides/what-is-a-pre-loved-saree: body | /guides/pre-loved-vs-second-hand-saree: body,
599the,12,/collection/indigo-plum-tied-silk-saree | /collection/forest-flame-tie-dye-silk | /collection/verdant-bloom-silk-burgundy-gold-border | /collection/pink-katan-triangle-zari-edge | /collection/forest-green-silk-black-gold | /collection/teal-blue-moody-silk-drape | /collection/rose-silk-green-brown-stripe | /collection/midnight-kesari-cotton-drape | /collection/brown-and-mustard-light-silk | /collection/moss-green-lightweight-silk-selai | /collection/nila-blue-gold-zari-silk | /collection/kempu-pachai-and-bandhani,/collection/indigo-plum-tied-silk-saree,no,/collection/indigo-plum-tied-silk-saree: body | /collection/forest-flame-tie-dye-silk: body | /collection/verdant-bloom-silk-burgundy-gold-border: body | /collection/pink-katan-triangle-zari-edge: body | /collection/forest-green-silk-black-gold: body,
accepted,12,/sell-your-saree | /policies/return-refund-policy | /policies/sell-with-us-policy | /guides/what-is-a-pre-loved-saree | /guides/pre-loved-vs-second-hand-saree | /return-policy,/sell-your-saree,no,/sell-your-saree: body | /policies/return-refund-policy: body | /policies/sell-with-us-policy: body | /guides/what-is-a-pre-loved-saree: body | /guides/pre-loved-vs-second-hand-saree: body,
age,12,/how-it-works | /why | /policies/terms-of-service | /policies/authentication-condition-policy | /policies/sell-with-us-policy | /collection/fabric/silk | /guides/what-is-a-pre-loved-saree | /terms-of-service,/how-it-works,no,/how-it-works: body | /why: body | /policies/terms-of-service: body | /policies/authentication-condition-policy: body | /policies/sell-with-us-policy: body,
because,12,/faqs | /policies/privacy-policy | /policies/return-refund-policy | /policies/terms-of-service | /guides/what-is-a-pre-loved-saree | /guides/pre-loved-vs-second-hand-saree | /privacy-policy | /return-policy | /terms-of-service | /faq,/faqs,no,/faqs: body | /policies/privacy-policy: body | /policies/return-refund-policy: body | /policies/terms-of-service: body | /guides/what-is-a-pre-loved-saree: body,
business,12,/policies/privacy-policy | /policies/return-refund-policy | /policies/shipping-delivery-policy | /privacy-policy | /return-policy | /shipping-policy,/policies/privacy-policy,no,/policies/privacy-policy: body | /policies/return-refund-policy: body | /policies/shipping-delivery-policy: body | /privacy-policy: body | /return-policy: body,
carry,12,/ | /faqs | /why | /policies/shipping-delivery-policy | /policies/terms-of-service | /policies/authentication-condition-policy | /shipping-policy | /terms-of-service | /faq,/,yes,/: body | /faqs: body | /why: body | /policies/shipping-delivery-policy: body | /policies/terms-of-service: body,
cartpre-lovedindigo,12,/collection | /collection/forest-flame-tie-dye-silk | /collection/verdant-bloom-silk-burgundy-gold-border | /collection/pink-katan-triangle-zari-edge | /collection/forest-green-silk-black-gold | /collection/teal-blue-moody-silk-drape | /collection/rose-silk-green-brown-stripe | /collection/midnight-kesari-cotton-drape | /collection/brown-and-mustard-light-silk | /collection/moss-green-lightweight-silk-selai | /collection/nila-blue-gold-zari-silk | /collection/kempu-pachai-and-bandhani,/collection,no,/collection: body | /collection/forest-flame-tie-dye-silk: body | /collection/verdant-bloom-silk-burgundy-gold-border: body | /collection/pink-katan-triangle-zari-edge: body | /collection/forest-green-silk-black-gold: body,
checkedtextilecottonmeasurementsstandard,12,/collection/marigold-moss-cotton | /collection/maroon-chettinad-cotton | /collection/indigo-dusk-silk-cotton | /collection/reddish-mango-cotton-orange-border | /collection/magenta-cotton | /collection/twilight-orange-cotton-weave | /collection/lime-and-gold-cotton-classic | /collection/midnight-tribe-gold-border-cotton | /collection/autumn-ember-golden-leaf-cotton | /collection/orange-blossom-cotton-weave | /collection/blush-green-handwoven-cotton-drape | /collection/brown-kapi-cotton-black-line-border,/collection/marigold-moss-cotton,no,/collection/marigold-moss-cotton: body | /collection/maroon-chettinad-cotton: body | /collection/indigo-dusk-silk-cotton: body | /collection/reddish-mango-cotton-orange-border: body | /collection/magenta-cotton: body,
checkedtextilesilkmeasurementsstandard,12,/collection/indigo-plum-tied-silk-saree | /collection/forest-flame-tie-dye-silk | /collection/verdant-bloom-silk-burgundy-gold-border | /collection/pink-katan-triangle-zari-edge | /collection/forest-green-silk-black-gold | /collection/teal-blue-moody-silk-drape | /collection/rose-silk-green-brown-stripe | /collection/midnight-kesari-cotton-drape | /collection/brown-and-mustard-light-silk | /collection/moss-green-lightweight-silk-selai | /collection/nila-blue-gold-zari-silk | /collection/coral-sunrise-chiffon-georgette-saree,/collection/indigo-plum-tied-silk-saree,no,/collection/indigo-plum-tied-silk-saree: body | /collection/forest-flame-tie-dye-silk: body | /collection/verdant-bloom-silk-burgundy-gold-border: body | /collection/pink-katan-triangle-zari-edge: body | /collection/forest-green-silk-black-gold: body,
coral,12,/collection/indigo-plum-tied-silk-saree | /collection/forest-flame-tie-dye-silk | /collection/verdant-bloom-silk-burgundy-gold-border | /collection/pink-katan-triangle-zari-edge | /collection/forest-green-silk-black-gold | /collection/teal-blue-moody-silk-drape | /collection/rose-silk-green-brown-stripe | /collection/midnight-kesari-cotton-drape | /collection/brown-and-mustard-light-silk | /collection/moss-green-lightweight-silk-selai | /collection/nila-blue-gold-zari-silk | /collection/kempu-pachai-and-bandhani,/collection/indigo-plum-tied-silk-saree,yes,/collection/indigo-plum-tied-silk-saree: body | /collection/forest-flame-tie-dye-silk: body | /collection/verdant-bloom-silk-burgundy-gold-border: body | /collection/pink-katan-triangle-zari-edge: body | /collection/forest-green-silk-black-gold: body,
credentials,12,/policies/privacy-policy | /policies/terms-of-service | /privacy-policy | /terms-of-service,/policies/privacy-policy,no,/policies/privacy-policy: body | /policies/terms-of-service: body | /privacy-policy: body | /terms-of-service: body,
heirloom,12,/ | /contact | /how-it-works | /sell-your-saree | /policies/sell-with-us-policy | /collection/fabric/silk | /collection/charcoal-gold-organza-heirloom-drape | /collection/burnt-orange-temple-border-kanjivaram,/,yes,/: meta | /contact: body | /how-it-works: body | /sell-your-saree: meta | /policies/sell-with-us-policy: body,
marks,12,/how-it-works | /policies/return-refund-policy | /policies/terms-of-service | /policies/authentication-condition-policy | /return-policy | /terms-of-service,/how-it-works,no,/how-it-works: body | /policies/return-refund-policy: body | /policies/terms-of-service: body | /policies/authentication-condition-policy: body | /return-policy: body,
one-of-one,12,/faqs | /how-it-works | /authentication | /sell-your-saree | /policies/terms-of-service | /guides/what-is-a-pre-loved-saree | /terms-of-service | /faq,/faqs,yes,/faqs: body | /how-it-works: body | /authentication: body | /sell-your-saree: body | /policies/terms-of-service: body,
process,12,/faqs | /how-it-works | /authentication | /sell-your-saree | /policies/privacy-policy | /policies/cancellation-policy | /privacy-policy | /faq,/faqs,yes,/faqs: body | /how-it-works: body | /authentication: body | /sell-your-saree: meta | /policies/privacy-policy: body,
returned,12,/policies/return-refund-policy | /return-policy,/policies/return-refund-policy,yes,/policies/return-refund-policy: body | /return-policy: body,
risesnew,12,/collection/indigo-plum-tied-silk-saree | /collection/forest-flame-tie-dye-silk | /collection/verdant-bloom-silk-burgundy-gold-border | /collection/pink-katan-triangle-zari-edge | /collection/forest-green-silk-black-gold | /collection/teal-blue-moody-silk-drape | /collection/rose-silk-green-brown-stripe | /collection/midnight-kesari-cotton-drape | /collection/brown-and-mustard-light-silk | /collection/moss-green-lightweight-silk-selai | /collection/nila-blue-gold-zari-silk | /collection/kempu-pachai-and-bandhani,/collection/indigo-plum-tied-silk-saree,no,/collection/indigo-plum-tied-silk-saree: body | /collection/forest-flame-tie-dye-silk: body | /collection/verdant-bloom-silk-burgundy-gold-border: body | /collection/pink-katan-triangle-zari-edge: body | /collection/forest-green-silk-black-gold: body,
time,12,/ | /faqs | /policies | /policies/privacy-policy | /policies/shipping-delivery-policy | /privacy-policy | /shipping-policy | /faq,/,yes,/: body | /faqs: body | /policies: body | /policies/privacy-policy: body | /policies/shipping-delivery-policy: body,
used,12,/policies/privacy-policy | /policies/return-refund-policy | /policies/terms-of-service | /privacy-policy | /return-policy | /terms-of-service,/policies/privacy-policy,no,/policies/privacy-policy: body | /policies/return-refund-policy: body | /policies/terms-of-service: body | /privacy-policy: body | /return-policy: body,
verified,12,/ | /authentication | /policies/cancellation-policy,/,no,/: body | /authentication: body | /policies/cancellation-policy: body,
wishlist,12,/policies/privacy-policy | /policies/terms-of-service | /privacy-policy | /terms-of-service,/policies/privacy-policy,yes,/policies/privacy-policy: body | /policies/terms-of-service: body | /privacy-policy: body | /terms-of-service: body,
wrap,12,/faqs | /how-it-works | /policies/return-refund-policy | /policies/shipping-delivery-policy | /policies/care-packaging-policy | /return-policy | /shipping-policy | /faq,/faqs,no,/faqs: body | /how-it-works: body | /policies/return-refund-policy: body | /policies/shipping-delivery-policy: body | /policies/care-packaging-policy: body,
6product,11,/collection/marigold-moss-cotton | /collection/pink-katan-triangle-zari-edge | /collection/forest-green-silk-black-gold | /collection/rose-silk-green-brown-stripe | /collection/maroon-chettinad-cotton | /collection/deep-wine-organza | /collection/magenta-cotton | /collection/twilight-orange-cotton-weave | /collection/midnight-tribe-gold-border-cotton | /collection/autumn-ember-golden-leaf-cotton | /collection/midnight-kesari-cotton-drape,/collection/marigold-moss-cotton,no,/collection/marigold-moss-cotton: body | /collection/pink-katan-triangle-zari-edge: body | /collection/forest-green-silk-black-gold: body | /collection/rose-silk-green-brown-stripe: body | /collection/maroon-chettinad-cotton: body,
any,11,/faqs | /authentication | /sell-your-saree | /policies/privacy-policy | /policies/shipping-delivery-policy | /policies/sell-with-us-policy | /privacy-policy | /shipping-policy | /faq,/faqs,no,/faqs: body | /authentication: body | /sell-your-saree: body | /policies/privacy-policy: body | /policies/shipping-delivery-policy: body,
carefaqsprivacy,11,/policies/return-refund-policy | /policies/shipping-delivery-policy | /policies/terms-of-service | /policies/authentication-condition-policy | /policies/care-packaging-policy | /policies/cancellation-policy | /policies/sell-with-us-policy | /policies/grievance-redressal | /return-policy | /shipping-policy | /terms-of-service,/policies/return-refund-policy,no,/policies/return-refund-policy: body | /policies/shipping-delivery-policy: body | /policies/terms-of-service: body | /policies/authentication-condition-policy: body | /policies/care-packaging-policy: body,
loved,11,/faqs | /how-it-works | /collection/fabric/silk | /guides/what-is-a-pre-loved-saree | /guides/pre-loved-vs-second-hand-saree | /collection/fabric/chiffon | /collection/fabric/georgette | /faq,/faqs,no,/faqs: body | /how-it-works: body | /collection/fabric/silk: body | /guides/what-is-a-pre-loved-saree: body | /guides/pre-loved-vs-second-hand-saree: body,
payments,11,/faqs | /policies | /policies/privacy-policy | /policies/terms-of-service | /privacy-policy | /terms-of-service | /faq,/faqs,yes,/faqs: body | /policies: body | /policies/privacy-policy: body | /policies/terms-of-service: body | /privacy-policy: body,
policyshipping,11,/policies/privacy-policy | /policies/return-refund-policy | /policies/terms-of-service | /policies/authentication-condition-policy | /policies/care-packaging-policy | /policies/cancellation-policy | /policies/sell-with-us-policy | /policies/grievance-redressal | /privacy-policy | /return-policy | /terms-of-service,/policies/privacy-policy,no,/policies/privacy-policy: body | /policies/return-refund-policy: body | /policies/terms-of-service: body | /policies/authentication-condition-policy: body | /policies/care-packaging-policy: body,
second-hand,11,/faqs | /guides/pre-loved-vs-second-hand-saree | /faq,/faqs,yes,/faqs: body | /guides/pre-loved-vs-second-hand-saree: title/meta/H1 | /faq: body,
secure,11,/faqs | /policies | /policies/privacy-policy | /policies/terms-of-service | /privacy-policy | /terms-of-service | /faq,/faqs,no,/faqs: body | /policies: body | /policies/privacy-policy: body | /policies/terms-of-service: body | /privacy-policy: body,
submit,11,/faqs | /how-it-works | /policies | /sell-your-saree | /policies/privacy-policy | /policies/terms-of-service | /policies/sell-with-us-policy | /privacy-policy | /terms-of-service | /faq,/faqs,yes,/faqs: body | /how-it-works: body | /policies: body | /sell-your-saree: body | /policies/privacy-policy: body,
000fabriccottongradepre-loved,10,/collection/marigold-moss-cotton | /collection/maroon-chettinad-cotton | /collection/indigo-dusk-silk-cotton | /collection/reddish-mango-cotton-orange-border | /collection/magenta-cotton | /collection/twilight-orange-cotton-weave | /collection/lime-and-gold-cotton-classic | /collection/midnight-tribe-gold-border-cotton | /collection/autumn-ember-golden-leaf-cotton | /collection/brown-kapi-cotton-black-line-border,/collection/marigold-moss-cotton,no,/collection/marigold-moss-cotton: body | /collection/maroon-chettinad-cotton: body | /collection/indigo-dusk-silk-cotton: body | /collection/reddish-mango-cotton-orange-border: body | /collection/magenta-cotton: body,
000the,10,/collection | /top-viewed | /collection/fabric/silk | /collection/kesari-sunset-chiffon-saree | /collection/magenta-mist-chiffon-drape | /collection/green-chiffon-with-fancy-border | /collection/pressed-bloom-sheer-chiffon | /collection/fabric/chiffon | /collection/rose-vine-stripe-chiffon-saree,/collection,no,/collection: body | /top-viewed: body | /collection/fabric/silk: body | /collection/kesari-sunset-chiffon-saree: body | /collection/magenta-mist-chiffon-drape: body,
4product,10,/collection/indigo-plum-tied-silk-saree | /collection/forest-flame-tie-dye-silk | /collection/moonstone-cream-mauve-border-saree | /collection/verdant-bloom-silk-burgundy-gold-border | /collection/mustard-organza-brown-border-drape | /collection/reddish-mango-cotton-orange-border | /collection/orange-blossom-cotton-weave | /collection/brown-and-mustard-light-silk | /collection/moss-green-lightweight-silk-selai | /collection/heritage-zari-border-kanjivaram,/collection/indigo-plum-tied-silk-saree,no,/collection/indigo-plum-tied-silk-saree: body | /collection/forest-flame-tie-dye-silk: body | /collection/moonstone-cream-mauve-border-saree: body | /collection/verdant-bloom-silk-burgundy-gold-border: body | /collection/mustard-organza-brown-border-drape: body,
5product,10,/collection/tangerine-noir-floral-border-weave | /collection/midnight-garden-georgette-saree | /collection/charcoal-gold-organza-heirloom-drape | /collection/beige-organza-peach-bloom | /collection/indigo-dusk-silk-cotton | /collection/red-blue-madras-check-cotton | /collection/lime-and-gold-cotton-classic | /collection/kesari-sunset-chiffon-saree | /collection/pressed-bloom-sheer-chiffon | /collection/rose-vine-stripe-chiffon-saree,/collection/tangerine-noir-floral-border-weave,no,/collection/tangerine-noir-floral-border-weave: body | /collection/midnight-garden-georgette-saree: body | /collection/charcoal-gold-organza-heirloom-drape: body | /collection/beige-organza-peach-bloom: body | /collection/indigo-dusk-silk-cotton: body,
applicable,10,/policies/privacy-policy | /policies/return-refund-policy | /policies/terms-of-service | /policies/authentication-condition-policy | /policies/cancellation-policy | /privacy-policy | /return-policy | /terms-of-service,/policies/privacy-policy,no,/policies/privacy-policy: body | /policies/return-refund-policy: body | /policies/terms-of-service: body | /policies/authentication-condition-policy: body | /policies/cancellation-policy: body,
approved,10,/policies/return-refund-policy | /return-policy,/policies/return-refund-policy,no,/policies/return-refund-policy: body | /return-policy: body,
choice,10,/ | /faqs | /policies/privacy-policy | /privacy-policy | /faq,/,no,/: body | /faqs: body | /policies/privacy-policy: body | /privacy-policy: body | /faq: body,
confirmation,10,/policies/privacy-policy | /policies/shipping-delivery-policy | /policies/terms-of-service | /privacy-policy | /shipping-policy | /terms-of-service,/policies/privacy-policy,no,/policies/privacy-policy: body | /policies/shipping-delivery-policy: body | /policies/terms-of-service: body | /privacy-policy: body | /shipping-policy: body,
device,10,/policies/privacy-policy | /policies/terms-of-service | /privacy-policy | /terms-of-service,/policies/privacy-policy,no,/policies/privacy-policy: body | /policies/terms-of-service: body | /privacy-policy: body | /terms-of-service: body,
different,10,/faqs | /policies/return-refund-policy | /policies/terms-of-service | /return-policy | /terms-of-service | /faq,/faqs,no,/faqs: body | /policies/return-refund-policy: body | /policies/terms-of-service: body | /return-policy: body | /terms-of-service: body,
dispatched,10,/faqs | /how-it-works | /policies/shipping-delivery-policy | /policies/cancellation-policy | /shipping-policy | /faq,/faqs,no,/faqs: body | /how-it-works: body | /policies/shipping-delivery-policy: body | /policies/cancellation-policy: body | /shipping-policy: body,
draped,10,/collection | /faqs | /collection/sunset-ombr-chiffon-draped-dream | /collection/midnight-garden-georgette-saree | /collection/rani-pink-georgette-garden-party | /collection/midnight-zari-georgette | /collection/violet-bloom-cotton-drape | /collection/fabric/georgette | /faq,/collection,yes,/collection: body | /faqs: body | /collection/sunset-ombr-chiffon-draped-dream: title/meta/H1 | /collection/midnight-garden-georgette-saree: body | /collection/rani-pink-georgette-garden-party: body,
floral,10,/collection | /top-viewed | /collection/tangerine-noir-floral-border-weave | /collection/kesari-sunset-chiffon-saree | /collection/magenta-mist-chiffon-drape | /collection/green-chiffon-with-fancy-border | /collection/pressed-bloom-sheer-chiffon | /collection/fabric/chiffon | /collection/rose-vine-stripe-chiffon-saree,/collection,yes,/collection: body | /top-viewed: body | /collection/tangerine-noir-floral-border-weave: title/meta/H1 | /collection/kesari-sunset-chiffon-saree: body | /collection/magenta-mist-chiffon-drape: body,
full,10,/ | /faqs | /authentication | /policies/privacy-policy | /policies/shipping-delivery-policy | /policies/sell-with-us-policy | /blouses | /privacy-policy | /shipping-policy | /faq,/,no,/: body | /faqs: body | /authentication: body | /policies/privacy-policy: body | /policies/shipping-delivery-policy: body,
green,10,/collection | /collection/fabric/silk | /collection/forest-green-silk-black-gold | /collection/lime-and-gold-cotton-classic | /collection/blush-green-handwoven-cotton-drape | /collection/moss-green-lightweight-silk-selai | /collection/pachai-linen-golden-border-drape,/collection,yes,/collection: body | /collection/fabric/silk: body | /collection/forest-green-silk-black-gold: title/meta/H1 | /collection/lime-and-gold-cotton-classic: body | /collection/blush-green-handwoven-cotton-drape: title/meta/H1,
grievance,10,/policies | /policies/privacy-policy | /policies/grievance-redressal | /privacy-policy,/policies,yes,/policies: body | /policies/privacy-policy: body | /policies/grievance-redressal: title/H1 | /privacy-policy: body,
international,10,/faqs | /policies/return-refund-policy | /policies/shipping-delivery-policy | /return-policy | /shipping-policy | /faq,/faqs,yes,/faqs: body | /policies/return-refund-policy: body | /policies/shipping-delivery-policy: body | /return-policy: body | /shipping-policy: body,
law,10,/policies/privacy-policy | /policies/return-refund-policy | /policies/terms-of-service | /privacy-policy | /return-policy | /terms-of-service,/policies/privacy-policy,yes,/policies/privacy-policy: body | /policies/return-refund-policy: body | /policies/terms-of-service: body | /privacy-policy: body | /return-policy: body,
look,10,/ | /faqs | /authentication | /why | /guides/what-is-a-pre-loved-saree | /guides/pre-loved-vs-second-hand-saree | /faq,/,no,/: body | /faqs: body | /authentication: body | /why: body | /guides/what-is-a-pre-loved-saree: body,
noir,10,/collection | /top-viewed | /collection/tangerine-noir-floral-border-weave | /collection/kesari-sunset-chiffon-saree | /collection/magenta-mist-chiffon-drape | /collection/green-chiffon-with-fancy-border | /collection/pressed-bloom-sheer-chiffon | /collection/fabric/chiffon | /collection/rose-vine-stripe-chiffon-saree,/collection,yes,/collection: body | /top-viewed: body | /collection/tangerine-noir-floral-border-weave: title/meta/H1 | /collection/kesari-sunset-chiffon-saree: body | /collection/magenta-mist-chiffon-drape: body,
one,10,/faqs | /why | /policies/grievance-redressal | /collection/fabric/silk | /collection/fabric/georgette | /faq,/faqs,no,/faqs: body | /why: body | /policies/grievance-redressal: body | /collection/fabric/silk: body | /collection/fabric/georgette: body,
package,10,/faqs | /policies | /packing | /policies/return-refund-policy | /policies/shipping-delivery-policy | /policies/care-packaging-policy | /return-policy | /shipping-policy | /faq,/faqs,yes,/faqs: body | /policies: body | /packing: body | /policies/return-refund-policy: body | /policies/shipping-delivery-policy: body,
pages,10,/policies/privacy-policy | /guides/pre-loved-vs-second-hand-saree | /privacy-policy,/policies/privacy-policy,no,/policies/privacy-policy: body | /guides/pre-loved-vs-second-hand-saree: body | /privacy-policy: body,
service,10,/policies/privacy-policy | /policies/terms-of-service | /policies/authentication-condition-policy | /policies/care-packaging-policy | /policies/cancellation-policy | /policies/sell-with-us-policy | /policies/grievance-redressal | /privacy-policy | /terms-of-service,/policies/privacy-policy,no,/policies/privacy-policy: body | /policies/terms-of-service: body | /policies/authentication-condition-policy: body | /policies/care-packaging-policy: body | /policies/cancellation-policy: body,
ship,10,/faqs | /policies/return-refund-policy | /policies/shipping-delivery-policy | /return-policy | /shipping-policy | /faq,/faqs,yes,/faqs: body | /policies/return-refund-policy: body | /policies/shipping-delivery-policy: body | /return-policy: body | /shipping-policy: body,
unless,10,/policies/return-refund-policy | /policies/terms-of-service | /policies/authentication-condition-policy | /policies/cancellation-policy | /return-policy | /terms-of-service,/policies/return-refund-policy,no,/policies/return-refund-policy: body | /policies/terms-of-service: body | /policies/authentication-condition-policy: body | /policies/cancellation-policy: body | /return-policy: body,
visible,10,/ | /collection | /authentication | /policies/terms-of-service | /policies/authentication-condition-policy | /policies/sell-with-us-policy | /collection/fabric/silk | /blouses | /terms-of-service,/,no,/: body | /collection: body | /authentication: body | /policies/terms-of-service: body | /policies/authentication-condition-policy: body,
000fabricsilkgradepre-loved,9,/collection/indigo-plum-tied-silk-saree | /collection/forest-flame-tie-dye-silk | /collection/verdant-bloom-silk-burgundy-gold-border | /collection/pink-katan-triangle-zari-edge | /collection/forest-green-silk-black-gold | /collection/teal-blue-moody-silk-drape | /collection/midnight-kesari-cotton-drape | /collection/brown-and-mustard-light-silk | /collection/nila-blue-gold-zari-silk,/collection/indigo-plum-tied-silk-saree,no,/collection/indigo-plum-tied-silk-saree: body | /collection/forest-flame-tie-dye-silk: body | /collection/verdant-bloom-silk-burgundy-gold-border: body | /collection/pink-katan-triangle-zari-edge: body | /collection/forest-green-silk-black-gold: body,
799add,9,/collection/forest-flame-tie-dye-silk | /collection/pink-katan-triangle-zari-edge | /collection/teal-blue-moody-silk-drape | /collection/rose-silk-green-brown-stripe | /collection/reddish-mango-cotton-orange-border | /collection/red-blue-madras-check-cotton | /collection/autumn-ember-golden-leaf-cotton | /collection/colorful-vintage-kanjeevaram | /collection/pachai-linen-golden-border-drape,/collection/forest-flame-tie-dye-silk,no,/collection/forest-flame-tie-dye-silk: body | /collection/pink-katan-triangle-zari-edge: body | /collection/teal-blue-moody-silk-drape: body | /collection/rose-silk-green-brown-stripe: body | /collection/reddish-mango-cotton-orange-border: body,
about,9,/faqs | /authentication | /sell-your-saree | /policies/terms-of-service | /policies/cancellation-policy | /guides/what-is-a-pre-loved-saree | /terms-of-service | /faq,/faqs,yes,/faqs: body | /authentication: body | /sell-your-saree: body | /policies/terms-of-service: body | /policies/cancellation-policy: body,
already,9,/faqs | /how-it-works | /why | /policies/return-refund-policy | /guides/what-is-a-pre-loved-saree | /return-policy | /faq,/faqs,no,/faqs: body | /how-it-works: body | /why: body | /policies/return-refund-policy: body | /guides/what-is-a-pre-loved-saree: body,
amber,9,/collection | /top-viewed | /collection/tangerine-noir-floral-border-weave | /collection/kesari-sunset-chiffon-saree | /collection/magenta-mist-chiffon-drape | /collection/green-chiffon-with-fancy-border | /collection/pressed-bloom-sheer-chiffon | /collection/fabric/chiffon | /collection/rose-vine-stripe-chiffon-saree,/collection,no,/collection: body | /top-viewed: body | /collection/tangerine-noir-floral-border-weave: body | /collection/kesari-sunset-chiffon-saree: body | /collection/magenta-mist-chiffon-drape: body,
cart,9,/top-viewed | /policies/privacy-policy | /policies/terms-of-service | /privacy-policy | /terms-of-service,/top-viewed,yes,/top-viewed: body | /policies/privacy-policy: body | /policies/terms-of-service: body | /privacy-policy: body | /terms-of-service: body,
checked,9,/ | /faqs | /how-it-works | /packing | /collection/fabric/silk | /faq,/,yes,/: body | /faqs: body | /how-it-works: body | /packing: body | /collection/fabric/silk: body,
choosing,9,/faqs | /guides/what-is-a-pre-loved-saree | /guides/pre-loved-vs-second-hand-saree | /faq,/faqs,yes,/faqs: body | /guides/what-is-a-pre-loved-saree: body | /guides/pre-loved-vs-second-hand-saree: body | /faq: body,
courier,9,/policies/shipping-delivery-policy | /policies/grievance-redressal | /shipping-policy,/policies/shipping-delivery-policy,yes,/policies/shipping-delivery-policy: body | /policies/grievance-redressal: body | /shipping-policy: body,
dry,9,/faqs | /policies/return-refund-policy | /policies/care-packaging-policy | /collection/fabric/silk | /return-policy | /faq,/faqs,no,/faqs: body | /policies/return-refund-policy: body | /policies/care-packaging-policy: body | /collection/fabric/silk: body | /return-policy: body,
due,9,/policies/return-refund-policy | /policies/shipping-delivery-policy | /policies/cancellation-policy | /return-policy | /shipping-policy,/policies/return-refund-policy,no,/policies/return-refund-policy: body | /policies/shipping-delivery-policy: body | /policies/cancellation-policy: body | /return-policy: body | /shipping-policy: body,
exchanges,9,/faqs | /policies | /policies/return-refund-policy | /return-policy | /faq,/faqs,yes,/faqs: body | /policies: body | /policies/return-refund-policy: title/H1 | /return-policy: title/H1 | /faq: body,
festive,9,/ | /policies/shipping-delivery-policy | /policies/sell-with-us-policy | /collection/fabric/silk | /shipping-policy,/,no,/: body | /policies/shipping-delivery-policy: body | /policies/sell-with-us-policy: body | /collection/fabric/silk: body | /shipping-policy: body,Protected commercial term retained by audit normalization.
find,9,/top-viewed | /our-team | /faqs | /authentication | /why | /sell-your-saree | /policies/authentication-condition-policy | /founders | /faq,/top-viewed,no,/top-viewed: body | /our-team: body | /faqs: body | /authentication: body | /why: body,
ink,9,/collection | /top-viewed | /collection/tangerine-noir-floral-border-weave | /collection/kesari-sunset-chiffon-saree | /collection/magenta-mist-chiffon-drape | /collection/green-chiffon-with-fancy-border | /collection/pressed-bloom-sheer-chiffon | /collection/fabric/chiffon | /collection/rose-vine-stripe-chiffon-saree,/collection,no,/collection: body | /top-viewed: body | /collection/tangerine-noir-floral-border-weave: body | /collection/kesari-sunset-chiffon-saree: body | /collection/magenta-mist-chiffon-drape: body,
keeps,9,/ | /faqs | /why | /blouses | /collection/fabric/chiffon | /faq,/,no,/: body | /faqs: body | /why: body | /blouses: body | /collection/fabric/chiffon: body,
luxury,9,/ | /collection | /faqs | /why | /policies/terms-of-service | /guides/what-is-a-pre-loved-saree | /guides/pre-loved-vs-second-hand-saree | /terms-of-service | /faq,/,yes,/: title/meta/H1 | /collection: title/H1 | /faqs: body | /why: meta | /policies/terms-of-service: body,Protected commercial term retained by audit normalization.
never,9,/ | /faqs | /policies | /why | /faq,/,yes,/: body | /faqs: body | /policies: body | /why: H1 | /faq: body,
occasion,9,/ | /collection | /sell-your-saree | /guides/what-is-a-pre-loved-saree | /collection/fabric/chiffon,/,yes,/: body | /collection: body | /sell-your-saree: body | /guides/what-is-a-pre-loved-saree: body | /collection/fabric/chiffon: body,
original,9,/how-it-works | /policies/return-refund-policy | /policies/cancellation-policy | /return-policy,/how-it-works,no,/how-it-works: body | /policies/return-refund-policy: body | /policies/cancellation-policy: body | /return-policy: body,
part,9,/how-it-works | /authentication | /sell-your-saree | /policies/terms-of-service | /policies/authentication-condition-policy | /guides/what-is-a-pre-loved-saree | /guides/pre-loved-vs-second-hand-saree | /terms-of-service,/how-it-works,yes,/how-it-works: body | /authentication: body | /sell-your-saree: body | /policies/terms-of-service: body | /policies/authentication-condition-policy: body,
policyreturn,9,/policies/shipping-delivery-policy | /policies/terms-of-service | /policies/authentication-condition-policy | /policies/care-packaging-policy | /policies/cancellation-policy | /policies/sell-with-us-policy | /policies/grievance-redressal | /shipping-policy | /terms-of-service,/policies/shipping-delivery-policy,no,/policies/shipping-delivery-policy: body | /policies/terms-of-service: body | /policies/authentication-condition-policy: body | /policies/care-packaging-policy: body | /policies/cancellation-policy: body,
questions,9,/faqs | /policies/privacy-policy | /policies/terms-of-service | /policies/grievance-redressal | /privacy-policy | /terms-of-service | /faq,/faqs,yes,/faqs: body | /policies/privacy-policy: body | /policies/terms-of-service: body | /policies/grievance-redressal: body | /privacy-policy: body,
reach,9,/faqs | /policies | /sell-your-saree | /policies/grievance-redressal | /faq,/faqs,yes,/faqs: body | /policies: body | /sell-your-saree: body | /policies/grievance-redressal: meta | /faq: body,
resolve,9,/faqs | /policies | /policies/shipping-delivery-policy | /policies/grievance-redressal | /shipping-policy | /faq,/faqs,yes,/faqs: body | /policies: body | /policies/shipping-delivery-policy: body | /policies/grievance-redressal: meta | /shipping-policy: body,
review,9,/how-it-works | /sell-your-saree | /policies/authentication-condition-policy | /policies/sell-with-us-policy,/how-it-works,yes,/how-it-works: body | /sell-your-saree: meta | /policies/authentication-condition-policy: body | /policies/sell-with-us-policy: body,
saffron,9,/collection | /collection/sunset-ombr-chiffon-draped-dream | /collection/midnight-garden-georgette-saree | /collection/kesari-sunset-chiffon-saree | /collection/rani-pink-georgette-garden-party | /collection/midnight-zari-georgette | /collection/violet-bloom-cotton-drape | /collection/fabric/chiffon | /collection/fabric/georgette,/collection,no,/collection: body | /collection/sunset-ombr-chiffon-draped-dream: body | /collection/midnight-garden-georgette-saree: body | /collection/kesari-sunset-chiffon-saree: body | /collection/rani-pink-georgette-garden-party: body,
share,9,/ | /contact | /sell-your-saree | /policies/privacy-policy | /policies/return-refund-policy | /policies/shipping-delivery-policy | /privacy-policy | /return-policy | /shipping-policy,/,yes,/: body | /contact: body | /sell-your-saree: body | /policies/privacy-policy: body | /policies/return-refund-policy: body,
signs,9,/authentication | /policies/terms-of-service | /policies/authentication-condition-policy | /collection/fabric/silk | /guides/what-is-a-pre-loved-saree | /terms-of-service,/authentication,no,/authentication: body | /policies/terms-of-service: body | /policies/authentication-condition-policy: body | /collection/fabric/silk: body | /guides/what-is-a-pre-loved-saree: body,
tracking,9,/faqs | /how-it-works | /policies | /packing | /policies/shipping-delivery-policy | /shipping-policy | /faq,/faqs,yes,/faqs: body | /how-it-works: body | /policies: body | /packing: body | /policies/shipping-delivery-policy: body,
transit,9,/why | /packing | /policies/return-refund-policy | /policies/shipping-delivery-policy | /policies/care-packaging-policy | /return-policy | /shipping-policy,/why,no,/why: body | /packing: body | /policies/return-refund-policy: body | /policies/shipping-delivery-policy: body | /policies/care-packaging-policy: body,
whatsapp,9,/contact | /policies/privacy-policy | /policies/shipping-delivery-policy | /policies/grievance-redressal | /privacy-policy | /shipping-policy,/contact,yes,/contact: meta | /policies/privacy-policy: body | /policies/shipping-delivery-policy: body | /policies/grievance-redressal: body | /privacy-policy: body,
wrong,9,/policies | /policies/return-refund-policy | /return-policy,/policies,no,/policies: body | /policies/return-refund-policy: body | /return-policy: body,
access,8,/policies/privacy-policy | /policies/terms-of-service | /privacy-policy | /terms-of-service,/policies/privacy-policy,no,/policies/privacy-policy: body | /policies/terms-of-service: body | /privacy-policy: body | /terms-of-service: body,
across,8,/faqs | /policies/shipping-delivery-policy | /shipping-policy | /faq,/faqs,no,/faqs: body | /policies/shipping-delivery-policy: body | /shipping-policy: body | /faq: body,
again,8,/ | /faqs | /how-it-works | /why | /faq,/,yes,/: body | /faqs: body | /how-it-works: body | /why: body | /faq: body,
approval,8,/policies/return-refund-policy | /return-policy,/policies/return-refund-policy,yes,/policies/return-refund-policy: body | /return-policy: body,
authenticate,8,/faqs | /how-it-works | /authentication | /policies | /policies/privacy-policy | /policies/authentication-condition-policy | /privacy-policy | /faq,/faqs,yes,/faqs: body | /how-it-works: body | /authentication: H1 | /policies: body | /policies/privacy-policy: body,
beautiful,8,/ | /our-team | /faqs | /how-it-works | /sell-your-saree | /policies/authentication-condition-policy | /founders | /faq,/,no,/: body | /our-team: body | /faqs: body | /how-it-works: body | /sell-your-saree: body,
between,8,/ | /faqs | /authentication | /policies/privacy-policy | /privacy-policy | /faq,/,yes,/: body | /faqs: body | /authentication: body | /policies/privacy-policy: body | /privacy-policy: body,
brand,8,/faqs | /policies/shipping-delivery-policy | /policies/terms-of-service | /policies/sell-with-us-policy | /shipping-policy | /terms-of-service | /faq,/faqs,no,/faqs: body | /policies/shipping-delivery-policy: body | /policies/terms-of-service: body | /policies/sell-with-us-policy: body | /shipping-policy: body,
breathable,8,/ | /faqs | /policies/care-packaging-policy | /collection/fabric/silk | /faq,/,no,/: body | /faqs: body | /policies/care-packaging-policy: body | /collection/fabric/silk: body | /faq: body,
browse,8,/faqs | /blouses | /guides/what-is-a-pre-loved-saree | /faq,/faqs,no,/faqs: body | /blouses: body | /guides/what-is-a-pre-loved-saree: body | /faq: body,
buy,8,/ | /faqs | /contact | /authentication | /why | /sell-your-saree | /guides/what-is-a-pre-loved-saree | /faq,/,yes,/: body | /faqs: body | /contact: body | /authentication: meta | /why: body,
colour,8,/collection | /policies/return-refund-policy | /policies/terms-of-service | /collection/brown-kapi-cotton-black-line-border | /return-policy | /terms-of-service,/collection,yes,/collection: body | /policies/return-refund-policy: body | /policies/terms-of-service: body | /collection/brown-kapi-cotton-black-line-border: body | /return-policy: body,
curated,8,/faqs | /policies/terms-of-service | /guides/pre-loved-vs-second-hand-saree | /terms-of-service | /collection/fabric/georgette | /faq,/faqs,no,/faqs: body | /policies/terms-of-service: body | /guides/pre-loved-vs-second-hand-saree: body | /terms-of-service: body | /collection/fabric/georgette: body,
curation,8,/faqs | /policies | /policies/sell-with-us-policy | /guides/pre-loved-vs-second-hand-saree | /faq,/faqs,yes,/faqs: body | /policies: body | /policies/sell-with-us-policy: meta | /guides/pre-loved-vs-second-hand-saree: meta | /faq: body,
damage,8,/faqs | /policies/return-refund-policy | /policies/shipping-delivery-policy | /policies/care-packaging-policy | /return-policy | /shipping-policy | /faq,/faqs,yes,/faqs: body | /policies/return-refund-policy: body | /policies/shipping-delivery-policy: body | /policies/care-packaging-policy: body | /return-policy: body,
dispatch,8,/how-it-works | /packing | /policies/shipping-delivery-policy | /policies/authentication-condition-policy | /policies/cancellation-policy | /shipping-policy,/how-it-works,yes,/how-it-works: body | /packing: body | /policies/shipping-delivery-policy: body | /policies/authentication-condition-policy: body | /policies/cancellation-policy: body,
document,8,/faqs | /policies | /why | /policies/privacy-policy | /policies/authentication-condition-policy | /collection/fabric/silk | /privacy-policy | /faq,/faqs,yes,/faqs: body | /policies: body | /why: body | /policies/privacy-policy: body | /policies/authentication-condition-policy: meta,
family,8,/ | /faqs | /how-it-works | /authentication | /why | /faq,/,no,/: body | /faqs: body | /how-it-works: body | /authentication: body | /why: body,
handled,8,/faqs | /policies | /sell-your-saree | /policies/return-refund-policy | /guides/what-is-a-pre-loved-saree | /guides/pre-loved-vs-second-hand-saree | /return-policy | /faq,/faqs,yes,/faqs: body | /policies: body | /sell-your-saree: body | /policies/return-refund-policy: body | /guides/what-is-a-pre-loved-saree: body,
history,8,/faqs | /authentication | /sell-your-saree | /policies/privacy-policy | /privacy-policy | /faq,/faqs,no,/faqs: body | /authentication: body | /sell-your-saree: body | /policies/privacy-policy: body | /privacy-policy: body,
love,8,/faqs | /why | /sell-your-saree | /faq,/faqs,no,/faqs: body | /why: body | /sell-your-saree: body | /faq: body,
major,8,/faqs | /policies | /policies/return-refund-policy | /return-policy | /collection/fabric/chiffon | /faq,/faqs,no,/faqs: body | /policies: body | /policies/return-refund-policy: body | /return-policy: body | /collection/fabric/chiffon: body,
messages,8,/policies/privacy-policy | /privacy-policy,/policies/privacy-policy,no,/policies/privacy-policy: body | /privacy-policy: body,
method,8,/policies/privacy-policy | /policies/return-refund-policy | /policies/cancellation-policy | /privacy-policy | /return-policy,/policies/privacy-policy,no,/policies/privacy-policy: body | /policies/return-refund-policy: body | /policies/cancellation-policy: body | /privacy-policy: body | /return-policy: body,
nadu,8,/collection/mayil-peacock-kanjivaram-mix | /collection/burnt-orange-temple-border-kanjivaram | /collection/thangam-golden-weave-kanjivaram | /collection/nava-pazham-kanjeevaram-silk,/collection/mayil-peacock-kanjivaram-mix,no,/collection/mayil-peacock-kanjivaram-mix: body | /collection/burnt-orange-temple-border-kanjivaram: body | /collection/thangam-golden-weave-kanjivaram: body | /collection/nava-pazham-kanjeevaram-silk: body,
name,8,/policies/privacy-policy | /policies/sell-with-us-policy | /policies/grievance-redressal | /privacy-policy,/policies/privacy-policy,no,/policies/privacy-policy: body | /policies/sell-with-us-policy: body | /policies/grievance-redressal: body | /privacy-policy: body,
ombré,8,/collection | /collection/sunset-ombr-chiffon-draped-dream | /collection/midnight-garden-georgette-saree | /collection/rani-pink-georgette-garden-party | /collection/midnight-zari-georgette | /collection/violet-bloom-cotton-drape | /collection/fabric/georgette,/collection,yes,/collection: body | /collection/sunset-ombr-chiffon-draped-dream: title/meta/H1 | /collection/midnight-garden-georgette-saree: body | /collection/rani-pink-georgette-garden-party: body | /collection/midnight-zari-georgette: body,
open,8,/our-story | /our-team | /founders | /about | /stories,/our-story,no,/our-story: body | /our-team: body | /founders: body | /about: body | /stories: body,
organza,8,/collection | /policies/care-packaging-policy | /collection/charcoal-gold-organza-heirloom-drape | /collection/beige-organza-peach-bloom | /collection/deep-wine-organza,/collection,yes,/collection: body | /policies/care-packaging-policy: body | /collection/charcoal-gold-organza-heirloom-drape: title/meta/H1 | /collection/beige-organza-peach-bloom: title/meta/H1 | /collection/deep-wine-organza: title/meta/H1,
packed,8,/faqs | /authentication | /packing | /policies/shipping-delivery-policy | /policies/cancellation-policy | /shipping-policy | /faq,/faqs,no,/faqs: body | /authentication: body | /packing: body | /policies/shipping-delivery-policy: body | /policies/cancellation-policy: body,
pass,8,/our-team | /faqs | /authentication | /sell-your-saree | /policies/cancellation-policy | /founders | /faq,/our-team,yes,/our-team: body | /faqs: body | /authentication: body | /sell-your-saree: meta | /policies/cancellation-policy: body,
photography,8,/policies/return-refund-policy | /policies/terms-of-service | /policies/sell-with-us-policy | /return-policy | /terms-of-service,/policies/return-refund-policy,yes,/policies/return-refund-policy: body | /policies/terms-of-service: body | /policies/sell-with-us-policy: body | /return-policy: body | /terms-of-service: body,
please,8,/policies/return-refund-policy | /policies/shipping-delivery-policy | /policies/authentication-condition-policy | /policies/cancellation-policy | /return-policy | /shipping-policy,/policies/return-refund-policy,no,/policies/return-refund-policy: body | /policies/shipping-delivery-policy: body | /policies/authentication-condition-policy: body | /policies/cancellation-policy: body | /return-policy: body,
policies,8,/faqs | /policies/privacy-policy | /privacy-policy | /faq,/faqs,yes,/faqs: body | /policies/privacy-policy: body | /privacy-policy: body | /faq: body,
protect,8,/faqs | /how-it-works | /why | /packing | /policies/privacy-policy | /policies/care-packaging-policy | /privacy-policy | /faq,/faqs,yes,/faqs: body | /how-it-works: body | /why: body | /packing: meta | /policies/privacy-policy: body,
registered,8,/policies/privacy-policy | /policies/return-refund-policy | /policies/grievance-redressal | /privacy-policy | /return-policy,/policies/privacy-policy,no,/policies/privacy-policy: body | /policies/return-refund-policy: body | /policies/grievance-redressal: body | /privacy-policy: body | /return-policy: body,
requests,8,/policies/privacy-policy | /policies/return-refund-policy | /privacy-policy | /return-policy,/policies/privacy-policy,no,/policies/privacy-policy: body | /policies/return-refund-policy: body | /privacy-policy: body | /return-policy: body,
required,8,/policies/privacy-policy | /policies/return-refund-policy | /privacy-policy | /return-policy,/policies/privacy-policy,no,/policies/privacy-policy: body | /policies/return-refund-policy: body | /privacy-policy: body | /return-policy: body,
restored,8,/ | /collection/fabric/silk | /blouses,/,yes,/: meta | /collection/fabric/silk: meta | /blouses: body,
significantly,8,/faqs | /policies/return-refund-policy | /return-policy | /faq,/faqs,no,/faqs: body | /policies/return-refund-policy: body | /return-policy: body | /faq: body,
someone,8,/faqs | /why | /sell-your-saree | /guides/what-is-a-pre-loved-saree | /faq,/faqs,no,/faqs: body | /why: body | /sell-your-saree: body | /guides/what-is-a-pre-loved-saree: body | /faq: body,
still,8,/ | /policies/authentication-condition-policy | /guides/what-is-a-pre-loved-saree | /guides/pre-loved-vs-second-hand-saree,/,yes,/: body | /policies/authentication-condition-policy: body | /guides/what-is-a-pre-loved-saree: body | /guides/pre-loved-vs-second-hand-saree: body,
storage,8,/faqs | /how-it-works | /packing | /policies/return-refund-policy | /policies/authentication-condition-policy | /policies/care-packaging-policy | /return-policy | /faq,/faqs,yes,/faqs: body | /how-it-works: body | /packing: body | /policies/return-refund-policy: body | /policies/authentication-condition-policy: body,
tamil,8,/collection/mayil-peacock-kanjivaram-mix | /collection/burnt-orange-temple-border-kanjivaram | /collection/thangam-golden-weave-kanjivaram | /collection/nava-pazham-kanjeevaram-silk,/collection/mayil-peacock-kanjivaram-mix,yes,/collection/mayil-peacock-kanjivaram-mix: meta | /collection/burnt-orange-temple-border-kanjivaram: body | /collection/thangam-golden-weave-kanjivaram: body | /collection/nava-pazham-kanjeevaram-silk: body,
third-party,8,/policies/privacy-policy | /policies/terms-of-service | /privacy-policy | /terms-of-service,/policies/privacy-policy,yes,/policies/privacy-policy: body | /policies/terms-of-service: body | /privacy-policy: body | /terms-of-service: body,
upi,8,/faqs | /policies/privacy-policy | /policies/terms-of-service | /privacy-policy | /terms-of-service | /faq,/faqs,no,/faqs: body | /policies/privacy-policy: body | /policies/terms-of-service: body | /privacy-policy: body | /terms-of-service: body,
weavechiffon,8,/collection | /top-viewed | /collection/kesari-sunset-chiffon-saree | /collection/magenta-mist-chiffon-drape | /collection/green-chiffon-with-fancy-border | /collection/pressed-bloom-sheer-chiffon | /collection/fabric/chiffon | /collection/rose-vine-stripe-chiffon-saree,/collection,no,/collection: body | /top-viewed: body | /collection/kesari-sunset-chiffon-saree: body | /collection/magenta-mist-chiffon-drape: body | /collection/green-chiffon-with-fancy-border: body,
weight,8,/ | /faqs | /authentication | /policies/return-refund-policy | /return-policy | /collection/fabric/georgette | /faq,/,no,/: body | /faqs: body | /authentication: body | /policies/return-refund-policy: body | /return-policy: body,
accept,7,/faqs | /sell-your-saree | /faq,/faqs,yes,/faqs: body | /sell-your-saree: meta | /faq: body,
additional,7,/policies/return-refund-policy | /policies/shipping-delivery-policy | /policies/authentication-condition-policy | /return-policy | /shipping-policy,/policies/return-refund-policy,no,/policies/return-refund-policy: body | /policies/shipping-delivery-policy: body | /policies/authentication-condition-policy: body | /return-policy: body | /shipping-policy: body,
ask,7,/sell-your-saree | /policies/privacy-policy | /policies/return-refund-policy | /guides/what-is-a-pre-loved-saree | /guides/pre-loved-vs-second-hand-saree | /privacy-policy | /return-policy,/sell-your-saree,yes,/sell-your-saree: body | /policies/privacy-policy: body | /policies/return-refund-policy: body | /guides/what-is-a-pre-loved-saree: body | /guides/pre-loved-vs-second-hand-saree: body,
avoid,7,/faqs | /policies/care-packaging-policy | /faq,/faqs,no,/faqs: body | /policies/care-packaging-policy: body | /faq: body,
bloom,7,/collection/beige-organza-peach-bloom | /collection/pressed-bloom-sheer-chiffon | /collection/violet-bloom-cotton-drape | /collection/fabric/chiffon,/collection/beige-organza-peach-bloom,yes,/collection/beige-organza-peach-bloom: title/meta/H1 | /collection/pressed-bloom-sheer-chiffon: title/meta/H1 | /collection/violet-bloom-cotton-drape: title/meta/H1 | /collection/fabric/chiffon: body,
blue,7,/top-viewed | /collection/fabric/silk | /collection/red-blue-madras-check-cotton | /collection/nila-blue-gold-zari-silk,/top-viewed,yes,/top-viewed: body | /collection/fabric/silk: body | /collection/red-blue-madras-check-cotton: title/meta/H1 | /collection/nila-blue-gold-zari-silk: title/meta/H1,
blush,7,/collection | /collection/sunset-ombr-chiffon-draped-dream | /collection/midnight-garden-georgette-saree | /collection/rani-pink-georgette-garden-party | /collection/midnight-zari-georgette | /collection/violet-bloom-cotton-drape | /collection/fabric/georgette,/collection,no,/collection: body | /collection/sunset-ombr-chiffon-draped-dream: body | /collection/midnight-garden-georgette-saree: body | /collection/rani-pink-georgette-garden-party: body | /collection/midnight-zari-georgette: body,
caught,7,/collection/tangerine-noir-floral-border-weave | /collection/orange-blossom-cotton-weave | /collection/kesari-sunset-chiffon-saree | /collection/magenta-mist-chiffon-drape | /collection/green-chiffon-with-fancy-border | /collection/pressed-bloom-sheer-chiffon | /collection/rose-vine-stripe-chiffon-saree,/collection/tangerine-noir-floral-border-weave,no,/collection/tangerine-noir-floral-border-weave: body | /collection/orange-blossom-cotton-weave: body | /collection/kesari-sunset-chiffon-saree: body | /collection/magenta-mist-chiffon-drape: body | /collection/green-chiffon-with-fancy-border: body,
cream,7,/collection | /collection/moonstone-cream-mauve-border-saree | /collection/mustard-organza-brown-border-drape | /collection/charcoal-gold-organza-heirloom-drape | /collection/beige-organza-peach-bloom | /collection/deep-wine-organza,/collection,yes,/collection: body | /collection/moonstone-cream-mauve-border-saree: title/meta/H1 | /collection/mustard-organza-brown-border-drape: body | /collection/charcoal-gold-organza-heirloom-drape: body | /collection/beige-organza-peach-bloom: body,
disclosed,7,/authentication | /policies/return-refund-policy | /policies/authentication-condition-policy | /return-policy,/authentication,no,/authentication: body | /policies/return-refund-policy: body | /policies/authentication-condition-policy: body | /return-policy: body,
documented,7,/how-it-works | /policies | /why | /sell-your-saree | /guides/what-is-a-pre-loved-saree | /guides/pre-loved-vs-second-hand-saree,/how-it-works,no,/how-it-works: body | /policies: body | /why: body | /sell-your-saree: body | /guides/what-is-a-pre-loved-saree: body,
feels,7,/ | /guides/what-is-a-pre-loved-saree | /guides/pre-loved-vs-second-hand-saree,/,no,/: body | /guides/what-is-a-pre-loved-saree: body | /guides/pre-loved-vs-second-hand-saree: body,
fit,7,/faqs | /sell-your-saree | /policies/sell-with-us-policy | /blouses | /faq,/faqs,no,/faqs: body | /sell-your-saree: body | /policies/sell-with-us-policy: body | /blouses: body | /faq: body,
grievances,7,/faqs | /policies | /policies/privacy-policy | /policies/grievance-redressal | /privacy-policy | /faq,/faqs,yes,/faqs: body | /policies: body | /policies/privacy-policy: body | /policies/grievance-redressal: meta | /privacy-policy: body,
issue,7,/policies/return-refund-policy | /policies/shipping-delivery-policy | /policies/authentication-condition-policy | /policies/grievance-redressal | /return-policy | /shipping-policy,/policies/return-refund-policy,no,/policies/return-refund-policy: body | /policies/shipping-delivery-policy: body | /policies/authentication-condition-policy: body | /policies/grievance-redressal: body | /return-policy: body,
kanchipuram,7,/collection/mayil-peacock-kanjivaram-mix | /collection/burnt-orange-temple-border-kanjivaram | /collection/semmanjal-turmeric-gold-kanjeevaram | /collection/thangam-golden-weave-kanjivaram,/collection/mayil-peacock-kanjivaram-mix,yes,/collection/mayil-peacock-kanjivaram-mix: body | /collection/burnt-orange-temple-border-kanjivaram: title/meta/H1 | /collection/semmanjal-turmeric-gold-kanjeevaram: body | /collection/thangam-golden-weave-kanjivaram: body,
madras,7,/top-viewed | /collection/fabric/silk | /collection/red-blue-madras-check-cotton,/top-viewed,yes,/top-viewed: body | /collection/fabric/silk: body | /collection/red-blue-madras-check-cotton: title/meta/H1,
mauve,7,/collection | /collection/moonstone-cream-mauve-border-saree | /collection/mustard-organza-brown-border-drape | /collection/charcoal-gold-organza-heirloom-drape | /collection/beige-organza-peach-bloom | /collection/deep-wine-organza,/collection,yes,/collection: body | /collection/moonstone-cream-mauve-border-saree: title/meta/H1 | /collection/mustard-organza-brown-border-drape: body | /collection/charcoal-gold-organza-heirloom-drape: body | /collection/beige-organza-peach-bloom: body,
offer,7,/faqs | /policies/return-refund-policy | /guides/what-is-a-pre-loved-saree | /return-policy | /faq,/faqs,yes,/faqs: body | /policies/return-refund-policy: body | /guides/what-is-a-pre-loved-saree: body | /return-policy: body | /faq: body,
old,7,/faqs | /sell-your-saree | /collection/beige-organza-peach-bloom | /collection/lime-and-gold-cotton-classic | /faq,/faqs,yes,/faqs: body | /sell-your-saree: title/meta | /collection/beige-organza-peach-bloom: body | /collection/lime-and-gold-cotton-classic: body | /faq: body,
otherwise,7,/policies/terms-of-service | /policies/care-packaging-policy | /terms-of-service,/policies/terms-of-service,no,/policies/terms-of-service: body | /policies/care-packaging-policy: body | /terms-of-service: body,
pachai,7,/top-viewed | /collection/fabric/silk | /collection/kempu-pachai-and-bandhani,/top-viewed,yes,/top-viewed: body | /collection/fabric/silk: body | /collection/kempu-pachai-and-bandhani: title/meta/H1,
pallu,7,/how-it-works | /authentication | /why | /policies/authentication-condition-policy | /policies/sell-with-us-policy,/how-it-works,no,/how-it-works: body | /authentication: body | /why: body | /policies/authentication-condition-policy: body | /policies/sell-with-us-policy: body,
products,7,/policies/privacy-policy | /policies/terms-of-service | /privacy-policy | /terms-of-service | /collection/fabric/chiffon,/policies/privacy-policy,no,/policies/privacy-policy: body | /policies/terms-of-service: body | /privacy-policy: body | /terms-of-service: body | /collection/fabric/chiffon: body,
ready,7,/ | /faqs | /how-it-works | /packing | /policies/authentication-condition-policy | /guides/what-is-a-pre-loved-saree | /faq,/,yes,/: body | /faqs: body | /how-it-works: body | /packing: body | /policies/authentication-condition-policy: body,
refunds,7,/faqs | /policies | /policies/privacy-policy | /policies/return-refund-policy | /privacy-policy | /return-policy | /faq,/faqs,yes,/faqs: body | /policies: meta | /policies/privacy-policy: body | /policies/return-refund-policy: body | /privacy-policy: body,
respect,7,/how-it-works | /sell-your-saree | /guides/what-is-a-pre-loved-saree | /guides/pre-loved-vs-second-hand-saree,/how-it-works,no,/how-it-works: body | /sell-your-saree: body | /guides/what-is-a-pre-loved-saree: body | /guides/pre-loved-vs-second-hand-saree: body,
right,7,/top-viewed | /policies | /sell-your-saree | /policies/return-refund-policy | /policies/terms-of-service | /return-policy | /terms-of-service,/top-viewed,no,/top-viewed: body | /policies: body | /sell-your-saree: body | /policies/return-refund-policy: body | /policies/terms-of-service: body,
sareechiffon,7,/collection/tangerine-noir-floral-border-weave | /collection/kesari-sunset-chiffon-saree | /collection/magenta-mist-chiffon-drape | /collection/green-chiffon-with-fancy-border | /collection/pressed-bloom-sheer-chiffon | /collection/fabric/chiffon,/collection/tangerine-noir-floral-border-weave,no,/collection/tangerine-noir-floral-border-weave: body | /collection/kesari-sunset-chiffon-saree: body | /collection/magenta-mist-chiffon-drape: body | /collection/green-chiffon-with-fancy-border: body | /collection/pressed-bloom-sheer-chiffon: body,
sheer,7,/ | /collection/pressed-bloom-sheer-chiffon | /collection/fabric/chiffon,/,yes,/: body | /collection/pressed-bloom-sheer-chiffon: title/meta/H1 | /collection/fabric/chiffon: body,
stated,7,/policies/return-refund-policy | /policies/terms-of-service | /policies/care-packaging-policy | /return-policy | /terms-of-service,/policies/return-refund-policy,no,/policies/return-refund-policy: body | /policies/terms-of-service: body | /policies/care-packaging-policy: body | /return-policy: body | /terms-of-service: body,
stripe,7,/collection/tangerine-noir-floral-border-weave | /collection/kesari-sunset-chiffon-saree | /collection/magenta-mist-chiffon-drape | /collection/green-chiffon-with-fancy-border | /collection/pressed-bloom-sheer-chiffon | /collection/rose-vine-stripe-chiffon-saree,/collection/tangerine-noir-floral-border-weave,yes,/collection/tangerine-noir-floral-border-weave: body | /collection/kesari-sunset-chiffon-saree: body | /collection/magenta-mist-chiffon-drape: body | /collection/green-chiffon-with-fancy-border: body | /collection/pressed-bloom-sheer-chiffon: body,
uses,7,/faqs | /policies | /policies/privacy-policy | /privacy-policy | /faq,/faqs,yes,/faqs: body | /policies: body | /policies/privacy-policy: meta | /privacy-policy: meta | /faq: body,
vine,7,/collection/tangerine-noir-floral-border-weave | /collection/kesari-sunset-chiffon-saree | /collection/magenta-mist-chiffon-drape | /collection/green-chiffon-with-fancy-border | /collection/pressed-bloom-sheer-chiffon | /collection/rose-vine-stripe-chiffon-saree,/collection/tangerine-noir-floral-border-weave,yes,/collection/tangerine-noir-floral-border-weave: body | /collection/kesari-sunset-chiffon-saree: body | /collection/magenta-mist-chiffon-drape: body | /collection/green-chiffon-with-fancy-border: body | /collection/pressed-bloom-sheer-chiffon: body,
vs,7,/faqs | /sell-your-saree | /guides/what-is-a-pre-loved-saree | /guides/pre-loved-vs-second-hand-saree | /faq,/faqs,yes,/faqs: body | /sell-your-saree: body | /guides/what-is-a-pre-loved-saree: body | /guides/pre-loved-vs-second-hand-saree: title/H1 | /faq: body,
whether,7,/faqs | /authentication | /sell-your-saree | /policies/return-refund-policy | /guides/what-is-a-pre-loved-saree | /return-policy | /faq,/faqs,no,/faqs: body | /authentication: body | /sell-your-saree: body | /policies/return-refund-policy: body | /guides/what-is-a-pre-loved-saree: body,
yes,7,/faqs | /collection/fabric/chiffon | /faq,/faqs,no,/faqs: body | /collection/fabric/chiffon: body | /faq: body,
049,6,/collection/mustard-organza-brown-border-drape | /collection/magenta-mist-chiffon-drape | /collection/midnight-zari-georgette | /collection/fabric/chiffon | /collection/fabric/georgette | /collection/rose-vine-stripe-chiffon-saree,/collection/mustard-organza-brown-border-drape,no,/collection/mustard-organza-brown-border-drape: body | /collection/magenta-mist-chiffon-drape: body | /collection/midnight-zari-georgette: body | /collection/fabric/chiffon: body | /collection/fabric/georgette: body,
549,6,/collection/beige-organza-peach-bloom | /collection/blush-green-handwoven-cotton-drape | /collection/kesari-sunset-chiffon-saree | /collection/rani-pink-georgette-garden-party | /collection/fabric/chiffon | /collection/fabric/georgette,/collection/beige-organza-peach-bloom,no,/collection/beige-organza-peach-bloom: body | /collection/blush-green-handwoven-cotton-drape: body | /collection/kesari-sunset-chiffon-saree: body | /collection/rani-pink-georgette-garden-party: body | /collection/fabric/chiffon: body,
activity,6,/policies/privacy-policy | /policies/terms-of-service | /privacy-policy | /terms-of-service,/policies/privacy-policy,no,/policies/privacy-policy: body | /policies/terms-of-service: body | /privacy-policy: body | /terms-of-service: body,
also,6,/faqs | /policies/cancellation-policy | /guides/what-is-a-pre-loved-saree | /faq,/faqs,no,/faqs: body | /policies/cancellation-policy: body | /guides/what-is-a-pre-loved-saree: body | /faq: body,
always,6,/faqs | /authentication | /policies/privacy-policy | /privacy-policy | /collection/fabric/georgette | /faq,/faqs,yes,/faqs: body | /authentication: body | /policies/privacy-policy: body | /privacy-policy: body | /collection/fabric/georgette: body,
another,6,/our-team | /why | /policies/return-refund-policy | /guides/what-is-a-pre-loved-saree | /founders | /return-policy,/our-team,no,/our-team: body | /why: body | /policies/return-refund-policy: body | /guides/what-is-a-pre-loved-saree: body | /founders: body,
banking,6,/faqs | /policies/privacy-policy | /policies/terms-of-service | /privacy-policy | /terms-of-service | /faq,/faqs,no,/faqs: body | /policies/privacy-policy: body | /policies/terms-of-service: body | /privacy-policy: body | /terms-of-service: body,
brings,6,/ | /contact,/,yes,/: body | /contact: body,
cancel,6,/policies/terms-of-service | /policies/authentication-condition-policy | /policies/cancellation-policy | /terms-of-service,/policies/terms-of-service,no,/policies/terms-of-service: body | /policies/authentication-condition-policy: body | /policies/cancellation-policy: body | /terms-of-service: body,
change,6,/policies/privacy-policy | /policies/return-refund-policy | /policies/terms-of-service | /privacy-policy | /return-policy | /terms-of-service,/policies/privacy-policy,no,/policies/privacy-policy: body | /policies/return-refund-policy: body | /policies/terms-of-service: body | /privacy-policy: body | /return-policy: body,
chiffonnew,6,/collection/tangerine-noir-floral-border-weave | /collection/kesari-sunset-chiffon-saree | /collection/magenta-mist-chiffon-drape | /collection/green-chiffon-with-fancy-border | /collection/pressed-bloom-sheer-chiffon | /collection/fabric/chiffon,/collection/tangerine-noir-floral-border-weave,no,/collection/tangerine-noir-floral-border-weave: body | /collection/kesari-sunset-chiffon-saree: body | /collection/magenta-mist-chiffon-drape: body | /collection/green-chiffon-with-fancy-border: body | /collection/pressed-bloom-sheer-chiffon: body,
children,6,/policies/privacy-policy | /privacy-policy,/policies/privacy-policy,yes,/policies/privacy-policy: body | /privacy-policy: body,
communications,6,/policies/privacy-policy | /privacy-policy,/policies/privacy-policy,no,/policies/privacy-policy: body | /privacy-policy: body,
cookiesfrom,6,/our-story | /our-team | /contact | /founders | /about | /stories,/our-story,no,/our-story: body | /our-team: body | /contact: body | /founders: body | /about: body,
cvv,6,/policies/privacy-policy | /policies/terms-of-service | /privacy-policy | /terms-of-service,/policies/privacy-policy,no,/policies/privacy-policy: body | /policies/terms-of-service: body | /privacy-policy: body | /terms-of-service: body,
delicate,6,/ | /policies/care-packaging-policy,/,yes,/: body | /policies/care-packaging-policy: body,
description,6,/faqs | /policies/return-refund-policy | /policies/authentication-condition-policy | /policies/grievance-redressal | /return-policy | /faq,/faqs,no,/faqs: body | /policies/return-refund-policy: body | /policies/authentication-condition-policy: body | /policies/grievance-redressal: body | /return-policy: body,
dreamgeorgette,6,/collection | /collection/midnight-garden-georgette-saree | /collection/rani-pink-georgette-garden-party | /collection/midnight-zari-georgette | /collection/violet-bloom-cotton-drape | /collection/fabric/georgette,/collection,no,/collection: body | /collection/midnight-garden-georgette-saree: body | /collection/rani-pink-georgette-garden-party: body | /collection/midnight-zari-georgette: body | /collection/violet-bloom-cotton-drape: body,
edit,6,/collection/fabric/silk | /blouses | /collection/fabric/chiffon | /collection/fabric/georgette,/collection/fabric/silk,no,/collection/fabric/silk: body | /blouses: body | /collection/fabric/chiffon: body | /collection/fabric/georgette: body,
events,6,/ | /policies/shipping-delivery-policy | /shipping-policy,/,no,/: body | /policies/shipping-delivery-policy: body | /shipping-policy: body,
gently,6,/ | /faqs | /faq,/,no,/: body | /faqs: body | /faq: body,
good,6,/faqs | /sell-your-saree | /policies/authentication-condition-policy | /collection/brown-kapi-cotton-black-line-border | /faq,/faqs,no,/faqs: body | /sell-your-saree: body | /policies/authentication-condition-policy: body | /collection/brown-kapi-cotton-black-line-border: body | /faq: body,
hournew,6,/collection | /collection/midnight-garden-georgette-saree | /collection/rani-pink-georgette-garden-party | /collection/midnight-zari-georgette | /collection/violet-bloom-cotton-drape | /collection/fabric/georgette,/collection,no,/collection: body | /collection/midnight-garden-georgette-saree: body | /collection/rani-pink-georgette-garden-party: body | /collection/midnight-zari-georgette: body | /collection/violet-bloom-cotton-drape: body,
hours,6,/packing | /policies/return-refund-policy | /policies/grievance-redressal | /return-policy,/packing,no,/packing: body | /policies/return-refund-policy: body | /policies/grievance-redressal: body | /return-policy: body,
humidity,6,/faqs | /policies/care-packaging-policy | /collection/fabric/silk | /faq,/faqs,no,/faqs: body | /policies/care-packaging-policy: body | /collection/fabric/silk: body | /faq: body,
improve,6,/policies/privacy-policy | /privacy-policy,/policies/privacy-policy,no,/policies/privacy-policy: body | /privacy-policy: body,
including,6,/policies/privacy-policy | /policies/terms-of-service | /privacy-policy | /terms-of-service,/policies/privacy-policy,no,/policies/privacy-policy: body | /policies/terms-of-service: body | /privacy-policy: body | /terms-of-service: body,
informationwe,6,/policies/privacy-policy | /policies/terms-of-service | /privacy-policy | /terms-of-service,/policies/privacy-policy,no,/policies/privacy-policy: body | /policies/terms-of-service: body | /privacy-policy: body | /terms-of-service: body,
left,6,/ | /our-story | /guides/what-is-a-pre-loved-saree | /about | /stories,/,yes,/: body | /our-story: body | /guides/what-is-a-pre-loved-saree: body | /about: body | /stories: body,
likely,6,/collection/burnt-orange-temple-border-kanjivaram | /collection/semmanjal-turmeric-gold-kanjeevaram | /collection/moss-green-lightweight-silk-selai | /collection/nava-pazham-kanjeevaram-silk,/collection/burnt-orange-temple-border-kanjivaram,no,/collection/burnt-orange-temple-border-kanjivaram: body | /collection/semmanjal-turmeric-gold-kanjeevaram: body | /collection/moss-green-lightweight-silk-selai: body | /collection/nava-pazham-kanjeevaram-silk: body,
long,6,/ | /faqs | /policies/privacy-policy | /privacy-policy | /faq,/,no,/: body | /faqs: body | /policies/privacy-policy: body | /privacy-policy: body | /faq: body,
means,6,/faqs | /authentication | /guides/what-is-a-pre-loved-saree | /guides/pre-loved-vs-second-hand-saree | /faq,/faqs,yes,/faqs: body | /authentication: body | /guides/what-is-a-pre-loved-saree: body | /guides/pre-loved-vs-second-hand-saree: body | /faq: body,
meet,6,/our-team | /policies/return-refund-policy | /founders | /return-policy,/our-team,yes,/our-team: meta | /policies/return-refund-policy: body | /founders: meta | /return-policy: body,
pale,6,/collection | /collection/moonstone-cream-mauve-border-saree | /collection/mustard-organza-brown-border-drape | /collection/charcoal-gold-organza-heirloom-drape | /collection/beige-organza-peach-bloom | /collection/deep-wine-organza,/collection,no,/collection: body | /collection/moonstone-cream-mauve-border-saree: body | /collection/mustard-organza-brown-border-drape: body | /collection/charcoal-gold-organza-heirloom-drape: body | /collection/beige-organza-peach-bloom: body,
pan,6,/faqs | /policies/shipping-delivery-policy | /shipping-policy | /faq,/faqs,no,/faqs: body | /policies/shipping-delivery-policy: body | /shipping-policy: body | /faq: body,
partner,6,/packing | /policies/privacy-policy | /policies/shipping-delivery-policy | /policies/grievance-redressal | /privacy-policy | /shipping-policy,/packing,no,/packing: body | /policies/privacy-policy: body | /policies/shipping-delivery-policy: body | /policies/grievance-redressal: body | /privacy-policy: body,
password,6,/policies/privacy-policy | /policies/terms-of-service | /privacy-policy | /terms-of-service,/policies/privacy-policy,no,/policies/privacy-policy: body | /policies/terms-of-service: body | /privacy-policy: body | /terms-of-service: body,
people,6,/our-team | /policies/privacy-policy | /founders | /privacy-policy,/our-team,no,/our-team: body | /policies/privacy-policy: body | /founders: body | /privacy-policy: body,
pin,6,/policies/privacy-policy | /policies/terms-of-service | /privacy-policy | /terms-of-service,/policies/privacy-policy,no,/policies/privacy-policy: body | /policies/terms-of-service: body | /privacy-policy: body | /terms-of-service: body,
pre-lovedtangerine,6,/collection | /collection/kesari-sunset-chiffon-saree | /collection/magenta-mist-chiffon-drape | /collection/green-chiffon-with-fancy-border | /collection/pressed-bloom-sheer-chiffon | /collection/rose-vine-stripe-chiffon-saree,/collection,no,/collection: body | /collection/kesari-sunset-chiffon-saree: body | /collection/magenta-mist-chiffon-drape: body | /collection/green-chiffon-with-fancy-border: body | /collection/pressed-bloom-sheer-chiffon: body,
processing,6,/policies/privacy-policy | /policies/shipping-delivery-policy | /privacy-policy | /shipping-policy,/policies/privacy-policy,yes,/policies/privacy-policy: body | /policies/shipping-delivery-policy: body | /privacy-policy: body | /shipping-policy: body,
redressal,6,/faqs | /policies | /policies/privacy-policy | /policies/grievance-redressal | /privacy-policy | /faq,/faqs,yes,/faqs: body | /policies: body | /policies/privacy-policy: body | /policies/grievance-redressal: title/H1 | /privacy-policy: body,
remember,6,/policies/privacy-policy | /privacy-policy,/policies/privacy-policy,no,/policies/privacy-policy: body | /privacy-policy: body,
send,6,/policies/privacy-policy | /policies/return-refund-policy | /privacy-policy | /return-policy,/policies/privacy-policy,no,/policies/privacy-policy: body | /policies/return-refund-policy: body | /privacy-policy: body | /return-policy: body,
serviceauthentication,6,/policies/privacy-policy | /policies/return-refund-policy | /policies/shipping-delivery-policy | /privacy-policy | /return-policy | /shipping-policy,/policies/privacy-policy,no,/policies/privacy-policy: body | /policies/return-refund-policy: body | /policies/shipping-delivery-policy: body | /privacy-policy: body | /return-policy: body,
settings,6,/policies/privacy-policy | /policies/terms-of-service | /privacy-policy | /terms-of-service,/policies/privacy-policy,no,/policies/privacy-policy: body | /policies/terms-of-service: body | /privacy-policy: body | /terms-of-service: body,
shoppers,6,/top-viewed | /collection/fabric/silk | /blouses | /guides/pre-loved-vs-second-hand-saree | /collection/fabric/chiffon | /collection/fabric/georgette,/top-viewed,yes,/top-viewed: meta | /collection/fabric/silk: body | /blouses: body | /guides/pre-loved-vs-second-hand-saree: body | /collection/fabric/chiffon: body,
site,6,/policies/privacy-policy | /privacy-policy,/policies/privacy-policy,no,/policies/privacy-policy: body | /privacy-policy: body,
step,6,/ | /how-it-works,/,yes,/: body | /how-it-works: meta,
tissue,6,/faqs | /how-it-works | /packing | /policies/shipping-delivery-policy | /shipping-policy | /faq,/faqs,no,/faqs: body | /how-it-works: body | /packing: body | /policies/shipping-delivery-policy: body | /shipping-policy: body,
unavailable,6,/policies/shipping-delivery-policy | /policies/terms-of-service | /policies/cancellation-policy | /shipping-policy | /terms-of-service,/policies/shipping-delivery-policy,no,/policies/shipping-delivery-policy: body | /policies/terms-of-service: body | /policies/cancellation-policy: body | /shipping-policy: body | /terms-of-service: body,
using,6,/policies/privacy-policy | /policies/terms-of-service | /policies/sell-with-us-policy | /policies/grievance-redressal | /privacy-policy | /terms-of-service,/policies/privacy-policy,no,/policies/privacy-policy: body | /policies/terms-of-service: body | /policies/sell-with-us-policy: body | /policies/grievance-redressal: body | /privacy-policy: body,
variation,6,/policies/return-refund-policy | /policies/terms-of-service | /return-policy | /terms-of-service,/policies/return-refund-policy,no,/policies/return-refund-policy: body | /policies/terms-of-service: body | /return-policy: body | /terms-of-service: body,
video,6,/policies/return-refund-policy | /policies/shipping-delivery-policy | /return-policy | /shipping-policy,/policies/return-refund-policy,no,/policies/return-refund-policy: body | /policies/shipping-delivery-policy: body | /return-policy: body | /shipping-policy: body,
view,6,/ | /collection | /faqs | /policies/shipping-delivery-policy | /shipping-policy | /faq,/,no,/: body | /collection: body | /faqs: body | /policies/shipping-delivery-policy: body | /shipping-policy: body,
000fabricorganzagradepre-loved,5,/collection/moonstone-cream-mauve-border-saree | /collection/mustard-organza-brown-border-drape | /collection/charcoal-gold-organza-heirloom-drape | /collection/beige-organza-peach-bloom | /collection/deep-wine-organza,/collection/moonstone-cream-mauve-border-saree,no,/collection/moonstone-cream-mauve-border-saree: body | /collection/mustard-organza-brown-border-drape: body | /collection/charcoal-gold-organza-heirloom-drape: body | /collection/beige-organza-peach-bloom: body | /collection/deep-wine-organza: body,
000moonlight,5,/collection | /collection/mustard-organza-brown-border-drape | /collection/charcoal-gold-organza-heirloom-drape | /collection/beige-organza-peach-bloom | /collection/deep-wine-organza,/collection,no,/collection: body | /collection/mustard-organza-brown-border-drape: body | /collection/charcoal-gold-organza-heirloom-drape: body | /collection/beige-organza-peach-bloom: body | /collection/deep-wine-organza: body,
049a,5,/collection/tangerine-noir-floral-border-weave | /collection/kesari-sunset-chiffon-saree | /collection/magenta-mist-chiffon-drape | /collection/green-chiffon-with-fancy-border | /collection/pressed-bloom-sheer-chiffon,/collection/tangerine-noir-floral-border-weave,no,/collection/tangerine-noir-floral-border-weave: body | /collection/kesari-sunset-chiffon-saree: body | /collection/magenta-mist-chiffon-drape: body | /collection/green-chiffon-with-fancy-border: body | /collection/pressed-bloom-sheer-chiffon: body,
20th,5,/ | /collection/midnight-zari-georgette | /collection/semmanjal-turmeric-gold-kanjeevaram | /collection/nava-pazham-kanjeevaram-silk,/,no,/: body | /collection/midnight-zari-georgette: body | /collection/semmanjal-turmeric-gold-kanjeevaram: body | /collection/nava-pazham-kanjeevaram-silk: body,
accounts,5,/faqs | /policies | /policies/terms-of-service | /terms-of-service | /faq,/faqs,no,/faqs: body | /policies: body | /policies/terms-of-service: body | /terms-of-service: body | /faq: body,
acknowledge,5,/faqs | /policies | /policies/grievance-redressal | /faq,/faqs,yes,/faqs: body | /policies: body | /policies/grievance-redressal: meta | /faq: body,
authenticity,5,/faqs | /authentication | /policies/authentication-condition-policy | /policies/sell-with-us-policy | /faq,/faqs,yes,/faqs: meta | /authentication: body | /policies/authentication-condition-policy: body | /policies/sell-with-us-policy: body | /faq: meta,
body,5,/ | /policies/sell-with-us-policy | /collection/fabric/silk | /collection/midnight-kesari-cotton-drape,/,no,/: body | /policies/sell-with-us-policy: body | /collection/fabric/silk: body | /collection/midnight-kesari-cotton-drape: body,
box,5,/faqs | /packing | /policies/shipping-delivery-policy | /shipping-policy | /faq,/faqs,yes,/faqs: body | /packing: body | /policies/shipping-delivery-policy: body | /shipping-policy: body | /faq: body,
buying,5,/collection/fabric/silk | /guides/what-is-a-pre-loved-saree | /guides/pre-loved-vs-second-hand-saree,/collection/fabric/silk,no,/collection/fabric/silk: body | /guides/what-is-a-pre-loved-saree: body | /guides/pre-loved-vs-second-hand-saree: body,
cancellation,5,/policies/cancellation-policy,/policies/cancellation-policy,yes,/policies/cancellation-policy: title/H1,
cancelled,5,/faqs | /policies | /policies/cancellation-policy | /faq,/faqs,yes,/faqs: body | /policies: body | /policies/cancellation-policy: meta | /faq: body,
careful,5,/how-it-works | /sell-your-saree,/how-it-works,yes,/how-it-works: body | /sell-your-saree: body,
character,5,/faqs | /authentication | /policies/terms-of-service | /terms-of-service | /faq,/faqs,no,/faqs: body | /authentication: body | /policies/terms-of-service: body | /terms-of-service: body | /faq: body,
checkedtextilechiffonmeasurementsstandard,5,/collection/tangerine-noir-floral-border-weave | /collection/kesari-sunset-chiffon-saree | /collection/magenta-mist-chiffon-drape | /collection/green-chiffon-with-fancy-border | /collection/pressed-bloom-sheer-chiffon,/collection/tangerine-noir-floral-border-weave,no,/collection/tangerine-noir-floral-border-weave: body | /collection/kesari-sunset-chiffon-saree: body | /collection/magenta-mist-chiffon-drape: body | /collection/green-chiffon-with-fancy-border: body | /collection/pressed-bloom-sheer-chiffon: body,
checkedtextilegeorgettemeasurementsstandard,5,/collection/sunset-ombr-chiffon-draped-dream | /collection/midnight-garden-georgette-saree | /collection/rani-pink-georgette-garden-party | /collection/midnight-zari-georgette | /collection/violet-bloom-cotton-drape,/collection/sunset-ombr-chiffon-draped-dream,no,/collection/sunset-ombr-chiffon-draped-dream: body | /collection/midnight-garden-georgette-saree: body | /collection/rani-pink-georgette-garden-party: body | /collection/midnight-zari-georgette: body | /collection/violet-bloom-cotton-drape: body,
checkedtextilekanjeevarammeasurementsstandard,5,/collection/burnt-orange-temple-border-kanjivaram | /collection/semmanjal-turmeric-gold-kanjeevaram | /collection/thangam-golden-weave-kanjivaram | /collection/heritage-zari-border-kanjivaram | /collection/nava-pazham-kanjeevaram-silk,/collection/burnt-orange-temple-border-kanjivaram,no,/collection/burnt-orange-temple-border-kanjivaram: body | /collection/semmanjal-turmeric-gold-kanjeevaram: body | /collection/thangam-golden-weave-kanjivaram: body | /collection/heritage-zari-border-kanjivaram: body | /collection/nava-pazham-kanjeevaram-silk: body,
checkedtextileorganzameasurementsstandard,5,/collection/moonstone-cream-mauve-border-saree | /collection/mustard-organza-brown-border-drape | /collection/charcoal-gold-organza-heirloom-drape | /collection/beige-organza-peach-bloom | /collection/deep-wine-organza,/collection/moonstone-cream-mauve-border-saree,no,/collection/moonstone-cream-mauve-border-saree: body | /collection/mustard-organza-brown-border-drape: body | /collection/charcoal-gold-organza-heirloom-drape: body | /collection/beige-organza-peach-bloom: body | /collection/deep-wine-organza: body,
collects,5,/faqs | /policies | /policies/privacy-policy | /privacy-policy | /faq,/faqs,yes,/faqs: body | /policies: body | /policies/privacy-policy: meta | /privacy-policy: meta | /faq: body,
concerns,5,/faqs | /policies | /policies/return-refund-policy | /return-policy | /faq,/faqs,no,/faqs: body | /policies: body | /policies/return-refund-policy: body | /return-policy: body | /faq: body,
context,5,/sell-your-saree | /guides/what-is-a-pre-loved-saree | /guides/pre-loved-vs-second-hand-saree,/sell-your-saree,no,/sell-your-saree: body | /guides/what-is-a-pre-loved-saree: body | /guides/pre-loved-vs-second-hand-saree: body,
cookieshome,5,/top-viewed | /collection/fabric/silk | /blouses | /collection/fabric/chiffon | /collection/fabric/georgette,/top-viewed,no,/top-viewed: body | /collection/fabric/silk: body | /blouses: body | /collection/fabric/chiffon: body | /collection/fabric/georgette: body,
dataprivacy,5,/faqs | /policies | /policies/privacy-policy | /privacy-policy | /faq,/faqs,no,/faqs: body | /policies: body | /policies/privacy-policy: body | /privacy-policy: body | /faq: body,
defect,5,/policies | /policies/return-refund-policy | /return-policy,/policies,no,/policies: body | /policies/return-refund-policy: body | /return-policy: body,
describe,5,/authentication | /policies/terms-of-service | /policies/sell-with-us-policy | /guides/pre-loved-vs-second-hand-saree | /terms-of-service,/authentication,no,/authentication: body | /policies/terms-of-service: body | /policies/sell-with-us-policy: body | /guides/pre-loved-vs-second-hand-saree: body | /terms-of-service: body,
designer,5,/faqs | /sell-your-saree | /blouses | /faq,/faqs,yes,/faqs: body | /sell-your-saree: body | /blouses: meta/H1 | /faq: body,Protected commercial term retained by audit normalization.
difference,5,/faqs | /guides/pre-loved-vs-second-hand-saree | /faq,/faqs,yes,/faqs: body | /guides/pre-loved-vs-second-hand-saree: body | /faq: body,
dressing,5,/,/,no,/: body,
fails,5,/policies/return-refund-policy | /policies/terms-of-service | /policies/cancellation-policy | /return-policy | /terms-of-service,/policies/return-refund-policy,no,/policies/return-refund-policy: body | /policies/terms-of-service: body | /policies/cancellation-policy: body | /return-policy: body | /terms-of-service: body,
feeling,5,/ | /collection/fabric/georgette,/,no,/: body | /collection/fabric/georgette: body,
fold,5,/faqs | /policies/terms-of-service | /policies/authentication-condition-policy | /terms-of-service | /faq,/faqs,no,/faqs: body | /policies/terms-of-service: body | /policies/authentication-condition-policy: body | /terms-of-service: body | /faq: body,
folded,5,/ | /how-it-works | /sell-your-saree | /packing | /collection/fabric/silk,/,yes,/: body | /how-it-works: body | /sell-your-saree: body | /packing: body | /collection/fabric/silk: body,
given,5,/our-story | /our-team | /founders | /about | /stories,/our-story,yes,/our-story: body | /our-team: body | /founders: body | /about: body | /stories: body,
golden,5,/collection/autumn-ember-golden-leaf-cotton | /collection/thangam-golden-weave-kanjivaram,/collection/autumn-ember-golden-leaf-cotton,yes,/collection/autumn-ember-golden-leaf-cotton: title/meta/H1 | /collection/thangam-golden-weave-kanjivaram: title/meta/H1,
govern,5,/faqs | /policies | /policies/terms-of-service | /terms-of-service | /faq,/faqs,no,/faqs: body | /policies: body | /policies/terms-of-service: body | /terms-of-service: body | /faq: body,
grade,5,/faqs | /policies | /policies/authentication-condition-policy | /guides/pre-loved-vs-second-hand-saree | /faq,/faqs,yes,/faqs: body | /policies: body | /policies/authentication-condition-policy: meta | /guides/pre-loved-vs-second-hand-saree: body | /faq: body,
guide,5,/faqs | /sell-your-saree | /guides/what-is-a-pre-loved-saree | /guides/pre-loved-vs-second-hand-saree | /faq,/faqs,yes,/faqs: body | /sell-your-saree: body | /guides/what-is-a-pre-loved-saree: meta | /guides/pre-loved-vs-second-hand-saree: body | /faq: body,
hand,5,/our-team | /authentication | /packing | /guides/pre-loved-vs-second-hand-saree | /founders,/our-team,no,/our-team: body | /authentication: body | /packing: body | /guides/pre-loved-vs-second-hand-saree: body | /founders: body,
handles,5,/faqs | /policies | /policies/privacy-policy | /privacy-policy | /faq,/faqs,no,/faqs: body | /policies: body | /policies/privacy-policy: body | /privacy-policy: body | /faq: body,
instead,5,/faqs | /authentication | /policies/return-refund-policy | /return-policy | /faq,/faqs,no,/faqs: body | /authentication: body | /policies/return-refund-policy: body | /return-policy: body | /faq: body,
inventory,5,/how-it-works | /why | /policies/cancellation-policy | /guides/pre-loved-vs-second-hand-saree | /collection/fabric/georgette,/how-it-works,yes,/how-it-works: body | /why: body | /policies/cancellation-policy: body | /guides/pre-loved-vs-second-hand-saree: body | /collection/fabric/georgette: body,
irregularities,5,/faqs | /policies/terms-of-service | /policies/authentication-condition-policy | /terms-of-service | /faq,/faqs,no,/faqs: body | /policies/terms-of-service: body | /policies/authentication-condition-policy: body | /terms-of-service: body | /faq: body,
kanjivaram,5,/collection/mayil-peacock-kanjivaram-mix | /collection/semmanjal-turmeric-gold-kanjeevaram | /collection/thangam-golden-weave-kanjivaram | /collection/heritage-zari-border-kanjivaram,/collection/mayil-peacock-kanjivaram-mix,yes,/collection/mayil-peacock-kanjivaram-mix: body | /collection/semmanjal-turmeric-gold-kanjeevaram: title/meta/H1 | /collection/thangam-golden-weave-kanjivaram: title/meta/H1 | /collection/heritage-zari-border-kanjivaram: title/meta/H1,Protected commercial term retained by audit normalization.
known,5,/authentication | /sell-your-saree | /policies/sell-with-us-policy | /guides/pre-loved-vs-second-hand-saree,/authentication,no,/authentication: body | /sell-your-saree: body | /policies/sell-with-us-policy: body | /guides/pre-loved-vs-second-hand-saree: body,
listings,5,/faqs | /policies | /policies/terms-of-service | /terms-of-service | /faq,/faqs,no,/faqs: body | /policies: body | /policies/terms-of-service: body | /terms-of-service: body | /faq: body,
longer,5,/faqs | /policies/shipping-delivery-policy | /guides/what-is-a-pre-loved-saree | /shipping-policy | /faq,/faqs,no,/faqs: body | /policies/shipping-delivery-policy: body | /guides/what-is-a-pre-loved-saree: body | /shipping-policy: body | /faq: body,
marketing,5,/policies/privacy-policy | /guides/pre-loved-vs-second-hand-saree | /privacy-policy,/policies/privacy-policy,no,/policies/privacy-policy: body | /guides/pre-loved-vs-second-hand-saree: body | /privacy-policy: body,
minor,5,/policies/return-refund-policy | /policies/terms-of-service | /policies/authentication-condition-policy | /return-policy | /terms-of-service,/policies/return-refund-policy,no,/policies/return-refund-policy: body | /policies/terms-of-service: body | /policies/authentication-condition-policy: body | /return-policy: body | /terms-of-service: body,
moody,5,/collection/fabric/silk | /collection/teal-blue-moody-silk-drape,/collection/fabric/silk,yes,/collection/fabric/silk: body | /collection/teal-blue-moody-silk-drape: title/meta/H1,
officer,5,/policies | /policies/privacy-policy | /policies/grievance-redressal | /privacy-policy,/policies,yes,/policies: body | /policies/privacy-policy: body | /policies/grievance-redressal: body | /privacy-policy: body,
overall,5,/faqs | /policies/authentication-condition-policy | /faq,/faqs,no,/faqs: body | /policies/authentication-condition-policy: body | /faq: body,
past,5,/how-it-works | /authentication | /why,/how-it-works,yes,/how-it-works: body | /authentication: body | /why: body,
photograph,5,/how-it-works | /packing | /policies/return-refund-policy | /policies/sell-with-us-policy | /return-policy,/how-it-works,no,/how-it-works: body | /packing: body | /policies/return-refund-policy: body | /policies/sell-with-us-policy: body | /return-policy: body,
pieceuniquedrop,5,/,/,no,/: body,
plastic,5,/faqs | /policies/care-packaging-policy | /faq,/faqs,no,/faqs: body | /policies/care-packaging-policy: body | /faq: body,
prepare,5,/how-it-works | /why | /policies/privacy-policy | /privacy-policy,/how-it-works,no,/how-it-works: body | /why: body | /policies/privacy-policy: body | /privacy-policy: body,
presented,5,/sell-your-saree | /guides/what-is-a-pre-loved-saree | /guides/pre-loved-vs-second-hand-saree,/sell-your-saree,no,/sell-your-saree: body | /guides/what-is-a-pre-loved-saree: body | /guides/pre-loved-vs-second-hand-saree: body,
price,5,/collection | /guides/what-is-a-pre-loved-saree | /guides/pre-loved-vs-second-hand-saree,/collection,no,/collection: body | /guides/what-is-a-pre-loved-saree: body | /guides/pre-loved-vs-second-hand-saree: body,
protects,5,/faqs | /policies | /policies/privacy-policy | /privacy-policy | /faq,/faqs,yes,/faqs: body | /policies: body | /policies/privacy-policy: meta | /privacy-policy: meta | /faq: body,
purchase,5,/policies/terms-of-service | /policies/cancellation-policy | /guides/what-is-a-pre-loved-saree | /guides/pre-loved-vs-second-hand-saree | /terms-of-service,/policies/terms-of-service,no,/policies/terms-of-service: body | /policies/cancellation-policy: body | /guides/what-is-a-pre-loved-saree: body | /guides/pre-loved-vs-second-hand-saree: body | /terms-of-service: body,
quickly,5,/top-viewed | /faqs | /policies/shipping-delivery-policy | /shipping-policy | /faq,/top-viewed,no,/top-viewed: body | /faqs: body | /policies/shipping-delivery-policy: body | /shipping-policy: body | /faq: body,
rather,5,/authentication | /guides/what-is-a-pre-loved-saree | /collection/fabric/chiffon | /collection/fabric/georgette,/authentication,no,/authentication: body | /guides/what-is-a-pre-loved-saree: body | /collection/fabric/chiffon: body | /collection/fabric/georgette: body,
reaches,5,/faqs | /why | /faq,/faqs,no,/faqs: body | /why: body | /faq: body,
responsible,5,/policies/privacy-policy | /policies/terms-of-service | /policies/care-packaging-policy | /privacy-policy | /terms-of-service,/policies/privacy-policy,no,/policies/privacy-policy: body | /policies/terms-of-service: body | /policies/care-packaging-policy: body | /privacy-policy: body | /terms-of-service: body,
restore,5,/our-team | /faqs | /how-it-works | /founders | /faq,/our-team,no,/our-team: body | /faqs: body | /how-it-works: body | /founders: body | /faq: body,
return-shipping,5,/policies/return-refund-policy | /policies/sell-with-us-policy | /return-policy,/policies/return-refund-policy,no,/policies/return-refund-policy: body | /policies/sell-with-us-policy: body | /return-policy: body,
rose,5,/collection/tangerine-noir-floral-border-weave | /collection/kesari-sunset-chiffon-saree | /collection/magenta-mist-chiffon-drape | /collection/green-chiffon-with-fancy-border | /collection/pressed-bloom-sheer-chiffon,/collection/tangerine-noir-floral-border-weave,yes,/collection/tangerine-noir-floral-border-weave: body | /collection/kesari-sunset-chiffon-saree: body | /collection/magenta-mist-chiffon-drape: body | /collection/green-chiffon-with-fancy-border: body | /collection/pressed-bloom-sheer-chiffon: body,
sareeorganza,5,/collection | /collection/mustard-organza-brown-border-drape | /collection/charcoal-gold-organza-heirloom-drape | /collection/beige-organza-peach-bloom | /collection/deep-wine-organza,/collection,no,/collection: body | /collection/mustard-organza-brown-border-drape: body | /collection/charcoal-gold-organza-heirloom-drape: body | /collection/beige-organza-peach-bloom: body | /collection/deep-wine-organza: body,
simply,5,/faqs | /how-it-works | /faq,/faqs,yes,/faqs: body | /how-it-works: body | /faq: body,
structure,5,/ | /authentication | /collection/fabric/chiffon | /collection/fabric/georgette,/,no,/: body | /authentication: body | /collection/fabric/chiffon: body | /collection/fabric/georgette: body,
submission,5,/policies/privacy-policy | /policies/sell-with-us-policy | /privacy-policy,/policies/privacy-policy,no,/policies/privacy-policy: body | /policies/sell-with-us-policy: body | /privacy-policy: body,
temple,5,/collection | /collection/pink-katan-triangle-zari-edge,/collection,yes,/collection: body | /collection/pink-katan-triangle-zari-edge: title/meta/H1,
textiles,5,/faqs | /how-it-works | /policies/return-refund-policy | /return-policy | /faq,/faqs,no,/faqs: body | /how-it-works: body | /policies/return-refund-policy: body | /return-policy: body | /faq: body,
truly,5,/faqs | /sell-your-saree | /faq,/faqs,no,/faqs: body | /sell-your-saree: body | /faq: body,
trunkour,5,/our-story | /our-team | /founders | /about | /stories,/our-story,no,/our-story: body | /our-team: body | /founders: body | /about: body | /stories: body,
unboxing,5,/packing | /policies/shipping-delivery-policy | /shipping-policy,/packing,yes,/packing: body | /policies/shipping-delivery-policy: body | /shipping-policy: body,
value,5,/authentication | /sell-your-saree | /policies/sell-with-us-policy | /guides/what-is-a-pre-loved-saree | /guides/pre-loved-vs-second-hand-saree,/authentication,no,/authentication: body | /sell-your-saree: body | /policies/sell-with-us-policy: body | /guides/what-is-a-pre-loved-saree: body | /guides/pre-loved-vs-second-hand-saree: body,
verification,5,/faqs | /authentication | /policies/privacy-policy | /privacy-policy | /faq,/faqs,no,/faqs: body | /authentication: body | /policies/privacy-policy: body | /privacy-policy: body | /faq: body,
verify,5,/faqs | /packing | /faq,/faqs,yes,/faqs: body | /packing: body | /faq: body,
videos,5,/policies/privacy-policy | /policies/return-refund-policy | /policies/grievance-redressal | /privacy-policy | /return-policy,/policies/privacy-policy,no,/policies/privacy-policy: body | /policies/return-refund-policy: body | /policies/grievance-redressal: body | /privacy-policy: body | /return-policy: body,
wardrobe,5,/ | /authentication | /collection/fabric/silk | /collection/rose-vine-stripe-chiffon-saree | /collection/coral-sunrise-chiffon-georgette-saree,/,yes,/: body | /authentication: body | /collection/fabric/silk: body | /collection/rose-vine-stripe-chiffon-saree: body | /collection/coral-sunrise-chiffon-georgette-saree: body,
wedding,5,/collection | /faqs | /why | /collection/fabric/silk | /faq,/collection,no,/collection: body | /faqs: body | /why: body | /collection/fabric/silk: body | /faq: body,Protected commercial term retained by audit normalization.
work,5,/authentication | /policies/privacy-policy | /privacy-policy,/authentication,no,/authentication: body | /policies/privacy-policy: body | /privacy-policy: body,
worn,5,/faqs | /packing | /guides/what-is-a-pre-loved-saree | /guides/pre-loved-vs-second-hand-saree | /faq,/faqs,no,/faqs: body | /packing: body | /guides/what-is-a-pre-loved-saree: body | /guides/pre-loved-vs-second-hand-saree: body | /faq: body,
wrapped,5,/faqs | /how-it-works | /policies/shipping-delivery-policy | /shipping-policy | /faq,/faqs,no,/faqs: body | /how-it-works: body | /policies/shipping-delivery-policy: body | /shipping-policy: body | /faq: body,
000fabricchiffongradepre-loved,4,/collection/tangerine-noir-floral-border-weave | /collection/kesari-sunset-chiffon-saree | /collection/green-chiffon-with-fancy-border | /collection/pressed-bloom-sheer-chiffon,/collection/tangerine-noir-floral-border-weave,no,/collection/tangerine-noir-floral-border-weave: body | /collection/kesari-sunset-chiffon-saree: body | /collection/green-chiffon-with-fancy-border: body | /collection/pressed-bloom-sheer-chiffon: body,
000vintage,4,/collection/mayil-peacock-kanjivaram-mix | /collection/burnt-orange-temple-border-kanjivaram | /collection/semmanjal-turmeric-gold-kanjeevaram | /collection/nava-pazham-kanjeevaram-silk,/collection/mayil-peacock-kanjivaram-mix,no,/collection/mayil-peacock-kanjivaram-mix: body | /collection/burnt-orange-temple-border-kanjivaram: body | /collection/semmanjal-turmeric-gold-kanjeevaram: body | /collection/nava-pazham-kanjeevaram-silk: body,
15,4,/collection | /collection/fabric/silk | /collection/verdant-bloom-silk-burgundy-gold-border,/collection,no,/collection: body | /collection/fabric/silk: body | /collection/verdant-bloom-silk-burgundy-gold-border: body,
3product,4,/collection/sunset-ombr-chiffon-draped-dream | /collection/brown-kapi-cotton-black-line-border | /collection/magenta-mist-chiffon-drape | /collection/nava-pazham-kanjeevaram-silk,/collection/sunset-ombr-chiffon-draped-dream,no,/collection/sunset-ombr-chiffon-draped-dream: body | /collection/brown-kapi-cotton-black-line-border: body | /collection/magenta-mist-chiffon-drape: body | /collection/nava-pazham-kanjeevaram-silk: body,
48,4,/packing | /policies/return-refund-policy | /policies/grievance-redressal | /return-policy,/packing,no,/packing: body | /policies/return-refund-policy: body | /policies/grievance-redressal: body | /return-policy: body,
499,4,/collection | /collection/fabric/silk | /collection/marigold-moss-cotton | /collection/brown-and-mustard-light-silk,/collection,no,/collection: body | /collection/fabric/silk: body | /collection/marigold-moss-cotton: body | /collection/brown-and-mustard-light-silk: body,
549add,4,/collection/beige-organza-peach-bloom | /collection/blush-green-handwoven-cotton-drape | /collection/kesari-sunset-chiffon-saree | /collection/rani-pink-georgette-garden-party,/collection/beige-organza-peach-bloom,no,/collection/beige-organza-peach-bloom: body | /collection/blush-green-handwoven-cotton-drape: body | /collection/kesari-sunset-chiffon-saree: body | /collection/rani-pink-georgette-garden-party: body,
7product,4,/collection/teal-blue-moody-silk-drape | /collection/violet-bloom-cotton-drape | /collection/nila-blue-gold-zari-silk | /collection/coral-sunrise-chiffon-georgette-saree,/collection/teal-blue-moody-silk-drape,no,/collection/teal-blue-moody-silk-drape: body | /collection/violet-bloom-cotton-drape: body | /collection/nila-blue-gold-zari-silk: body | /collection/coral-sunrise-chiffon-georgette-saree: body,
accounting,4,/policies/privacy-policy | /privacy-policy,/policies/privacy-policy,no,/policies/privacy-policy: body | /privacy-policy: body,
accurately,4,/policies/terms-of-service | /terms-of-service,/policies/terms-of-service,no,/policies/terms-of-service: body | /terms-of-service: body,
adding,4,/policies/terms-of-service | /terms-of-service,/policies/terms-of-service,no,/policies/terms-of-service: body | /terms-of-service: body,
affect,4,/policies/privacy-policy | /policies/authentication-condition-policy | /privacy-policy,/policies/privacy-policy,no,/policies/privacy-policy: body | /policies/authentication-condition-policy: body | /privacy-policy: body,
appear,4,/policies/return-refund-policy | /policies/terms-of-service | /return-policy | /terms-of-service,/policies/return-refund-policy,no,/policies/return-refund-policy: body | /policies/terms-of-service: body | /return-policy: body | /terms-of-service: body,
authenticatedevery,4,/how-it-works | /sell-your-saree | /guides/what-is-a-pre-loved-saree | /guides/pre-loved-vs-second-hand-saree,/how-it-works,no,/how-it-works: body | /sell-your-saree: body | /guides/what-is-a-pre-loved-saree: body | /guides/pre-loved-vs-second-hand-saree: body,
availability,4,/collection | /blouses | /guides/pre-loved-vs-second-hand-saree | /collection/fabric/georgette,/collection,no,/collection: body | /blouses: body | /guides/pre-loved-vs-second-hand-saree: body | /collection/fabric/georgette: body,
bandhani,4,/top-viewed | /collection/fabric/silk | /collection/kempu-pachai-and-bandhani,/top-viewed,yes,/top-viewed: body | /collection/fabric/silk: body | /collection/kempu-pachai-and-bandhani: title/meta/H1,
beautifully,4,/,/,no,/: body,
beauty,4,/authentication | /why | /guides/what-is-a-pre-loved-saree,/authentication,yes,/authentication: body | /why: body | /guides/what-is-a-pre-loved-saree: body,
behind,4,/our-team | /founders,/our-team,yes,/our-team: meta | /founders: meta,
blouse,4,/policies/care-packaging-policy | /policies/sell-with-us-policy | /blouses,/policies/care-packaging-policy,yes,/policies/care-packaging-policy: body | /policies/sell-with-us-policy: body | /blouses: body,Protected commercial term retained by audit normalization.
burgundy,4,/collection | /collection/fabric/silk | /collection/verdant-bloom-silk-burgundy-gold-border,/collection,yes,/collection: body | /collection/fabric/silk: body | /collection/verdant-bloom-silk-burgundy-gold-border: title/meta/H1,
cards,4,/faqs | /policies/return-refund-policy | /return-policy | /faq,/faqs,no,/faqs: body | /policies/return-refund-policy: body | /return-policy: body | /faq: body,
cartpre-lovedmidnight,4,/collection | /collection/fabric/silk | /collection/fabric/georgette,/collection,no,/collection: body | /collection/fabric/silk: body | /collection/fabric/georgette: body,
cartsold,4,/collection/kesari-sunset-chiffon-saree | /collection/magenta-mist-chiffon-drape | /collection/green-chiffon-with-fancy-border | /collection/pressed-bloom-sheer-chiffon,/collection/kesari-sunset-chiffon-saree,no,/collection/kesari-sunset-chiffon-saree: body | /collection/magenta-mist-chiffon-drape: body | /collection/green-chiffon-with-fancy-border: body | /collection/pressed-bloom-sheer-chiffon: body,
century,4,/ | /collection/midnight-zari-georgette | /collection/semmanjal-turmeric-gold-kanjeevaram,/,no,/: body | /collection/midnight-zari-georgette: body | /collection/semmanjal-turmeric-gold-kanjeevaram: body,
checks,4,/faqs | /sell-your-saree | /policies/authentication-condition-policy | /faq,/faqs,no,/faqs: body | /sell-your-saree: body | /policies/authentication-condition-policy: body | /faq: body,
circulation,4,/faqs | /guides/what-is-a-pre-loved-saree | /guides/pre-loved-vs-second-hand-saree | /faq,/faqs,no,/faqs: body | /guides/what-is-a-pre-loved-saree: body | /guides/pre-loved-vs-second-hand-saree: body | /faq: body,
cleaning,4,/how-it-works | /policies/return-refund-policy | /policies/care-packaging-policy | /return-policy,/how-it-works,no,/how-it-works: body | /policies/return-refund-policy: body | /policies/care-packaging-policy: body | /return-policy: body,
collect,4,/policies/privacy-policy | /privacy-policy,/policies/privacy-policy,yes,/policies/privacy-policy: body | /privacy-policy: body,
colours,4,/policies/terms-of-service | /terms-of-service,/policies/terms-of-service,no,/policies/terms-of-service: body | /terms-of-service: body,
common,4,/faqs | /faq,/faqs,yes,/faqs: body | /faq: body,
compliance,4,/policies/privacy-policy | /privacy-policy,/policies/privacy-policy,no,/policies/privacy-policy: body | /privacy-policy: body,
confirm,4,/packing | /policies/return-refund-policy | /policies/sell-with-us-policy | /return-policy,/packing,no,/packing: body | /policies/return-refund-policy: body | /policies/sell-with-us-policy: body | /return-policy: body,
consignment,4,/faqs | /policies | /policies/sell-with-us-policy | /faq,/faqs,yes,/faqs: meta | /policies: body | /policies/sell-with-us-policy: meta | /faq: meta,
content,4,/policies/terms-of-service | /terms-of-service,/policies/terms-of-service,no,/policies/terms-of-service: body | /terms-of-service: body,
cottonverifiedby,4,/collection/maroon-chettinad-cotton | /collection/indigo-dusk-silk-cotton | /collection/orange-blossom-cotton-weave | /collection/gulabi-kota-cotton,/collection/maroon-chettinad-cotton,no,/collection/maroon-chettinad-cotton: body | /collection/indigo-dusk-silk-cotton: body | /collection/orange-blossom-cotton-weave: body | /collection/gulabi-kota-cotton: body,
creates,4,/ | /policies/terms-of-service | /terms-of-service,/,no,/: body | /policies/terms-of-service: body | /terms-of-service: body,
creating,4,/faqs | /policies/terms-of-service | /terms-of-service | /faq,/faqs,no,/faqs: body | /policies/terms-of-service: body | /terms-of-service: body | /faq: body,
credit,4,/faqs | /policies/return-refund-policy | /return-policy | /faq,/faqs,yes,/faqs: body | /policies/return-refund-policy: body | /return-policy: body | /faq: body,
crisp,4,/,/,no,/: body,
custodian,4,/faqs | /policies/sell-with-us-policy | /guides/what-is-a-pre-loved-saree | /faq,/faqs,no,/faqs: body | /policies/sell-with-us-policy: body | /guides/what-is-a-pre-loved-saree: body | /faq: body,
delays,4,/policies/shipping-delivery-policy | /shipping-policy,/policies/shipping-delivery-policy,no,/policies/shipping-delivery-policy: body | /shipping-policy: body,
delivered,4,/policies/return-refund-policy | /return-policy,/policies/return-refund-policy,no,/policies/return-refund-policy: body | /return-policy: body,
depend,4,/policies/privacy-policy | /policies/return-refund-policy | /privacy-policy | /return-policy,/policies/privacy-policy,no,/policies/privacy-policy: body | /policies/return-refund-policy: body | /privacy-policy: body | /return-policy: body,
described,4,/authentication | /sell-your-saree | /policies/privacy-policy | /privacy-policy,/authentication,no,/authentication: body | /sell-your-saree: body | /policies/privacy-policy: body | /privacy-policy: body,
discovery,4,/policies/privacy-policy | /blouses | /privacy-policy | /collection/fabric/chiffon,/policies/privacy-policy,no,/policies/privacy-policy: body | /blouses: body | /privacy-policy: body | /collection/fabric/chiffon: body,
dtdc,4,/faqs | /policies/shipping-delivery-policy | /shipping-policy | /faq,/faqs,no,/faqs: body | /policies/shipping-delivery-policy: body | /shipping-policy: body | /faq: body,
embroidered,4,/ | /collection/midnight-zari-georgette | /collection/fabric/georgette,/,yes,/: body | /collection/midnight-zari-georgette: title/meta/H1 | /collection/fabric/georgette: body,
essential,4,/policies/privacy-policy | /privacy-policy,/policies/privacy-policy,no,/policies/privacy-policy: body | /privacy-policy: body,
evening,4,/ | /why | /collection/fabric/chiffon,/,no,/: body | /why: body | /collection/fabric/chiffon: body,
exact,4,/policies/terms-of-service | /collection/moss-green-lightweight-silk-selai | /terms-of-service,/policies/terms-of-service,no,/policies/terms-of-service: body | /collection/moss-green-lightweight-silk-selai: body | /terms-of-service: body,
example,4,/policies/privacy-policy | /privacy-policy,/policies/privacy-policy,no,/policies/privacy-policy: body | /privacy-policy: body,
experience,4,/ | /policies/privacy-policy | /privacy-policy,/,no,/: body | /policies/privacy-policy: body | /privacy-policy: body,
fall,4,/ | /policies/authentication-condition-policy | /collection/fabric/georgette,/,no,/: body | /policies/authentication-condition-policy: body | /collection/fabric/georgette: body,
features,4,/policies/privacy-policy | /privacy-policy,/policies/privacy-policy,no,/policies/privacy-policy: body | /privacy-policy: body,
felt,4,/,/,no,/: body,
fluid,4,/ | /collection/fabric/georgette,/,yes,/: body | /collection/fabric/georgette: meta/H1,
forgotten,4,/ | /faqs | /faq,/,no,/: body | /faqs: body | /faq: body,
forward,4,/ | /how-it-works | /why | /sell-your-saree,/,yes,/: body | /how-it-works: body | /why: body | /sell-your-saree: body,
fraud,4,/policies/privacy-policy | /privacy-policy,/policies/privacy-policy,no,/policies/privacy-policy: body | /privacy-policy: body,
fresh,4,/faqs | /policies/return-refund-policy | /return-policy | /faq,/faqs,no,/faqs: body | /policies/return-refund-policy: body | /return-policy: body | /faq: body,
fulfilment,4,/policies/privacy-policy | /privacy-policy,/policies/privacy-policy,no,/policies/privacy-policy: body | /privacy-policy: body,
generally,4,/policies/return-refund-policy | /return-policy,/policies/return-refund-policy,no,/policies/return-refund-policy: body | /return-policy: body,
give,4,/our-team | /faqs | /founders | /faq,/our-team,no,/our-team: body | /faqs: body | /founders: body | /faq: body,
goes,4,/faqs | /how-it-works | /policies/authentication-condition-policy | /faq,/faqs,no,/faqs: body | /how-it-works: body | /policies/authentication-condition-policy: body | /faq: body,
goldverifiedby,4,/collection/verdant-bloom-silk-burgundy-gold-border | /collection/midnight-tribe-gold-border-cotton | /collection/autumn-ember-golden-leaf-cotton | /collection/burnt-orange-temple-border-kanjivaram,/collection/verdant-bloom-silk-burgundy-gold-border,no,/collection/verdant-bloom-silk-burgundy-gold-border: body | /collection/midnight-tribe-gold-border-cotton: body | /collection/autumn-ember-golden-leaf-cotton: body | /collection/burnt-orange-temple-border-kanjivaram: body,
google,4,/policies/privacy-policy | /privacy-policy,/policies/privacy-policy,no,/policies/privacy-policy: body | /privacy-policy: body,
governed,4,/policies/privacy-policy | /policies/terms-of-service | /privacy-policy | /terms-of-service,/policies/privacy-policy,no,/policies/privacy-policy: body | /policies/terms-of-service: body | /privacy-policy: body | /terms-of-service: body,
handloom,4,/collection/semmanjal-turmeric-gold-kanjeevaram | /collection/moss-green-lightweight-silk-selai,/collection/semmanjal-turmeric-gold-kanjeevaram,no,/collection/semmanjal-turmeric-gold-kanjeevaram: body | /collection/moss-green-lightweight-silk-selai: body,
heavy,4,/ | /policies/care-packaging-policy | /collection/fabric/chiffon,/,no,/: body | /policies/care-packaging-policy: body | /collection/fabric/chiffon: body,
heirlooms,4,/collection | /faqs | /sell-your-saree | /faq,/collection,no,/collection: body | /faqs: body | /sell-your-saree: body | /faq: body,
heritage,4,/ | /why,/,yes,/: body | /why: body,
holds,4,/,/,no,/: body,
homes,4,/ | /faqs | /how-it-works | /faq,/,no,/: body | /faqs: body | /how-it-works: body | /faq: body,
identity,4,/policies/terms-of-service | /terms-of-service,/policies/terms-of-service,no,/policies/terms-of-service: body | /terms-of-service: body,
images,4,/policies/privacy-policy | /policies/return-refund-policy | /privacy-policy | /return-policy,/policies/privacy-policy,no,/policies/privacy-policy: body | /policies/return-refund-policy: body | /privacy-policy: body | /return-policy: body,
indian,4,/policies/shipping-delivery-policy | /collection/moss-green-lightweight-silk-selai | /shipping-policy,/policies/shipping-delivery-policy,no,/policies/shipping-delivery-policy: body | /collection/moss-green-lightweight-silk-selai: body | /shipping-policy: body,
inr,4,/faqs | /policies/terms-of-service | /terms-of-service | /faq,/faqs,no,/faqs: body | /policies/terms-of-service: body | /terms-of-service: body | /faq: body,
items,4,/policies/return-refund-policy | /return-policy,/policies/return-refund-policy,no,/policies/return-refund-policy: body | /return-policy: body,
kota,4,/collection | /collection/gulabi-kota-cotton,/collection,yes,/collection: body | /collection/gulabi-kota-cotton: title/meta/H1,
labels,4,/policies/return-refund-policy | /return-policy,/policies/return-refund-policy,no,/policies/return-refund-policy: body | /return-policy: body,
late,4,/ | /collection/midnight-zari-georgette | /collection/semmanjal-turmeric-gold-kanjeevaram,/,no,/: body | /collection/midnight-zari-georgette: body | /collection/semmanjal-turmeric-gold-kanjeevaram: body,
legal,4,/policies/privacy-policy | /privacy-policy,/policies/privacy-policy,no,/policies/privacy-policy: body | /privacy-policy: body,
lighter,4,/ | /collection/fabric/silk | /collection/fabric/chiffon,/,no,/: body | /collection/fabric/silk: body | /collection/fabric/chiffon: body,
lighting,4,/policies/return-refund-policy | /policies/terms-of-service | /return-policy | /terms-of-service,/policies/return-refund-policy,no,/policies/return-refund-policy: body | /policies/terms-of-service: body | /return-policy: body | /terms-of-service: body,
lines,4,/faqs | /policies/authentication-condition-policy | /policies/care-packaging-policy | /faq,/faqs,no,/faqs: body | /policies/authentication-condition-policy: body | /policies/care-packaging-policy: body | /faq: body,
links,4,/policies/privacy-policy | /privacy-policy,/policies/privacy-policy,yes,/policies/privacy-policy: body | /privacy-policy: body,
lost,4,/policies/shipping-delivery-policy | /shipping-policy,/policies/shipping-delivery-policy,yes,/policies/shipping-delivery-policy: body | /shipping-policy: body,
making,4,/,/,no,/: body,
many,4,/ | /policies/privacy-policy | /collection/fabric/silk | /privacy-policy,/,yes,/: body | /policies/privacy-policy: body | /collection/fabric/silk: body | /privacy-policy: body,
match,4,/collection/fabric/silk | /blouses | /collection/fabric/chiffon | /collection/fabric/georgette,/collection/fabric/silk,no,/collection/fabric/silk: body | /blouses: body | /collection/fabric/chiffon: body | /collection/fabric/georgette: body,
me,4,/ | /collection/rose-vine-stripe-chiffon-saree | /collection/coral-sunrise-chiffon-georgette-saree,/,no,/: body | /collection/rose-vine-stripe-chiffon-saree: body | /collection/coral-sunrise-chiffon-georgette-saree: body,
missing,4,/policies/return-refund-policy | /return-policy,/policies/return-refund-policy,yes,/policies/return-refund-policy: body | /return-policy: body,
mist,4,/ | /collection/magenta-mist-chiffon-drape | /collection/fabric/chiffon,/,yes,/: body | /collection/magenta-mist-chiffon-drape: title/meta/H1 | /collection/fabric/chiffon: body,
misuse,4,/policies/privacy-policy | /policies/terms-of-service | /privacy-policy | /terms-of-service,/policies/privacy-policy,no,/policies/privacy-policy: body | /policies/terms-of-service: body | /privacy-policy: body | /terms-of-service: body,
mix,4,/ | /collection | /collection/mayil-peacock-kanjivaram-mix,/,yes,/: body | /collection: body | /collection/mayil-peacock-kanjivaram-mix: title/meta,
movement,4,/ | /collection/fabric/chiffon,/,yes,/: body | /collection/fabric/chiffon: H1,
much,4,/authentication | /policies/privacy-policy | /privacy-policy | /collection/fabric/georgette,/authentication,no,/authentication: body | /policies/privacy-policy: body | /privacy-policy: body | /collection/fabric/georgette: body,
necessary,4,/policies/privacy-policy | /privacy-policy,/policies/privacy-policy,no,/policies/privacy-policy: body | /privacy-policy: body,
needs,4,/how-it-works | /policies | /sell-your-saree | /policies/sell-with-us-policy,/how-it-works,no,/how-it-works: body | /policies: body | /sell-your-saree: body | /policies/sell-with-us-policy: body,
nestled,4,/faqs | /policies/shipping-delivery-policy | /shipping-policy | /faq,/faqs,no,/faqs: body | /policies/shipping-delivery-policy: body | /shipping-policy: body | /faq: body,
often,4,/top-viewed | /blouses | /collection/fabric/georgette,/top-viewed,yes,/top-viewed: meta | /blouses: body | /collection/fabric/georgette: body,
opening,4,/how-it-works | /packing | /policies/return-refund-policy | /return-policy,/how-it-works,no,/how-it-works: body | /packing: body | /policies/return-refund-policy: body | /return-policy: body,
origin,4,/faqs | /collection/moss-green-lightweight-silk-selai | /faq,/faqs,no,/faqs: body | /collection/moss-green-lightweight-silk-selai: body | /faq: body,
originate,4,/collection/mayil-peacock-kanjivaram-mix | /collection/thangam-golden-weave-kanjivaram,/collection/mayil-peacock-kanjivaram-mix,no,/collection/mayil-peacock-kanjivaram-mix: body | /collection/thangam-golden-weave-kanjivaram: body,
owned,4,/faqs | /guides/what-is-a-pre-loved-saree | /guides/pre-loved-vs-second-hand-saree | /faq,/faqs,no,/faqs: body | /guides/what-is-a-pre-loved-saree: body | /guides/pre-loved-vs-second-hand-saree: body | /faq: body,
owner,4,/faqs | /policies/sell-with-us-policy | /collection/pachai-linen-golden-border-drape | /faq,/faqs,no,/faqs: body | /policies/sell-with-us-policy: body | /collection/pachai-linen-golden-border-drape: body | /faq: body,
path,4,/sell-your-saree | /guides/what-is-a-pre-loved-saree | /guides/pre-loved-vs-second-hand-saree | /collection/fabric/georgette,/sell-your-saree,yes,/sell-your-saree: body | /guides/what-is-a-pre-loved-saree: body | /guides/pre-loved-vs-second-hand-saree: body | /collection/fabric/georgette: body,
perfume,4,/policies/return-refund-policy | /policies/care-packaging-policy | /return-policy,/policies/return-refund-policy,no,/policies/return-refund-policy: body | /policies/care-packaging-policy: body | /return-policy: body,
periods,4,/faqs | /policies/shipping-delivery-policy | /shipping-policy | /faq,/faqs,no,/faqs: body | /policies/shipping-delivery-policy: body | /shipping-policy: body | /faq: body,
permitted,4,/policies/privacy-policy | /policies/terms-of-service | /privacy-policy | /terms-of-service,/policies/privacy-policy,no,/policies/privacy-policy: body | /policies/terms-of-service: body | /privacy-policy: body | /terms-of-service: body,
place,4,/faqs | /policies/return-refund-policy | /return-policy | /faq,/faqs,no,/faqs: body | /policies/return-refund-policy: body | /return-policy: body | /faq: body,
pre-lovedsunset,4,/collection/midnight-garden-georgette-saree | /collection/rani-pink-georgette-garden-party | /collection/midnight-zari-georgette | /collection/violet-bloom-cotton-drape,/collection/midnight-garden-georgette-saree,no,/collection/midnight-garden-georgette-saree: body | /collection/rani-pink-georgette-garden-party: body | /collection/midnight-zari-georgette: body | /collection/violet-bloom-cotton-drape: body,
premium,4,/policies/return-refund-policy | /policies/shipping-delivery-policy | /return-policy | /shipping-policy,/policies/return-refund-policy,no,/policies/return-refund-policy: body | /policies/shipping-delivery-policy: body | /return-policy: body | /shipping-policy: body,
preserved,4,/faqs | /sell-your-saree | /guides/what-is-a-pre-loved-saree | /faq,/faqs,no,/faqs: body | /sell-your-saree: body | /guides/what-is-a-pre-loved-saree: body | /faq: body,
pricing,4,/policies/terms-of-service | /policies/sell-with-us-policy | /terms-of-service,/policies/terms-of-service,yes,/policies/terms-of-service: body | /policies/sell-with-us-policy: body | /terms-of-service: body,
prior,4,/policies/terms-of-service | /terms-of-service,/policies/terms-of-service,no,/policies/terms-of-service: body | /terms-of-service: body,
prohibited,4,/policies/terms-of-service | /terms-of-service,/policies/terms-of-service,yes,/policies/terms-of-service: body | /terms-of-service: body,
properly,4,/policies/privacy-policy | /privacy-policy,/policies/privacy-policy,no,/policies/privacy-policy: body | /privacy-policy: body,
property,4,/policies/terms-of-service | /terms-of-service,/policies/terms-of-service,yes,/policies/terms-of-service: body | /terms-of-service: body,
purposes,4,/policies/privacy-policy | /policies/terms-of-service | /privacy-policy | /terms-of-service,/policies/privacy-policy,no,/policies/privacy-policy: body | /policies/terms-of-service: body | /privacy-policy: body | /terms-of-service: body,
queries,4,/policies/privacy-policy | /privacy-policy,/policies/privacy-policy,no,/policies/privacy-policy: body | /privacy-policy: body,
receive,4,/how-it-works | /authentication | /policies/return-refund-policy | /return-policy,/how-it-works,no,/how-it-works: body | /authentication: body | /policies/return-refund-policy: body | /return-policy: body,
recycled,4,/faqs | /policies/shipping-delivery-policy | /shipping-policy | /faq,/faqs,no,/faqs: body | /policies/shipping-delivery-policy: body | /shipping-policy: body | /faq: body,
reference,4,/policies/privacy-policy | /privacy-policy,/policies/privacy-policy,no,/policies/privacy-policy: body | /privacy-policy: body,
refined,4,/,/,no,/: body,
reject,4,/policies/return-refund-policy | /return-policy,/policies/return-refund-policy,no,/policies/return-refund-policy: body | /return-policy: body,
reservedmoonstone,4,/collection/mustard-organza-brown-border-drape | /collection/charcoal-gold-organza-heirloom-drape | /collection/beige-organza-peach-bloom | /collection/deep-wine-organza,/collection/mustard-organza-brown-border-drape,no,/collection/mustard-organza-brown-border-drape: body | /collection/charcoal-gold-organza-heirloom-drape: body | /collection/beige-organza-peach-bloom: body | /collection/deep-wine-organza: body,
resolution,4,/policies/privacy-policy | /policies/grievance-redressal | /privacy-policy,/policies/privacy-policy,yes,/policies/privacy-policy: body | /policies/grievance-redressal: body | /privacy-policy: body,
reviewing,4,/policies/return-refund-policy | /return-policy,/policies/return-refund-policy,no,/policies/return-refund-policy: body | /return-policy: body,
sareei,4,/ | /contact,/,no,/: body | /contact: body,
save,4,/policies/privacy-policy | /privacy-policy,/policies/privacy-policy,no,/policies/privacy-policy: body | /privacy-policy: body,
screen,4,/policies/return-refund-policy | /policies/terms-of-service | /return-policy | /terms-of-service,/policies/return-refund-policy,no,/policies/return-refund-policy: body | /policies/terms-of-service: body | /return-policy: body | /terms-of-service: body,
security,4,/policies/privacy-policy | /policies/terms-of-service | /privacy-policy | /terms-of-service,/policies/privacy-policy,yes,/policies/privacy-policy: body | /policies/terms-of-service: body | /privacy-policy: body | /terms-of-service: body,
sensitive,4,/policies/privacy-policy | /policies/terms-of-service | /privacy-policy | /terms-of-service,/policies/privacy-policy,no,/policies/privacy-policy: body | /policies/terms-of-service: body | /privacy-policy: body | /terms-of-service: body,
services,4,/policies/privacy-policy | /policies/terms-of-service | /privacy-policy | /terms-of-service,/policies/privacy-policy,no,/policies/privacy-policy: body | /policies/terms-of-service: body | /privacy-policy: body | /terms-of-service: body,
shade,4,/policies/return-refund-policy | /policies/terms-of-service | /return-policy | /terms-of-service,/policies/return-refund-policy,no,/policies/return-refund-policy: body | /policies/terms-of-service: body | /return-policy: body | /terms-of-service: body,
shipment,4,/packing | /policies/shipping-delivery-policy | /policies/sell-with-us-policy | /shipping-policy,/packing,no,/packing: body | /policies/shipping-delivery-policy: body | /policies/sell-with-us-policy: body | /shipping-policy: body,
shiprocket,4,/faqs | /policies/shipping-delivery-policy | /shipping-policy | /faq,/faqs,no,/faqs: body | /policies/shipping-delivery-policy: body | /shipping-policy: body | /faq: body,
shown,4,/authentication | /policies/terms-of-service | /blouses | /terms-of-service,/authentication,no,/authentication: body | /policies/terms-of-service: body | /blouses: body | /terms-of-service: body,
signature,4,/faqs | /policies/shipping-delivery-policy | /shipping-policy | /faq,/faqs,no,/faqs: body | /policies/shipping-delivery-policy: body | /shipping-policy: body | /faq: body,
simple,4,/faqs | /policies/privacy-policy | /privacy-policy | /faq,/faqs,no,/faqs: body | /policies/privacy-policy: body | /privacy-policy: body | /faq: body,
sizemidnight,4,/collection/midnight-garden-georgette-saree | /collection/midnight-tribe-gold-border-cotton | /collection/midnight-kesari-cotton-drape | /collection/midnight-zari-georgette,/collection/midnight-garden-georgette-saree,no,/collection/midnight-garden-georgette-saree: body | /collection/midnight-tribe-gold-border-cotton: body | /collection/midnight-kesari-cotton-drape: body | /collection/midnight-zari-georgette: body,
sms,4,/policies/privacy-policy | /policies/shipping-delivery-policy | /privacy-policy | /shipping-policy,/policies/privacy-policy,no,/policies/privacy-policy: body | /policies/shipping-delivery-policy: body | /privacy-policy: body | /shipping-policy: body,
stains,4,/authentication | /policies/return-refund-policy | /policies/authentication-condition-policy | /return-policy,/authentication,no,/authentication: body | /policies/return-refund-policy: body | /policies/authentication-condition-policy: body | /return-policy: body,
stockmidnight,4,/collection/midnight-garden-georgette-saree | /collection/midnight-tribe-gold-border-cotton | /collection/midnight-kesari-cotton-drape | /collection/midnight-zari-georgette,/collection/midnight-garden-georgette-saree,no,/collection/midnight-garden-georgette-saree: body | /collection/midnight-tribe-gold-border-cotton: body | /collection/midnight-kesari-cotton-drape: body | /collection/midnight-zari-georgette: body,
successful,4,/policies/terms-of-service | /terms-of-service,/policies/terms-of-service,no,/policies/terms-of-service: body | /terms-of-service: body,
sunset,4,/collection/kesari-sunset-chiffon-saree | /collection/burnt-orange-temple-border-kanjivaram | /collection/fabric/chiffon,/collection/kesari-sunset-chiffon-saree,yes,/collection/kesari-sunset-chiffon-saree: title/meta/H1 | /collection/burnt-orange-temple-border-kanjivaram: body | /collection/fabric/chiffon: body,
sustainable,4,/faqs | /faq,/faqs,yes,/faqs: body | /faq: body,
tags,4,/policies/return-refund-policy | /return-policy,/policies/return-refund-policy,no,/policies/return-refund-policy: body | /return-policy: body,
tampered,4,/policies/return-refund-policy | /return-policy,/policies/return-refund-policy,no,/policies/return-refund-policy: body | /return-policy: body,
tax,4,/policies/privacy-policy | /privacy-policy,/policies/privacy-policy,no,/policies/privacy-policy: body | /privacy-policy: body,
technical,4,/policies/privacy-policy | /privacy-policy,/policies/privacy-policy,no,/policies/privacy-policy: body | /privacy-policy: body,
thoughtful,4,/ | /guides/what-is-a-pre-loved-saree | /guides/pre-loved-vs-second-hand-saree,/,no,/: body | /guides/what-is-a-pre-loved-saree: body | /guides/pre-loved-vs-second-hand-saree: body,
timelines,4,/policies | /packing | /policies/return-refund-policy | /return-policy,/policies,no,/policies: body | /packing: body | /policies/return-refund-policy: body | /return-policy: body,
tradition,4,/collection/mayil-peacock-kanjivaram-mix | /collection/thangam-golden-weave-kanjivaram,/collection/mayil-peacock-kanjivaram-mix,no,/collection/mayil-peacock-kanjivaram-mix: body | /collection/thangam-golden-weave-kanjivaram: body,
treated,4,/how-it-works | /why | /guides/pre-loved-vs-second-hand-saree | /collection/fabric/chiffon,/how-it-works,yes,/how-it-works: body | /why: body | /guides/pre-loved-vs-second-hand-saree: body | /collection/fabric/chiffon: body,
trunks,4,/collection | /how-it-works | /collection/fabric/silk,/collection,no,/collection: body | /how-it-works: body | /collection/fabric/silk: body,
updates,4,/policies/privacy-policy | /privacy-policy,/policies/privacy-policy,yes,/policies/privacy-policy: body | /privacy-policy: body,
viewed,4,/policies/privacy-policy | /privacy-policy,/policies/privacy-policy,no,/policies/privacy-policy: body | /privacy-policy: body,
visit,4,/policies/privacy-policy | /privacy-policy,/policies/privacy-policy,no,/policies/privacy-policy: body | /privacy-policy: body,
warm,4,/,/,no,/: body,
washing,4,/policies/return-refund-policy | /policies/care-packaging-policy | /return-policy,/policies/return-refund-policy,no,/policies/return-refund-policy: body | /policies/care-packaging-policy: body | /return-policy: body,
waste,4,/ | /faqs | /guides/what-is-a-pre-loved-saree | /faq,/,no,/: body | /faqs: body | /guides/what-is-a-pre-loved-saree: body | /faq: body,
way,4,/faqs | /why | /sell-your-saree | /faq,/faqs,yes,/faqs: body | /why: body | /sell-your-saree: body | /faq: body,
wearability,4,/how-it-works | /sell-your-saree | /policies/authentication-condition-policy,/how-it-works,no,/how-it-works: body | /sell-your-saree: body | /policies/authentication-condition-policy: body,
weather,4,/ | /policies/shipping-delivery-policy | /shipping-policy,/,no,/: body | /policies/shipping-delivery-policy: body | /shipping-policy: body,
weaving,4,/collection/mayil-peacock-kanjivaram-mix | /collection/thangam-golden-weave-kanjivaram,/collection/mayil-peacock-kanjivaram-mix,no,/collection/mayil-peacock-kanjivaram-mix: body | /collection/thangam-golden-weave-kanjivaram: body,
web,4,/policies/privacy-policy | /privacy-policy,/policies/privacy-policy,no,/policies/privacy-policy: body | /privacy-policy: body,
websites,4,/policies/privacy-policy | /privacy-policy,/policies/privacy-policy,no,/policies/privacy-policy: body | /privacy-policy: body,
withdrawal,4,/policies/privacy-policy | /privacy-policy,/policies/privacy-policy,yes,/policies/privacy-policy: body | /privacy-policy: body,
woven,4,/why | /collection/fabric/silk | /collection/brown-and-mustard-light-silk | /collection/burnt-orange-temple-border-kanjivaram,/why,no,/why: body | /collection/fabric/silk: body | /collection/brown-and-mustard-light-silk: body | /collection/burnt-orange-temple-border-kanjivaram: body,
000a,3,/collection/fabric/chiffon | /collection/fabric/georgette,/collection/fabric/chiffon,no,/collection/fabric/chiffon: body | /collection/fabric/georgette: body,
000fabricgeorgettegradepre-loved,3,/collection/sunset-ombr-chiffon-draped-dream | /collection/midnight-garden-georgette-saree | /collection/rani-pink-georgette-garden-party,/collection/sunset-ombr-chiffon-draped-dream,no,/collection/sunset-ombr-chiffon-draped-dream: body | /collection/midnight-garden-georgette-saree: body | /collection/rani-pink-georgette-garden-party: body,
049add,3,/collection/mustard-organza-brown-border-drape | /collection/magenta-mist-chiffon-drape | /collection/midnight-zari-georgette,/collection/mustard-organza-brown-border-drape,no,/collection/mustard-organza-brown-border-drape: body | /collection/magenta-mist-chiffon-drape: body | /collection/midnight-zari-georgette: body,
1originsourced,3,/collection/midnight-zari-georgette | /collection/semmanjal-turmeric-gold-kanjeevaram | /collection/thangam-golden-weave-kanjivaram,/collection/midnight-zari-georgette,no,/collection/midnight-zari-georgette: body | /collection/semmanjal-turmeric-gold-kanjeevaram: body | /collection/thangam-golden-weave-kanjivaram: body,
7ftt,3,/our-story | /about | /stories,/our-story,no,/our-story: body | /about: body | /stories: body,
age-related,3,/policies/return-refund-policy | /policies/authentication-condition-policy | /return-policy,/policies/return-refund-policy,no,/policies/return-refund-policy: body | /policies/authentication-condition-policy: body | /return-policy: body,
appropriate,3,/policies/privacy-policy | /policies/sell-with-us-policy | /privacy-policy,/policies/privacy-policy,no,/policies/privacy-policy: body | /policies/sell-with-us-policy: body | /privacy-policy: body,
arrives,3,/authentication | /why | /packing,/authentication,yes,/authentication: body | /why: body | /packing: body,
arrow,3,/our-story | /about | /stories,/our-story,no,/our-story: body | /about: body | /stories: body,
authentic,3,/faqs | /authentication | /faq,/faqs,yes,/faqs: body | /authentication: body | /faq: body,
becomes,3,/faqs | /collection/fabric/georgette | /faq,/faqs,no,/faqs: body | /collection/fabric/georgette: body | /faq: body,
begin,3,/authentication | /sell-your-saree | /collection/fabric/silk,/authentication,no,/authentication: body | /sell-your-saree: body | /collection/fabric/silk: body,
bookfind,3,/our-story | /about | /stories,/our-story,no,/our-story: body | /about: body | /stories: body,
bringing,3,/faqs | /policies | /faq,/faqs,no,/faqs: body | /policies: body | /faq: body,
c123456,3,/our-story | /about | /stories,/our-story,no,/our-story: body | /about: body | /stories: body,
cartquestions,3,/collection/fabric/silk | /collection/fabric/chiffon | /collection/fabric/georgette,/collection/fabric/silk,no,/collection/fabric/silk: body | /collection/fabric/chiffon: body | /collection/fabric/georgette: body,
caused,3,/policies/return-refund-policy | /policies/care-packaging-policy | /return-policy,/policies/return-refund-policy,no,/policies/return-refund-policy: body | /policies/care-packaging-policy: body | /return-policy: body,
characteristics,3,/policies/terms-of-service | /policies/authentication-condition-policy | /terms-of-service,/policies/terms-of-service,no,/policies/terms-of-service: body | /policies/authentication-condition-policy: body | /terms-of-service: body,
chettinad,3,/collection/maroon-chettinad-cotton,/collection/maroon-chettinad-cotton,yes,/collection/maroon-chettinad-cotton: title/meta/H1,
chiffons,3,/faqs | /sell-your-saree | /faq,/faqs,no,/faqs: body | /sell-your-saree: body | /faq: body,
claim,3,/authentication | /policies/shipping-delivery-policy | /shipping-policy,/authentication,no,/authentication: body | /policies/shipping-delivery-policy: body | /shipping-policy: body,
clarity,3,/collection/fabric/silk | /blouses | /guides/pre-loved-vs-second-hand-saree,/collection/fabric/silk,no,/collection/fabric/silk: body | /blouses: body | /guides/pre-loved-vs-second-hand-saree: body,
complaint,3,/policies/privacy-policy | /policies/grievance-redressal | /privacy-policy,/policies/privacy-policy,yes,/policies/privacy-policy: body | /policies/grievance-redressal: body | /privacy-policy: body,
complaints,3,/policies/privacy-policy | /policies/grievance-redressal | /privacy-policy,/policies/privacy-policy,no,/policies/privacy-policy: body | /policies/grievance-redressal: body | /privacy-policy: body,
confidence,3,/ | /faqs | /faq,/,no,/: body | /faqs: body | /faq: body,
considered,3,/ | /guides/what-is-a-pre-loved-saree | /guides/pre-loved-vs-second-hand-saree,/,no,/: body | /guides/what-is-a-pre-loved-saree: body | /guides/pre-loved-vs-second-hand-saree: body,
copy,3,/policies/terms-of-service | /policies/sell-with-us-policy | /terms-of-service,/policies/terms-of-service,no,/policies/terms-of-service: body | /policies/sell-with-us-policy: body | /terms-of-service: body,
cottoncotton,3,/collection | /top-viewed | /collection/fabric/silk,/collection,no,/collection: body | /top-viewed: body | /collection/fabric/silk: body,
crease,3,/faqs | /policies/care-packaging-policy | /faq,/faqs,no,/faqs: body | /policies/care-packaging-policy: body | /faq: body,
current,3,/collection | /sell-your-saree | /policies/sell-with-us-policy,/collection,no,/collection: body | /sell-your-saree: body | /policies/sell-with-us-policy: body,
date,3,/policies/privacy-policy | /policies/grievance-redressal | /privacy-policy,/policies/privacy-policy,no,/policies/privacy-policy: body | /policies/grievance-redressal: body | /privacy-policy: body,
depending,3,/policies/terms-of-service | /policies/care-packaging-policy | /terms-of-service,/policies/terms-of-service,no,/policies/terms-of-service: body | /policies/care-packaging-policy: body | /terms-of-service: body,
designation,3,/policies/privacy-policy | /policies/grievance-redressal | /privacy-policy,/policies/privacy-policy,no,/policies/privacy-policy: body | /policies/grievance-redressal: body | /privacy-policy: body,
detail,3,/,/,yes,/: body,
detailsa,3,/sell-your-saree | /guides/what-is-a-pre-loved-saree | /guides/pre-loved-vs-second-hand-saree,/sell-your-saree,no,/sell-your-saree: body | /guides/what-is-a-pre-loved-saree: body | /guides/pre-loved-vs-second-hand-saree: body,
dinners,3,/ | /collection/fabric/chiffon,/,no,/: body | /collection/fabric/chiffon: body,
directly,3,/faqs | /policies/care-packaging-policy | /faq,/faqs,no,/faqs: body | /policies/care-packaging-policy: body | /faq: body,
dispute,3,/policies/privacy-policy | /policies/sell-with-us-policy | /privacy-policy,/policies/privacy-policy,no,/policies/privacy-policy: body | /policies/sell-with-us-policy: body | /privacy-policy: body,
down,3,/faqs | /authentication | /faq,/faqs,no,/faqs: body | /authentication: body | /faq: body,
dressed,3,/ | /collection/fabric/georgette,/,no,/: body | /collection/fabric/georgette: body,
during,3,/policies/shipping-delivery-policy | /policies/care-packaging-policy | /shipping-policy,/policies/shipping-delivery-policy,no,/policies/shipping-delivery-policy: body | /policies/care-packaging-policy: body | /shipping-policy: body,
ease,3,/ | /collection/fabric/chiffon,/,no,/: body | /collection/fabric/chiffon: body,
easy,3,/ | /collection/fabric/georgette,/,no,/: body | /collection/fabric/georgette: body,
edge,3,/collection | /collection/verdant-bloom-silk-burgundy-gold-border | /collection/pink-katan-triangle-zari-edge,/collection,yes,/collection: body | /collection/verdant-bloom-silk-burgundy-gold-border: title/meta/H1 | /collection/pink-katan-triangle-zari-edge: body,
else,3,/policies/privacy-policy | /guides/what-is-a-pre-loved-saree | /privacy-policy,/policies/privacy-policy,no,/policies/privacy-policy: body | /guides/what-is-a-pre-loved-saree: body | /privacy-policy: body,
enough,3,/guides/pre-loved-vs-second-hand-saree | /collection/fabric/chiffon | /collection/fabric/georgette,/guides/pre-loved-vs-second-hand-saree,no,/guides/pre-loved-vs-second-hand-saree: body | /collection/fabric/chiffon: body | /collection/fabric/georgette: body,
error,3,/policies/return-refund-policy | /policies/cancellation-policy | /return-policy,/policies/return-refund-policy,no,/policies/return-refund-policy: body | /policies/cancellation-policy: body | /return-policy: body,
everything,3,/ | /policies,/,no,/: body | /policies: body,
examined,3,/faqs | /authentication | /faq,/faqs,no,/faqs: body | /authentication: body | /faq: body,
exists,3,/faqs | /why | /faq,/faqs,no,/faqs: body | /why: body | /faq: body,
fibre,3,/authentication,/authentication,yes,/authentication: meta,
fraudulent,3,/policies/terms-of-service | /policies/cancellation-policy | /terms-of-service,/policies/terms-of-service,no,/policies/terms-of-service: body | /policies/cancellation-policy: body | /terms-of-service: body,
fully,3,/collection | /authentication,/collection,yes,/collection: body | /authentication: body,
future,3,/faqs | /why | /faq,/faqs,no,/faqs: body | /why: body | /faq: body,
gentle,3,/how-it-works | /guides/what-is-a-pre-loved-saree | /collection/fabric/chiffon,/how-it-works,no,/how-it-works: body | /guides/what-is-a-pre-loved-saree: body | /collection/fabric/chiffon: body,
girl,3,/collection/fabric/silk | /collection/moss-green-lightweight-silk-selai,/collection/fabric/silk,yes,/collection/fabric/silk: body | /collection/moss-green-lightweight-silk-selai: title/meta/H1,
giving,3,/ | /faqs | /faq,/,no,/: body | /faqs: body | /faq: body,
go,3,/faqs | /guides/pre-loved-vs-second-hand-saree | /faq,/faqs,no,/faqs: body | /guides/pre-loved-vs-second-hand-saree: body | /faq: body,
guidancepartnership,3,/ | /contact,/,no,/: body | /contact: body,
handconditionexcellentownershipuniqueprovenancesourced,3,/collection/gulabi-kota-cotton | /collection/kempu-pachai-and-bandhani | /collection/rose-vine-stripe-chiffon-saree,/collection/gulabi-kota-cotton,no,/collection/gulabi-kota-cotton: body | /collection/kempu-pachai-and-bandhani: body | /collection/rose-vine-stripe-chiffon-saree: body,
handwork,3,/faqs | /why | /faq,/faqs,no,/faqs: body | /why: body | /faq: body,
hear,3,/faqs | /sell-your-saree | /faq,/faqs,no,/faqs: body | /sell-your-saree: body | /faq: body,
held,3,/collection/magenta-mist-chiffon-drape | /collection/fabric/chiffon | /collection/fabric/georgette,/collection/magenta-mist-chiffon-drape,no,/collection/magenta-mist-chiffon-drape: body | /collection/fabric/chiffon: body | /collection/fabric/georgette: body,
helps,3,/sell-your-saree | /policies/shipping-delivery-policy | /shipping-policy,/sell-your-saree,no,/sell-your-saree: body | /policies/shipping-delivery-policy: body | /shipping-policy: body,
here,3,/authentication | /collection/fabric/silk | /blouses,/authentication,no,/authentication: body | /collection/fabric/silk: body | /blouses: body,
hereexplore,3,/sell-your-saree | /guides/what-is-a-pre-loved-saree | /guides/pre-loved-vs-second-hand-saree,/sell-your-saree,no,/sell-your-saree: body | /guides/what-is-a-pre-loved-saree: body | /guides/pre-loved-vs-second-hand-saree: body,
hidden,3,/authentication | /blouses | /guides/what-is-a-pre-loved-saree,/authentication,no,/authentication: body | /blouses: body | /guides/what-is-a-pre-loved-saree: body,
hold,3,/why | /policies/terms-of-service | /terms-of-service,/why,no,/why: body | /policies/terms-of-service: body | /terms-of-service: body,
honestly,3,/authentication | /guides/what-is-a-pre-loved-saree | /guides/pre-loved-vs-second-hand-saree,/authentication,yes,/authentication: body | /guides/what-is-a-pre-loved-saree: body | /guides/pre-loved-vs-second-hand-saree: body,
imperfections,3,/policies/terms-of-service | /policies/authentication-condition-policy | /terms-of-service,/policies/terms-of-service,no,/policies/terms-of-service: body | /policies/authentication-condition-policy: body | /terms-of-service: body,
incomplete,3,/policies/return-refund-policy | /policies/cancellation-policy | /return-policy,/policies/return-refund-policy,no,/policies/return-refund-policy: body | /policies/cancellation-policy: body | /return-policy: body,
inspected,3,/faqs | /authentication | /faq,/faqs,no,/faqs: body | /authentication: body | /faq: body,
integrity,3,/how-it-works | /authentication | /policies/authentication-condition-policy,/how-it-works,no,/how-it-works: body | /authentication: body | /policies/authentication-condition-policy: body,
ironing,3,/policies/return-refund-policy | /policies/care-packaging-policy | /return-policy,/policies/return-refund-policy,no,/policies/return-refund-policy: body | /policies/care-packaging-policy: body | /return-policy: body,
jewellery,3,/ | /policies/care-packaging-policy,/,no,/: body | /policies/care-packaging-policy: body,
katan,3,/collection | /collection/pink-katan-triangle-zari-edge,/collection,yes,/collection: body | /collection/pink-katan-triangle-zari-edge: title/meta/H1,
keeping,3,/policies/privacy-policy | /guides/what-is-a-pre-loved-saree | /privacy-policy,/policies/privacy-policy,no,/policies/privacy-policy: body | /guides/what-is-a-pre-loved-saree: body | /privacy-policy: body,
kesari,3,/collection/fabric/silk | /collection/midnight-kesari-cotton-drape,/collection/fabric/silk,yes,/collection/fabric/silk: body | /collection/midnight-kesari-cotton-drape: title/meta/H1,
key,3,/our-story | /about | /stories,/our-story,no,/our-story: body | /about: body | /stories: body,
linen,3,/collection | /collection/pachai-linen-golden-border-drape,/collection,yes,/collection: body | /collection/pachai-linen-golden-border-drape: title/meta/H1,
loom,3,/collection/moss-green-lightweight-silk-selai | /collection/heritage-zari-border-kanjivaram,/collection/moss-green-lightweight-silk-selai,no,/collection/moss-green-lightweight-silk-selai: body | /collection/heritage-zari-border-kanjivaram: body,
market,3,/sell-your-saree | /policies/sell-with-us-policy,/sell-your-saree,no,/sell-your-saree: body | /policies/sell-with-us-policy: body,
matching,3,/policies/terms-of-service | /policies/cancellation-policy | /terms-of-service,/policies/terms-of-service,no,/policies/terms-of-service: body | /policies/cancellation-policy: body | /terms-of-service: body,
materially,3,/policies/authentication-condition-policy,/policies/authentication-condition-policy,no,/policies/authentication-condition-policy: body,
mean,3,/authentication | /guides/what-is-a-pre-loved-saree | /guides/pre-loved-vs-second-hand-saree,/authentication,yes,/authentication: body | /guides/what-is-a-pre-loved-saree: meta | /guides/pre-loved-vs-second-hand-saree: body,
minimal,3,/ | /policies/authentication-condition-policy,/,no,/: body | /policies/authentication-condition-policy: body,
misdescription,3,/policies | /policies/return-refund-policy | /return-policy,/policies,no,/policies: body | /policies/return-refund-policy: body | /return-policy: body,
modern,3,/ | /authentication,/,no,/: body | /authentication: body,
moss,3,/collection | /collection/marigold-moss-cotton,/collection,yes,/collection: body | /collection/marigold-moss-cotton: title/meta/H1,
mustard,3,/collection/fabric/silk | /collection/brown-and-mustard-light-silk,/collection/fabric/silk,yes,/collection/fabric/silk: body | /collection/brown-and-mustard-light-silk: title/meta/H1,
notedmarks,3,/sell-your-saree | /guides/what-is-a-pre-loved-saree | /guides/pre-loved-vs-second-hand-saree,/sell-your-saree,no,/sell-your-saree: body | /guides/what-is-a-pre-loved-saree: body | /guides/pre-loved-vs-second-hand-saree: body,
old-world,3,/,/,no,/: body,
online,3,/policies/privacy-policy | /collection/fabric/silk | /privacy-policy,/policies/privacy-policy,yes,/policies/privacy-policy: body | /collection/fabric/silk: title | /privacy-policy: body,
ordinary,3,/faqs | /sell-your-saree | /faq,/faqs,no,/faqs: body | /sell-your-saree: body | /faq: body,
pagecoverpage,3,/our-story | /about | /stories,/our-story,no,/our-story: body | /about: body | /stories: body,
parcel,3,/packing | /policies/return-refund-policy | /return-policy,/packing,no,/packing: body | /policies/return-refund-policy: body | /return-policy: body,
passed,3,/faqs | /sell-your-saree | /faq,/faqs,no,/faqs: body | /sell-your-saree: body | /faq: body,
payout,3,/policies/privacy-policy | /policies/sell-with-us-policy | /privacy-policy,/policies/privacy-policy,no,/policies/privacy-policy: body | /policies/sell-with-us-policy: body | /privacy-policy: body,
placing,3,/policies/terms-of-service | /policies/cancellation-policy | /terms-of-service,/policies/terms-of-service,no,/policies/terms-of-service: body | /policies/cancellation-policy: body | /terms-of-service: body,
pleats,3,/ | /collection/fabric/georgette,/,no,/: body | /collection/fabric/georgette: body,
policyprocessing,3,/faqs | /policies | /faq,/faqs,no,/faqs: body | /policies: body | /faq: body,
preserve,3,/how-it-works | /policies/care-packaging-policy,/how-it-works,no,/how-it-works: body | /policies/care-packaging-policy: body,
press,3,/our-story | /about | /stories,/our-story,no,/our-story: body | /about: body | /stories: body,
presssomething,3,/ | /contact,/,no,/: body | /contact: body,
previous,3,/faqs | /policies/authentication-condition-policy | /faq,/faqs,no,/faqs: body | /policies/authentication-condition-policy: body | /faq: body,
priced,3,/sell-your-saree | /policies/terms-of-service | /terms-of-service,/sell-your-saree,no,/sell-your-saree: body | /policies/terms-of-service: body | /terms-of-service: body,
processftt,3,/policies/sell-with-us-policy | /guides/what-is-a-pre-loved-saree | /guides/pre-loved-vs-second-hand-saree,/policies/sell-with-us-policy,no,/policies/sell-with-us-policy: body | /guides/what-is-a-pre-loved-saree: body | /guides/pre-loved-vs-second-hand-saree: body,
professional,3,/policies/privacy-policy | /policies/care-packaging-policy | /privacy-policy,/policies/privacy-policy,no,/policies/privacy-policy: body | /policies/care-packaging-policy: body | /privacy-policy: body,
provenancecontentspreviousnext,3,/our-story | /about | /stories,/our-story,no,/our-story: body | /about: body | /stories: body,
questionseverything,3,/sell-your-saree | /guides/what-is-a-pre-loved-saree | /guides/pre-loved-vs-second-hand-saree,/sell-your-saree,no,/sell-your-saree: body | /guides/what-is-a-pre-loved-saree: body | /guides/pre-loved-vs-second-hand-saree: body,
questionsftt,3,/sell-your-saree | /guides/what-is-a-pre-loved-saree | /guides/pre-loved-vs-second-hand-saree,/sell-your-saree,no,/sell-your-saree: body | /guides/what-is-a-pre-loved-saree: body | /guides/pre-loved-vs-second-hand-saree: body,
reason,3,/policies/return-refund-policy | /guides/pre-loved-vs-second-hand-saree | /return-policy,/policies/return-refund-policy,no,/policies/return-refund-policy: body | /guides/pre-loved-vs-second-hand-saree: body | /return-policy: body,
recommend,3,/policies/shipping-delivery-policy | /policies/care-packaging-policy | /shipping-policy,/policies/shipping-delivery-policy,no,/policies/shipping-delivery-policy: body | /policies/care-packaging-policy: body | /shipping-policy: body,
reduces,3,/ | /faqs | /faq,/,no,/: body | /faqs: body | /faq: body,
refold,3,/faqs | /policies/care-packaging-policy | /faq,/faqs,no,/faqs: body | /policies/care-packaging-policy: body | /faq: body,
related,3,/packing | /policies/privacy-policy | /privacy-policy,/packing,yes,/packing: body | /policies/privacy-policy: body | /privacy-policy: body,
sareepre-loved,3,/collection/fabric/silk | /collection/fabric/chiffon | /collection/fabric/georgette,/collection/fabric/silk,no,/collection/fabric/silk: body | /collection/fabric/chiffon: body | /collection/fabric/georgette: body,
sareeswipe,3,/our-story | /about | /stories,/our-story,no,/our-story: body | /about: body | /stories: body,
sareeverifiedby,3,/collection/teal-blue-moody-silk-drape | /collection/reddish-mango-cotton-orange-border | /collection/green-chiffon-with-fancy-border,/collection/teal-blue-moody-silk-drape,no,/collection/teal-blue-moody-silk-drape: body | /collection/reddish-mango-cotton-orange-border: body | /collection/green-chiffon-with-fancy-border: body,
selai,3,/collection/fabric/silk | /collection/moss-green-lightweight-silk-selai,/collection/fabric/silk,yes,/collection/fabric/silk: body | /collection/moss-green-lightweight-silk-selai: title/meta/H1,
separately,3,/faqs | /policies/sell-with-us-policy | /faq,/faqs,no,/faqs: body | /policies/sell-with-us-policy: body | /faq: body,
servicethe,3,/faqs | /policies | /faq,/faqs,no,/faqs: body | /policies: body | /faq: body,
shared,3,/policies/privacy-policy | /policies/sell-with-us-policy | /privacy-policy,/policies/privacy-policy,no,/policies/privacy-policy: body | /policies/sell-with-us-policy: body | /privacy-policy: body,
sharing,3,/contact | /policies/privacy-policy | /privacy-policy,/contact,yes,/contact: body | /policies/privacy-policy: body | /privacy-policy: body,
shipped,3,/authentication | /policies/return-refund-policy | /return-policy,/authentication,no,/authentication: body | /policies/return-refund-policy: body | /return-policy: body,
significant,3,/policies | /policies/return-refund-policy | /return-policy,/policies,no,/policies: body | /policies/return-refund-policy: body | /return-policy: body,
silks,3,/faqs | /sell-your-saree | /faq,/faqs,no,/faqs: body | /sell-your-saree: body | /faq: body,
sitting,3,/faqs | /sell-your-saree | /faq,/faqs,no,/faqs: body | /sell-your-saree: body | /faq: body,
slight,3,/policies/return-refund-policy | /policies/authentication-condition-policy | /return-policy,/policies/return-refund-policy,no,/policies/return-refund-policy: body | /policies/authentication-condition-policy: body | /return-policy: body,
sourced,3,/collection/nava-pazham-kanjeevaram-silk | /collection/fabric/georgette,/collection/nava-pazham-kanjeevaram-silk,no,/collection/nava-pazham-kanjeevaram-silk: body | /collection/fabric/georgette: body,
special,3,/policies/terms-of-service | /policies/care-packaging-policy | /terms-of-service,/policies/terms-of-service,no,/policies/terms-of-service: body | /policies/care-packaging-policy: body | /terms-of-service: body,
standarda,3,/sell-your-saree | /guides/what-is-a-pre-loved-saree | /guides/pre-loved-vs-second-hand-saree,/sell-your-saree,no,/sell-your-saree: body | /guides/what-is-a-pre-loved-saree: body | /guides/pre-loved-vs-second-hand-saree: body,
start,3,/ | /authentication | /collection/fabric/silk,/,no,/: body | /authentication: body | /collection/fabric/silk: body,
storing,3,/faqs | /policies/care-packaging-policy | /faq,/faqs,no,/faqs: body | /policies/care-packaging-policy: body | /faq: body,
story-ledthe,3,/sell-your-saree | /guides/what-is-a-pre-loved-saree | /guides/pre-loved-vs-second-hand-saree,/sell-your-saree,no,/sell-your-saree: body | /guides/what-is-a-pre-loved-saree: body | /guides/pre-loved-vs-second-hand-saree: body,
storyelegance,3,/our-story | /about | /stories,/our-story,no,/our-story: body | /about: body | /stories: body,
strength,3,/how-it-works | /authentication,/how-it-works,no,/how-it-works: body | /authentication: body,
subject,3,/policies/sell-with-us-policy | /policies/grievance-redressal,/policies/sell-with-us-policy,no,/policies/sell-with-us-policy: body | /policies/grievance-redressal: body,
submitting,3,/policies/terms-of-service | /policies/sell-with-us-policy | /terms-of-service,/policies/terms-of-service,no,/policies/terms-of-service: body | /policies/sell-with-us-policy: body | /terms-of-service: body,
suits,3,/,/,no,/: body,
supportgrievance,3,/faqs | /policies/grievance-redressal | /faq,/faqs,no,/faqs: body | /policies/grievance-redressal: body | /faq: body,
suspicious,3,/policies/terms-of-service | /policies/cancellation-policy | /terms-of-service,/policies/terms-of-service,no,/policies/terms-of-service: body | /policies/cancellation-policy: body | /terms-of-service: body,
tears,3,/how-it-works | /authentication | /policies/authentication-condition-policy,/how-it-works,no,/how-it-works: body | /authentication: body | /policies/authentication-condition-policy: body,
tell,3,/,/,yes,/: body,
texture,3,/,/,no,/: body,
things,3,/why | /policies/privacy-policy | /privacy-policy,/why,no,/why: body | /policies/privacy-policy: body | /privacy-policy: body,
timeless,3,/,/,no,/: body,
treat,3,/faqs | /sell-your-saree | /faq,/faqs,no,/faqs: body | /sell-your-saree: body | /faq: body,
turn,3,/our-story | /about | /stories,/our-story,no,/our-story: body | /about: body | /stories: body,
undisclosed,3,/policies | /policies/return-refund-policy | /return-policy,/policies,no,/policies: body | /policies/return-refund-policy: body | /return-policy: body,
unworn,3,/faqs | /sell-your-saree | /faq,/faqs,no,/faqs: body | /sell-your-saree: body | /faq: body,
usually,3,/policies/shipping-delivery-policy | /guides/pre-loved-vs-second-hand-saree | /shipping-policy,/policies/shipping-delivery-policy,no,/policies/shipping-delivery-policy: body | /guides/pre-loved-vs-second-hand-saree: body | /shipping-policy: body,
wardrobes,3,/collection | /how-it-works,/collection,no,/collection: body | /how-it-works: body,
wearable,3,/ | /sell-your-saree | /policies/authentication-condition-policy,/,no,/: body | /sell-your-saree: body | /policies/authentication-condition-policy: body,
wearing,3,/faqs | /policies/care-packaging-policy | /faq,/faqs,yes,/faqs: body | /policies/care-packaging-policy: body | /faq: body,
wine,3,/collection/deep-wine-organza,/collection/deep-wine-organza,yes,/collection/deep-wine-organza: title/meta/H1,
000checked,2,/top-viewed | /collection/fabric/silk,/top-viewed,no,/top-viewed: body | /collection/fabric/silk: body,
000contemporary,2,/collection/thangam-golden-weave-kanjivaram | /collection/moss-green-lightweight-silk-selai,/collection/thangam-golden-weave-kanjivaram,no,/collection/thangam-golden-weave-kanjivaram: body | /collection/moss-green-lightweight-silk-selai: body,
000kempu,2,/top-viewed | /collection/fabric/silk,/top-viewed,no,/top-viewed: body | /collection/fabric/silk: body,
01georgettebest,2,/,/,no,/: body,
02cottonbest,2,/,/,no,/: body,
02trust,2,/guides/what-is-a-pre-loved-saree | /guides/pre-loved-vs-second-hand-saree,/guides/what-is-a-pre-loved-saree,no,/guides/what-is-a-pre-loved-saree: body | /guides/pre-loved-vs-second-hand-saree: body,
02we,2,/why | /sell-your-saree,/why,no,/why: body | /sell-your-saree: body,
03choose,2,/guides/what-is-a-pre-loved-saree | /guides/pre-loved-vs-second-hand-saree,/guides/what-is-a-pre-loved-saree,no,/guides/what-is-a-pre-loved-saree: body | /guides/pre-loved-vs-second-hand-saree: body,
03kanjeevarambest,2,/,/,no,/: body,
049view,2,/,/,no,/: body,
04silkbest,2,/,/,no,/: body,
05kota,2,/,/,no,/: body,
06chiffonbest,2,/,/,no,/: body,
07kanjeevaram,2,/,/,no,/: body,
08organzabest,2,/,/,no,/: body,
09cotton,2,/,/,no,/: body,
10product,2,/collection/colorful-vintage-kanjeevaram | /collection/kempu-pachai-and-bandhani,/collection/colorful-vintage-kanjeevaram,no,/collection/colorful-vintage-kanjeevaram: body | /collection/kempu-pachai-and-bandhani: body,
11product,2,/collection/mayil-peacock-kanjivaram-mix | /collection/pachai-linen-golden-border-drape,/collection/mayil-peacock-kanjivaram-mix,no,/collection/mayil-peacock-kanjivaram-mix: body | /collection/pachai-linen-golden-border-drape: body,
14product,2,/collection/midnight-zari-georgette | /collection/semmanjal-turmeric-gold-kanjeevaram,/collection/midnight-zari-georgette,no,/collection/midnight-zari-georgette: body | /collection/semmanjal-turmeric-gold-kanjeevaram: body,
15k,2,/collection,/collection,no,/collection: body,
1originappears,2,/collection/mayil-peacock-kanjivaram-mix | /collection/moss-green-lightweight-silk-selai,/collection/mayil-peacock-kanjivaram-mix,no,/collection/mayil-peacock-kanjivaram-mix: body | /collection/moss-green-lightweight-silk-selai: body,
1originkanchipuram,2,/collection/burnt-orange-temple-border-kanjivaram | /collection/nava-pazham-kanjeevaram-silk,/collection/burnt-orange-temple-border-kanjivaram,no,/collection/burnt-orange-temple-border-kanjivaram: body | /collection/nava-pazham-kanjeevaram-silk: body,
1view,2,/,/,no,/: body,
2-5,2,/policies/shipping-delivery-policy | /shipping-policy,/policies/shipping-delivery-policy,no,/policies/shipping-delivery-policy: body | /shipping-policy: body,
2026sectionsabout,2,/policies/terms-of-service | /terms-of-service,/policies/terms-of-service,no,/policies/terms-of-service: body | /terms-of-service: body,
2026sectionsinformation,2,/policies/privacy-policy | /privacy-policy,/policies/privacy-policy,no,/policies/privacy-policy: body | /privacy-policy: body,
2026sectionsprocessing,2,/policies/shipping-delivery-policy | /shipping-policy,/policies/shipping-delivery-policy,no,/policies/shipping-delivery-policy: body | /shipping-policy: body,
2026sectionsreturn,2,/policies/return-refund-policy | /return-policy,/policies/return-refund-policy,no,/policies/return-refund-policy: body | /return-policy: body,
3-7,2,/policies/shipping-delivery-policy | /shipping-policy,/policies/shipping-delivery-policy,no,/policies/shipping-delivery-policy: body | /shipping-policy: body,
499add,2,/collection/marigold-moss-cotton | /collection/brown-and-mustard-light-silk,/collection/marigold-moss-cotton,no,/collection/marigold-moss-cotton: body | /collection/brown-and-mustard-light-silk: body,
5-10,2,/policies/shipping-delivery-policy | /shipping-policy,/policies/shipping-delivery-policy,no,/policies/shipping-delivery-policy: body | /shipping-policy: body,
50,2,/collection,/collection,no,/collection: body,
500fabriccottongradepre-loved,2,/collection/orange-blossom-cotton-weave | /collection/blush-green-handwoven-cotton-drape,/collection/orange-blossom-cotton-weave,no,/collection/orange-blossom-cotton-weave: body | /collection/blush-green-handwoven-cotton-drape: body,
50k,2,/collection,/collection,no,/collection: body,
5k,2,/collection,/collection,no,/collection: body,
5previousnext12345,2,/our-team | /founders,/our-team,no,/our-team: body | /founders: body,
6what,2,/ | /contact,/,no,/: body | /contact: body,
7-10,2,/policies/return-refund-policy | /return-policy,/policies/return-refund-policy,no,/policies/return-refund-policy: body | /return-policy: body,
8product,2,/collection/blush-green-handwoven-cotton-drape | /collection/rani-pink-georgette-garden-party,/collection/blush-green-handwoven-cotton-drape,no,/collection/blush-green-handwoven-cotton-drape: body | /collection/rani-pink-georgette-garden-party: body,
9product,2,/collection/green-chiffon-with-fancy-border | /collection/gulabi-kota-cotton,/collection/green-chiffon-with-fancy-border,no,/collection/green-chiffon-with-fancy-border: body | /collection/gulabi-kota-cotton: body,
acceptance,2,/sell-your-saree | /policies/sell-with-us-policy,/sell-your-saree,no,/sell-your-saree: body | /policies/sell-with-us-policy: body,
accessing,2,/policies/terms-of-service | /terms-of-service,/policies/terms-of-service,no,/policies/terms-of-service: body | /terms-of-service: body,
accountants,2,/policies/privacy-policy | /privacy-policy,/policies/privacy-policy,no,/policies/privacy-policy: body | /privacy-policy: body,
added,2,/blouses,/blouses,yes,/blouses: body,
addresses,2,/policies/privacy-policy | /privacy-policy,/policies/privacy-policy,no,/policies/privacy-policy: body | /privacy-policy: body,
advisers,2,/policies/privacy-policy | /privacy-policy,/policies/privacy-policy,no,/policies/privacy-policy: body | /privacy-policy: body,
aggregate,2,/policies/privacy-policy | /privacy-policy,/policies/privacy-policy,no,/policies/privacy-policy: body | /privacy-policy: body,
agree,2,/policies/terms-of-service | /terms-of-service,/policies/terms-of-service,no,/policies/terms-of-service: body | /terms-of-service: body,
agreement,2,/policies/return-refund-policy | /return-policy,/policies/return-refund-policy,no,/policies/return-refund-policy: body | /return-policy: body,
aim,2,/policies/grievance-redressal,/policies/grievance-redressal,no,/policies/grievance-redressal: body,
air,2,/faqs | /faq,/faqs,no,/faqs: body | /faq: body,
airy,2,/,/,no,/: body,
allow,2,/policies/privacy-policy | /privacy-policy,/policies/privacy-policy,no,/policies/privacy-policy: body | /privacy-policy: body,
along,2,/faqs | /faq,/faqs,no,/faqs: body | /faq: body,
altered,2,/policies/return-refund-policy | /return-policy,/policies/return-refund-policy,no,/policies/return-refund-policy: body | /return-policy: body,
amount,2,/policies/terms-of-service | /terms-of-service,/policies/terms-of-service,no,/policies/terms-of-service: body | /terms-of-service: body,
ananya,2,/,/,no,/: body,
answeredwhat,2,/faqs | /faq,/faqs,no,/faqs: body | /faq: body,
answers,2,/faqs | /faq,/faqs,yes,/faqs: meta | /faq: meta,
apply,2,/policies/shipping-delivery-policy | /shipping-policy,/policies/shipping-delivery-policy,no,/policies/shipping-delivery-policy: body | /shipping-policy: body,
approve,2,/policies/return-refund-policy | /return-policy,/policies/return-refund-policy,no,/policies/return-refund-policy: body | /return-policy: body,
approving,2,/policies/return-refund-policy | /return-policy,/policies/return-refund-policy,no,/policies/return-refund-policy: body | /return-policy: body,
apps,2,/policies/privacy-policy | /privacy-policy,/policies/privacy-policy,no,/policies/privacy-policy: body | /privacy-policy: body,
arising,2,/policies/terms-of-service | /terms-of-service,/policies/terms-of-service,no,/policies/terms-of-service: body | /terms-of-service: body,
around,2,/sell-your-saree | /packing,/sell-your-saree,no,/sell-your-saree: body | /packing: body,
arrange,2,/policies/return-refund-policy | /return-policy,/policies/return-refund-policy,no,/policies/return-refund-policy: body | /return-policy: body,
arrivals,2,/,/,yes,/: body,
asked,2,/,/,no,/: body,
attempt,2,/policies/terms-of-service | /terms-of-service,/policies/terms-of-service,no,/policies/terms-of-service: body | /terms-of-service: body,
attempts,2,/policies/shipping-delivery-policy | /shipping-policy,/policies/shipping-delivery-policy,yes,/policies/shipping-delivery-policy: body | /shipping-policy: body,
attemptsinternational,2,/policies/shipping-delivery-policy | /shipping-policy,/policies/shipping-delivery-policy,no,/policies/shipping-delivery-policy: body | /shipping-policy: body,
attemptsplease,2,/policies/shipping-delivery-policy | /shipping-policy,/policies/shipping-delivery-policy,no,/policies/shipping-delivery-policy: body | /shipping-policy: body,
auditors,2,/policies/privacy-policy | /privacy-policy,/policies/privacy-policy,no,/policies/privacy-policy: body | /privacy-policy: body,
authenticityauthentication,2,/faqs | /faq,/faqs,no,/faqs: body | /faq: body,
authorities,2,/policies/privacy-policy | /privacy-policy,/policies/privacy-policy,no,/policies/privacy-policy: body | /privacy-policy: body,
balances,2,/,/,no,/: body,
banarasi,2,/authentication | /sell-your-saree,/authentication,no,/authentication: body | /sell-your-saree: body,Protected commercial term retained by audit normalization.
bandhanisilk,2,/top-viewed | /collection/fabric/silk,/top-viewed,no,/top-viewed: body | /collection/fabric/silk: body,
bank,2,/policies/return-refund-policy | /return-policy,/policies/return-refund-policy,no,/policies/return-refund-policy: body | /return-policy: body,
banner,2,/policies/privacy-policy | /privacy-policy,/policies/privacy-policy,no,/policies/privacy-policy: body | /privacy-policy: body,
believe,2,/faqs | /faq,/faqs,no,/faqs: body | /faq: body,
belong,2,/policies/terms-of-service | /terms-of-service,/policies/terms-of-service,no,/policies/terms-of-service: body | /terms-of-service: body,
bengaluru,2,/policies/terms-of-service | /terms-of-service,/policies/terms-of-service,no,/policies/terms-of-service: body | /terms-of-service: body,
best,2,/policies/terms-of-service | /terms-of-service,/policies/terms-of-service,no,/policies/terms-of-service: body | /terms-of-service: body,
billing,2,/policies/privacy-policy | /privacy-policy,/policies/privacy-policy,no,/policies/privacy-policy: body | /privacy-policy: body,
blend,2,/collection | /collection/pachai-linen-golden-border-drape,/collection,yes,/collection: body | /collection/pachai-linen-golden-border-drape: title/meta/H1,
blossom,2,/collection/orange-blossom-cotton-weave,/collection/orange-blossom-cotton-weave,yes,/collection/orange-blossom-cotton-weave: title/meta/H1,
book,2,/our-team | /founders,/our-team,no,/our-team: body | /founders: body,
book-like,2,/our-team | /founders,/our-team,no,/our-team: body | /founders: body,
browsing,2,/policies/privacy-policy | /privacy-policy,/policies/privacy-policy,no,/policies/privacy-policy: body | /privacy-policy: body,
burnt,2,/collection/burnt-orange-temple-border-kanjivaram,/collection/burnt-orange-temple-border-kanjivaram,yes,/collection/burnt-orange-temple-border-kanjivaram: title/meta/H1,
buttons,2,/policies/privacy-policy | /privacy-policy,/policies/privacy-policy,no,/policies/privacy-policy: body | /privacy-policy: body,
camera,2,/policies/terms-of-service | /terms-of-service,/policies/terms-of-service,no,/policies/terms-of-service: body | /terms-of-service: body,
camphor,2,/faqs | /faq,/faqs,no,/faqs: body | /faq: body,
cancellationscancellation,2,/faqs | /faq,/faqs,no,/faqs: body | /faq: body,
carecare,2,/faqs | /faq,/faqs,no,/faqs: body | /faq: body,
cared,2,/faqs | /faq,/faqs,no,/faqs: body | /faq: body,
carefaqsreturn,2,/policies/privacy-policy | /privacy-policy,/policies/privacy-policy,no,/policies/privacy-policy: body | /privacy-policy: body,
careour,2,/sell-your-saree | /packing,/sell-your-saree,no,/sell-your-saree: body | /packing: body,
caring,2,/guides/what-is-a-pre-loved-saree | /guides/pre-loved-vs-second-hand-saree,/guides/what-is-a-pre-loved-saree,yes,/guides/what-is-a-pre-loved-saree: body | /guides/pre-loved-vs-second-hand-saree: body,
carries,2,/ | /why,/,no,/: body | /why: body,
cartintellectual,2,/policies/terms-of-service | /terms-of-service,/policies/terms-of-service,no,/policies/terms-of-service: body | /terms-of-service: body,
cartpre-lovedgreen,2,/collection | /collection/fabric/silk,/collection,no,/collection: body | /collection/fabric/silk: body,
cartpre-lovedkempu,2,/top-viewed | /collection/fabric/silk,/top-viewed,no,/top-viewed: body | /collection/fabric/silk: body,
cartpre-lovedred,2,/top-viewed | /collection/fabric/silk,/top-viewed,no,/top-viewed: body | /collection/fabric/silk: body,
cartthe,2,/collection,/collection,no,/collection: body,
cartyou,2,/policies/terms-of-service | /terms-of-service,/policies/terms-of-service,no,/policies/terms-of-service: body | /terms-of-service: body,
cases,2,/policies/return-refund-policy | /return-policy,/policies/return-refund-policy,no,/policies/return-refund-policy: body | /return-policy: body,
celebratory,2,/,/,no,/: body,
ceremonial,2,/,/,no,/: body,
changed,2,/faqs | /faq,/faqs,no,/faqs: body | /faq: body,
changes,2,/blouses | /collection/fabric/georgette,/blouses,no,/blouses: body | /collection/fabric/georgette: body,
charged,2,/faqs | /faq,/faqs,no,/faqs: body | /faq: body,
chargesexchanges,2,/policies/return-refund-policy | /return-policy,/policies/return-refund-policy,no,/policies/return-refund-policy: body | /return-policy: body,
chargesoriginal,2,/policies/return-refund-policy | /return-policy,/policies/return-refund-policy,no,/policies/return-refund-policy: body | /return-policy: body,
chargesshipping,2,/policies/shipping-delivery-policy | /shipping-policy,/policies/shipping-delivery-policy,no,/policies/shipping-delivery-policy: body | /shipping-policy: body,
chargestrackingdelivery,2,/policies/shipping-delivery-policy | /shipping-policy,/policies/shipping-delivery-policy,no,/policies/shipping-delivery-policy: body | /shipping-policy: body,
charm,2,/,/,no,/: body,
chat,2,/policies/privacy-policy | /privacy-policy,/policies/privacy-policy,no,/policies/privacy-policy: body | /privacy-policy: body,
checkedownershipuniqueprovenancekanchipuram,2,/collection/burnt-orange-temple-border-kanjivaram | /collection/nava-pazham-kanjeevaram-silk,/collection/burnt-orange-temple-border-kanjivaram,no,/collection/burnt-orange-temple-border-kanjivaram: body | /collection/nava-pazham-kanjeevaram-silk: body,
cherished,2,/faqs | /faq,/faqs,no,/faqs: body | /faq: body,
chiffonverifiedby,2,/collection/kesari-sunset-chiffon-saree | /collection/rose-vine-stripe-chiffon-saree,/collection/kesari-sunset-chiffon-saree,no,/collection/kesari-sunset-chiffon-saree: body | /collection/rose-vine-stripe-chiffon-saree: body,
choices,2,/policies/privacy-policy | /privacy-policy,/policies/privacy-policy,no,/policies/privacy-policy: body | /privacy-policy: body,
chosen,2,/how-it-works | /collection/fabric/georgette,/how-it-works,no,/how-it-works: body | /collection/fabric/georgette: body,
cities,2,/policies/shipping-delivery-policy | /shipping-policy,/policies/shipping-delivery-policy,no,/policies/shipping-delivery-policy: body | /shipping-policy: body,
claims,2,/policies/terms-of-service | /terms-of-service,/policies/terms-of-service,no,/policies/terms-of-service: body | /terms-of-service: body,
clearly,2,/policies | /sell-your-saree,/policies,no,/policies: body | /sell-your-saree: body,
closely,2,/authentication | /why,/authentication,no,/authentication: body | /why: body,
collectaccount,2,/policies/privacy-policy | /privacy-policy,/policies/privacy-policy,no,/policies/privacy-policy: body | /privacy-policy: body,
collected,2,/policies/privacy-policy | /privacy-policy,/policies/privacy-policy,no,/policies/privacy-policy: body | /privacy-policy: body,
collecthow,2,/policies/privacy-policy | /privacy-policy,/policies/privacy-policy,no,/policies/privacy-policy: body | /privacy-policy: body,
collectionare,2,/faqs | /faq,/faqs,no,/faqs: body | /faq: body,
collectionhow,2,/faqs | /faq,/faqs,no,/faqs: body | /faq: body,
collectionpre-loved,2,/collection | /guides/what-is-a-pre-loved-saree,/collection,no,/collection: body | /guides/what-is-a-pre-loved-saree: body,
collections,2,/policies/privacy-policy | /privacy-policy,/policies/privacy-policy,no,/policies/privacy-policy: body | /privacy-policy: body,
comfort,2,/,/,no,/: body,
completed,2,/policies/return-refund-policy | /return-policy,/policies/return-refund-policy,no,/policies/return-refund-policy: body | /return-policy: body,
completely,2,/policies/privacy-policy | /privacy-policy,/policies/privacy-policy,no,/policies/privacy-policy: body | /privacy-policy: body,
comply,2,/policies/privacy-policy | /privacy-policy,/policies/privacy-policy,no,/policies/privacy-policy: body | /privacy-policy: body,
condition-graded,2,/collection,/collection,no,/collection: body,
conditions,2,/policies/return-refund-policy | /return-policy,/policies/return-refund-policy,no,/policies/return-refund-policy: body | /return-policy: body,
conditionsthe,2,/policies/terms-of-service | /terms-of-service,/policies/terms-of-service,no,/policies/terms-of-service: body | /terms-of-service: body,
confidence01understand,2,/guides/what-is-a-pre-loved-saree | /guides/pre-loved-vs-second-hand-saree,/guides/what-is-a-pre-loved-saree,no,/guides/what-is-a-pre-loved-saree: body | /guides/pre-loved-vs-second-hand-saree: body,
confidential,2,/policies/privacy-policy | /privacy-policy,/policies/privacy-policy,no,/policies/privacy-policy: body | /privacy-policy: body,
confidentiality,2,/policies/terms-of-service | /terms-of-service,/policies/terms-of-service,no,/policies/terms-of-service: body | /terms-of-service: body,
consciouslypre-loved,2,/guides/what-is-a-pre-loved-saree | /guides/pre-loved-vs-second-hand-saree,/guides/what-is-a-pre-loved-saree,no,/guides/what-is-a-pre-loved-saree: body | /guides/pre-loved-vs-second-hand-saree: body,
consequential,2,/policies/terms-of-service | /terms-of-service,/policies/terms-of-service,no,/policies/terms-of-service: body | /terms-of-service: body,
consign,2,/sell-your-saree,/sell-your-saree,yes,/sell-your-saree: H1,
consignor,2,/policies/privacy-policy | /privacy-policy,/policies/privacy-policy,no,/policies/privacy-policy: body | /privacy-policy: body,
consignsell,2,/faqs | /faq,/faqs,no,/faqs: body | /faq: body,
consistent,2,/policies/return-refund-policy | /return-policy,/policies/return-refund-policy,no,/policies/return-refund-policy: body | /return-policy: body,
consult,2,/,/,no,/: body,
consultants,2,/policies/privacy-policy | /privacy-policy,/policies/privacy-policy,no,/policies/privacy-policy: body | /privacy-policy: body,
consumer,2,/policies/terms-of-service | /terms-of-service,/policies/terms-of-service,no,/policies/terms-of-service: body | /terms-of-service: body,
consumer-protection,2,/policies/privacy-policy | /privacy-policy,/policies/privacy-policy,no,/policies/privacy-policy: body | /privacy-policy: body,
contacts,2,/policies/privacy-policy | /privacy-policy,/policies/privacy-policy,no,/policies/privacy-policy: body | /privacy-policy: body,
contain,2,/policies/privacy-policy | /privacy-policy,/policies/privacy-policy,no,/policies/privacy-policy: body | /privacy-policy: body,
contentspreviousnext,2,/our-team | /founders,/our-team,no,/our-team: body | /founders: body,
cookiessupportpre-loved,2,/faqs | /faq,/faqs,no,/faqs: body | /faq: body,
coordinate,2,/policies/shipping-delivery-policy | /shipping-policy,/policies/shipping-delivery-policy,no,/policies/shipping-delivery-policy: body | /shipping-policy: body,
copied,2,/policies/terms-of-service | /terms-of-service,/policies/terms-of-service,no,/policies/terms-of-service: body | /terms-of-service: body,
correct,2,/policies/shipping-delivery-policy | /shipping-policy,/policies/shipping-delivery-policy,no,/policies/shipping-delivery-policy: body | /shipping-policy: body,
correction,2,/policies/privacy-policy | /privacy-policy,/policies/privacy-policy,no,/policies/privacy-policy: body | /privacy-policy: body,
cost,2,/policies/cancellation-policy | /policies/sell-with-us-policy,/policies/cancellation-policy,no,/policies/cancellation-policy: body | /policies/sell-with-us-policy: body,
cottonbest,2,/,/,no,/: body,
cottonthe,2,/collection/autumn-ember-golden-leaf-cotton | /collection/brown-kapi-cotton-black-line-border,/collection/autumn-ember-golden-leaf-cotton,no,/collection/autumn-ember-golden-leaf-cotton: body | /collection/brown-kapi-cotton-black-line-border: body,
courts,2,/policies/terms-of-service | /terms-of-service,/policies/terms-of-service,no,/policies/terms-of-service: body | /terms-of-service: body,
create,2,/policies/privacy-policy | /privacy-policy,/policies/privacy-policy,no,/policies/privacy-policy: body | /privacy-policy: body,
creditdamaged,2,/policies/return-refund-policy | /return-policy,/policies/return-refund-policy,no,/policies/return-refund-policy: body | /return-policy: body,
creditwe,2,/policies/return-refund-policy | /return-policy,/policies/return-refund-policy,no,/policies/return-refund-policy: body | /return-policy: body,
cues,2,/faqs | /faq,/faqs,no,/faqs: body | /faq: body,
currently,2,/policies/shipping-delivery-policy | /shipping-policy,/policies/shipping-delivery-policy,no,/policies/shipping-delivery-policy: body | /shipping-policy: body,
customer-support,2,/policies/privacy-policy | /privacy-policy,/policies/privacy-policy,no,/policies/privacy-policy: body | /privacy-policy: body,
customs,2,/policies/return-refund-policy | /return-policy,/policies/return-refund-policy,no,/policies/return-refund-policy: body | /return-policy: body,
damages,2,/policies/terms-of-service | /terms-of-service,/policies/terms-of-service,no,/policies/terms-of-service: body | /terms-of-service: body,
dark,2,/collection/fabric/silk | /collection/midnight-kesari-cotton-drape,/collection/fabric/silk,no,/collection/fabric/silk: body | /collection/midnight-kesari-cotton-drape: body,
day-to-evening,2,/,/,no,/: body,
daytime,2,/,/,no,/: body,
debit,2,/faqs | /faq,/faqs,no,/faqs: body | /faq: body,
decisionftt,2,/policies/return-refund-policy | /return-policy,/policies/return-refund-policy,no,/policies/return-refund-policy: body | /return-policy: body,
decisionreturn,2,/policies/return-refund-policy | /return-policy,/policies/return-refund-policy,no,/policies/return-refund-policy: body | /return-policy: body,
deeply,2,/faqs | /faq,/faqs,no,/faqs: body | /faq: body,
deletion,2,/policies/privacy-policy | /privacy-policy,/policies/privacy-policy,no,/policies/privacy-policy: body | /privacy-policy: body,
deliver,2,/policies/shipping-delivery-policy | /shipping-policy,/policies/shipping-delivery-policy,no,/policies/shipping-delivery-policy: body | /shipping-policy: body,
deliveryprocessing,2,/policies/shipping-delivery-policy | /shipping-policy,/policies/shipping-delivery-policy,no,/policies/shipping-delivery-policy: body | /shipping-policy: body,
deliveryshipping,2,/faqs | /faq,/faqs,no,/faqs: body | /faq: body,
dependable,2,/,/,no,/: body,
depends,2,/sell-your-saree | /guides/pre-loved-vs-second-hand-saree,/sell-your-saree,no,/sell-your-saree: body | /guides/pre-loved-vs-second-hand-saree: body,
descriptions,2,/policies/terms-of-service | /terms-of-service,/policies/terms-of-service,no,/policies/terms-of-service: body | /terms-of-service: body,
deserve,2,/how-it-works | /why,/how-it-works,no,/how-it-works: body | /why: body,
deserves,2,/sell-your-saree | /guides/pre-loved-vs-second-hand-saree,/sell-your-saree,no,/sell-your-saree: body | /guides/pre-loved-vs-second-hand-saree: body,
design,2,/policies/terms-of-service | /terms-of-service,/policies/terms-of-service,no,/policies/terms-of-service: body | /terms-of-service: body,
designed,2,/how-it-works | /policies/care-packaging-policy,/how-it-works,no,/how-it-works: body | /policies/care-packaging-policy: body,
detailing,2,/ | /collection/midnight-zari-georgette,/,no,/: body | /collection/midnight-zari-georgette: body,
devika,2,/,/,no,/: body,
differences,2,/policies/return-refund-policy | /return-policy,/policies/return-refund-policy,no,/policies/return-refund-policy: body | /return-policy: body,
disabled,2,/policies/privacy-policy | /privacy-policy,/policies/privacy-policy,no,/policies/privacy-policy: body | /privacy-policy: body,
display,2,/policies/terms-of-service | /terms-of-service,/policies/terms-of-service,no,/policies/terms-of-service: body | /terms-of-service: body,
displayed,2,/policies/shipping-delivery-policy | /shipping-policy,/policies/shipping-delivery-policy,no,/policies/shipping-delivery-policy: body | /shipping-policy: body,
dispute-resolution,2,/policies/privacy-policy | /privacy-policy,/policies/privacy-policy,no,/policies/privacy-policy: body | /privacy-policy: body,
documents,2,/guides/what-is-a-pre-loved-saree | /guides/pre-loved-vs-second-hand-saree,/guides/what-is-a-pre-loved-saree,no,/guides/what-is-a-pre-loved-saree: body | /guides/pre-loved-vs-second-hand-saree: body,
dossier,2,/guides/what-is-a-pre-loved-saree | /guides/pre-loved-vs-second-hand-saree,/guides/what-is-a-pre-loved-saree,no,/guides/what-is-a-pre-loved-saree: body | /guides/pre-loved-vs-second-hand-saree: body,
drama,2,/,/,no,/: body,
drapeskota,2,/,/,no,/: body,
drawn,2,/collection/fabric/silk | /collection/rose-silk-green-brown-stripe,/collection/fabric/silk,no,/collection/fabric/silk: body | /collection/rose-silk-green-brown-stripe: body,
dried,2,/faqs | /faq,/faqs,no,/faqs: body | /faq: body,
dusk,2,/collection/indigo-dusk-silk-cotton,/collection/indigo-dusk-silk-cotton,yes,/collection/indigo-dusk-silk-cotton: title/meta/H1,
duskverifiedby,2,/collection/indigo-plum-tied-silk-saree | /collection/twilight-orange-cotton-weave,/collection/indigo-plum-tied-silk-saree,no,/collection/indigo-plum-tied-silk-saree: body | /collection/twilight-orange-cotton-weave: body,
duties,2,/policies/return-refund-policy | /return-policy,/policies/return-refund-policy,no,/policies/return-refund-policy: body | /return-policy: body,
easechoose,2,/,/,no,/: body,
easier,2,/,/,no,/: body,
edgesilk,2,/collection | /collection/fabric/silk,/collection,no,/collection: body | /collection/fabric/silk: body,
elegancecotton,2,/,/,no,/: body,
eligible,2,/policies/return-refund-policy | /return-policy,/policies/return-refund-policy,yes,/policies/return-refund-policy: body | /return-policy: body,
eligiblea,2,/policies/return-refund-policy | /return-policy,/policies/return-refund-policy,no,/policies/return-refund-policy: body | /return-policy: body,
eligiblebecause,2,/policies/return-refund-policy | /return-policy,/policies/return-refund-policy,no,/policies/return-refund-policy: body | /return-policy: body,
eligiblecondition,2,/policies/return-refund-policy | /return-policy,/policies/return-refund-policy,no,/policies/return-refund-policy: body | /return-policy: body,
eligiblewhen,2,/policies/return-refund-policy | /return-policy,/policies/return-refund-policy,no,/policies/return-refund-policy: body | /return-policy: body,
elsenext,2,/ | /contact,/,no,/: body | /contact: body,
emails,2,/policies/privacy-policy | /privacy-policy,/policies/privacy-policy,no,/policies/privacy-policy: body | /privacy-policy: body,
ember,2,/collection/autumn-ember-golden-leaf-cotton,/collection/autumn-ember-golden-leaf-cotton,yes,/collection/autumn-ember-golden-leaf-cotton: title/meta/H1,
encourage,2,/faqs | /faq,/faqs,no,/faqs: body | /faq: body,
ensure,2,/policies/shipping-delivery-policy | /shipping-policy,/policies/shipping-delivery-policy,no,/policies/shipping-delivery-policy: body | /shipping-policy: body,
enter,2,/faqs | /faq,/faqs,no,/faqs: body | /faq: body,
estimates,2,/policies/shipping-delivery-policy | /shipping-policy,/policies/shipping-delivery-policy,no,/policies/shipping-delivery-policy: body | /shipping-policy: body,
everyday,2,/,/,no,/: body,
everyone,2,/,/,no,/: body,
evidence,2,/policies/return-refund-policy | /return-policy,/policies/return-refund-policy,no,/policies/return-refund-policy: body | /return-policy: body,
except,2,/policies/return-refund-policy | /return-policy,/policies/return-refund-policy,no,/policies/return-refund-policy: body | /return-policy: body,
exchangeshow,2,/policies/return-refund-policy | /return-policy,/policies/return-refund-policy,no,/policies/return-refund-policy: body | /return-policy: body,
existing,2,/faqs | /faq,/faqs,no,/faqs: body | /faq: body,
expectations,2,/policies/return-refund-policy | /return-policy,/policies/return-refund-policy,no,/policies/return-refund-policy: body | /return-policy: body,
express,2,/policies/shipping-delivery-policy | /shipping-policy,/policies/shipping-delivery-policy,no,/policies/shipping-delivery-policy: body | /shipping-policy: body,
extent,2,/policies/terms-of-service | /terms-of-service,/policies/terms-of-service,no,/policies/terms-of-service: body | /terms-of-service: body,
eye,2,/faqs | /faq,/faqs,no,/faqs: body | /faq: body,
facing,2,/faqs | /faq,/faqs,no,/faqs: body | /faq: body,
failed,2,/policies/shipping-delivery-policy | /shipping-policy,/policies/shipping-delivery-policy,no,/policies/shipping-delivery-policy: body | /shipping-policy: body,
false,2,/policies/terms-of-service | /terms-of-service,/policies/terms-of-service,no,/policies/terms-of-service: body | /terms-of-service: body,
faqseverything,2,/faqs | /faq,/faqs,no,/faqs: body | /faq: body,
fashion,2,/ | /guides/what-is-a-pre-loved-saree,/,no,/: body | /guides/what-is-a-pre-loved-saree: body,
feather-light,2,/,/,no,/: body,
feedback,2,/policies/privacy-policy | /privacy-policy,/policies/privacy-policy,no,/policies/privacy-policy: body | /privacy-policy: body,
feminine,2,/,/,no,/: body,
few,2,/faqs | /faq,/faqs,no,/faqs: body | /faq: body,
finishcotton,2,/,/,no,/: body,
flexible,2,/,/,no,/: body,
flow,2,/,/,no,/: body,
flowsread,2,/guides/what-is-a-pre-loved-saree | /guides/pre-loved-vs-second-hand-saree,/guides/what-is-a-pre-loved-saree,no,/guides/what-is-a-pre-loved-saree: body | /guides/pre-loved-vs-second-hand-saree: body,
flush,2,/collection/rani-pink-georgette-garden-party | /collection/fabric/georgette,/collection/rani-pink-georgette-garden-party,no,/collection/rani-pink-georgette-garden-party: body | /collection/fabric/georgette: body,
focus,2,/guides/what-is-a-pre-loved-saree | /guides/pre-loved-vs-second-hand-saree,/guides/what-is-a-pre-loved-saree,no,/guides/what-is-a-pre-loved-saree: body | /guides/pre-loved-vs-second-hand-saree: body,
folding,2,/policies/return-refund-policy | /return-policy,/policies/return-refund-policy,no,/policies/return-refund-policy: body | /return-policy: body,
footer,2,/policies/privacy-policy | /privacy-policy,/policies/privacy-policy,no,/policies/privacy-policy: body | /privacy-policy: body,
force,2,/policies/shipping-delivery-policy | /shipping-policy,/policies/shipping-delivery-policy,no,/policies/shipping-delivery-policy: body | /shipping-policy: body,
formal,2,/,/,no,/: body,
founders1,2,/our-team | /founders,/our-team,no,/our-team: body | /founders: body,
foundersa,2,/our-team | /founders,/our-team,no,/our-team: body | /founders: body,
fttfrom,2,/policies/terms-of-service | /terms-of-service,/policies/terms-of-service,no,/policies/terms-of-service: body | /terms-of-service: body,
fttproduct,2,/policies/terms-of-service | /terms-of-service,/policies/terms-of-service,no,/policies/terms-of-service: body | /terms-of-service: body,
fullest,2,/policies/terms-of-service | /terms-of-service,/policies/terms-of-service,no,/policies/terms-of-service: body | /terms-of-service: body,
function,2,/policies/privacy-policy | /privacy-policy,/policies/privacy-policy,no,/policies/privacy-policy: body | /privacy-policy: body,
gatherings,2,/,/,no,/: body,
generations,2,/faqs | /faq,/faqs,no,/faqs: body | /faq: body,
genuine,2,/faqs | /faq,/faqs,no,/faqs: body | /faq: body,
georgettegeorgette,2,/collection/fabric/georgette,/collection/fabric/georgette,no,/collection/fabric/georgette: body,
glimpsetap,2,/faqs | /faq,/faqs,no,/faqs: body | /faq: body,
goldnew,2,/collection | /collection/fabric/silk,/collection,no,/collection: body | /collection/fabric/silk: body,
governing,2,/policies/terms-of-service | /terms-of-service,/policies/terms-of-service,yes,/policies/terms-of-service: body | /terms-of-service: body,
government,2,/policies/privacy-policy | /privacy-policy,/policies/privacy-policy,no,/policies/privacy-policy: body | /privacy-policy: body,
graceful,2,/,/,no,/: body,
graded,2,/collection | /authentication,/collection,yes,/collection: body | /authentication: body,
graded03care,2,/how-it-works,/how-it-works,no,/how-it-works: body,
graphics,2,/policies/terms-of-service | /terms-of-service,/policies/terms-of-service,no,/policies/terms-of-service: body | /terms-of-service: body,
greenlight,2,/collection,/collection,no,/collection: body,
greenthe,2,/collection/blush-green-handwoven-cotton-drape | /collection/moss-green-lightweight-silk-selai,/collection/blush-green-handwoven-cotton-drape,no,/collection/blush-green-handwoven-cotton-drape: body | /collection/moss-green-lightweight-silk-selai: body,
grid,2,/,/,no,/: body,
grievancefor,2,/policies/privacy-policy | /privacy-policy,/policies/privacy-policy,no,/policies/privacy-policy: body | /privacy-policy: body,
grievanceinformation,2,/policies/privacy-policy | /privacy-policy,/policies/privacy-policy,no,/policies/privacy-policy: body | /privacy-policy: body,
grounded,2,/,/,no,/: body,
groundverifiedby,2,/collection/tangerine-noir-floral-border-weave | /collection/moonstone-cream-mauve-border-saree,/collection/tangerine-noir-floral-border-weave,no,/collection/tangerine-noir-floral-border-weave: body | /collection/moonstone-cream-mauve-border-saree: body,
guaranteed,2,/policies/terms-of-service | /terms-of-service,/policies/terms-of-service,no,/policies/terms-of-service: body | /terms-of-service: body,
handare,2,/faqs | /faq,/faqs,no,/faqs: body | /faq: body,
hands,2,/faqs | /faq,/faqs,no,/faqs: body | /faq: body,
handwoven,2,/collection/burnt-orange-temple-border-kanjivaram,/collection/burnt-orange-temple-border-kanjivaram,no,/collection/burnt-orange-temple-border-kanjivaram: body,
hang,2,/faqs | /faq,/faqs,no,/faqs: body | /faq: body,
happens,2,/faqs | /faq,/faqs,yes,/faqs: body | /faq: body,
harmful,2,/policies/terms-of-service | /terms-of-service,/policies/terms-of-service,no,/policies/terms-of-service: body | /terms-of-service: body,
helped,2,/,/,no,/: body,
helping,2,/our-team | /founders,/our-team,no,/our-team: body | /founders: body,
high,2,/collection,/collection,no,/collection: body,
high-value,2,/policies/shipping-delivery-policy | /shipping-policy,/policies/shipping-delivery-policy,no,/policies/shipping-delivery-policy: body | /shipping-policy: body,
holidays,2,/policies/shipping-delivery-policy | /shipping-policy,/policies/shipping-delivery-policy,no,/policies/shipping-delivery-policy: body | /shipping-policy: body,
honours,2,/faqs | /faq,/faqs,no,/faqs: body | /faq: body,
hosting,2,/policies/privacy-policy | /privacy-policy,/policies/privacy-policy,no,/policies/privacy-policy: body | /privacy-policy: body,
however,2,/policies/privacy-policy | /privacy-policy,/policies/privacy-policy,no,/policies/privacy-policy: body | /privacy-policy: body,
ideal,2,/,/,no,/: body,
immediately,2,/policies/shipping-delivery-policy | /shipping-policy,/policies/shipping-delivery-policy,no,/policies/shipping-delivery-policy: body | /shipping-policy: body,
inaccurate,2,/policies/privacy-policy | /privacy-policy,/policies/privacy-policy,no,/policies/privacy-policy: body | /privacy-policy: body,
incidental,2,/policies/terms-of-service | /terms-of-service,/policies/terms-of-service,no,/policies/terms-of-service: body | /terms-of-service: body,
incidents,2,/policies/privacy-policy | /privacy-policy,/policies/privacy-policy,no,/policies/privacy-policy: body | /privacy-policy: body,
include,2,/policies/care-packaging-policy | /policies/grievance-redressal,/policies/care-packaging-policy,yes,/policies/care-packaging-policy: body | /policies/grievance-redressal: body,
incorrect,2,/policies/shipping-delivery-policy | /shipping-policy,/policies/shipping-delivery-policy,no,/policies/shipping-delivery-policy: body | /shipping-policy: body,
incorrectly,2,/policies/terms-of-service | /terms-of-service,/policies/terms-of-service,no,/policies/terms-of-service: body | /terms-of-service: body,
indirect,2,/policies/terms-of-service | /terms-of-service,/policies/terms-of-service,no,/policies/terms-of-service: body | /terms-of-service: body,
informationcolour,2,/policies/terms-of-service | /terms-of-service,/policies/terms-of-service,no,/policies/terms-of-service: body | /terms-of-service: body,
informationconsent,2,/policies/privacy-policy | /privacy-policy,/policies/privacy-policy,no,/policies/privacy-policy: body | /privacy-policy: body,
informationpayment,2,/policies/privacy-policy | /privacy-policy,/policies/privacy-policy,no,/policies/privacy-policy: body | /privacy-policy: body,
initiating,2,/faqs | /faq,/faqs,no,/faqs: body | /faq: body,
inside,2,/policies/privacy-policy | /privacy-policy,/policies/privacy-policy,no,/policies/privacy-policy: body | /privacy-policy: body,
instructions,2,/policies/return-refund-policy | /return-policy,/policies/return-refund-policy,no,/policies/return-refund-policy: body | /return-policy: body,
intellectual,2,/policies/terms-of-service | /terms-of-service,/policies/terms-of-service,yes,/policies/terms-of-service: body | /terms-of-service: body,
intended,2,/policies/privacy-policy | /privacy-policy,/policies/privacy-policy,no,/policies/privacy-policy: body | /privacy-policy: body,
interfere,2,/policies/terms-of-service | /terms-of-service,/policies/terms-of-service,no,/policies/terms-of-service: body | /terms-of-service: body,
introduction,2,/our-team | /founders,/our-team,no,/our-team: body | /founders: body,
inward,2,/faqs | /faq,/faqs,no,/faqs: body | /faq: body,
ip,2,/policies/privacy-policy | /privacy-policy,/policies/privacy-policy,no,/policies/privacy-policy: body | /privacy-policy: body,
isha,2,/,/,no,/: body,
itemhow,2,/policies/return-refund-policy | /return-policy,/policies/return-refund-policy,no,/policies/return-refund-policy: body | /return-policy: body,
itemto,2,/policies/return-refund-policy | /return-policy,/policies/return-refund-policy,no,/policies/return-refund-policy: body | /return-policy: body,
joins,2,/collection,/collection,no,/collection: body,
journey,2,/how-it-works | /packing,/how-it-works,yes,/how-it-works: body | /packing: meta,
jurisdiction,2,/policies/terms-of-service | /terms-of-service,/policies/terms-of-service,no,/policies/terms-of-service: body | /terms-of-service: body,
kapi,2,/collection/brown-kapi-cotton-black-line-border,/collection/brown-kapi-cotton-black-line-border,yes,/collection/brown-kapi-cotton-black-line-border: title/meta/H1,
karnataka,2,/policies/terms-of-service | /terms-of-service,/policies/terms-of-service,no,/policies/terms-of-service: body | /terms-of-service: body,
kept,2,/collection/fabric/silk | /guides/what-is-a-pre-loved-saree,/collection/fabric/silk,no,/collection/fabric/silk: body | /guides/what-is-a-pre-loved-saree: body,
knowingly,2,/policies/privacy-policy | /privacy-policy,/policies/privacy-policy,no,/policies/privacy-policy: body | /privacy-policy: body,
lasting,2,/guides/what-is-a-pre-loved-saree | /guides/pre-loved-vs-second-hand-saree,/guides/what-is-a-pre-loved-saree,no,/guides/what-is-a-pre-loved-saree: body | /guides/pre-loved-vs-second-hand-saree: body,
launches,2,/policies/shipping-delivery-policy | /shipping-policy,/policies/shipping-delivery-policy,no,/policies/shipping-delivery-policy: body | /shipping-policy: body,
law-enforcement,2,/policies/privacy-policy | /privacy-policy,/policies/privacy-policy,no,/policies/privacy-policy: body | /privacy-policy: body,
lawabout,2,/policies/terms-of-service | /terms-of-service,/policies/terms-of-service,no,/policies/terms-of-service: body | /terms-of-service: body,
laws,2,/policies/terms-of-service | /terms-of-service,/policies/terms-of-service,no,/policies/terms-of-service: body | /terms-of-service: body,
lawthese,2,/policies/terms-of-service | /terms-of-service,/policies/terms-of-service,no,/policies/terms-of-service: body | /terms-of-service: body,
lawyers,2,/policies/privacy-policy | /privacy-policy,/policies/privacy-policy,no,/policies/privacy-policy: body | /privacy-policy: body,
leaf,2,/collection/autumn-ember-golden-leaf-cotton,/collection/autumn-ember-golden-leaf-cotton,yes,/collection/autumn-ember-golden-leaf-cotton: title/meta/H1,
leaves,2,/how-it-works | /collection/lime-and-gold-cotton-classic,/how-it-works,no,/how-it-works: body | /collection/lime-and-gold-cotton-classic: body,
legitimate,2,/policies/privacy-policy | /privacy-policy,/policies/privacy-policy,no,/policies/privacy-policy: body | /privacy-policy: body,
let,2,/policies/privacy-policy | /privacy-policy,/policies/privacy-policy,no,/policies/privacy-policy: body | /privacy-policy: body,
lets,2,/policies/privacy-policy | /privacy-policy,/policies/privacy-policy,no,/policies/privacy-policy: body | /privacy-policy: body,
liabilitygoverning,2,/policies/terms-of-service | /terms-of-service,/policies/terms-of-service,no,/policies/terms-of-service: body | /terms-of-service: body,
liabilityto,2,/policies/terms-of-service | /terms-of-service,/policies/terms-of-service,no,/policies/terms-of-service: body | /terms-of-service: body,
liable,2,/policies/terms-of-service | /terms-of-service,/policies/terms-of-service,no,/policies/terms-of-service: body | /terms-of-service: body,
licensors,2,/policies/terms-of-service | /terms-of-service,/policies/terms-of-service,no,/policies/terms-of-service: body | /terms-of-service: body,
limitation,2,/policies/terms-of-service | /terms-of-service,/policies/terms-of-service,yes,/policies/terms-of-service: body | /terms-of-service: body,
limited,2,/policies/privacy-policy | /privacy-policy,/policies/privacy-policy,no,/policies/privacy-policy: body | /privacy-policy: body,
linksour,2,/policies/privacy-policy | /privacy-policy,/policies/privacy-policy,no,/policies/privacy-policy: body | /privacy-policy: body,
linksupdates,2,/policies/privacy-policy | /privacy-policy,/policies/privacy-policy,no,/policies/privacy-policy: body | /privacy-policy: body,
loaded,2,/policies/privacy-policy | /privacy-policy,/policies/privacy-policy,no,/policies/privacy-policy: body | /privacy-policy: body,
location,2,/policies/cancellation-policy | /policies/sell-with-us-policy,/policies/cancellation-policy,no,/policies/cancellation-policy: body | /policies/sell-with-us-policy: body,
locations,2,/policies/shipping-delivery-policy | /shipping-policy,/policies/shipping-delivery-policy,no,/policies/shipping-delivery-policy: body | /shipping-policy: body,
login,2,/policies/privacy-policy | /privacy-policy,/policies/privacy-policy,no,/policies/privacy-policy: body | /privacy-policy: body,
logistics,2,/policies/privacy-policy | /privacy-policy,/policies/privacy-policy,no,/policies/privacy-policy: body | /privacy-policy: body,
looksorganza,2,/,/,no,/: body,
losing,2,/,/,no,/: body,
low,2,/collection,/collection,no,/collection: body,
luminosity,2,/,/,no,/: body,
magenta,2,/collection/magenta-mist-chiffon-drape | /collection/fabric/chiffon,/collection/magenta-mist-chiffon-drape,yes,/collection/magenta-mist-chiffon-drape: title/meta/H1 | /collection/fabric/chiffon: body,
maintaining,2,/policies/terms-of-service | /terms-of-service,/policies/terms-of-service,no,/policies/terms-of-service: body | /terms-of-service: body,
majeure,2,/policies/shipping-delivery-policy | /shipping-policy,/policies/shipping-delivery-policy,no,/policies/shipping-delivery-policy: body | /shipping-policy: body,
makes,2,/ | /why,/,yes,/: body | /why: body,
manage,2,/policies/privacy-policy | /privacy-policy,/policies/privacy-policy,no,/policies/privacy-policy: body | /privacy-policy: body,
manager,2,/policies/privacy-policy | /privacy-policy,/policies/privacy-policy,no,/policies/privacy-policy: body | /privacy-policy: body,
marketplace,2,/faqs | /faq,/faqs,no,/faqs: body | /faq: body,
matters,2,/guides/what-is-a-pre-loved-saree | /collection/fabric/chiffon,/guides/what-is-a-pre-loved-saree,no,/guides/what-is-a-pre-loved-saree: body | /collection/fabric/chiffon: body,
mattershow,2,/faqs | /faq,/faqs,no,/faqs: body | /faq: body,
meansare,2,/faqs | /faq,/faqs,no,/faqs: body | /faq: body,
meanssoldthis,2,/collection/rose-vine-stripe-chiffon-saree | /collection/coral-sunrise-chiffon-georgette-saree,/collection/rose-vine-stripe-chiffon-saree,no,/collection/rose-vine-stripe-chiffon-saree: body | /collection/coral-sunrise-chiffon-georgette-saree: body,
meant,2,/,/,no,/: body,
media,2,/policies/privacy-policy | /privacy-policy,/policies/privacy-policy,no,/policies/privacy-policy: body | /privacy-policy: body,
meera,2,/,/,no,/: body,
memories,2,/,/,yes,/: body,
memorynew,2,/top-viewed | /collection/fabric/silk,/top-viewed,no,/top-viewed: body | /collection/fabric/silk: body,
message,2,/faqs | /faq,/faqs,no,/faqs: body | /faq: body,
metallic,2,/faqs | /faq,/faqs,no,/faqs: body | /faq: body,
methods,2,/faqs | /faq,/faqs,yes,/faqs: body | /faq: body,
meticulously,2,/faqs | /faq,/faqs,no,/faqs: body | /faq: body,
milestones,2,/,/,yes,/: body,
mind,2,/policies/return-refund-policy | /return-policy,/policies/return-refund-policy,no,/policies/return-refund-policy: body | /return-policy: body,
minds,2,/our-team | /founders,/our-team,yes,/our-team: body | /founders: body,
misdescribed,2,/policies/return-refund-policy | /return-policy,/policies/return-refund-policy,no,/policies/return-refund-policy: body | /return-policy: body,
misrepresent,2,/policies/terms-of-service | /terms-of-service,/policies/terms-of-service,no,/policies/terms-of-service: body | /terms-of-service: body,
missing-item,2,/policies/shipping-delivery-policy | /shipping-policy,/policies/shipping-delivery-policy,no,/policies/shipping-delivery-policy: body | /shipping-policy: body,
mixbest,2,/,/,no,/: body,
moisture,2,/faqs | /faq,/faqs,no,/faqs: body | /faq: body,
moments,2,/,/,no,/: body,
month,2,/top-viewed | /policies/grievance-redressal,/top-viewed,no,/top-viewed: body | /policies/grievance-redressal: body,
months,2,/faqs | /faq,/faqs,no,/faqs: body | /faq: body,
mood,2,/,/,no,/: body,
mother,2,/,/,no,/: body,
move,2,/faqs | /faq,/faqs,no,/faqs: body | /faq: body,
moves,2,/,/,no,/: body,
needed,2,/policies/grievance-redressal | /collection/fabric/silk,/policies/grievance-redressal,no,/policies/grievance-redressal: body | /collection/fabric/silk: body,
neem,2,/faqs | /faq,/faqs,no,/faqs: body | /faq: body,
net,2,/faqs | /faq,/faqs,no,/faqs: body | /faq: body,
netbanking,2,/policies/privacy-policy | /privacy-policy,/policies/privacy-policy,no,/policies/privacy-policy: body | /privacy-policy: body,
newly,2,/collection/fabric/silk | /guides/what-is-a-pre-loved-saree,/collection/fabric/silk,no,/collection/fabric/silk: body | /guides/what-is-a-pre-loved-saree: body,
nightnew,2,/collection | /collection/fabric/georgette,/collection,no,/collection: body | /collection/fabric/georgette: body,
non-negotiable,2,/faqs | /faq,/faqs,no,/faqs: body | /faq: body,
non-refundable,2,/policies/return-refund-policy | /return-policy,/policies/return-refund-policy,no,/policies/return-refund-policy: body | /return-policy: body,
notice,2,/policies/terms-of-service | /terms-of-service,/policies/terms-of-service,no,/policies/terms-of-service: body | /terms-of-service: body,
numbers,2,/policies/privacy-policy | /privacy-policy,/policies/privacy-policy,no,/policies/privacy-policy: body | /privacy-policy: body,
obligations,2,/policies/privacy-policy | /privacy-policy,/policies/privacy-policy,no,/policies/privacy-policy: body | /privacy-policy: body,
obsession,2,/our-team | /founders,/our-team,no,/our-team: body | /founders: body,
one-of-a-kind,2,/top-viewed | /authentication,/top-viewed,yes,/top-viewed: meta | /authentication: body,
opted,2,/policies/privacy-policy | /privacy-policy,/policies/privacy-policy,no,/policies/privacy-policy: body | /privacy-policy: body,
orderi,2,/ | /contact,/,no,/: body | /contact: body,
organisational,2,/policies/privacy-policy | /privacy-policy,/policies/privacy-policy,no,/policies/privacy-policy: body | /privacy-policy: body,
outer,2,/packing,/packing,no,/packing: body,
packagefinal,2,/policies/return-refund-policy | /return-policy,/policies/return-refund-policy,no,/policies/return-refund-policy: body | /return-policy: body,
packageif,2,/policies/return-refund-policy | /return-policy,/policies/return-refund-policy,no,/policies/return-refund-policy: body | /return-policy: body,
packagingevery,2,/policies/shipping-delivery-policy | /shipping-policy,/policies/shipping-delivery-policy,no,/policies/shipping-delivery-policy: body | /shipping-policy: body,
packinghow,2,/faqs | /faq,/faqs,no,/faqs: body | /faq: body,
packingwhat,2,/faqs | /faq,/faqs,no,/faqs: body | /faq: body,
pageftt,2,/our-team | /founders,/our-team,no,/our-team: body | /founders: body,
pair,2,/,/,no,/: body,
partnersdelivery,2,/policies/shipping-delivery-policy | /shipping-policy,/policies/shipping-delivery-policy,no,/policies/shipping-delivery-policy: body | /shipping-policy: body,
partnersorders,2,/policies/shipping-delivery-policy | /shipping-policy,/policies/shipping-delivery-policy,no,/policies/shipping-delivery-policy: body | /shipping-policy: body,
passwords,2,/policies/privacy-policy | /privacy-policy,/policies/privacy-policy,no,/policies/privacy-policy: body | /privacy-policy: body,
payable,2,/policies/terms-of-service | /terms-of-service,/policies/terms-of-service,no,/policies/terms-of-service: body | /terms-of-service: body,
payment-processing,2,/policies/privacy-policy | /privacy-policy,/policies/privacy-policy,no,/policies/privacy-policy: body | /privacy-policy: body,
paymentsaccount,2,/policies/terms-of-service | /terms-of-service,/policies/terms-of-service,no,/policies/terms-of-service: body | /terms-of-service: body,
paymentsan,2,/policies/terms-of-service | /terms-of-service,/policies/terms-of-service,no,/policies/terms-of-service: body | /terms-of-service: body,
pazham,2,/collection/nava-pazham-kanjeevaram-silk,/collection/nava-pazham-kanjeevaram-silk,yes,/collection/nava-pazham-kanjeevaram-silk: title/meta/H1,
peach,2,/collection/beige-organza-peach-bloom,/collection/beige-organza-peach-bloom,yes,/collection/beige-organza-peach-bloom: title/meta/H1,
permission,2,/policies/terms-of-service | /terms-of-service,/policies/terms-of-service,no,/policies/terms-of-service: body | /terms-of-service: body,
photographypricingorders,2,/policies/terms-of-service | /terms-of-service,/policies/terms-of-service,no,/policies/terms-of-service: body | /terms-of-service: body,
photographyproduct,2,/policies/terms-of-service | /terms-of-service,/policies/terms-of-service,no,/policies/terms-of-service: body | /terms-of-service: body,
pickup,2,/policies/return-refund-policy | /return-policy,/policies/return-refund-policy,yes,/policies/return-refund-policy: body | /return-policy: body,
pickupafter,2,/policies/return-refund-policy | /return-policy,/policies/return-refund-policy,no,/policies/return-refund-policy: body | /return-policy: body,
pickupquality,2,/policies/return-refund-policy | /return-policy,/policies/return-refund-policy,no,/policies/return-refund-policy: body | /return-policy: body,
piecelearn,2,/guides/what-is-a-pre-loved-saree | /guides/pre-loved-vs-second-hand-saree,/guides/what-is-a-pre-loved-saree,no,/guides/what-is-a-pre-loved-saree: body | /guides/pre-loved-vs-second-hand-saree: body,
platform,2,/policies/terms-of-service | /terms-of-service,/policies/terms-of-service,no,/policies/terms-of-service: body | /terms-of-service: body,
policiesdeliveryshipping,2,/policies/shipping-delivery-policy | /shipping-policy,/policies/shipping-delivery-policy,no,/policies/shipping-delivery-policy: body | /shipping-policy: body,
policiesour,2,/faqs | /faq,/faqs,no,/faqs: body | /faq: body,
policiesreturnsreturns,2,/policies/return-refund-policy | /return-policy,/policies/return-refund-policy,no,/policies/return-refund-policy: body | /return-policy: body,
policiestermsterms,2,/policies/terms-of-service | /terms-of-service,/policies/terms-of-service,no,/policies/terms-of-service: body | /terms-of-service: body,
policiesyour,2,/policies/privacy-policy | /privacy-policy,/policies/privacy-policy,no,/policies/privacy-policy: body | /privacy-policy: body,
policyauthentication,2,/policies/terms-of-service | /terms-of-service,/policies/terms-of-service,no,/policies/terms-of-service: body | /terms-of-service: body,
policycontact,2,/policies/privacy-policy | /privacy-policy,/policies/privacy-policy,no,/policies/privacy-policy: body | /privacy-policy: body,
policywe,2,/policies/privacy-policy | /privacy-policy,/policies/privacy-policy,no,/policies/privacy-policy: body | /privacy-policy: body,
polish,2,/,/,no,/: body,
possible,2,/policies/terms-of-service | /terms-of-service,/policies/terms-of-service,no,/policies/terms-of-service: body | /terms-of-service: body,
posted,2,/policies/privacy-policy | /privacy-policy,/policies/privacy-policy,no,/policies/privacy-policy: body | /privacy-policy: body,
practices,2,/policies/privacy-policy | /privacy-policy,/policies/privacy-policy,no,/policies/privacy-policy: body | /privacy-policy: body,
preference-based,2,/policies/return-refund-policy | /return-policy,/policies/return-refund-policy,no,/policies/return-refund-policy: body | /return-policy: body,
preferences,2,/policies/privacy-policy | /privacy-policy,/policies/privacy-policy,no,/policies/privacy-policy: body | /privacy-policy: body,
prepared,2,/how-it-works | /collection/fabric/silk,/how-it-works,no,/how-it-works: body | /collection/fabric/silk: body,
presencepick,2,/,/,no,/: body,
present,2,/policies/terms-of-service | /terms-of-service,/policies/terms-of-service,no,/policies/terms-of-service: body | /terms-of-service: body,
presentation,2,/guides/pre-loved-vs-second-hand-saree,/guides/pre-loved-vs-second-hand-saree,no,/guides/pre-loved-vs-second-hand-saree: body,
pressed,2,/collection/pressed-bloom-sheer-chiffon | /collection/fabric/chiffon,/collection/pressed-bloom-sheer-chiffon,yes,/collection/pressed-bloom-sheer-chiffon: title/meta/H1 | /collection/fabric/chiffon: body,
prevent,2,/policies/privacy-policy | /privacy-policy,/policies/privacy-policy,no,/policies/privacy-policy: body | /privacy-policy: body,
prevention,2,/policies/privacy-policy | /privacy-policy,/policies/privacy-policy,no,/policies/privacy-policy: body | /privacy-policy: body,
previously,2,/guides/what-is-a-pre-loved-saree | /guides/pre-loved-vs-second-hand-saree,/guides/what-is-a-pre-loved-saree,no,/guides/what-is-a-pre-loved-saree: body | /guides/pre-loved-vs-second-hand-saree: body,
prices,2,/policies/terms-of-service | /terms-of-service,/policies/terms-of-service,no,/policies/terms-of-service: body | /terms-of-service: body,
pricingprices,2,/policies/terms-of-service | /terms-of-service,/policies/terms-of-service,no,/policies/terms-of-service: body | /terms-of-service: body,
print,2,/policies | /collection/beige-organza-peach-bloom,/policies,yes,/policies: H1 | /collection/beige-organza-peach-bloom: title/meta/H1,
privacyftt,2,/policies/privacy-policy | /privacy-policy,/policies/privacy-policy,no,/policies/privacy-policy: body | /privacy-policy: body,
privacysecuritythird-party,2,/policies/privacy-policy | /privacy-policy,/policies/privacy-policy,no,/policies/privacy-policy: body | /privacy-policy: body,
programs,2,/policies/privacy-policy | /privacy-policy,/policies/privacy-policy,no,/policies/privacy-policy: body | /privacy-policy: body,
promise,2,/policies/return-refund-policy | /return-policy,/policies/return-refund-policy,no,/policies/return-refund-policy: body | /return-policy: body,
promiseevery,2,/collection,/collection,no,/collection: body,
promptly,2,/policies/return-refund-policy | /return-policy,/policies/return-refund-policy,no,/policies/return-refund-policy: body | /return-policy: body,
protective,2,/packing,/packing,no,/packing: body,
providers,2,/policies/privacy-policy | /privacy-policy,/policies/privacy-policy,no,/policies/privacy-policy: body | /privacy-policy: body,
provides,2,/policies/terms-of-service | /terms-of-service,/policies/terms-of-service,no,/policies/terms-of-service: body | /terms-of-service: body,
public,2,/policies/shipping-delivery-policy | /shipping-policy,/policies/shipping-delivery-policy,no,/policies/shipping-delivery-policy: body | /shipping-policy: body,
punitive,2,/policies/terms-of-service | /terms-of-service,/policies/terms-of-service,no,/policies/terms-of-service: body | /terms-of-service: body,
pure,2,/collection/burnt-orange-temple-border-kanjivaram,/collection/burnt-orange-temple-border-kanjivaram,no,/collection/burnt-orange-temple-border-kanjivaram: body,
quality-check,2,/policies/shipping-delivery-policy | /shipping-policy,/policies/shipping-delivery-policy,no,/policies/shipping-delivery-policy: body | /shipping-policy: body,
rani,2,/collection/rani-pink-georgette-garden-party | /collection/fabric/georgette,/collection/rani-pink-georgette-garden-party,yes,/collection/rani-pink-georgette-garden-party: title/meta/H1 | /collection/fabric/georgette: body,
re-dispatch,2,/policies/shipping-delivery-policy | /shipping-policy,/policies/shipping-delivery-policy,no,/policies/shipping-delivery-policy: body | /shipping-policy: body,
readingcommon,2,/guides/what-is-a-pre-loved-saree | /guides/pre-loved-vs-second-hand-saree,/guides/what-is-a-pre-loved-saree,no,/guides/what-is-a-pre-loved-saree: body | /guides/pre-loved-vs-second-hand-saree: body,
reads,2,/policies/privacy-policy | /privacy-policy,/policies/privacy-policy,no,/policies/privacy-policy: body | /privacy-policy: body,
really,2,/faqs | /faq,/faqs,yes,/faqs: body | /faq: body,
reasonable,2,/policies/privacy-policy | /privacy-policy,/policies/privacy-policy,no,/policies/privacy-policy: body | /privacy-policy: body,
reasons,2,/policies/return-refund-policy | /return-policy,/policies/return-refund-policy,no,/policies/return-refund-policy: body | /return-policy: body,
receipt,2,/policies/grievance-redressal,/policies/grievance-redressal,no,/policies/grievance-redressal: body,
received,2,/policies/return-refund-policy | /return-policy,/policies/return-refund-policy,no,/policies/return-refund-policy: body | /return-policy: body,
receives,2,/policies/privacy-policy | /privacy-policy,/policies/privacy-policy,no,/policies/privacy-policy: body | /privacy-policy: body,
receiving,2,/packing | /policies/grievance-redressal,/packing,yes,/packing: body | /policies/grievance-redressal: body,
recipient,2,/policies/shipping-delivery-policy | /shipping-policy,/policies/shipping-delivery-policy,no,/policies/shipping-delivery-policy: body | /shipping-policy: body,
recommendationfor,2,/policies/shipping-delivery-policy | /shipping-policy,/policies/shipping-delivery-policy,no,/policies/shipping-delivery-policy: body | /shipping-policy: body,
recommendationprocessing,2,/policies/shipping-delivery-policy | /shipping-policy,/policies/shipping-delivery-policy,no,/policies/shipping-delivery-policy: body | /shipping-policy: body,
recording,2,/policies/shipping-delivery-policy | /shipping-policy,/policies/shipping-delivery-policy,no,/policies/shipping-delivery-policy: body | /shipping-policy: body,
records,2,/policies/privacy-policy | /privacy-policy,/policies/privacy-policy,no,/policies/privacy-policy: body | /privacy-policy: body,
refinement,2,/,/,no,/: body,
regularly,2,/faqs | /faq,/faqs,no,/faqs: body | /faq: body,
regulatory,2,/policies/privacy-policy | /privacy-policy,/policies/privacy-policy,no,/policies/privacy-policy: body | /privacy-policy: body,
relaxed,2,/,/,no,/: body,
released,2,/faqs | /faq,/faqs,no,/faqs: body | /faq: body,
relevant,2,/policies/grievance-redressal,/policies/grievance-redressal,no,/policies/grievance-redressal: body,
remembered,2,/,/,yes,/: body,
repair,2,/how-it-works | /policies/authentication-condition-policy,/how-it-works,no,/how-it-works: body | /policies/authentication-condition-policy: body,
repeated,2,/policies/shipping-delivery-policy | /shipping-policy,/policies/shipping-delivery-policy,no,/policies/shipping-delivery-policy: body | /shipping-policy: body,
repeatedly,2,/faqs | /faq,/faqs,no,/faqs: body | /faq: body,
replicate,2,/faqs | /faq,/faqs,no,/faqs: body | /faq: body,
reported,2,/policies/return-refund-policy | /return-policy,/policies/return-refund-policy,no,/policies/return-refund-policy: body | /return-policy: body,
represent,2,/policies/terms-of-service | /terms-of-service,/policies/terms-of-service,no,/policies/terms-of-service: body | /terms-of-service: body,
require,2,/policies/authentication-condition-policy | /policies/care-packaging-policy,/policies/authentication-condition-policy,no,/policies/authentication-condition-policy: body | /policies/care-packaging-policy: body,
requirements,2,/policies/privacy-policy | /privacy-policy,/policies/privacy-policy,no,/policies/privacy-policy: body | /privacy-policy: body,
reserve,2,/policies/terms-of-service | /terms-of-service,/policies/terms-of-service,no,/policies/terms-of-service: body | /terms-of-service: body,
respectful,2,/sell-your-saree | /guides/pre-loved-vs-second-hand-saree,/sell-your-saree,yes,/sell-your-saree: body | /guides/pre-loved-vs-second-hand-saree: body,
respond,2,/policies/privacy-policy | /privacy-policy,/policies/privacy-policy,no,/policies/privacy-policy: body | /privacy-policy: body,
responsibility,2,/policies/sell-with-us-policy | /guides/pre-loved-vs-second-hand-saree,/policies/sell-with-us-policy,no,/policies/sell-with-us-policy: body | /guides/pre-loved-vs-second-hand-saree: body,
restocked,2,/faqs | /faq,/faqs,no,/faqs: body | /faq: body,
retain,2,/policies/privacy-policy | /privacy-policy,/policies/privacy-policy,no,/policies/privacy-policy: body | /privacy-policy: body,
retentionwe,2,/policies/privacy-policy | /privacy-policy,/policies/privacy-policy,no,/policies/privacy-policy: body | /privacy-policy: body,
retentionyour,2,/policies/privacy-policy | /privacy-policy,/policies/privacy-policy,no,/policies/privacy-policy: body | /privacy-policy: body,
returnemail,2,/policies/return-refund-policy | /return-policy,/policies/return-refund-policy,no,/policies/return-refund-policy: body | /return-policy: body,
returnonce,2,/policies/return-refund-policy | /return-policy,/policies/return-refund-policy,no,/policies/return-refund-policy: body | /return-policy: body,
returnrefund,2,/policies/return-refund-policy | /return-policy,/policies/return-refund-policy,no,/policies/return-refund-policy: body | /return-policy: body,
returnreturn,2,/policies/return-refund-policy | /return-policy,/policies/return-refund-policy,no,/policies/return-refund-policy: body | /return-policy: body,
returnsauthenticated,2,/collection/rose-vine-stripe-chiffon-saree | /collection/coral-sunrise-chiffon-georgette-saree,/collection/rose-vine-stripe-chiffon-saree,no,/collection/rose-vine-stripe-chiffon-saree: body | /collection/coral-sunrise-chiffon-georgette-saree: body,
returnsreturn,2,/faqs | /faq,/faqs,no,/faqs: body | /faq: body,
revised,2,/policies/privacy-policy | /privacy-policy,/policies/privacy-policy,no,/policies/privacy-policy: body | /privacy-policy: body,
rich,2,/,/,no,/: body,
richness,2,/,/,no,/: body,
rightschildren,2,/policies/privacy-policy | /privacy-policy,/policies/privacy-policy,no,/policies/privacy-policy: body | /privacy-policy: body,
rightssubject,2,/policies/privacy-policy | /privacy-policy,/policies/privacy-policy,no,/policies/privacy-policy: body | /privacy-policy: body,
ritika,2,/,/,no,/: body,
run,2,/policies/privacy-policy | /privacy-policy,/policies/privacy-policy,no,/policies/privacy-policy: body | /privacy-policy: body,
runs,2,/policies/privacy-policy | /privacy-policy,/policies/privacy-policy,no,/policies/privacy-policy: body | /privacy-policy: body,
safeguards,2,/policies/privacy-policy | /privacy-policy,/policies/privacy-policy,no,/policies/privacy-policy: body | /privacy-policy: body,
sareea,2,/collection/kesari-sunset-chiffon-saree | /collection/rose-vine-stripe-chiffon-saree,/collection/kesari-sunset-chiffon-saree,no,/collection/kesari-sunset-chiffon-saree: body | /collection/rose-vine-stripe-chiffon-saree: body,
sareecommon,2,/guides/what-is-a-pre-loved-saree | /guides/pre-loved-vs-second-hand-saree,/guides/what-is-a-pre-loved-saree,no,/guides/what-is-a-pre-loved-saree: body | /guides/pre-loved-vs-second-hand-saree: body,
sareeftt,2,/guides/what-is-a-pre-loved-saree | /guides/pre-loved-vs-second-hand-saree,/guides/what-is-a-pre-loved-saree,no,/guides/what-is-a-pre-loved-saree: body | /guides/pre-loved-vs-second-hand-saree: body,
sareegeorgette,2,/collection | /collection/fabric/georgette,/collection,no,/collection: body | /collection/fabric/georgette: body,
sareehow,2,/faqs | /faq,/faqs,no,/faqs: body | /faq: body,
sareenew,2,/collection/fabric/silk | /collection/fabric/chiffon,/collection/fabric/silk,no,/collection/fabric/silk: body | /collection/fabric/chiffon: body,
sareethe,2,/why | /collection/coral-sunrise-chiffon-georgette-saree,/why,no,/why: body | /collection/coral-sunrise-chiffon-georgette-saree: body,
sareewhere,2,/collection/indigo-plum-tied-silk-saree | /collection/midnight-garden-georgette-saree,/collection/indigo-plum-tied-silk-saree,no,/collection/indigo-plum-tied-silk-saree: body | /collection/midnight-garden-georgette-saree: body,
sarinew,2,/top-viewed | /collection/fabric/silk,/top-viewed,no,/top-viewed: body | /collection/fabric/silk: body,
saved-address,2,/policies/privacy-policy | /privacy-policy,/policies/privacy-policy,no,/policies/privacy-policy: body | /privacy-policy: body,
scrape,2,/policies/terms-of-service | /terms-of-service,/policies/terms-of-service,no,/policies/terms-of-service: body | /terms-of-service: body,
sculpted,2,/,/,no,/: body,
sealed,2,/policies/shipping-delivery-policy | /shipping-policy,/policies/shipping-delivery-policy,no,/policies/shipping-delivery-policy: body | /shipping-policy: body,
securitycookies,2,/policies/privacy-policy | /privacy-policy,/policies/privacy-policy,no,/policies/privacy-policy: body | /privacy-policy: body,
securitypayments,2,/policies/privacy-policy | /privacy-policy,/policies/privacy-policy,no,/policies/privacy-policy: body | /privacy-policy: body,
securitywe,2,/policies/privacy-policy | /privacy-policy,/policies/privacy-policy,no,/policies/privacy-policy: body | /privacy-policy: body,
selections,2,/policies/privacy-policy | /privacy-policy,/policies/privacy-policy,no,/policies/privacy-policy: body | /privacy-policy: body,
seller,2,/policies/privacy-policy | /privacy-policy,/policies/privacy-policy,no,/policies/privacy-policy: body | /privacy-policy: body,
sense,2,/faqs | /faq,/faqs,no,/faqs: body | /faq: body,
sent,2,/packing | /policies/sell-with-us-policy,/packing,no,/packing: body | /policies/sell-with-us-policy: body,
seo,2,/guides/pre-loved-vs-second-hand-saree | /collection/fabric/chiffon,/guides/pre-loved-vs-second-hand-saree,no,/guides/pre-loved-vs-second-hand-saree: body | /collection/fabric/chiffon: body,
set,2,/policies/privacy-policy | /privacy-policy,/policies/privacy-policy,no,/policies/privacy-policy: body | /privacy-policy: body,
shall,2,/policies/terms-of-service | /terms-of-service,/policies/terms-of-service,no,/policies/terms-of-service: body | /terms-of-service: body,
shape,2,/,/,no,/: body,
sheen,2,/,/,no,/: body,
sheensilk,2,/,/,no,/: body,
shipmentsif,2,/policies/shipping-delivery-policy | /shipping-policy,/policies/shipping-delivery-policy,no,/policies/shipping-delivery-policy: body | /shipping-policy: body,
shipmentsunboxing,2,/policies/shipping-delivery-policy | /shipping-policy,/policies/shipping-delivery-policy,no,/policies/shipping-delivery-policy: body | /shipping-policy: body,
shippinglost,2,/policies/shipping-delivery-policy | /shipping-policy,/policies/shipping-delivery-policy,no,/policies/shipping-delivery-policy: body | /shipping-policy: body,
shippingwe,2,/policies/shipping-delivery-policy | /shipping-policy,/policies/shipping-delivery-policy,no,/policies/shipping-delivery-policy: body | /shipping-policy: body,
shopping,2,/policies/privacy-policy | /privacy-policy,/policies/privacy-policy,no,/policies/privacy-policy: body | /privacy-policy: body,
short,2,/policies/return-refund-policy | /return-policy,/policies/return-refund-policy,no,/policies/return-refund-policy: body | /return-policy: body,
shoulder,2,/,/,no,/: body,
signed,2,/policies/privacy-policy | /privacy-policy,/policies/privacy-policy,no,/policies/privacy-policy: body | /privacy-policy: body,
silhouette,2,/,/,no,/: body,
silkbest,2,/,/,no,/: body,
silkverifiedby,2,/collection/brown-and-mustard-light-silk | /collection/mayil-peacock-kanjivaram-mix,/collection/brown-and-mustard-light-silk,no,/collection/brown-and-mustard-light-silk: body | /collection/mayil-peacock-kanjivaram-mix: body,
sizebrown,2,/collection/brown-kapi-cotton-black-line-border | /collection/brown-and-mustard-light-silk,/collection/brown-kapi-cotton-black-line-border,no,/collection/brown-kapi-cotton-black-line-border: body | /collection/brown-and-mustard-light-silk: body,
sizeforest,2,/collection/forest-flame-tie-dye-silk | /collection/forest-green-silk-black-gold,/collection/forest-flame-tie-dye-silk,no,/collection/forest-flame-tie-dye-silk: body | /collection/forest-green-silk-black-gold: body,
sizeindigo,2,/collection/indigo-plum-tied-silk-saree | /collection/indigo-dusk-silk-cotton,/collection/indigo-plum-tied-silk-saree,no,/collection/indigo-plum-tied-silk-saree: body | /collection/indigo-dusk-silk-cotton: body,
sizemagenta,2,/collection/magenta-cotton | /collection/magenta-mist-chiffon-drape,/collection/magenta-cotton,no,/collection/magenta-cotton: body | /collection/magenta-mist-chiffon-drape: body,
sizerose,2,/collection/rose-silk-green-brown-stripe | /collection/rose-vine-stripe-chiffon-saree,/collection/rose-silk-green-brown-stripe,no,/collection/rose-silk-green-brown-stripe: body | /collection/rose-vine-stripe-chiffon-saree: body,
snag,2,/faqs | /faq,/faqs,no,/faqs: body | /faq: body,
social,2,/policies/privacy-policy | /privacy-policy,/policies/privacy-policy,no,/policies/privacy-policy: body | /privacy-policy: body,
softness,2,/policies/terms-of-service | /terms-of-service,/policies/terms-of-service,no,/policies/terms-of-service: body | /terms-of-service: body,
soul,2,/,/,no,/: body,
source,2,/faqs | /faq,/faqs,no,/faqs: body | /faq: body,
south,2,/collection/moss-green-lightweight-silk-selai,/collection/moss-green-lightweight-silk-selai,no,/collection/moss-green-lightweight-silk-selai: body,
specifically,2,/policies/terms-of-service | /terms-of-service,/policies/terms-of-service,no,/policies/terms-of-service: body | /terms-of-service: body,
status,2,/policies/privacy-policy | /privacy-policy,/policies/privacy-policy,no,/policies/privacy-policy: body | /privacy-policy: body,
status5,2,/blouses | /collection/fabric/chiffon,/blouses,no,/blouses: body | /collection/fabric/chiffon: body,
steal,2,/policies/privacy-policy | /privacy-policy,/policies/privacy-policy,no,/policies/privacy-policy: body | /privacy-policy: body,
stockbrown,2,/collection/brown-kapi-cotton-black-line-border | /collection/brown-and-mustard-light-silk,/collection/brown-kapi-cotton-black-line-border,no,/collection/brown-kapi-cotton-black-line-border: body | /collection/brown-and-mustard-light-silk: body,
stockforest,2,/collection/forest-flame-tie-dye-silk | /collection/forest-green-silk-black-gold,/collection/forest-flame-tie-dye-silk,no,/collection/forest-flame-tie-dye-silk: body | /collection/forest-green-silk-black-gold: body,
stockindigo,2,/collection/indigo-plum-tied-silk-saree | /collection/indigo-dusk-silk-cotton,/collection/indigo-plum-tied-silk-saree,no,/collection/indigo-plum-tied-silk-saree: body | /collection/indigo-dusk-silk-cotton: body,
stockmagenta,2,/collection/magenta-cotton | /collection/magenta-mist-chiffon-drape,/collection/magenta-cotton,no,/collection/magenta-cotton: body | /collection/magenta-mist-chiffon-drape: body,
stores,2,/policies/privacy-policy | /privacy-policy,/policies/privacy-policy,no,/policies/privacy-policy: body | /privacy-policy: body,
story-logged,2,/collection,/collection,no,/collection: body,
strikes,2,/policies/shipping-delivery-policy | /shipping-policy,/policies/shipping-delivery-policy,no,/policies/shipping-delivery-policy: body | /shipping-policy: body,
strong,2,/sell-your-saree | /policies/sell-with-us-policy,/sell-your-saree,no,/sell-your-saree: body | /policies/sell-with-us-policy: body,
stylingchiffon,2,/,/,no,/: body,
submitted,2,/policies/return-refund-policy | /return-policy,/policies/return-refund-policy,no,/policies/return-refund-policy: body | /return-policy: body,
summer,2,/,/,no,/: body,
supportfor,2,/packing | /policies/grievance-redressal,/packing,no,/packing: body | /policies/grievance-redressal: body,
system,2,/policies/privacy-policy | /privacy-policy,/policies/privacy-policy,no,/policies/privacy-policy: body | /privacy-policy: body,
tag,2,/policies/privacy-policy | /privacy-policy,/policies/privacy-policy,no,/policies/privacy-policy: body | /privacy-policy: body,
take,2,/policies/shipping-delivery-policy | /shipping-policy,/policies/shipping-delivery-policy,no,/policies/shipping-delivery-policy: body | /shipping-policy: body,
technologiesdata,2,/policies/privacy-policy | /privacy-policy,/policies/privacy-policy,no,/policies/privacy-policy: body | /privacy-policy: body,
technologieswhat,2,/policies/privacy-policy | /privacy-policy,/policies/privacy-policy,no,/policies/privacy-policy: body | /privacy-policy: body,
technology,2,/policies/privacy-policy | /privacy-policy,/policies/privacy-policy,no,/policies/privacy-policy: body | /privacy-policy: body,
tells,2,/faqs | /faq,/faqs,no,/faqs: body | /faq: body,
termsterms,2,/faqs | /faq,/faqs,no,/faqs: body | /faq: body,
text,2,/policies/privacy-policy | /privacy-policy,/policies/privacy-policy,no,/policies/privacy-policy: body | /privacy-policy: body,
thread,2,/authentication | /collection/semmanjal-turmeric-gold-kanjeevaram,/authentication,no,/authentication: body | /collection/semmanjal-turmeric-gold-kanjeevaram: body,
threads,2,/faqs | /faq,/faqs,no,/faqs: body | /faq: body,
time-limited,2,/policies/terms-of-service | /terms-of-service,/policies/terms-of-service,no,/policies/terms-of-service: body | /terms-of-service: body,
timelineif,2,/policies/return-refund-policy | /return-policy,/policies/return-refund-policy,no,/policies/return-refund-policy: body | /return-policy: body,
timelineshipping,2,/policies/return-refund-policy | /return-policy,/policies/return-refund-policy,no,/policies/return-refund-policy: body | /return-policy: body,
timelinesmetro,2,/policies/shipping-delivery-policy | /shipping-policy,/policies/shipping-delivery-policy,no,/policies/shipping-delivery-policy: body | /shipping-policy: body,
timelinesshipping,2,/policies/shipping-delivery-policy | /shipping-policy,/policies/shipping-delivery-policy,no,/policies/shipping-delivery-policy: body | /shipping-policy: body,
timeorders,2,/policies/shipping-delivery-policy | /shipping-policy,/policies/shipping-delivery-policy,no,/policies/shipping-delivery-policy: body | /shipping-policy: body,
timepackagingcourier,2,/policies/shipping-delivery-policy | /shipping-policy,/policies/shipping-delivery-policy,no,/policies/shipping-delivery-policy: body | /shipping-policy: body,
track,2,/policies/privacy-policy | /privacy-policy,/policies/privacy-policy,no,/policies/privacy-policy: body | /privacy-policy: body,
trackingonce,2,/policies/shipping-delivery-policy | /shipping-policy,/policies/shipping-delivery-policy,no,/policies/shipping-delivery-policy: body | /shipping-policy: body,
trade,2,/policies/privacy-policy | /privacy-policy,/policies/privacy-policy,no,/policies/privacy-policy: body | /privacy-policy: body,
traditional,2,/collection/semmanjal-turmeric-gold-kanjeevaram,/collection/semmanjal-turmeric-gold-kanjeevaram,no,/collection/semmanjal-turmeric-gold-kanjeevaram: body,
transaction,2,/policies/privacy-policy | /privacy-policy,/policies/privacy-policy,no,/policies/privacy-policy: body | /privacy-policy: body,
transactions,2,/faqs | /faq,/faqs,no,/faqs: body | /faq: body,
transparent,2,/guides/what-is-a-pre-loved-saree | /guides/pre-loved-vs-second-hand-saree,/guides/what-is-a-pre-loved-saree,no,/guides/what-is-a-pre-loved-saree: body | /guides/pre-loved-vs-second-hand-saree: body,
trap,2,/faqs | /faq,/faqs,no,/faqs: body | /faq: body,
tribe,2,/collection/midnight-tribe-gold-border-cotton,/collection/midnight-tribe-gold-border-cotton,yes,/collection/midnight-tribe-gold-border-cotton: title/meta/H1,
trunkthe,2,/our-team | /founders,/our-team,no,/our-team: body | /founders: body,
try,2,/policies/terms-of-service | /terms-of-service,/policies/terms-of-service,no,/policies/terms-of-service: body | /terms-of-service: body,
twice,2,/faqs | /faq,/faqs,no,/faqs: body | /faq: body,
ui,2,/policies/terms-of-service | /terms-of-service,/policies/terms-of-service,no,/policies/terms-of-service: body | /terms-of-service: body,
unaltered,2,/policies/return-refund-policy | /return-policy,/policies/return-refund-policy,no,/policies/return-refund-policy: body | /return-policy: body,
unauthorised,2,/policies/terms-of-service | /terms-of-service,/policies/terms-of-service,no,/policies/terms-of-service: body | /terms-of-service: body,
unconfirmed,2,/collection/moss-green-lightweight-silk-selai,/collection/moss-green-lightweight-silk-selai,no,/collection/moss-green-lightweight-silk-selai: body,
undergo,2,/policies/return-refund-policy | /return-policy,/policies/return-refund-policy,no,/policies/return-refund-policy: body | /return-policy: body,
understanding,2,/guides/what-is-a-pre-loved-saree | /guides/pre-loved-vs-second-hand-saree,/guides/what-is-a-pre-loved-saree,yes,/guides/what-is-a-pre-loved-saree: body | /guides/pre-loved-vs-second-hand-saree: body,
understated,2,/,/,no,/: body,
unlawful,2,/policies/terms-of-service | /terms-of-service,/policies/terms-of-service,no,/policies/terms-of-service: body | /terms-of-service: body,
unstained,2,/policies/return-refund-policy | /return-policy,/policies/return-refund-policy,no,/policies/return-refund-policy: body | /return-policy: body,
unused,2,/policies/return-refund-policy | /return-policy,/policies/return-refund-policy,no,/policies/return-refund-policy: body | /return-policy: body,
unwashed,2,/policies/return-refund-policy | /return-policy,/policies/return-refund-policy,no,/policies/return-refund-policy: body | /return-policy: body,
update,2,/policies/privacy-policy | /privacy-policy,/policies/privacy-policy,no,/policies/privacy-policy: body | /privacy-policy: body,
updating,2,/policies/privacy-policy | /privacy-policy,/policies/privacy-policy,no,/policies/privacy-policy: body | /privacy-policy: body,
upload,2,/policies/terms-of-service | /terms-of-service,/policies/terms-of-service,no,/policies/terms-of-service: body | /terms-of-service: body,
usage,2,/policies/privacy-policy | /privacy-policy,/policies/privacy-policy,no,/policies/privacy-policy: body | /privacy-policy: body,
useall,2,/policies/terms-of-service | /terms-of-service,/policies/terms-of-service,no,/policies/terms-of-service: body | /terms-of-service: body,
useful,2,/guides/pre-loved-vs-second-hand-saree | /collection/fabric/chiffon,/guides/pre-loved-vs-second-hand-saree,no,/guides/pre-loved-vs-second-hand-saree: body | /collection/fabric/chiffon: body,
uselimitation,2,/policies/terms-of-service | /terms-of-service,/policies/terms-of-service,no,/policies/terms-of-service: body | /terms-of-service: body,
vary,2,/policies/shipping-delivery-policy | /shipping-policy,/policies/shipping-delivery-policy,no,/policies/shipping-delivery-policy: body | /shipping-policy: body,
versatile,2,/,/,no,/: body,
version,2,/policies/privacy-policy | /privacy-policy,/policies/privacy-policy,no,/policies/privacy-policy: body | /privacy-policy: body,
via,2,/faqs | /faq,/faqs,no,/faqs: body | /faq: body,
visits,2,/policies/privacy-policy | /privacy-policy,/policies/privacy-policy,no,/policies/privacy-policy: body | /privacy-policy: body,
visual,2,/policies/terms-of-service | /terms-of-service,/policies/terms-of-service,no,/policies/terms-of-service: body | /terms-of-service: body,
volume,2,/,/,no,/: body,
vouched,2,/collection,/collection,yes,/collection: body,
wallet,2,/policies/privacy-policy | /privacy-policy,/policies/privacy-policy,no,/policies/privacy-policy: body | /privacy-policy: body,
wallets,2,/faqs | /faq,/faqs,no,/faqs: body | /faq: body,
weara,2,/,/,no,/: body,
weddings,2,/,/,no,/: body,
whisper,2,/collection/kesari-sunset-chiffon-saree | /collection/fabric/chiffon,/collection/kesari-sunset-chiffon-saree,no,/collection/kesari-sunset-chiffon-saree: body | /collection/fabric/chiffon: body,
windowwhen,2,/policies/return-refund-policy | /return-policy,/policies/return-refund-policy,no,/policies/return-refund-policy: body | /return-policy: body,
windowyou,2,/policies/return-refund-policy | /return-policy,/policies/return-refund-policy,no,/policies/return-refund-policy: body | /return-policy: body,
withdraw,2,/policies/privacy-policy | /privacy-policy,/policies/privacy-policy,no,/policies/privacy-policy: body | /privacy-policy: body,
withdrawalsharing,2,/policies/privacy-policy | /privacy-policy,/policies/privacy-policy,no,/policies/privacy-policy: body | /privacy-policy: body,
withdrawalwhere,2,/policies/privacy-policy | /privacy-policy,/policies/privacy-policy,no,/policies/privacy-policy: body | /privacy-policy: body,
women,2,/,/,no,/: body,
works,2,/authentication | /collection/fabric/chiffon,/authentication,no,/authentication: body | /collection/fabric/chiffon: body,
workswhat,2,/faqs | /faq,/faqs,no,/faqs: body | /faq: body,
workswhere,2,/faqs | /faq,/faqs,no,/faqs: body | /faq: body,
workwear,2,/,/,no,/: body,
worth,2,/why | /guides/pre-loved-vs-second-hand-saree,/why,no,/why: body | /guides/pre-loved-vs-second-hand-saree: body,
writes,2,/policies/privacy-policy | /privacy-policy,/policies/privacy-policy,no,/policies/privacy-policy: body | /privacy-policy: body,
000blue,1,/collection/fabric/silk,/collection/fabric/silk,no,/collection/fabric/silk: body,
000earthen,1,/collection/fabric/silk,/collection/fabric/silk,no,/collection/fabric/silk: body,
000estimated,1,/collection/midnight-zari-georgette,/collection/midnight-zari-georgette,no,/collection/midnight-zari-georgette: body,
000fabricchiffongradeexcellentlengthstandard,1,/collection/rose-vine-stripe-chiffon-saree,/collection/rose-vine-stripe-chiffon-saree,no,/collection/rose-vine-stripe-chiffon-saree: body,
000fabriccotton,1,/collection/red-blue-madras-check-cotton,/collection/red-blue-madras-check-cotton,no,/collection/red-blue-madras-check-cotton: body,
000fabrickanjeevaramgradepre-loved,1,/collection/heritage-zari-border-kanjivaram,/collection/heritage-zari-border-kanjivaram,no,/collection/heritage-zari-border-kanjivaram: body,
000fabrickanjeevaramgradesuperiorlengthstandard,1,/collection/colorful-vintage-kanjeevaram,/collection/colorful-vintage-kanjeevaram,no,/collection/colorful-vintage-kanjeevaram: body,
000fabriclinen,1,/collection/pachai-linen-golden-border-drape,/collection/pachai-linen-golden-border-drape,no,/collection/pachai-linen-golden-border-drape: body,
000fabricsilkgradeexcellentlengthstandard,1,/collection/kempu-pachai-and-bandhani,/collection/kempu-pachai-and-bandhani,no,/collection/kempu-pachai-and-bandhani: body,
000green,1,/collection,/collection,no,/collection: body,
000light,1,/collection/fabric/silk,/collection/fabric/silk,no,/collection/fabric/silk: body,
000marigold,1,/collection,/collection,no,/collection: body,
000midnight,1,/collection/fabric/georgette,/collection/fabric/georgette,no,/collection/fabric/georgette: body,
000mint,1,/collection/fabric/chiffon,/collection/fabric/chiffon,no,/collection/fabric/chiffon: body,
000teal,1,/collection/fabric/silk,/collection/fabric/silk,no,/collection/fabric/silk: body,
01authenticated02condition,1,/how-it-works,/how-it-works,no,/how-it-works: body,
01memoryfrom,1,/,/,no,/: body,
01sourcingwe,1,/how-it-works,/how-it-works,no,/how-it-works: body,
01story,1,/how-it-works,/how-it-works,no,/how-it-works: body,
01we,1,/why,/why,no,/why: body,
02mint,1,/,/,no,/: body,
02quality,1,/how-it-works,/how-it-works,no,/how-it-works: body,
03eco-restorationwe,1,/how-it-works,/how-it-works,no,/how-it-works: body,
03it,1,/sell-your-saree,/sell-your-saree,no,/sell-your-saree: body,
03rani,1,/,/,no,/: body,
03we,1,/why,/why,no,/why: body,
049sold,1,/collection/rose-vine-stripe-chiffon-saree,/collection/rose-vine-stripe-chiffon-saree,no,/collection/rose-vine-stripe-chiffon-saree: body,
04midnight,1,/,/,no,/: body,
04sustainable,1,/how-it-works,/how-it-works,no,/how-it-works: body,
059,1,/collection/charcoal-gold-organza-heirloom-drape,/collection/charcoal-gold-organza-heirloom-drape,no,/collection/charcoal-gold-organza-heirloom-drape: body,
059add,1,/collection/charcoal-gold-organza-heirloom-drape,/collection/charcoal-gold-organza-heirloom-drape,no,/collection/charcoal-gold-organza-heirloom-drape: body,
05doorstep,1,/how-it-works,/how-it-works,no,/how-it-works: body,
05stretchfit,1,/,/,no,/: body,
06stretchfit,1,/,/,no,/: body,
10show,1,/collection,/collection,no,/collection: body,
12,1,/collection,/collection,no,/collection: body,
16product,1,/collection/thangam-golden-weave-kanjivaram,/collection/thangam-golden-weave-kanjivaram,no,/collection/thangam-golden-weave-kanjivaram: body,
1990s,1,/collection/burnt-orange-temple-border-kanjivaram,/collection/burnt-orange-temple-border-kanjivaram,no,/collection/burnt-orange-temple-border-kanjivaram: body,
1990s-2000sfabrickanjeevaramgradepre-loved,1,/collection/semmanjal-turmeric-gold-kanjeevaram,/collection/semmanjal-turmeric-gold-kanjeevaram,no,/collection/semmanjal-turmeric-gold-kanjeevaram: body,
1originsingle,1,/collection/pachai-linen-golden-border-drape,/collection/pachai-linen-golden-border-drape,no,/collection/pachai-linen-golden-border-drape: body,
2000sfabrickanjeevaramgradepre-loved,1,/collection/burnt-orange-temple-border-kanjivaram,/collection/burnt-orange-temple-border-kanjivaram,no,/collection/burnt-orange-temple-border-kanjivaram: body,
2010s-2020sfabricsilkgradepre-loved,1,/collection/moss-green-lightweight-silk-selai,/collection/moss-green-lightweight-silk-selai,no,/collection/moss-green-lightweight-silk-selai: body,
2026prepared,1,/packing,/packing,no,/packing: body,
2026sectionsauthenticationcondition,1,/policies/authentication-condition-policy,/policies/authentication-condition-policy,no,/policies/authentication-condition-policy: body,
2026sectionscancellation,1,/policies/cancellation-policy,/policies/cancellation-policy,no,/policies/cancellation-policy: body,
2026sectionscustomer,1,/policies/grievance-redressal,/policies/grievance-redressal,no,/policies/grievance-redressal: body,
2026sectionsgeneral,1,/policies/care-packaging-policy,/policies/care-packaging-policy,no,/policies/care-packaging-policy: body,
2026sectionswhat,1,/policies/sell-with-us-policy,/policies/sell-with-us-policy,no,/policies/sell-with-us-policy: body,
25show,1,/collection,/collection,no,/collection: body,
299view,1,/,/,no,/: body,
30product,1,/collection/burnt-orange-temple-border-kanjivaram,/collection/burnt-orange-temple-border-kanjivaram,no,/collection/burnt-orange-temple-border-kanjivaram: body,
360,1,/how-it-works,/how-it-works,no,/how-it-works: body,
45,1,/collection/deep-wine-organza,/collection/deep-wine-organza,no,/collection/deep-wine-organza: body,
49,1,/collection,/collection,no,/collection: body,
500fabricgeorgettegradepre-loved,1,/collection/violet-bloom-cotton-drape,/collection/violet-bloom-cotton-drape,no,/collection/violet-bloom-cotton-drape: body,
500fabrickota,1,/collection/gulabi-kota-cotton,/collection/gulabi-kota-cotton,no,/collection/gulabi-kota-cotton: body,
500fabricsilkgradepre-loved,1,/collection/rose-silk-green-brown-stripe,/collection/rose-silk-green-brown-stripe,no,/collection/rose-silk-green-brown-stripe: body,
500lines,1,/collection/fabric/silk,/collection/fabric/silk,no,/collection/fabric/silk: body,
50vexplore,1,/collection,/collection,no,/collection: body,
549view,1,/,/,no,/: body,
599fabricsilkgradepre-loved,1,/collection/coral-sunrise-chiffon-georgette-saree,/collection/coral-sunrise-chiffon-georgette-saree,no,/collection/coral-sunrise-chiffon-georgette-saree: body,
599sold,1,/collection/coral-sunrise-chiffon-georgette-saree,/collection/coral-sunrise-chiffon-georgette-saree,no,/collection/coral-sunrise-chiffon-georgette-saree: body,
7-day,1,/policies,/policies,no,/policies: body,
700fabricchiffongradepre-loved,1,/collection/magenta-mist-chiffon-drape,/collection/magenta-mist-chiffon-drape,no,/collection/magenta-mist-chiffon-drape: body,
700the,1,/collection/fabric/chiffon,/collection/fabric/chiffon,no,/collection/fabric/chiffon: body,
above,1,/policies/grievance-redressal,/policies/grievance-redressal,no,/policies/grievance-redressal: body,
abrasion,1,/packing,/packing,no,/packing: body,
accompanied,1,/collection,/collection,no,/collection: body,
acknowledgementresolution,1,/policies/grievance-redressal,/policies/grievance-redressal,no,/policies/grievance-redressal: body,
acknowledgementwe,1,/policies/grievance-redressal,/policies/grievance-redressal,no,/policies/grievance-redressal: body,
add,1,/guides/pre-loved-vs-second-hand-saree,/guides/pre-loved-vs-second-hand-saree,no,/guides/pre-loved-vs-second-hand-saree: body,
affects,1,/policies/authentication-condition-policy,/policies/authentication-condition-policy,no,/policies/authentication-condition-policy: body,
against,1,/collection/beige-organza-peach-bloom,/collection/beige-organza-peach-bloom,no,/collection/beige-organza-peach-bloom: body,
aged,1,/authentication,/authentication,no,/authentication: body,
ageing,1,/policies/authentication-condition-policy,/policies/authentication-condition-policy,no,/policies/authentication-condition-policy: body,
aggressively,1,/policies/care-packaging-policy,/policies/care-packaging-policy,no,/policies/care-packaging-policy: body,
agreed,1,/policies/sell-with-us-policy,/policies/sell-with-us-policy,no,/policies/sell-with-us-policy: body,
airnew,1,/collection/fabric/georgette,/collection/fabric/georgette,no,/collection/fabric/georgette: body,
airverifiedby,1,/collection/midnight-zari-georgette,/collection/midnight-zari-georgette,no,/collection/midnight-zari-georgette: body,
airykota,1,/,/,no,/: body,
alteration,1,/policies/care-packaging-policy,/policies/care-packaging-policy,no,/policies/care-packaging-policy: body,
applieditems,1,/collection,/collection,no,/collection: body,
archive,1,/,/,no,/: body,
arrivala,1,/,/,no,/: body,
arrive,1,/packing,/packing,no,/packing: body,
askare,1,/collection/fabric/silk,/collection/fabric/silk,no,/collection/fabric/silk: body,
askhow,1,/blouses,/blouses,no,/blouses: body,
asking,1,/why,/why,no,/why: body,
askis,1,/collection/fabric/chiffon,/collection/fabric/chiffon,no,/collection/fabric/chiffon: body,
askwill,1,/collection/fabric/georgette,/collection/fabric/georgette,no,/collection/fabric/georgette: body,
assistance,1,/policies/care-packaging-policy,/policies/care-packaging-policy,no,/policies/care-packaging-policy: body,
assumptions,1,/blouses,/blouses,no,/blouses: body,
assurance,1,/authentication,/authentication,no,/authentication: body,
authenticatedreviewed,1,/why,/why,no,/why: body,
authenticates,1,/collection/fabric/silk,/collection/fabric/silk,no,/collection/fabric/silk: body,
authenticationhave,1,/how-it-works,/how-it-works,no,/how-it-works: body,
authorised,1,/policies/sell-with-us-policy,/policies/sell-with-us-policy,no,/policies/sell-with-us-policy: body,
availabilityin,1,/collection,/collection,no,/collection: body,
bandhanikempu,1,/collection/kempu-pachai-and-bandhani,/collection/kempu-pachai-and-bandhani,no,/collection/kempu-pachai-and-bandhani: body,
based,1,/policies/sell-with-us-policy,/policies/sell-with-us-policy,no,/policies/sell-with-us-policy: body,
beautyverifiedby,1,/collection/violet-bloom-cotton-drape,/collection/violet-bloom-cotton-drape,no,/collection/violet-bloom-cotton-drape: body,
began,1,/why,/why,no,/why: body,
beginning,1,/why,/why,no,/why: body,
begins,1,/why,/why,no,/why: body,
beliefbeautiful,1,/why,/why,no,/why: body,
belonged,1,/guides/what-is-a-pre-loved-saree,/guides/what-is-a-pre-loved-saree,no,/guides/what-is-a-pre-loved-saree: body,
bleach,1,/policies/care-packaging-policy,/policies/care-packaging-policy,no,/policies/care-packaging-policy: body,
blendgradeexcellentlengthstandard,1,/collection/pachai-linen-golden-border-drape,/collection/pachai-linen-golden-border-drape,no,/collection/pachai-linen-golden-border-drape: body,
blendmeasurementsstandard,1,/collection/pachai-linen-golden-border-drape,/collection/pachai-linen-golden-border-drape,no,/collection/pachai-linen-golden-border-drape: body,
blendthe,1,/collection/pachai-linen-golden-border-drape,/collection/pachai-linen-golden-border-drape,no,/collection/pachai-linen-golden-border-drape: body,
blooms,1,/collection/twilight-orange-cotton-weave,/collection/twilight-orange-cotton-weave,no,/collection/twilight-orange-cotton-weave: body,
blousecottonexcellent,1,/,/,no,/: body,
blouses,1,/blouses,/blouses,yes,/blouses: title/meta/H1,Protected commercial term retained by audit normalization.
blousesblack,1,/blouses,/blouses,no,/blouses: body,
blousesblouses,1,/blouses,/blouses,no,/blouses: body,
bordered,1,/collection/midnight-tribe-gold-border-cotton,/collection/midnight-tribe-gold-border-cotton,no,/collection/midnight-tribe-gold-border-cotton: body,
bordermagenta,1,/collection/magenta-cotton,/collection/magenta-cotton,no,/collection/magenta-cotton: body,
borders,1,/how-it-works,/how-it-works,no,/how-it-works: body,
bordersilk,1,/collection,/collection,no,/collection: body,
borderthe,1,/collection/pink-katan-triangle-zari-edge,/collection/pink-katan-triangle-zari-edge,no,/collection/pink-katan-triangle-zari-edge: body,
borderverifiedby,1,/collection/magenta-cotton,/collection/magenta-cotton,no,/collection/magenta-cotton: body,
born,1,/collection/heritage-zari-border-kanjivaram,/collection/heritage-zari-border-kanjivaram,no,/collection/heritage-zari-border-kanjivaram: body,
borne,1,/policies/cancellation-policy,/policies/cancellation-policy,no,/policies/cancellation-policy: body,
both,1,/guides/pre-loved-vs-second-hand-saree,/guides/pre-loved-vs-second-hand-saree,no,/guides/pre-loved-vs-second-hand-saree: body,
boxacid-free,1,/packing,/packing,no,/packing: body,
bridal,1,/policies/sell-with-us-policy,/policies/sell-with-us-policy,no,/policies/sell-with-us-policy: body,Protected commercial term retained by audit normalization.
bridge,1,/,/,no,/: body,
broad,1,/collection/fabric/chiffon,/collection/fabric/chiffon,no,/collection/fabric/chiffon: body,
built,1,/sell-your-saree,/sell-your-saree,no,/sell-your-saree: body,
buti,1,/authentication,/authentication,no,/authentication: body,
buyers,1,/top-viewed,/top-viewed,no,/top-viewed: body,
came,1,/authentication,/authentication,no,/authentication: body,
careeach,1,/packing,/packing,no,/packing: body,
carepackagingdamage,1,/policies/care-packaging-policy,/policies/care-packaging-policy,no,/policies/care-packaging-policy: body,
carepressed,1,/,/,no,/: body,
carestoragezari,1,/policies/care-packaging-policy,/policies/care-packaging-policy,no,/policies/care-packaging-policy: body,
careunless,1,/policies/care-packaging-policy,/policies/care-packaging-policy,no,/policies/care-packaging-policy: body,
careuse,1,/policies/care-packaging-policy,/policies/care-packaging-policy,no,/policies/care-packaging-policy: body,
carried,1,/how-it-works,/how-it-works,no,/how-it-works: body,
cartload,1,/collection,/collection,no,/collection: body,
cartpre-lovedbrown,1,/collection/fabric/silk,/collection/fabric/silk,no,/collection/fabric/silk: body,
cartpre-lovedkesari,1,/collection/fabric/chiffon,/collection/fabric/chiffon,no,/collection/fabric/chiffon: body,
cartpre-lovedmagenta,1,/collection/fabric/chiffon,/collection/fabric/chiffon,no,/collection/fabric/chiffon: body,
cartpre-lovedmarigold,1,/collection,/collection,no,/collection: body,
cartpre-lovedmint,1,/collection/fabric/chiffon,/collection/fabric/chiffon,no,/collection/fabric/chiffon: body,
cartpre-lovednila,1,/collection/fabric/silk,/collection/fabric/silk,no,/collection/fabric/silk: body,
cartpre-lovedpressed,1,/collection/fabric/chiffon,/collection/fabric/chiffon,no,/collection/fabric/chiffon: body,
cartpre-lovedrani,1,/collection/fabric/georgette,/collection/fabric/georgette,no,/collection/fabric/georgette: body,
cartpre-lovedrose,1,/collection/fabric/silk,/collection/fabric/silk,no,/collection/fabric/silk: body,
cartpre-lovedsoft,1,/collection/fabric/silk,/collection/fabric/silk,no,/collection/fabric/silk: body,
cartpre-lovedsunset,1,/collection,/collection,no,/collection: body,
cartpre-lovedteal,1,/collection/fabric/silk,/collection/fabric/silk,no,/collection/fabric/silk: body,
cartreservedpink,1,/collection,/collection,no,/collection: body,
cartsleeveless,1,/top-viewed,/top-viewed,no,/top-viewed: body,
case,1,/policies/authentication-condition-policy,/policies/authentication-condition-policy,no,/policies/authentication-condition-policy: body,
casual,1,/collection,/collection,no,/collection: body,
category,1,/collection,/collection,no,/collection: body,
celebrating,1,/,/,no,/: body,
centuryfabrickanjeevaramgradepre-loved,1,/collection/nava-pazham-kanjeevaram-silk,/collection/nava-pazham-kanjeevaram-silk,no,/collection/nava-pazham-kanjeevaram-silk: body,
ceremonynew,1,/collection/fabric/silk,/collection/fabric/silk,no,/collection/fabric/silk: body,
ceremonyverifiedby,1,/collection/rose-silk-green-brown-stripe,/collection/rose-silk-green-brown-stripe,no,/collection/rose-silk-green-brown-stripe: body,
characterfinal,1,/policies/authentication-condition-policy,/policies/authentication-condition-policy,no,/policies/authentication-condition-policy: body,
characterpre-loved,1,/policies/authentication-condition-policy,/policies/authentication-condition-policy,no,/policies/authentication-condition-policy: body,
charge,1,/policies/cancellation-policy,/policies/cancellation-policy,no,/policies/cancellation-policy: body,
chargescancellation,1,/policies/cancellation-policy,/policies/cancellation-policy,no,/policies/cancellation-policy: body,
chargesftt,1,/policies/cancellation-policy,/policies/cancellation-policy,no,/policies/cancellation-policy: body,
chatinstagram,1,/contact,/contact,no,/contact: body,
checkcondition,1,/policies/authentication-condition-policy,/policies/authentication-condition-policy,no,/policies/authentication-condition-policy: body,
checkeach,1,/policies/authentication-condition-policy,/policies/authentication-condition-policy,no,/policies/authentication-condition-policy: body,
checkedownershipuniqueprovenanceappears,1,/collection/moss-green-lightweight-silk-selai,/collection/moss-green-lightweight-silk-selai,no,/collection/moss-green-lightweight-silk-selai: body,
checkedtextilecotton,1,/collection/red-blue-madras-check-cotton,/collection/red-blue-madras-check-cotton,no,/collection/red-blue-madras-check-cotton: body,
checkoutpayments,1,/policies,/policies,no,/policies: body,
checkwe,1,/authentication,/authentication,no,/authentication: body,
chiffona,1,/collection/pressed-bloom-sheer-chiffon,/collection/pressed-bloom-sheer-chiffon,no,/collection/pressed-bloom-sheer-chiffon: body,
chiffonchiffon,1,/collection/fabric/chiffon,/collection/fabric/chiffon,no,/collection/fabric/chiffon: body,
chiffonmodern,1,/,/,no,/: body,
choiceloved,1,/,/,no,/: body,
choiceto,1,/why,/why,no,/why: body,
circularchoosing,1,/why,/why,no,/why: body,
claritypre-loved,1,/policies,/policies,no,/policies: body,
classic,1,/collection/lime-and-gold-cotton-classic,/collection/lime-and-gold-cotton-classic,yes,/collection/lime-and-gold-cotton-classic: title/meta/H1,
classicthe,1,/collection/lime-and-gold-cotton-classic,/collection/lime-and-gold-cotton-classic,no,/collection/lime-and-gold-cotton-classic: body,
coffee,1,/collection/brown-kapi-cotton-black-line-border,/collection/brown-kapi-cotton-black-line-border,no,/collection/brown-kapi-cotton-black-line-border: body,
collectionftt,1,/how-it-works,/how-it-works,no,/how-it-works: body,
collectionmost-loved,1,/top-viewed,/top-viewed,no,/top-viewed: body,
collectionshare,1,/why,/why,no,/why: body,
collector,1,/collection,/collection,no,/collection: body,
colourgreengreenorangeorangebluebluegoldgoldpinkpinkpurplepurpleblackblackredredivory,1,/collection,/collection,no,/collection: body,
commission,1,/policies/sell-with-us-policy,/policies/sell-with-us-policy,yes,/policies/sell-with-us-policy: body,
commissionif,1,/policies/sell-with-us-policy,/policies/sell-with-us-policy,no,/policies/sell-with-us-policy: body,
commissionrejection,1,/policies/sell-with-us-policy,/policies/sell-with-us-policy,no,/policies/sell-with-us-policy: body,
compared,1,/guides/what-is-a-pre-loved-saree,/guides/what-is-a-pre-loved-saree,no,/guides/what-is-a-pre-loved-saree: body,
complete,1,/policies/cancellation-policy,/policies/cancellation-policy,no,/policies/cancellation-policy: body,
composed,1,/packing,/packing,no,/packing: body,
condition-checks,1,/collection/fabric/silk,/collection/fabric/silk,no,/collection/fabric/silk: body,
conditionexcellenttextilechiffonmeasurementsstandard,1,/collection/rose-vine-stripe-chiffon-saree,/collection/rose-vine-stripe-chiffon-saree,no,/collection/rose-vine-stripe-chiffon-saree: body,
conditionexcellenttextilekota,1,/collection/gulabi-kota-cotton,/collection/gulabi-kota-cotton,no,/collection/gulabi-kota-cotton: body,
conditionexcellenttextilesilkmeasurementsstandard,1,/collection/kempu-pachai-and-bandhani,/collection/kempu-pachai-and-bandhani,no,/collection/kempu-pachai-and-bandhani: body,
conditionnewtextilekanjeevaram,1,/collection/mayil-peacock-kanjivaram-mix,/collection/mayil-peacock-kanjivaram-mix,no,/collection/mayil-peacock-kanjivaram-mix: body,
conditionsuperiortextilekanjeevarammeasurementsstandard,1,/collection/colorful-vintage-kanjeevaram,/collection/colorful-vintage-kanjeevaram,no,/collection/colorful-vintage-kanjeevaram: body,
confirmationby,1,/policies/sell-with-us-policy,/policies/sell-with-us-policy,no,/policies/sell-with-us-policy: body,
confirmationpricing,1,/policies/sell-with-us-policy,/policies/sell-with-us-policy,no,/policies/sell-with-us-policy: body,
conscious,1,/,/,no,/: body,
consciousa,1,/why,/why,no,/why: body,
consider,1,/policies/authentication-condition-policy,/policies/authentication-condition-policy,no,/policies/authentication-condition-policy: body,
considering,1,/guides/pre-loved-vs-second-hand-saree,/guides/pre-loved-vs-second-hand-saree,no,/guides/pre-loved-vs-second-hand-saree: body,
consistency,1,/policies/authentication-condition-policy,/policies/authentication-condition-policy,no,/policies/authentication-condition-policy: body,
construction,1,/policies/authentication-condition-policy,/policies/authentication-condition-policy,no,/policies/authentication-condition-policy: body,
contacting,1,/policies/cancellation-policy,/policies/cancellation-policy,no,/policies/cancellation-policy: body,
contactsubmit,1,/policies/sell-with-us-policy,/policies/sell-with-us-policy,no,/policies/sell-with-us-policy: body,
controlevery,1,/how-it-works,/how-it-works,no,/how-it-works: body,
cookiesauthenticated,1,/,/,no,/: body,
cookiescustomer,1,/packing,/packing,no,/packing: body,
cookieshomeguidespre-loved,1,/guides/pre-loved-vs-second-hand-saree,/guides/pre-loved-vs-second-hand-saree,no,/guides/pre-loved-vs-second-hand-saree: body,
cookieshomeguideswhat,1,/guides/what-is-a-pre-loved-saree,/guides/what-is-a-pre-loved-saree,no,/guides/what-is-a-pre-loved-saree: body,
cookieshomesell,1,/sell-your-saree,/sell-your-saree,no,/sell-your-saree: body,
cookieshow,1,/how-it-works,/how-it-works,no,/how-it-works: body,
cookiesour,1,/why,/why,no,/why: body,
cookiespolicies,1,/policies,/policies,no,/policies: body,
cookiestrust,1,/authentication,/authentication,no,/authentication: body,
cottonchecked,1,/collection/red-blue-madras-check-cotton,/collection/red-blue-madras-check-cotton,no,/collection/red-blue-madras-check-cotton: body,
cottongradeexcellentlengthstandard,1,/collection/gulabi-kota-cotton,/collection/gulabi-kota-cotton,no,/collection/gulabi-kota-cotton: body,
cottongulabi,1,/collection/gulabi-kota-cotton,/collection/gulabi-kota-cotton,no,/collection/gulabi-kota-cotton: body,
cottonmarigold,1,/collection/marigold-moss-cotton,/collection/marigold-moss-cotton,no,/collection/marigold-moss-cotton: body,
cottonmaroon,1,/collection/maroon-chettinad-cotton,/collection/maroon-chettinad-cotton,no,/collection/maroon-chettinad-cotton: body,
cottonmeasurementsstandard,1,/collection/gulabi-kota-cotton,/collection/gulabi-kota-cotton,no,/collection/gulabi-kota-cotton: body,
cottons,1,/policies/care-packaging-policy,/policies/care-packaging-policy,no,/policies/care-packaging-policy: body,
cottonwoven,1,/collection/midnight-tribe-gold-border-cotton,/collection/midnight-tribe-gold-border-cotton,no,/collection/midnight-tribe-gold-border-cotton: body,
counterfeit,1,/policies/sell-with-us-policy,/policies/sell-with-us-policy,no,/policies/sell-with-us-policy: body,
covers,1,/policies/care-packaging-policy,/policies/care-packaging-policy,no,/policies/care-packaging-policy: body,
crafted,1,/,/,no,/: body,
craftsmanship,1,/,/,no,/: body,
craftverifiedby,1,/collection/lime-and-gold-cotton-classic,/collection/lime-and-gold-cotton-classic,no,/collection/lime-and-gold-cotton-classic: body,
craftwe,1,/why,/why,no,/why: body,
created,1,/packing,/packing,no,/packing: body,
curate,1,/sell-your-saree,/sell-your-saree,no,/sell-your-saree: body,
curious,1,/authentication,/authentication,no,/authentication: body,
custodians,1,/sell-your-saree,/sell-your-saree,no,/sell-your-saree: body,
daylight,1,/authentication,/authentication,no,/authentication: body,
decline,1,/policies/sell-with-us-policy,/policies/sell-with-us-policy,no,/policies/sell-with-us-policy: body,
deliveryftt,1,/policies/care-packaging-policy,/policies/care-packaging-policy,no,/policies/care-packaging-policy: body,
deliverygeneral,1,/policies/care-packaging-policy,/policies/care-packaging-policy,no,/policies/care-packaging-policy: body,
designa,1,/how-it-works,/how-it-works,no,/how-it-works: body,
desk,1,/policies/authentication-condition-policy,/policies/authentication-condition-policy,no,/policies/authentication-condition-policy: body,
detailingconditionpre-loved,1,/collection/midnight-zari-georgette,/collection/midnight-zari-georgette,no,/collection/midnight-zari-georgette: body,
detergents,1,/policies/care-packaging-policy,/policies/care-packaging-policy,no,/policies/care-packaging-policy: body,
discipline,1,/collection/brown-kapi-cotton-black-line-border,/collection/brown-kapi-cotton-black-line-border,no,/collection/brown-kapi-cotton-black-line-border: body,
discolouration,1,/policies/authentication-condition-policy,/policies/authentication-condition-policy,no,/policies/authentication-condition-policy: body,
discover,1,/,/,no,/: body,
discretion,1,/policies/sell-with-us-policy,/policies/sell-with-us-policy,no,/policies/sell-with-us-policy: body,
dispatchauthenticity,1,/policies/authentication-condition-policy,/policies/authentication-condition-policy,no,/policies/authentication-condition-policy: body,
dispatchbefore,1,/policies/authentication-condition-policy,/policies/authentication-condition-policy,no,/policies/authentication-condition-policy: body,
dispatchcancellation,1,/policies/cancellation-policy,/policies/cancellation-policy,no,/policies/cancellation-policy: body,
dispatchonce,1,/policies/cancellation-policy,/policies/cancellation-policy,no,/policies/cancellation-policy: body,
dispatchseen,1,/,/,no,/: body,
dispatchunique,1,/policies/cancellation-policy,/policies/cancellation-policy,no,/policies/cancellation-policy: body,
dispatchwe,1,/packing,/packing,no,/packing: body,
dispatchyou,1,/policies/cancellation-policy,/policies/cancellation-policy,no,/policies/cancellation-policy: body,
disposal,1,/guides/what-is-a-pre-loved-saree,/guides/what-is-a-pre-loved-saree,no,/guides/what-is-a-pre-loved-saree: body,
distinction,1,/,/,no,/: body,
distinctions,1,/authentication,/authentication,no,/authentication: body,
distinctive,1,/sell-your-saree,/sell-your-saree,no,/sell-your-saree: body,
documented02condition,1,/how-it-works,/how-it-works,no,/how-it-works: body,
doorway,1,/collection/fabric/georgette,/collection/fabric/georgette,no,/collection/fabric/georgette: body,
drapecharcoal,1,/collection/charcoal-gold-organza-heirloom-drape,/collection/charcoal-gold-organza-heirloom-drape,no,/collection/charcoal-gold-organza-heirloom-drape: body,
drapechiffon,1,/collection/fabric/chiffon,/collection/fabric/chiffon,no,/collection/fabric/chiffon: body,
drapechiffonpre-loved,1,/,/,no,/: body,
drapegeorgette,1,/collection/fabric/georgette,/collection/fabric/georgette,no,/collection/fabric/georgette: body,
drapelight,1,/collection/midnight-kesari-cotton-drape,/collection/midnight-kesari-cotton-drape,no,/collection/midnight-kesari-cotton-drape: body,
drapepre,1,/collection/fabric/georgette,/collection/fabric/georgette,no,/collection/fabric/georgette: body,
drapes,1,/collection/fabric/chiffon,/collection/fabric/chiffon,no,/collection/fabric/chiffon: body,
drapesilk,1,/collection/fabric/silk,/collection/fabric/silk,no,/collection/fabric/silk: body,
drapethe,1,/collection/magenta-mist-chiffon-drape,/collection/magenta-mist-chiffon-drape,no,/collection/magenta-mist-chiffon-drape: body,
drapeverifiedby,1,/collection/charcoal-gold-organza-heirloom-drape,/collection/charcoal-gold-organza-heirloom-drape,no,/collection/charcoal-gold-organza-heirloom-drape: body,
drapeviolet,1,/collection/violet-bloom-cotton-drape,/collection/violet-bloom-cotton-drape,no,/collection/violet-bloom-cotton-drape: body,
draping,1,/policies/care-packaging-policy,/policies/care-packaging-policy,no,/policies/care-packaging-policy: body,
dream,1,/collection/sunset-ombr-chiffon-draped-dream,/collection/sunset-ombr-chiffon-draped-dream,yes,/collection/sunset-ombr-chiffon-draped-dream: title/meta/H1,
dreamwhere,1,/collection/sunset-ombr-chiffon-draped-dream,/collection/sunset-ombr-chiffon-draped-dream,no,/collection/sunset-ombr-chiffon-draped-dream: body,
drying,1,/policies/care-packaging-policy,/policies/care-packaging-policy,no,/policies/care-packaging-policy: body,
duplicates,1,/collection/fabric/chiffon,/collection/fabric/chiffon,no,/collection/fabric/chiffon: body,
duskindigo,1,/collection/indigo-dusk-silk-cotton,/collection/indigo-dusk-silk-cotton,no,/collection/indigo-dusk-silk-cotton: body,
early,1,/collection/burnt-orange-temple-border-kanjivaram,/collection/burnt-orange-temple-border-kanjivaram,no,/collection/burnt-orange-temple-border-kanjivaram: body,
earth,1,/collection/midnight-tribe-gold-border-cotton,/collection/midnight-tribe-gold-border-cotton,no,/collection/midnight-tribe-gold-border-cotton: body,
easecotton,1,/,/,no,/: body,
ecommerce,1,/policies/cancellation-policy,/policies/cancellation-policy,no,/policies/cancellation-policy: body,
edgewhere,1,/collection/verdant-bloom-silk-burgundy-gold-border,/collection/verdant-bloom-silk-burgundy-gold-border,no,/collection/verdant-bloom-silk-burgundy-gold-border: body,
edging,1,/policies/authentication-condition-policy,/policies/authentication-condition-policy,no,/policies/authentication-condition-policy: body,
effort,1,/guides/pre-loved-vs-second-hand-saree,/guides/pre-loved-vs-second-hand-saree,no,/guides/pre-loved-vs-second-hand-saree: body,
eligibility,1,/packing,/packing,no,/packing: body,
elsestep,1,/contact,/contact,no,/contact: body,
emailhello,1,/contact,/contact,no,/contact: body,
emotion,1,/,/,no,/: body,
encumbered,1,/policies/sell-with-us-policy,/policies/sell-with-us-policy,no,/policies/sell-with-us-policy: body,
enters,1,/how-it-works,/how-it-works,no,/how-it-works: body,
entirely,1,/,/,no,/: body,
erase,1,/why,/why,no,/why: body,
erasing,1,/how-it-works,/how-it-works,no,/how-it-works: body,
escalate,1,/policies/grievance-redressal,/policies/grievance-redressal,no,/policies/grievance-redressal: body,
escalationif,1,/policies/grievance-redressal,/policies/grievance-redressal,no,/policies/grievance-redressal: body,
especially,1,/sell-your-saree,/sell-your-saree,no,/sell-your-saree: body,
ever,1,/authentication,/authentication,no,/authentication: body,
exactly,1,/authentication,/authentication,yes,/authentication: meta,
expensive,1,/guides/pre-loved-vs-second-hand-saree,/guides/pre-loved-vs-second-hand-saree,yes,/guides/pre-loved-vs-second-hand-saree: body,
fabricchoose,1,/,/,no,/: body,
fabriccotton,1,/collection,/collection,no,/collection: body,
fabricgeorgettegradepre-loved,1,/collection/midnight-zari-georgette,/collection/midnight-zari-georgette,no,/collection/midnight-zari-georgette: body,
fabricprevious,1,/,/,no,/: body,
fabricsocial,1,/,/,no,/: body,
fabricswearing,1,/policies/care-packaging-policy,/policies/care-packaging-policy,no,/policies/care-packaging-policy: body,
fabricszari,1,/policies/care-packaging-policy,/policies/care-packaging-policy,no,/policies/care-packaging-policy: body,
fading,1,/policies/authentication-condition-policy,/policies/authentication-condition-policy,no,/policies/authentication-condition-policy: body,
faint,1,/policies/authentication-condition-policy,/policies/authentication-condition-policy,no,/policies/authentication-condition-policy: body,
falling,1,/collection/autumn-ember-golden-leaf-cotton,/collection/autumn-ember-golden-leaf-cotton,no,/collection/autumn-ember-golden-leaf-cotton: body,
favourite,1,/top-viewed,/top-viewed,no,/top-viewed: body,
fearless,1,/,/,no,/: body,
featured,1,/,/,no,/: body,
fees,1,/policies/cancellation-policy,/policies/cancellation-policy,no,/policies/cancellation-policy: body,
festival,1,/why,/why,no,/why: body,
fieldnew,1,/collection,/collection,no,/collection: body,
fieldverifiedby,1,/collection/pink-katan-triangle-zari-edge,/collection/pink-katan-triangle-zari-edge,no,/collection/pink-katan-triangle-zari-edge: body,
filtered,1,/collection/fabric/chiffon,/collection/fabric/chiffon,no,/collection/fabric/chiffon: body,
filters,1,/collection,/collection,yes,/collection: body,
finding,1,/,/,yes,/: body,
fine,1,/authentication,/authentication,no,/authentication: body,
flag,1,/authentication,/authentication,no,/authentication: body,
flourishnew,1,/collection/fabric/silk,/collection/fabric/silk,no,/collection/fabric/silk: body,
flourishverifiedby,1,/collection/midnight-kesari-cotton-drape,/collection/midnight-kesari-cotton-drape,no,/collection/midnight-kesari-cotton-drape: body,
flowgeorgette,1,/,/,no,/: body,
flowsfrom,1,/sell-your-saree,/sell-your-saree,no,/sell-your-saree: body,
focused,1,/collection/fabric/chiffon,/collection/fabric/chiffon,no,/collection/fabric/chiffon: body,
follow,1,/,/,no,/: body,
footprint,1,/collection/fabric/silk,/collection/fabric/silk,no,/collection/fabric/silk: body,
forever,1,/,/,yes,/: body,
frequent,1,/policies/authentication-condition-policy,/policies/authentication-condition-policy,no,/policies/authentication-condition-policy: body,
fruits,1,/collection/nava-pazham-kanjeevaram-silk,/collection/nava-pazham-kanjeevaram-silk,no,/collection/nava-pazham-kanjeevaram-silk: body,
fttcancellation,1,/policies/cancellation-policy,/policies/cancellation-policy,no,/policies/cancellation-policy: body,
fttftt,1,/policies/cancellation-policy,/policies/cancellation-policy,no,/policies/cancellation-policy: body,
further,1,/guides/pre-loved-vs-second-hand-saree,/guides/pre-loved-vs-second-hand-saree,no,/guides/pre-loved-vs-second-hand-saree: body,
gathers,1,/collection/fabric/silk,/collection/fabric/silk,no,/collection/fabric/silk: body,
generic,1,/guides/pre-loved-vs-second-hand-saree,/guides/pre-loved-vs-second-hand-saree,no,/guides/pre-loved-vs-second-hand-saree: body,
georgettea,1,/collection/rani-pink-georgette-garden-party,/collection/rani-pink-georgette-garden-party,no,/collection/rani-pink-georgette-garden-party: body,
georgetteestimated,1,/,/,no,/: body,
georgettegeorgettepre-loved,1,/,/,no,/: body,
georgettemidnight,1,/collection/midnight-zari-georgette,/collection/midnight-zari-georgette,no,/collection/midnight-zari-georgette: body,
georgettesourced,1,/,/,no,/: body,
gifts,1,/collection/fabric/silk,/collection/fabric/silk,no,/collection/fabric/silk: body,
gives,1,/why,/why,no,/why: body,
goal,1,/packing,/packing,no,/packing: body,
goldgreen,1,/collection/forest-green-silk-black-gold,/collection/forest-green-silk-black-gold,no,/collection/forest-green-silk-black-gold: body,
goldsilk,1,/collection,/collection,no,/collection: body,
goldwhere,1,/collection/mustard-organza-brown-border-drape,/collection/mustard-organza-brown-border-drape,no,/collection/mustard-organza-brown-border-drape: body,
gossamernew,1,/collection/fabric/chiffon,/collection/fabric/chiffon,no,/collection/fabric/chiffon: body,
gossamerverifiedby,1,/collection/pressed-bloom-sheer-chiffon,/collection/pressed-bloom-sheer-chiffon,no,/collection/pressed-bloom-sheer-chiffon: body,
grace,1,/collection/mayil-peacock-kanjivaram-mix,/collection/mayil-peacock-kanjivaram-mix,no,/collection/mayil-peacock-kanjivaram-mix: body,
gradedmarks,1,/how-it-works,/how-it-works,no,/how-it-works: body,
gradesexcellent,1,/policies/authentication-condition-policy,/policies/authentication-condition-policy,no,/policies/authentication-condition-policy: body,
gradespre-loved,1,/policies/authentication-condition-policy,/policies/authentication-condition-policy,no,/policies/authentication-condition-policy: body,
grain,1,/authentication,/authentication,no,/authentication: body,
greendark,1,/collection,/collection,no,/collection: body,
greenmagnetamagnetamaroonmaroonmustardmustardroserosetealtealvioletvioletprice,1,/collection,/collection,no,/collection: body,
greensilk,1,/collection/fabric/silk,/collection/fabric/silk,no,/collection/fabric/silk: body,
greycharcoal,1,/collection,/collection,no,/collection: body,
greydark,1,/collection,/collection,no,/collection: body,
guarantee,1,/policies/sell-with-us-policy,/policies/sell-with-us-policy,no,/policies/sell-with-us-policy: body,
guaranteeauthenticationevery,1,/policies/authentication-condition-policy,/policies/authentication-condition-policy,no,/policies/authentication-condition-policy: body,
guaranteeif,1,/policies/authentication-condition-policy,/policies/authentication-condition-policy,no,/policies/authentication-condition-policy: body,
guidance,1,/how-it-works,/how-it-works,no,/how-it-works: body,
guidepre-loved,1,/guides/pre-loved-vs-second-hand-saree,/guides/pre-loved-vs-second-hand-saree,no,/guides/pre-loved-vs-second-hand-saree: body,
guidewhat,1,/guides/what-is-a-pre-loved-saree,/guides/what-is-a-pre-loved-saree,no,/guides/what-is-a-pre-loved-saree: body,
handcommon,1,/sell-your-saree,/sell-your-saree,no,/sell-your-saree: body,
handconditionexcellentownershipuniqueprovenancesingle,1,/collection/pachai-linen-golden-border-drape,/collection/pachai-linen-golden-border-drape,no,/collection/pachai-linen-golden-border-drape: body,
handconditionnewownershipuniqueprovenanceappears,1,/collection/mayil-peacock-kanjivaram-mix,/collection/mayil-peacock-kanjivaram-mix,no,/collection/mayil-peacock-kanjivaram-mix: body,
handconditionsuperiorownershipuniqueprovenancesourced,1,/collection/colorful-vintage-kanjeevaram,/collection/colorful-vintage-kanjeevaram,no,/collection/colorful-vintage-kanjeevaram: body,
handcrafted,1,/,/,no,/: body,
handle,1,/how-it-works,/how-it-works,no,/how-it-works: body,
handling,1,/how-it-works,/how-it-works,no,/how-it-works: body,
handpicked,1,/,/,no,/: body,
hands-on,1,/authentication,/authentication,no,/authentication: body,
handsell,1,/guides/what-is-a-pre-loved-saree,/guides/what-is-a-pre-loved-saree,no,/guides/what-is-a-pre-loved-saree: body,
harsh,1,/policies/care-packaging-policy,/policies/care-packaging-policy,no,/policies/care-packaging-policy: body,
harvest,1,/collection/mustard-organza-brown-border-drape,/collection/mustard-organza-brown-border-drape,yes,/collection/mustard-organza-brown-border-drape: title/meta/H1,
helpstyling,1,/contact,/contact,no,/contact: body,
hiding,1,/authentication,/authentication,no,/authentication: body,
holdbecause,1,/policies/cancellation-policy,/policies/cancellation-policy,no,/policies/cancellation-policy: body,
holdcancellation,1,/policies/cancellation-policy,/policies/cancellation-policy,no,/policies/cancellation-policy: body,
honestlya,1,/authentication,/authentication,no,/authentication: body,
honesty,1,/authentication,/authentication,no,/authentication: body,
honour,1,/why,/why,no,/why: body,
honourevery,1,/why,/why,no,/why: body,
hooks,1,/policies/care-packaging-policy,/policies/care-packaging-policy,no,/policies/care-packaging-policy: body,
hourverifiedby,1,/collection/sunset-ombr-chiffon-draped-dream,/collection/sunset-ombr-chiffon-draped-dream,no,/collection/sunset-ombr-chiffon-draped-dream: body,
includeescalationcustomer,1,/policies/grievance-redressal,/policies/grievance-redressal,no,/policies/grievance-redressal: body,
includeplease,1,/policies/grievance-redressal,/policies/grievance-redressal,no,/policies/grievance-redressal: body,
includes,1,/guides/what-is-a-pre-loved-saree,/guides/what-is-a-pre-loved-saree,no,/guides/what-is-a-pre-loved-saree: body,
indexable,1,/collection/fabric/georgette,/collection/fabric/georgette,no,/collection/fabric/georgette: body,
inspect,1,/packing,/packing,no,/packing: body,
intact,1,/authentication,/authentication,no,/authentication: body,
intentionally,1,/collection/fabric/georgette,/collection/fabric/georgette,no,/collection/fabric/georgette: body,
interest,1,/policies/sell-with-us-policy,/policies/sell-with-us-policy,no,/policies/sell-with-us-policy: body,
interested,1,/sell-your-saree,/sell-your-saree,no,/sell-your-saree: body,
internal,1,/collection/fabric/georgette,/collection/fabric/georgette,no,/collection/fabric/georgette: body,
inventing,1,/authentication,/authentication,no,/authentication: body,
inventoryeach,1,/why,/why,no,/why: body,
issues,1,/policies/sell-with-us-policy,/policies/sell-with-us-policy,no,/policies/sell-with-us-policy: body,
journeys,1,/,/,no,/: body,
joy,1,/how-it-works,/how-it-works,no,/how-it-works: body,
kanchipuramverifiedby,1,/collection/nava-pazham-kanjeevaram-silk,/collection/nava-pazham-kanjeevaram-silk,no,/collection/nava-pazham-kanjeevaram-silk: body,
kanjeevaramcolorful,1,/collection/colorful-vintage-kanjeevaram,/collection/colorful-vintage-kanjeevaram,no,/collection/colorful-vintage-kanjeevaram: body,
kanjeevaramverifiedby,1,/collection/colorful-vintage-kanjeevaram,/collection/colorful-vintage-kanjeevaram,no,/collection/colorful-vintage-kanjeevaram: body,
kanjivarama,1,/collection/heritage-zari-border-kanjivaram,/collection/heritage-zari-border-kanjivaram,no,/collection/heritage-zari-border-kanjivaram: body,
kanjivaramthangam,1,/collection/thangam-golden-weave-kanjivaram,/collection/thangam-golden-weave-kanjivaram,no,/collection/thangam-golden-weave-kanjivaram: body,
kanjivaramthe,1,/collection/semmanjal-turmeric-gold-kanjeevaram,/collection/semmanjal-turmeric-gold-kanjeevaram,no,/collection/semmanjal-turmeric-gold-kanjeevaram: body,
kanjivaramverifiedby,1,/collection/semmanjal-turmeric-gold-kanjeevaram,/collection/semmanjal-turmeric-gold-kanjeevaram,no,/collection/semmanjal-turmeric-gold-kanjeevaram: body,
keptthe,1,/policies,/policies,no,/policies: body,
kind,1,/why,/why,no,/why: body,
knowsverifiedby,1,/collection/blush-green-handwoven-cotton-drape,/collection/blush-green-handwoven-cotton-drape,no,/collection/blush-green-handwoven-cotton-drape: body,
landing,1,/collection/fabric/chiffon,/collection/fabric/chiffon,no,/collection/fabric/chiffon: body,
lawful,1,/policies/sell-with-us-policy,/policies/sell-with-us-policy,no,/policies/sell-with-us-policy: body,
layers,1,/packing,/packing,no,/packing: body,
lead,1,/,/,no,/: body,
legacyverifiedby,1,/collection/heritage-zari-border-kanjivaram,/collection/heritage-zari-border-kanjivaram,no,/collection/heritage-zari-border-kanjivaram: body,
lifea,1,/,/,no,/: body,
light-touch,1,/how-it-works,/how-it-works,no,/how-it-works: body,
lightnew,1,/collection/fabric/chiffon,/collection/fabric/chiffon,no,/collection/fabric/chiffon: body,
lightverifiedby,1,/collection/magenta-mist-chiffon-drape,/collection/magenta-mist-chiffon-drape,no,/collection/magenta-mist-chiffon-drape: body,
line,1,/policies/cancellation-policy,/policies/cancellation-policy,no,/policies/cancellation-policy: body,
lineverifiedby,1,/collection/brown-kapi-cotton-black-line-border,/collection/brown-kapi-cotton-black-line-border,no,/collection/brown-kapi-cotton-black-line-border: body,
live,1,/collection,/collection,no,/collection: body,
lived,1,/how-it-works,/how-it-works,no,/how-it-works: body,
lives,1,/authentication,/authentication,no,/authentication: body,
looking,1,/collection/fabric/silk,/collection/fabric/silk,no,/collection/fabric/silk: body,
looks,1,/authentication,/authentication,no,/authentication: body,
lose,1,/how-it-works,/how-it-works,yes,/how-it-works: body,
lot,1,/authentication,/authentication,no,/authentication: body,
loving,1,/top-viewed,/top-viewed,no,/top-viewed: body,
low-waste,1,/how-it-works,/how-it-works,no,/how-it-works: body,
lower,1,/guides/what-is-a-pre-loved-saree,/guides/what-is-a-pre-loved-saree,no,/guides/what-is-a-pre-loved-saree: body,
machine,1,/policies/care-packaging-policy,/policies/care-packaging-policy,no,/policies/care-packaging-policy: body,
magicyour,1,/how-it-works,/how-it-works,no,/how-it-works: body,
mainly,1,/guides/pre-loved-vs-second-hand-saree,/guides/pre-loved-vs-second-hand-saree,no,/guides/pre-loved-vs-second-hand-saree: body,
mango,1,/collection/reddish-mango-cotton-orange-border,/collection/reddish-mango-cotton-orange-border,yes,/collection/reddish-mango-cotton-orange-border: title/meta/H1,
mangored,1,/collection/reddish-mango-cotton-orange-border,/collection/reddish-mango-cotton-orange-border,no,/collection/reddish-mango-cotton-orange-border: body,
meaningful,1,/sell-your-saree,/sell-your-saree,no,/sell-your-saree: body,
meanspre-loved,1,/guides/pre-loved-vs-second-hand-saree,/guides/pre-loved-vs-second-hand-saree,no,/guides/pre-loved-vs-second-hand-saree: body,
meanssell,1,/collection/fabric/silk,/collection/fabric/silk,no,/collection/fabric/silk: body,
meanwhile,1,/blouses,/blouses,no,/blouses: body,
measurements,1,/guides/pre-loved-vs-second-hand-saree,/guides/pre-loved-vs-second-hand-saree,no,/guides/pre-loved-vs-second-hand-saree: body,
memorya,1,/why,/why,no,/why: body,
memorymore,1,/,/,no,/: body,
memoryverifiedby,1,/collection/red-blue-madras-check-cotton,/collection/red-blue-madras-check-cotton,no,/collection/red-blue-madras-check-cotton: body,
mend,1,/how-it-works,/how-it-works,no,/how-it-works: body,
metal,1,/authentication,/authentication,no,/authentication: body,
mid-to-late,1,/collection/nava-pazham-kanjeevaram-silk,/collection/nava-pazham-kanjeevaram-silk,no,/collection/nava-pazham-kanjeevaram-silk: body,
misrepresented,1,/policies/authentication-condition-policy,/policies/authentication-condition-policy,no,/policies/authentication-condition-policy: body,
mixgradenewlengthstandard,1,/collection/mayil-peacock-kanjivaram-mix,/collection/mayil-peacock-kanjivaram-mix,no,/collection/mayil-peacock-kanjivaram-mix: body,
mixmeasurementsstandard,1,/collection/mayil-peacock-kanjivaram-mix,/collection/mayil-peacock-kanjivaram-mix,no,/collection/mayil-peacock-kanjivaram-mix: body,
moment,1,/,/,no,/: body,
morning,1,/why,/why,no,/why: body,
mornings,1,/collection/fabric/silk,/collection/fabric/silk,no,/collection/fabric/silk: body,
mossnew,1,/collection,/collection,no,/collection: body,
mossverifiedby,1,/collection/marigold-moss-cotton,/collection/marigold-moss-cotton,no,/collection/marigold-moss-cotton: body,
most-lovedthe,1,/top-viewed,/top-viewed,no,/top-viewed: body,
most-viewed,1,/top-viewed,/top-viewed,yes,/top-viewed: title/meta,
motion,1,/why,/why,no,/why: body,
movementchiffon,1,/collection/fabric/chiffon,/collection/fabric/chiffon,no,/collection/fabric/chiffon: body,
movementpre,1,/collection/fabric/chiffon,/collection/fabric/chiffon,no,/collection/fabric/chiffon: body,
moving,1,/sell-your-saree,/sell-your-saree,no,/sell-your-saree: body,
named,1,/policies,/policies,no,/policies: body,
narrative,1,/authentication,/authentication,no,/authentication: body,
natural,1,/collection/fabric/georgette,/collection/fabric/georgette,no,/collection/fabric/georgette: body,
nightverifiedby,1,/collection/midnight-garden-georgette-saree,/collection/midnight-garden-georgette-saree,no,/collection/midnight-garden-georgette-saree: body,
nilanew,1,/collection/fabric/silk,/collection/fabric/silk,no,/collection/fabric/silk: body,
nilaverifiedby,1,/collection/nila-blue-gold-zari-silk,/collection/nila-blue-gold-zari-silk,no,/collection/nila-blue-gold-zari-silk: body,
nine,1,/collection/nava-pazham-kanjeevaram-silk,/collection/nava-pazham-kanjeevaram-silk,no,/collection/nava-pazham-kanjeevaram-silk: body,
noteconnect,1,/,/,no,/: body,
noted,1,/how-it-works,/how-it-works,no,/how-it-works: body,
nowreservedforest,1,/collection,/collection,no,/collection: body,
nowreservedmoonstone,1,/collection,/collection,no,/collection: body,
occasionally,1,/policies/care-packaging-policy,/policies/care-packaging-policy,no,/policies/care-packaging-policy: body,
occasionfestive,1,/collection,/collection,no,/collection: body,
odour,1,/policies/authentication-condition-policy,/policies/authentication-condition-policy,no,/policies/authentication-condition-policy: body,
officercomplaint,1,/policies/grievance-redressal,/policies/grievance-redressal,no,/policies/grievance-redressal: body,
officername,1,/policies/grievance-redressal,/policies/grievance-redressal,no,/policies/grievance-redressal: body,
older,1,/authentication,/authentication,no,/authentication: body,
one-of-oneno,1,/why,/why,no,/why: body,
ones,1,/authentication,/authentication,no,/authentication: body,
oneverifiedby,1,/collection/thangam-golden-weave-kanjivaram,/collection/thangam-golden-weave-kanjivaram,no,/collection/thangam-golden-weave-kanjivaram: body,
onlinepre-loved,1,/blouses,/blouses,no,/blouses: body,
onlinesell,1,/sell-your-saree,/sell-your-saree,no,/sell-your-saree: body,
organzadeep,1,/collection/deep-wine-organza,/collection/deep-wine-organza,no,/collection/deep-wine-organza: body,
organzaeveryday,1,/,/,no,/: body,
organzaverifiedby,1,/collection/deep-wine-organza,/collection/deep-wine-organza,no,/collection/deep-wine-organza: body,
ours01share,1,/sell-your-saree,/sell-your-saree,no,/sell-your-saree: body,
overstating,1,/authentication,/authentication,no,/authentication: body,
ownerconditionexcellenttextilelinen,1,/collection/pachai-linen-golden-border-drape,/collection/pachai-linen-golden-border-drape,no,/collection/pachai-linen-golden-border-drape: body,
owning,1,/guides/what-is-a-pre-loved-saree,/guides/what-is-a-pre-loved-saree,no,/guides/what-is-a-pre-loved-saree: body,
packagingeach,1,/how-it-works,/how-it-works,no,/how-it-works: body,
packagingftt,1,/policies/care-packaging-policy,/policies/care-packaging-policy,no,/policies/care-packaging-policy: body,
packaginglast,1,/packing,/packing,no,/packing: body,
packedback,1,/how-it-works,/how-it-works,no,/how-it-works: body,
packedthe,1,/how-it-works,/how-it-works,no,/how-it-works: body,
packedwrapped,1,/why,/why,no,/why: body,
parties,1,/collection/fabric/chiffon,/collection/fabric/chiffon,no,/collection/fabric/chiffon: body,
party,1,/policies/grievance-redressal,/policies/grievance-redressal,no,/policies/grievance-redressal: body,
passes,1,/authentication,/authentication,no,/authentication: body,
passing,1,/,/,no,/: body,
pazhamnava,1,/collection/nava-pazham-kanjeevaram-silk,/collection/nava-pazham-kanjeevaram-silk,no,/collection/nava-pazham-kanjeevaram-silk: body,
peacock,1,/collection/mayil-peacock-kanjivaram-mix,/collection/mayil-peacock-kanjivaram-mix,no,/collection/mayil-peacock-kanjivaram-mix: body,
permanent,1,/policies/care-packaging-policy,/policies/care-packaging-policy,no,/policies/care-packaging-policy: body,
permit,1,/policies/sell-with-us-policy,/policies/sell-with-us-policy,no,/policies/sell-with-us-policy: body,
person,1,/top-viewed,/top-viewed,no,/top-viewed: body,
photographed,1,/sell-your-saree,/sell-your-saree,no,/sell-your-saree: body,
photographs,1,/sell-your-saree,/sell-your-saree,no,/sell-your-saree: body,
phrase,1,/guides/what-is-a-pre-loved-saree,/guides/what-is-a-pre-loved-saree,no,/guides/what-is-a-pre-loved-saree: body,
physical,1,/policies/sell-with-us-policy,/policies/sell-with-us-policy,no,/policies/sell-with-us-policy: body,
piecemagenta,1,/,/,no,/: body,
pieces10,1,/collection,/collection,no,/collection: body,
pieces50promiseauthenticated,1,/collection,/collection,no,/collection: body,
piecesend,1,/sell-your-saree,/sell-your-saree,no,/sell-your-saree: body,
piecesno,1,/collection,/collection,no,/collection: body,
piecesread,1,/,/,no,/: body,
piecesuniquespotlight,1,/,/,no,/: body,
piecetestimonialsworn,1,/,/,no,/: body,
pinknew,1,/collection/fabric/georgette,/collection/fabric/georgette,no,/collection/fabric/georgette: body,
pinkverifiedby,1,/collection/rani-pink-georgette-garden-party,/collection/rani-pink-georgette-garden-party,no,/collection/rani-pink-georgette-garden-party: body,
pinning,1,/policies/care-packaging-policy,/policies/care-packaging-policy,no,/policies/care-packaging-policy: body,
plain,1,/authentication,/authentication,no,/authentication: body,
plainly,1,/authentication,/authentication,no,/authentication: body,
policiesauthenticityauthentication,1,/policies/authentication-condition-policy,/policies/authentication-condition-policy,no,/policies/authentication-condition-policy: body,
policiescancellationscancellation,1,/policies/cancellation-policy,/policies/cancellation-policy,no,/policies/cancellation-policy: body,
policiescarecare,1,/policies/care-packaging-policy,/policies/care-packaging-policy,no,/policies/care-packaging-policy: body,
policiesconsignsell,1,/policies/sell-with-us-policy,/policies/sell-with-us-policy,no,/policies/sell-with-us-policy: body,
policiessupportgrievance,1,/policies/grievance-redressal,/policies/grievance-redressal,no,/policies/grievance-redressal: body,
policyauthenticityauthentication,1,/policies,/policies,no,/policies: body,
policycancellationscancellation,1,/policies,/policies,no,/policies: body,
policycarecare,1,/policies,/policies,no,/policies: body,
policyconsignsell,1,/policies,/policies,no,/policies: body,
policydeliveryshipping,1,/policies,/policies,no,/policies: body,
policyreturnsreturn,1,/policies,/policies,no,/policies: body,
policysupportgrievance,1,/policies,/policies,no,/policies: body,
policytermsterms,1,/policies,/policies,no,/policies: body,
potential,1,/policies/sell-with-us-policy,/policies/sell-with-us-policy,no,/policies/sell-with-us-policy: body,
pre,1,/guides/what-is-a-pre-loved-saree,/guides/what-is-a-pre-loved-saree,no,/guides/what-is-a-pre-loved-saree: body,
pre-lovedindigo,1,/collection/coral-sunrise-chiffon-georgette-saree,/collection/coral-sunrise-chiffon-georgette-saree,no,/collection/coral-sunrise-chiffon-georgette-saree: body,
pre-owned,1,/why,/why,yes,/why: body,
preferred,1,/policies/grievance-redressal,/policies/grievance-redressal,no,/policies/grievance-redressal: body,
preparedaccepted,1,/sell-your-saree,/sell-your-saree,no,/sell-your-saree: body,
presence,1,/,/,yes,/: body,
preservecondition,1,/why,/why,no,/why: body,
preserving,1,/why,/why,no,/why: body,
pressure,1,/policies/care-packaging-policy,/policies/care-packaging-policy,no,/policies/care-packaging-policy: body,
pretending,1,/collection/fabric/silk,/collection/fabric/silk,no,/collection/fabric/silk: body,
printbougainvillea,1,/collection/beige-organza-peach-bloom,/collection/beige-organza-peach-bloom,no,/collection/beige-organza-peach-bloom: body,
processfrom,1,/how-it-works,/how-it-works,no,/how-it-works: body,
processownership,1,/policies/sell-with-us-policy,/policies/sell-with-us-policy,no,/policies/sell-with-us-policy: body,
product-count,1,/collection/fabric/georgette,/collection/fabric/georgette,no,/collection/fabric/georgette: body,
productsnew,1,/,/,no,/: body,
promisenothing,1,/how-it-works,/how-it-works,no,/how-it-works: body,
provenancea,1,/,/,no,/: body,
provenancehow,1,/authentication,/authentication,no,/authentication: body,
provenancethe,1,/,/,no,/: body,
pulled,1,/how-it-works,/how-it-works,no,/how-it-works: body,
pulling,1,/policies/care-packaging-policy,/policies/care-packaging-policy,no,/policies/care-packaging-policy: body,
pulls,1,/authentication,/authentication,no,/authentication: body,
qualifies,1,/policies/cancellation-policy,/policies/cancellation-policy,no,/policies/cancellation-policy: body,
query-filter,1,/guides/pre-loved-vs-second-hand-saree,/guides/pre-loved-vs-second-hand-saree,no,/guides/pre-loved-vs-second-hand-saree: body,
quieter,1,/why,/why,no,/why: body,
quite,1,/,/,no,/: body,
rangeunder,1,/collection,/collection,no,/collection: body,
ranked,1,/top-viewed,/top-viewed,no,/top-viewed: body,
rarity,1,/guides/pre-loved-vs-second-hand-saree,/guides/pre-loved-vs-second-hand-saree,no,/guides/pre-loved-vs-second-hand-saree: body,
rates,1,/packing,/packing,no,/packing: body,
re-storedfiltershowing10,1,/collection,/collection,no,/collection: body,
re-storedpre,1,/collection/fabric/silk,/collection/fabric/silk,no,/collection/fabric/silk: body,
re-storedsilk,1,/collection/fabric/silk,/collection/fabric/silk,no,/collection/fabric/silk: body,
re-storedwe,1,/how-it-works,/how-it-works,no,/how-it-works: body,
re-storethe,1,/why,/why,no,/why: body,
reached,1,/why,/why,no,/why: body,
reading,1,/authentication,/authentication,yes,/authentication: body,
real,1,/authentication,/authentication,no,/authentication: body,
recent,1,/collection/thangam-golden-weave-kanjivaram,/collection/thangam-golden-weave-kanjivaram,no,/collection/thangam-golden-weave-kanjivaram: body,
record,1,/authentication,/authentication,no,/authentication: body,
recorded,1,/authentication,/authentication,no,/authentication: body,
rediscoverypreserved,1,/,/,no,/: body,
reduce,1,/packing,/packing,no,/packing: body,
reels,1,/,/,no,/: body,
refine,1,/collection,/collection,no,/collection: body,
region,1,/authentication,/authentication,no,/authentication: body,
rejection,1,/policies/sell-with-us-policy,/policies/sell-with-us-policy,yes,/policies/sell-with-us-policy: body,
relevance,1,/policies/sell-with-us-policy,/policies/sell-with-us-policy,no,/policies/sell-with-us-policy: body,
repairs,1,/authentication,/authentication,no,/authentication: body,
resale,1,/sell-your-saree,/sell-your-saree,no,/sell-your-saree: body,
researching,1,/guides/pre-loved-vs-second-hand-saree,/guides/pre-loved-vs-second-hand-saree,no,/guides/pre-loved-vs-second-hand-saree: body,
resolved,1,/policies/grievance-redressal,/policies/grievance-redressal,no,/policies/grievance-redressal: body,
respects,1,/how-it-works,/how-it-works,no,/how-it-works: body,
responsibly,1,/sell-your-saree,/sell-your-saree,no,/sell-your-saree: body,
restoration-ready,1,/policies/authentication-condition-policy,/policies/authentication-condition-policy,no,/policies/authentication-condition-policy: body,
restores,1,/collection/fabric/silk,/collection/fabric/silk,no,/collection/fabric/silk: body,
restraint,1,/why,/why,no,/why: body,
return-to-owner,1,/policies/sell-with-us-policy,/policies/sell-with-us-policy,no,/policies/sell-with-us-policy: body,
returnftt,1,/policies/sell-with-us-policy,/policies/sell-with-us-policy,no,/policies/sell-with-us-policy: body,
returnstory,1,/policies/sell-with-us-policy,/policies/sell-with-us-policy,no,/policies/sell-with-us-policy: body,
reviewfor,1,/policies,/policies,no,/policies: body,
reviewsour,1,/,/,no,/: body,
rightscontactwhat,1,/policies/sell-with-us-policy,/policies/sell-with-us-policy,no,/policies/sell-with-us-policy: body,
rightsif,1,/policies/sell-with-us-policy,/policies/sell-with-us-policy,no,/policies/sell-with-us-policy: body,
risesverifiedby,1,/collection/coral-sunrise-chiffon-georgette-saree,/collection/coral-sunrise-chiffon-georgette-saree,no,/collection/coral-sunrise-chiffon-georgette-saree: body,
ritual,1,/why,/why,no,/why: body,
ruled,1,/collection/brown-kapi-cotton-black-line-border,/collection/brown-kapi-cotton-black-line-border,no,/collection/brown-kapi-cotton-black-line-border: body,
rules,1,/policies/cancellation-policy,/policies/cancellation-policy,no,/policies/cancellation-policy: body,
rushed,1,/how-it-works,/how-it-works,yes,/how-it-works: body,
safely,1,/how-it-works,/how-it-works,no,/how-it-works: body,
salary,1,/why,/why,no,/why: body,
saree-only,1,/blouses,/blouses,no,/blouses: body,
sareechiffonpre-loved,1,/,/,no,/: body,
sareeevery,1,/authentication,/authentication,no,/authentication: body,
sareeexcellent,1,/,/,no,/: body,
sareeexplore,1,/how-it-works,/how-it-works,no,/how-it-works: body,
sareemint,1,/collection/green-chiffon-with-fancy-border,/collection/green-chiffon-with-fancy-border,no,/collection/green-chiffon-with-fancy-border: body,
sareemoonlight,1,/collection/moonstone-cream-mauve-border-saree,/collection/moonstone-cream-mauve-border-saree,no,/collection/moonstone-cream-mauve-border-saree: body,
sareeorder,1,/contact,/contact,no,/contact: body,
sareeplease,1,/packing,/packing,no,/packing: body,
sareepre-lovedindigo,1,/collection/fabric/silk,/collection/fabric/silk,no,/collection/fabric/silk: body,
sareesall,1,/collection/fabric/georgette,/collection/fabric/georgette,no,/collection/fabric/georgette: body,
sareesdiscover,1,/collection,/collection,no,/collection: body,
sareeselling,1,/contact,/contact,no,/contact: body,
sareesfestive,1,/collection/fabric/chiffon,/collection/fabric/chiffon,no,/collection/fabric/chiffon: body,
sareesfrom,1,/,/,no,/: body,
sareesoldcoral,1,/collection/coral-sunrise-chiffon-georgette-saree,/collection/coral-sunrise-chiffon-georgette-saree,no,/collection/coral-sunrise-chiffon-georgette-saree: body,
sareesoldrose,1,/collection/rose-vine-stripe-chiffon-saree,/collection/rose-vine-stripe-chiffon-saree,no,/collection/rose-vine-stripe-chiffon-saree: body,
sareespass,1,/guides/pre-loved-vs-second-hand-saree,/guides/pre-loved-vs-second-hand-saree,no,/guides/pre-loved-vs-second-hand-saree: body,
sareespre,1,/guides/pre-loved-vs-second-hand-saree,/guides/pre-loved-vs-second-hand-saree,no,/guides/pre-loved-vs-second-hand-saree: body,
sareespre-loved,1,/sell-your-saree,/sell-your-saree,no,/sell-your-saree: body,
sareespre-lovedsunset,1,/collection/fabric/georgette,/collection/fabric/georgette,no,/collection/fabric/georgette: body,
sareespre-lovedtangerine,1,/collection/fabric/chiffon,/collection/fabric/chiffon,no,/collection/fabric/chiffon: body,
sareessecond-hand,1,/guides/pre-loved-vs-second-hand-saree,/guides/pre-loved-vs-second-hand-saree,no,/guides/pre-loved-vs-second-hand-saree: body,
sareessilk,1,/blouses,/blouses,no,/blouses: body,
sareesstretchfit,1,/blouses,/blouses,no,/blouses: body,
sareesthe,1,/top-viewed,/top-viewed,no,/top-viewed: body,
sareeteal,1,/collection/teal-blue-moody-silk-drape,/collection/teal-blue-moody-silk-drape,no,/collection/teal-blue-moody-silk-drape: body,
sariverifiedby,1,/collection/kempu-pachai-and-bandhani,/collection/kempu-pachai-and-bandhani,no,/collection/kempu-pachai-and-bandhani: body,
say,1,/authentication,/authentication,yes,/authentication: meta,
search,1,/guides/pre-loved-vs-second-hand-saree,/guides/pre-loved-vs-second-hand-saree,yes,/guides/pre-loved-vs-second-hand-saree: body,
searches,1,/blouses,/blouses,no,/blouses: body,
season,1,/collection/autumn-ember-golden-leaf-cotton,/collection/autumn-ember-golden-leaf-cotton,no,/collection/autumn-ember-golden-leaf-cotton: body,
selainew,1,/collection/fabric/silk,/collection/fabric/silk,no,/collection/fabric/silk: body,
selaiverifiedby,1,/collection/moss-green-lightweight-silk-selai,/collection/moss-green-lightweight-silk-selai,no,/collection/moss-green-lightweight-silk-selai: body,
selection,1,/policies/care-packaging-policy,/policies/care-packaging-policy,no,/policies/care-packaging-policy: body,
selling,1,/contact,/contact,no,/contact: body,
semmanjal,1,/collection/semmanjal-turmeric-gold-kanjeevaram,/collection/semmanjal-turmeric-gold-kanjeevaram,yes,/collection/semmanjal-turmeric-gold-kanjeevaram: title/meta/H1,
separate,1,/blouses,/blouses,no,/blouses: body,
settlesverifiedby,1,/collection/mustard-organza-brown-border-drape,/collection/mustard-organza-brown-border-drape,no,/collection/mustard-organza-brown-border-drape: body,
shelf,1,/how-it-works,/how-it-works,no,/how-it-works: body,
shifts,1,/guides/what-is-a-pre-loved-saree,/guides/what-is-a-pre-loved-saree,no,/guides/what-is-a-pre-loved-saree: body,
shopwhatsappstart,1,/contact,/contact,no,/contact: body,
shortcut,1,/guides/pre-loved-vs-second-hand-saree,/guides/pre-loved-vs-second-hand-saree,no,/guides/pre-loved-vs-second-hand-saree: body,
show,1,/guides/what-is-a-pre-loved-saree,/guides/what-is-a-pre-loved-saree,no,/guides/what-is-a-pre-loved-saree: body,
showshow,1,/collection,/collection,no,/collection: body,
silka,1,/collection/burnt-orange-temple-border-kanjivaram,/collection/burnt-orange-temple-border-kanjivaram,no,/collection/burnt-orange-temple-border-kanjivaram: body,
silkblue,1,/collection/nila-blue-gold-zari-silk,/collection/nila-blue-gold-zari-silk,no,/collection/nila-blue-gold-zari-silk: body,
silkceremonialkanjeevaram,1,/,/,no,/: body,
silkcolour,1,/collection/forest-flame-tie-dye-silk,/collection/forest-flame-tie-dye-silk,no,/collection/forest-flame-tie-dye-silk: body,
silkearthen,1,/collection/brown-and-mustard-light-silk,/collection/brown-and-mustard-light-silk,no,/collection/brown-and-mustard-light-silk: body,
silkgradepre-loved,1,/collection/red-blue-madras-check-cotton,/collection/red-blue-madras-check-cotton,no,/collection/red-blue-madras-check-cotton: body,
silklines,1,/collection/rose-silk-green-brown-stripe,/collection/rose-silk-green-brown-stripe,no,/collection/rose-silk-green-brown-stripe: body,
silkmeasurementsstandard,1,/collection/red-blue-madras-check-cotton,/collection/red-blue-madras-check-cotton,no,/collection/red-blue-madras-check-cotton: body,
silknew,1,/collection/fabric/silk,/collection/fabric/silk,no,/collection/fabric/silk: body,
silksoft,1,/,/,no,/: body,
situation,1,/policies/cancellation-policy,/policies/cancellation-policy,no,/policies/cancellation-policy: body,
six,1,/,/,no,/: body,
sizeautumn,1,/collection/autumn-ember-golden-leaf-cotton,/collection/autumn-ember-golden-leaf-cotton,no,/collection/autumn-ember-golden-leaf-cotton: body,
sizebeige,1,/collection/beige-organza-peach-bloom,/collection/beige-organza-peach-bloom,no,/collection/beige-organza-peach-bloom: body,
sizeblush,1,/collection/blush-green-handwoven-cotton-drape,/collection/blush-green-handwoven-cotton-drape,no,/collection/blush-green-handwoven-cotton-drape: body,
sizecharcoal,1,/collection/charcoal-gold-organza-heirloom-drape,/collection/charcoal-gold-organza-heirloom-drape,no,/collection/charcoal-gold-organza-heirloom-drape: body,
sizeclassic,1,/collection/heritage-zari-border-kanjivaram,/collection/heritage-zari-border-kanjivaram,no,/collection/heritage-zari-border-kanjivaram: body,
sizecolorful,1,/collection/colorful-vintage-kanjeevaram,/collection/colorful-vintage-kanjeevaram,no,/collection/colorful-vintage-kanjeevaram: body,
sizecoral,1,/collection/coral-sunrise-chiffon-georgette-saree,/collection/coral-sunrise-chiffon-georgette-saree,no,/collection/coral-sunrise-chiffon-georgette-saree: body,
sizedeep,1,/collection/deep-wine-organza,/collection/deep-wine-organza,no,/collection/deep-wine-organza: body,
sizegreen,1,/collection/verdant-bloom-silk-burgundy-gold-border,/collection/verdant-bloom-silk-burgundy-gold-border,no,/collection/verdant-bloom-silk-burgundy-gold-border: body,
sizegulabi,1,/collection/gulabi-kota-cotton,/collection/gulabi-kota-cotton,no,/collection/gulabi-kota-cotton: body,
sizeharvest,1,/collection/mustard-organza-brown-border-drape,/collection/mustard-organza-brown-border-drape,no,/collection/mustard-organza-brown-border-drape: body,
sizekanchipuram,1,/collection/burnt-orange-temple-border-kanjivaram,/collection/burnt-orange-temple-border-kanjivaram,no,/collection/burnt-orange-temple-border-kanjivaram: body,
sizekempu,1,/collection/kempu-pachai-and-bandhani,/collection/kempu-pachai-and-bandhani,no,/collection/kempu-pachai-and-bandhani: body,
sizekesari,1,/collection/kesari-sunset-chiffon-saree,/collection/kesari-sunset-chiffon-saree,no,/collection/kesari-sunset-chiffon-saree: body,
sizelime,1,/collection/lime-and-gold-cotton-classic,/collection/lime-and-gold-cotton-classic,no,/collection/lime-and-gold-cotton-classic: body,
sizemarigold,1,/collection/marigold-moss-cotton,/collection/marigold-moss-cotton,no,/collection/marigold-moss-cotton: body,
sizemaroon,1,/collection/maroon-chettinad-cotton,/collection/maroon-chettinad-cotton,no,/collection/maroon-chettinad-cotton: body,
sizemayil,1,/collection/mayil-peacock-kanjivaram-mix,/collection/mayil-peacock-kanjivaram-mix,no,/collection/mayil-peacock-kanjivaram-mix: body,
sizemint,1,/collection/green-chiffon-with-fancy-border,/collection/green-chiffon-with-fancy-border,no,/collection/green-chiffon-with-fancy-border: body,
sizemoonstone,1,/collection/moonstone-cream-mauve-border-saree,/collection/moonstone-cream-mauve-border-saree,no,/collection/moonstone-cream-mauve-border-saree: body,
sizenava,1,/collection/nava-pazham-kanjeevaram-silk,/collection/nava-pazham-kanjeevaram-silk,no,/collection/nava-pazham-kanjeevaram-silk: body,
sizenila,1,/collection/nila-blue-gold-zari-silk,/collection/nila-blue-gold-zari-silk,no,/collection/nila-blue-gold-zari-silk: body,
sizeorange,1,/collection/orange-blossom-cotton-weave,/collection/orange-blossom-cotton-weave,no,/collection/orange-blossom-cotton-weave: body,
sizepachai,1,/collection/pachai-linen-golden-border-drape,/collection/pachai-linen-golden-border-drape,no,/collection/pachai-linen-golden-border-drape: body,
sizepink,1,/collection/pink-katan-triangle-zari-edge,/collection/pink-katan-triangle-zari-edge,no,/collection/pink-katan-triangle-zari-edge: body,
sizepre-lovedindigo,1,/top-viewed,/top-viewed,no,/top-viewed: body,
sizepre-lovedtangerine,1,/top-viewed,/top-viewed,no,/top-viewed: body,
sizepressed,1,/collection/pressed-bloom-sheer-chiffon,/collection/pressed-bloom-sheer-chiffon,no,/collection/pressed-bloom-sheer-chiffon: body,
sizequestions,1,/blouses,/blouses,no,/blouses: body,
sizerani,1,/collection/rani-pink-georgette-garden-party,/collection/rani-pink-georgette-garden-party,no,/collection/rani-pink-georgette-garden-party: body,
sizered,1,/collection/red-blue-madras-check-cotton,/collection/red-blue-madras-check-cotton,no,/collection/red-blue-madras-check-cotton: body,
sizereddish,1,/collection/reddish-mango-cotton-orange-border,/collection/reddish-mango-cotton-orange-border,no,/collection/reddish-mango-cotton-orange-border: body,
sizesemmanjal,1,/collection/semmanjal-turmeric-gold-kanjeevaram,/collection/semmanjal-turmeric-gold-kanjeevaram,no,/collection/semmanjal-turmeric-gold-kanjeevaram: body,
sizesoft,1,/collection/moss-green-lightweight-silk-selai,/collection/moss-green-lightweight-silk-selai,no,/collection/moss-green-lightweight-silk-selai: body,
sizesunset,1,/collection/sunset-ombr-chiffon-draped-dream,/collection/sunset-ombr-chiffon-draped-dream,no,/collection/sunset-ombr-chiffon-draped-dream: body,
sizetangerine,1,/collection/tangerine-noir-floral-border-weave,/collection/tangerine-noir-floral-border-weave,no,/collection/tangerine-noir-floral-border-weave: body,
sizeteal,1,/collection/teal-blue-moody-silk-drape,/collection/teal-blue-moody-silk-drape,no,/collection/teal-blue-moody-silk-drape: body,
sizethangam,1,/collection/thangam-golden-weave-kanjivaram,/collection/thangam-golden-weave-kanjivaram,no,/collection/thangam-golden-weave-kanjivaram: body,
sizetwilight,1,/collection/twilight-orange-cotton-weave,/collection/twilight-orange-cotton-weave,no,/collection/twilight-orange-cotton-weave: body,
sizeviolet,1,/collection/violet-bloom-cotton-drape,/collection/violet-bloom-cotton-drape,no,/collection/violet-bloom-cotton-drape: body,
slidefabric,1,/,/,no,/: body,
slidenext,1,/,/,no,/: body,
smooth,1,/policies/care-packaging-policy,/policies/care-packaging-policy,no,/policies/care-packaging-policy: body,
snags,1,/policies/care-packaging-policy,/policies/care-packaging-policy,no,/policies/care-packaging-policy: body,
soaking,1,/policies/care-packaging-policy,/policies/care-packaging-policy,no,/policies/care-packaging-policy: body,
softened,1,/policies/authentication-condition-policy,/policies/authentication-condition-policy,no,/policies/authentication-condition-policy: body,
softest,1,/collection/blush-green-handwoven-cotton-drape,/collection/blush-green-handwoven-cotton-drape,no,/collection/blush-green-handwoven-cotton-drape: body,
sometimes,1,/guides/pre-loved-vs-second-hand-saree,/guides/pre-loved-vs-second-hand-saree,no,/guides/pre-loved-vs-second-hand-saree: body,
sortnewestprice,1,/collection,/collection,no,/collection: body,
specific,1,/authentication,/authentication,no,/authentication: body,
spraying,1,/policies/care-packaging-policy,/policies/care-packaging-policy,no,/policies/care-packaging-policy: body,
standards,1,/blouses,/blouses,no,/blouses: body,
statement,1,/,/,yes,/: body,
status10,1,/collection/fabric/silk,/collection/fabric/silk,no,/collection/fabric/silk: body,
status4,1,/collection/fabric/georgette,/collection/fabric/georgette,no,/collection/fabric/georgette: body,
stay,1,/sell-your-saree,/sell-your-saree,no,/sell-your-saree: body,
stays,1,/collection/fabric/chiffon,/collection/fabric/chiffon,no,/collection/fabric/chiffon: body,
staysverifiedby,1,/collection/pachai-linen-golden-border-drape,/collection/pachai-linen-golden-border-drape,no,/collection/pachai-linen-golden-border-drape: body,
steam,1,/how-it-works,/how-it-works,no,/how-it-works: body,
steaming,1,/how-it-works,/how-it-works,no,/how-it-works: body,
stitching,1,/policies/authentication-condition-policy,/policies/authentication-condition-policy,no,/policies/authentication-condition-policy: body,
stock,1,/collection,/collection,no,/collection: body,
stockautumn,1,/collection/autumn-ember-golden-leaf-cotton,/collection/autumn-ember-golden-leaf-cotton,no,/collection/autumn-ember-golden-leaf-cotton: body,
stockbeige,1,/collection/beige-organza-peach-bloom,/collection/beige-organza-peach-bloom,no,/collection/beige-organza-peach-bloom: body,
stockblush,1,/collection/blush-green-handwoven-cotton-drape,/collection/blush-green-handwoven-cotton-drape,no,/collection/blush-green-handwoven-cotton-drape: body,
stockcharcoal,1,/collection/charcoal-gold-organza-heirloom-drape,/collection/charcoal-gold-organza-heirloom-drape,no,/collection/charcoal-gold-organza-heirloom-drape: body,
stockclassic,1,/collection/heritage-zari-border-kanjivaram,/collection/heritage-zari-border-kanjivaram,no,/collection/heritage-zari-border-kanjivaram: body,
stockcolorful,1,/collection/colorful-vintage-kanjeevaram,/collection/colorful-vintage-kanjeevaram,no,/collection/colorful-vintage-kanjeevaram: body,
stockdeep,1,/collection/deep-wine-organza,/collection/deep-wine-organza,no,/collection/deep-wine-organza: body,
stockgreen,1,/collection/verdant-bloom-silk-burgundy-gold-border,/collection/verdant-bloom-silk-burgundy-gold-border,no,/collection/verdant-bloom-silk-burgundy-gold-border: body,
stockgulabi,1,/collection/gulabi-kota-cotton,/collection/gulabi-kota-cotton,no,/collection/gulabi-kota-cotton: body,
stockharvest,1,/collection/mustard-organza-brown-border-drape,/collection/mustard-organza-brown-border-drape,no,/collection/mustard-organza-brown-border-drape: body,
stockkanchipuram,1,/collection/burnt-orange-temple-border-kanjivaram,/collection/burnt-orange-temple-border-kanjivaram,no,/collection/burnt-orange-temple-border-kanjivaram: body,
stockkempu,1,/collection/kempu-pachai-and-bandhani,/collection/kempu-pachai-and-bandhani,no,/collection/kempu-pachai-and-bandhani: body,
stockkesari,1,/collection/kesari-sunset-chiffon-saree,/collection/kesari-sunset-chiffon-saree,no,/collection/kesari-sunset-chiffon-saree: body,
stocklime,1,/collection/lime-and-gold-cotton-classic,/collection/lime-and-gold-cotton-classic,no,/collection/lime-and-gold-cotton-classic: body,
stockmarigold,1,/collection/marigold-moss-cotton,/collection/marigold-moss-cotton,no,/collection/marigold-moss-cotton: body,
stockmaroon,1,/collection/maroon-chettinad-cotton,/collection/maroon-chettinad-cotton,no,/collection/maroon-chettinad-cotton: body,
stockmayilmayil,1,/collection/mayil-peacock-kanjivaram-mix,/collection/mayil-peacock-kanjivaram-mix,no,/collection/mayil-peacock-kanjivaram-mix: body,
stockmint,1,/collection/green-chiffon-with-fancy-border,/collection/green-chiffon-with-fancy-border,no,/collection/green-chiffon-with-fancy-border: body,
stockmoonstone,1,/collection/moonstone-cream-mauve-border-saree,/collection/moonstone-cream-mauve-border-saree,no,/collection/moonstone-cream-mauve-border-saree: body,
stocknava,1,/collection/nava-pazham-kanjeevaram-silk,/collection/nava-pazham-kanjeevaram-silk,no,/collection/nava-pazham-kanjeevaram-silk: body,
stocknila,1,/collection/nila-blue-gold-zari-silk,/collection/nila-blue-gold-zari-silk,no,/collection/nila-blue-gold-zari-silk: body,
stockorange,1,/collection/orange-blossom-cotton-weave,/collection/orange-blossom-cotton-weave,no,/collection/orange-blossom-cotton-weave: body,
stockpachai,1,/collection/pachai-linen-golden-border-drape,/collection/pachai-linen-golden-border-drape,no,/collection/pachai-linen-golden-border-drape: body,
stockpink,1,/collection/pink-katan-triangle-zari-edge,/collection/pink-katan-triangle-zari-edge,no,/collection/pink-katan-triangle-zari-edge: body,
stockpressed,1,/collection/pressed-bloom-sheer-chiffon,/collection/pressed-bloom-sheer-chiffon,no,/collection/pressed-bloom-sheer-chiffon: body,
stockrani,1,/collection/rani-pink-georgette-garden-party,/collection/rani-pink-georgette-garden-party,no,/collection/rani-pink-georgette-garden-party: body,
stockred,1,/collection/red-blue-madras-check-cotton,/collection/red-blue-madras-check-cotton,no,/collection/red-blue-madras-check-cotton: body,
stockreddish,1,/collection/reddish-mango-cotton-orange-border,/collection/reddish-mango-cotton-orange-border,no,/collection/reddish-mango-cotton-orange-border: body,
stockrose,1,/collection/rose-silk-green-brown-stripe,/collection/rose-silk-green-brown-stripe,no,/collection/rose-silk-green-brown-stripe: body,
stocksemmanjal,1,/collection/semmanjal-turmeric-gold-kanjeevaram,/collection/semmanjal-turmeric-gold-kanjeevaram,no,/collection/semmanjal-turmeric-gold-kanjeevaram: body,
stocksoft,1,/collection/moss-green-lightweight-silk-selai,/collection/moss-green-lightweight-silk-selai,no,/collection/moss-green-lightweight-silk-selai: body,
stocksunset,1,/collection/sunset-ombr-chiffon-draped-dream,/collection/sunset-ombr-chiffon-draped-dream,no,/collection/sunset-ombr-chiffon-draped-dream: body,
stocktangerine,1,/collection/tangerine-noir-floral-border-weave,/collection/tangerine-noir-floral-border-weave,no,/collection/tangerine-noir-floral-border-weave: body,
stockteal,1,/collection/teal-blue-moody-silk-drape,/collection/teal-blue-moody-silk-drape,no,/collection/teal-blue-moody-silk-drape: body,
stockthangam,1,/collection/thangam-golden-weave-kanjivaram,/collection/thangam-golden-weave-kanjivaram,no,/collection/thangam-golden-weave-kanjivaram: body,
stocktwilight,1,/collection/twilight-orange-cotton-weave,/collection/twilight-orange-cotton-weave,no,/collection/twilight-orange-cotton-weave: body,
stockviolet,1,/collection/violet-bloom-cotton-drape,/collection/violet-bloom-cotton-drape,no,/collection/violet-bloom-cotton-drape: body,
stolen,1,/policies/sell-with-us-policy,/policies/sell-with-us-policy,no,/policies/sell-with-us-policy: body,
stone,1,/collection/beige-organza-peach-bloom,/collection/beige-organza-peach-bloom,no,/collection/beige-organza-peach-bloom: body,
storagestore,1,/policies/care-packaging-policy,/policies/care-packaging-policy,no,/policies/care-packaging-policy: body,
storychapter,1,/,/,no,/: body,
storyfrom,1,/,/,no,/: body,
storysell,1,/sell-your-saree,/sell-your-saree,no,/sell-your-saree: body,
storysome,1,/sell-your-saree,/sell-your-saree,no,/sell-your-saree: body,
structured,1,/packing,/packing,no,/packing: body,
sturdy,1,/packing,/packing,no,/packing: body,
style,1,/policies/sell-with-us-policy,/policies/sell-with-us-policy,no,/policies/sell-with-us-policy: body,
stylingone,1,/,/,no,/: body,
submissioncommon,1,/sell-your-saree,/sell-your-saree,no,/sell-your-saree: body,
submissions,1,/policies/sell-with-us-policy,/policies/sell-with-us-policy,no,/policies/sell-with-us-policy: body,
submitemail,1,/policies/sell-with-us-policy,/policies/sell-with-us-policy,no,/policies/sell-with-us-policy: body,
submithow,1,/policies/sell-with-us-policy,/policies/sell-with-us-policy,no,/policies/sell-with-us-policy: body,
submitreview,1,/policies/sell-with-us-policy,/policies/sell-with-us-policy,no,/policies/sell-with-us-policy: body,
submityou,1,/policies/sell-with-us-policy,/policies/sell-with-us-policy,no,/policies/sell-with-us-policy: body,
suitable,1,/collection/fabric/chiffon,/collection/fabric/chiffon,yes,/collection/fabric/chiffon: body,
supporta,1,/policies,/policies,no,/policies: body,
supportcontact,1,/contact,/contact,no,/contact: body,
supported,1,/authentication,/authentication,no,/authentication: body,
supporting,1,/policies/authentication-condition-policy,/policies/authentication-condition-policy,no,/policies/authentication-condition-policy: body,
sure,1,/policies/cancellation-policy,/policies/cancellation-policy,no,/policies/cancellation-policy: body,
surprises,1,/authentication,/authentication,no,/authentication: body,
sustainability,1,/why,/why,no,/why: body,
tarnish,1,/authentication,/authentication,no,/authentication: body,
tellwherever,1,/authentication,/authentication,no,/authentication: body,
temporarily,1,/policies/cancellation-policy,/policies/cancellation-policy,no,/policies/cancellation-policy: body,
tested,1,/authentication,/authentication,no,/authentication: body,
thank,1,/how-it-works,/how-it-works,no,/how-it-works: body,
thefearless,1,/,/,no,/: body,
thetrunka,1,/,/,no,/: body,
thetrunkbefore,1,/,/,no,/: body,
thetrunkrestoration,1,/,/,no,/: body,
thetrunkwe,1,/contact,/contact,no,/contact: body,
thin,1,/collection/fabric/georgette,/collection/fabric/georgette,no,/collection/fabric/georgette: body,
think,1,/authentication,/authentication,no,/authentication: body,
thinning,1,/authentication,/authentication,no,/authentication: body,
third,1,/policies/grievance-redressal,/policies/grievance-redressal,no,/policies/grievance-redressal: body,
thoughtfully,1,/how-it-works,/how-it-works,no,/how-it-works: body,
threshold,1,/collection/fabric/georgette,/collection/fabric/georgette,no,/collection/fabric/georgette: body,
timeline,1,/policies/sell-with-us-policy,/policies/sell-with-us-policy,no,/policies/sell-with-us-policy: body,
timelinewe,1,/policies/grievance-redressal,/policies/grievance-redressal,no,/policies/grievance-redressal: body,
timelinewhat,1,/policies/grievance-redressal,/policies/grievance-redressal,no,/policies/grievance-redressal: body,
timeverifiedby,1,/collection/forest-flame-tie-dye-silk,/collection/forest-flame-tie-dye-silk,no,/collection/forest-flame-tie-dye-silk: body,
tone,1,/authentication,/authentication,no,/authentication: body,
top,1,/how-it-works,/how-it-works,no,/how-it-works: body,
total,1,/collection,/collection,no,/collection: body,
tracked,1,/how-it-works,/how-it-works,no,/how-it-works: body,
transparency,1,/authentication,/authentication,no,/authentication: body,
travels,1,/authentication,/authentication,no,/authentication: body,
trunk-inspired,1,/policies/care-packaging-policy,/policies/care-packaging-policy,no,/policies/care-packaging-policy: body,
trunkauthenticated,1,/,/,no,/: body,
trunkcontact,1,/contact,/contact,no,/contact: body,
trunkcrafted,1,/,/,no,/: body,
trunkfiltersfind,1,/collection,/collection,no,/collection: body,
trunksell,1,/sell-your-saree,/sell-your-saree,no,/sell-your-saree: body,
trusted,1,/policies,/policies,no,/policies: body,
trustworthy,1,/guides/pre-loved-vs-second-hand-saree,/guides/pre-loved-vs-second-hand-saree,no,/guides/pre-loved-vs-second-hand-saree: body,
tucked,1,/,/,no,/: body,
tumble,1,/policies/care-packaging-policy,/policies/care-packaging-policy,no,/policies/care-packaging-policy: body,
turmeric,1,/collection/semmanjal-turmeric-gold-kanjeevaram,/collection/semmanjal-turmeric-gold-kanjeevaram,no,/collection/semmanjal-turmeric-gold-kanjeevaram: body,
two,1,/why,/why,no,/why: body,
unconfirmedfabrickanjeevaram,1,/collection/mayil-peacock-kanjivaram-mix,/collection/mayil-peacock-kanjivaram-mix,no,/collection/mayil-peacock-kanjivaram-mix: body,
undergoes,1,/policies/authentication-condition-policy,/policies/authentication-condition-policy,no,/policies/authentication-condition-policy: body,
uniqueness,1,/guides/what-is-a-pre-loved-saree,/guides/what-is-a-pre-loved-saree,no,/guides/what-is-a-pre-loved-saree: body,
unreachable,1,/policies/cancellation-policy,/policies/cancellation-policy,no,/policies/cancellation-policy: body,
uslooking,1,/,/,no,/: body,
valuable,1,/policies/authentication-condition-policy,/policies/authentication-condition-policy,no,/policies/authentication-condition-policy: body,
values,1,/why,/why,no,/why: body,
varies,1,/guides/what-is-a-pre-loved-saree,/guides/what-is-a-pre-loved-saree,no,/guides/what-is-a-pre-loved-saree: body,
viewall,1,/collection,/collection,no,/collection: body,
vintagefabrickanjeevaramgradepre-loved,1,/collection/thangam-golden-weave-kanjivaram,/collection/thangam-golden-weave-kanjivaram,no,/collection/thangam-golden-weave-kanjivaram: body,
volumeorganzafabric,1,/,/,no,/: body,
waiting,1,/how-it-works,/how-it-works,no,/how-it-works: body,
wallverifiedby,1,/collection/beige-organza-peach-bloom,/collection/beige-organza-peach-bloom,no,/collection/beige-organza-peach-bloom: body,
wardrobereceive01review02re-store03wrap04deliver05a,1,/how-it-works,/how-it-works,no,/how-it-works: body,
ways,1,/,/,yes,/: body,
weakness,1,/policies/authentication-condition-policy,/policies/authentication-condition-policy,no,/policies/authentication-condition-policy: body,
weavea,1,/collection/orange-blossom-cotton-weave,/collection/orange-blossom-cotton-weave,no,/collection/orange-blossom-cotton-weave: body,
weavegolden,1,/collection/twilight-orange-cotton-weave,/collection/twilight-orange-cotton-weave,no,/collection/twilight-orange-cotton-weave: body,
weavethe,1,/collection/tangerine-noir-floral-border-weave,/collection/tangerine-noir-floral-border-weave,no,/collection/tangerine-noir-floral-border-weave: body,
well,1,/collection/fabric/chiffon,/collection/fabric/chiffon,no,/collection/fabric/chiffon: body,
whiteivory,1,/collection,/collection,no,/collection: body,
whitepeachpeachyellowyellowbrownbrowncharcoal,1,/collection,/collection,no,/collection: body,
whya,1,/why,/why,no,/why: body,
withbuying,1,/contact,/contact,no,/contact: body,
working,1,/policies/grievance-redressal,/policies/grievance-redressal,no,/policies/grievance-redressal: body,
worksbrowse,1,/sell-your-saree,/sell-your-saree,no,/sell-your-saree: body,
workshowfromthetrunkworks-buying,1,/how-it-works,/how-it-works,no,/how-it-works: body,
world,1,/why,/why,no,/why: body,
writing,1,/policies/sell-with-us-policy,/policies/sell-with-us-policy,no,/policies/sell-with-us-policy: body,
written,1,/policies,/policies,yes,/policies: H1,
years,1,/collection/fabric/silk,/collection/fabric/silk,no,/collection/fabric/silk: body,
youbecause,1,/authentication,/authentication,no,/authentication: body,
zarinew,1,/collection,/collection,no,/collection: body,
zariverifiedby,1,/collection/forest-green-silk-black-gold,/collection/forest-green-silk-black-gold,no,/collection/forest-green-silk-black-gold: body,
zarizari,1,/authentication,/authentication,no,/authentication: body,
