URL,Title,Title length,Title source,Meta description,Meta length,Meta source,Meta keywords,Robots,Canonical,Open Graph title,Open Graph description,Twitter title,Twitter description,Google verification tag if present,Other meta tags,Issues
/,Authenticated Pre-Loved Luxury Sarees | From The Trunk,54,app/(site)/page.tsx,"Shop authenticated pre-loved & vintage luxury sarees with provenance — heirloom silks, designer drapes and restored weaves, each with its own story.",148,app/(site)/page.tsx,,"index, follow",https://www.fromthetrunk.shop,Authenticated Pre-Loved Luxury Sarees | From The Trunk,"Shop authenticated pre-loved & vintage luxury sarees with provenance — heirloom silks, designer drapes and restored weaves, each with its own story.",Authenticated Pre-Loved Luxury Sarees | From The Trunk,"Shop authenticated pre-loved & vintage luxury sarees with provenance — heirloom silks, designer drapes and restored weaves, each with its own story.",,"{""name"":"""",""content"":""""} | {""name"":""viewport"",""content"":""width=device-width, initial-scale=1""} | {""name"":""next-size-adjust"",""content"":""""} | {""name"":""theme-color"",""content"":""#4b2626""}",
/collection,Pre-Loved & Vintage Luxury Sarees – Shop All | From The Trunk,61,app/(site)/collection/page.tsx,"Browse our full collection of authenticated pre-loved sarees — silk, chiffon, Banarasi and designer drapes. One-of-a-kind pieces, new arrivals weekly.",150,app/(site)/collection/page.tsx,,"index, follow",https://www.fromthetrunk.shop/collection,Pre-Loved & Vintage Luxury Sarees – Shop All | From The Trunk,"Browse our full collection of authenticated pre-loved sarees — silk, chiffon, Banarasi and designer drapes. One-of-a-kind pieces, new arrivals weekly.",Pre-Loved & Vintage Luxury Sarees – Shop All | From The Trunk,"Browse our full collection of authenticated pre-loved sarees — silk, chiffon, Banarasi and designer drapes. One-of-a-kind pieces, new arrivals weekly.",,"{""name"":"""",""content"":""""} | {""name"":""viewport"",""content"":""width=device-width, initial-scale=1""} | {""name"":""next-size-adjust"",""content"":""""} | {""name"":""theme-color"",""content"":""#4b2626""}",
/top-viewed,Most-Viewed Pre-Loved Sarees – Top Picks | From The Trunk,57,app/(site)/top-viewed/page.tsx,"Our most-viewed pre-loved sarees this week — authenticated silk, chiffon and designer drapes shoppers keep coming back to. One-of-a-kind, updated often.",152,app/(site)/top-viewed/page.tsx,,"index, follow",https://www.fromthetrunk.shop/top-viewed,Most-Viewed Pre-Loved Sarees – Top Picks | From The Trunk,"Our most-viewed pre-loved sarees this week — authenticated silk, chiffon and designer drapes shoppers keep coming back to. One-of-a-kind, updated often.",Most-Viewed Pre-Loved Sarees – Top Picks | From The Trunk,"Our most-viewed pre-loved sarees this week — authenticated silk, chiffon and designer drapes shoppers keep coming back to. One-of-a-kind, updated often.",,"{""name"":"""",""content"":""""} | {""name"":""viewport"",""content"":""width=device-width, initial-scale=1""} | {""name"":""next-size-adjust"",""content"":""""} | {""name"":""theme-color"",""content"":""#4b2626""}",
/our-story,Our Story — Sarees With Provenance | From The Trunk,51,app/(site)/our-story/layout.tsx,Why we authenticate every saree and pass on its story. Meet From The Trunk — a home for pre-loved luxury sarees that still have a story to tell.,144,app/(site)/our-story/layout.tsx,,"index, follow",https://www.fromthetrunk.shop/our-story,Our Story — Sarees With Provenance | From The Trunk,Why we authenticate every saree and pass on its story. Meet From The Trunk — a home for pre-loved luxury sarees that still have a story to tell.,Our Story — Sarees With Provenance | From The Trunk,Why we authenticate every saree and pass on its story. Meet From The Trunk — a home for pre-loved luxury sarees that still have a story to tell.,,"{""name"":"""",""content"":""""} | {""name"":""viewport"",""content"":""width=device-width, initial-scale=1""} | {""name"":""next-size-adjust"",""content"":""""} | {""name"":""theme-color"",""content"":""#4b2626""}",
/our-team,Our Team | From The Trunk,25,app/(site)/our-team/page.tsx,"Meet the team behind From The Trunk, a circular saree house for authenticated pre-loved sarees and restored Indian textiles.",124,app/(site)/our-team/page.tsx,,"index, follow",https://www.fromthetrunk.shop/our-team,Our Team | From The Trunk,"Meet the team behind From The Trunk, a circular saree house for authenticated pre-loved sarees and restored Indian textiles.",Our Team | From The Trunk,"Meet the team behind From The Trunk, a circular saree house for authenticated pre-loved sarees and restored Indian textiles.",,"{""name"":"""",""content"":""""} | {""name"":""viewport"",""content"":""width=device-width, initial-scale=1""} | {""name"":""next-size-adjust"",""content"":""""} | {""name"":""theme-color"",""content"":""#4b2626""}",
/faqs,Pre-Loved Saree FAQs | From The Trunk,37,app/(site)/faqs/page.tsx | tests/unit/aeo-geo-faq.test.ts,"Answers on authenticity, sizing, shipping, returns and consignment for pre-loved sarees at From The Trunk.",106,app/(site)/faqs/page.tsx | tests/unit/aeo-geo-faq.test.ts,,"index, follow",https://www.fromthetrunk.shop/faqs,Pre-Loved Saree FAQs | From The Trunk,"Answers on authenticity, sizing, shipping, returns and consignment for pre-loved sarees at From The Trunk.",Pre-Loved Saree FAQs | From The Trunk,"Answers on authenticity, sizing, shipping, returns and consignment for pre-loved sarees at From The Trunk.",,"{""name"":"""",""content"":""""} | {""name"":""viewport"",""content"":""width=device-width, initial-scale=1""} | {""name"":""next-size-adjust"",""content"":""""} | {""name"":""theme-color"",""content"":""#4b2626""}",
/contact,Contact Us | From The Trunk Pre-Loved Sarees,44,app/(site)/contact/page.tsx,"Questions about a saree, an order, or consigning your own? Reach the From The Trunk team by email, WhatsApp or social.",118,app/(site)/contact/page.tsx,,"index, follow",https://www.fromthetrunk.shop/contact,Contact Us | From The Trunk Pre-Loved Sarees,"Questions about a saree, an order, or consigning your own? Reach the From The Trunk team by email, WhatsApp or social.",Contact Us | From The Trunk Pre-Loved Sarees,"Questions about a saree, an order, or consigning your own? Reach the From The Trunk team by email, WhatsApp or social.",,"{""name"":"""",""content"":""""} | {""name"":""viewport"",""content"":""width=device-width, initial-scale=1""} | {""name"":""next-size-adjust"",""content"":""""} | {""name"":""theme-color"",""content"":""#4b2626""}",
/how-it-works,How It Works — Buying & Authentication | From The Trunk,55,app/(site)/how-it-works/page.tsx,"How From The Trunk sources, authenticates and ships pre-loved sarees — with provenance, care and confidence at every step.",122,app/(site)/how-it-works/page.tsx,,"index, follow",https://www.fromthetrunk.shop/how-it-works,How It Works — Buying & Authentication,"How From The Trunk sources, authenticates and ships pre-loved sarees — with provenance, care and confidence at every step.",How It Works — Buying & Authentication,"How From The Trunk sources, authenticates and ships pre-loved sarees — with provenance, care and confidence at every step.",,"{""name"":"""",""content"":""""} | {""name"":""viewport"",""content"":""width=device-width, initial-scale=1""} | {""name"":""next-size-adjust"",""content"":""""} | {""name"":""theme-color"",""content"":""#4b2626""}",
/authentication,Saree Authentication & Provenance | From The Trunk,50,app/(site)/authentication/page.tsx,"How From The Trunk verifies fibre, zari and provenance, so every pre-loved saree you buy is exactly what we say it is.",118,app/(site)/authentication/page.tsx,,"index, follow",https://www.fromthetrunk.shop/authentication,Saree Authentication & Provenance | From The Trunk,"How From The Trunk verifies fibre, zari and provenance, so every pre-loved saree you buy is exactly what we say it is.",Saree Authentication & Provenance | From The Trunk,"How From The Trunk verifies fibre, zari and provenance, so every pre-loved saree you buy is exactly what we say it is.",,"{""name"":"""",""content"":""""} | {""name"":""viewport"",""content"":""width=device-width, initial-scale=1""} | {""name"":""next-size-adjust"",""content"":""""} | {""name"":""theme-color"",""content"":""#4b2626""}",
/policies,Policies | From The Trunk,25,app/(site)/policies/page.tsx,"Privacy, returns, refunds, shipping, authentication, and customer-care policies for From the Trunk.",99,app/(site)/policies/page.tsx,,"index, follow",https://www.fromthetrunk.shop/policies,Policies,"Privacy, returns, refunds, shipping, authentication, and customer-care policies for From the Trunk.",Policies,"Privacy, returns, refunds, shipping, authentication, and customer-care policies for From the Trunk.",,"{""name"":"""",""content"":""""} | {""name"":""viewport"",""content"":""width=device-width, initial-scale=1""} | {""name"":""next-size-adjust"",""content"":""""} | {""name"":""theme-color"",""content"":""#4b2626""}",
/why,Why We Do What We Do | From The Trunk,37,app/(site)/why/page.tsx,"A voice led story experience about why From the Trunk restores, authenticates, and recirculates pre-loved luxury sarees.",120,lib/seo/route-metadata.ts,,"index, follow",https://www.fromthetrunk.shop/why,Why We Do What We Do,"A voice led story experience about why From the Trunk restores, authenticates, and recirculates pre-loved luxury sarees.",Why We Do What We Do,"A voice led story experience about why From the Trunk restores, authenticates, and recirculates pre-loved luxury sarees.",,"{""name"":"""",""content"":""""} | {""name"":""viewport"",""content"":""width=device-width, initial-scale=1""} | {""name"":""next-size-adjust"",""content"":""""} | {""name"":""theme-color"",""content"":""#4b2626""}",
/sell-your-saree,Sell Your Old Sarees Online | From The Trunk,44,app/(site)/sell-your-saree/page.tsx,"Pass on old, vintage, or heirloom sarees through From the Trunk. Learn what we accept and how our review process works.",119,lib/seo/keyword-landing-pages.ts,,"index, follow",https://www.fromthetrunk.shop/sell-your-saree,Sell Your Old Sarees Online,"Pass on old, vintage, or heirloom sarees through From the Trunk. Learn what we accept and how our review process works.",Sell Your Old Sarees Online,"Pass on old, vintage, or heirloom sarees through From the Trunk. Learn what we accept and how our review process works.",,"{""name"":"""",""content"":""""} | {""name"":""viewport"",""content"":""width=device-width, initial-scale=1""} | {""name"":""next-size-adjust"",""content"":""""} | {""name"":""theme-color"",""content"":""#4b2626""}",
/packing,Packaging & Care | From The Trunk,33,app/(site)/packing/page.tsx,How we wrap and protect every pre-loved saree for its journey to you.,69,app/(site)/packing/page.tsx,,"index, follow",https://www.fromthetrunk.shop/packing,Packaging & Care,How we wrap and protect every pre-loved saree for its journey to you.,Packaging & Care,How we wrap and protect every pre-loved saree for its journey to you.,,"{""name"":"""",""content"":""""} | {""name"":""viewport"",""content"":""width=device-width, initial-scale=1""} | {""name"":""next-size-adjust"",""content"":""""} | {""name"":""theme-color"",""content"":""#4b2626""}",
/policies/privacy-policy,Privacy Policy | From The Trunk,31,app/(site)/policies/[slug]/page.tsx,"How From The Trunk collects, uses and protects your personal information.",73,lib/legal/policies.ts,,"index, follow",https://www.fromthetrunk.shop/policies/privacy-policy,Privacy Policy,"How From The Trunk collects, uses and protects your personal information.",Privacy Policy,"How From The Trunk collects, uses and protects your personal information.",,"{""name"":"""",""content"":""""} | {""name"":""viewport"",""content"":""width=device-width, initial-scale=1""} | {""name"":""next-size-adjust"",""content"":""""} | {""name"":""theme-color"",""content"":""#4b2626""}",
/policies/return-refund-policy,Returns & Exchanges | From The Trunk,36,app/(site)/policies/[slug]/page.tsx,From The Trunk's returns and exchange policy for pre-loved sarees — what's covered and how it works.,100,lib/legal/policies.ts,,"index, follow",https://www.fromthetrunk.shop/policies/return-refund-policy,Returns & Exchanges,From The Trunk's returns and exchange policy for pre-loved sarees — what's covered and how it works.,Returns & Exchanges,From The Trunk's returns and exchange policy for pre-loved sarees — what's covered and how it works.,,"{""name"":"""",""content"":""""} | {""name"":""viewport"",""content"":""width=device-width, initial-scale=1""} | {""name"":""next-size-adjust"",""content"":""""} | {""name"":""theme-color"",""content"":""#4b2626""}",
/policies/shipping-delivery-policy,Shipping & Delivery | From The Trunk,36,app/(site)/policies/[slug]/page.tsx,"How From The Trunk packs and ships your pre-loved saree — timelines, coverage and what to expect.",97,lib/legal/policies.ts,,"index, follow",https://www.fromthetrunk.shop/policies/shipping-delivery-policy,Shipping & Delivery,"How From The Trunk packs and ships your pre-loved saree — timelines, coverage and what to expect.",Shipping & Delivery,"How From The Trunk packs and ships your pre-loved saree — timelines, coverage and what to expect.",,"{""name"":"""",""content"":""""} | {""name"":""viewport"",""content"":""width=device-width, initial-scale=1""} | {""name"":""next-size-adjust"",""content"":""""} | {""name"":""theme-color"",""content"":""#4b2626""}",
/policies/terms-of-service,Terms & Conditions | From The Trunk,35,app/(site)/policies/[slug]/page.tsx,The terms that apply when you shop with or consign to From The Trunk.,69,lib/legal/policies.ts,,"index, follow",https://www.fromthetrunk.shop/policies/terms-of-service,Terms & Conditions,The terms that apply when you shop with or consign to From The Trunk.,Terms & Conditions,The terms that apply when you shop with or consign to From The Trunk.,,"{""name"":"""",""content"":""""} | {""name"":""viewport"",""content"":""width=device-width, initial-scale=1""} | {""name"":""next-size-adjust"",""content"":""""} | {""name"":""theme-color"",""content"":""#4b2626""}",
/policies/authentication-condition-policy,Authentication & Condition Policy | From The Trunk,50,app/(site)/policies/[slug]/page.tsx,"How we authenticate, grade, and document every pre-loved saree before it is listed.",83,lib/legal/policies.ts,,"index, follow",https://www.fromthetrunk.shop/policies/authentication-condition-policy,Authentication & Condition Policy,"How we authenticate, grade, and document every pre-loved saree before it is listed.",Authentication & Condition Policy,"How we authenticate, grade, and document every pre-loved saree before it is listed.",,"{""name"":"""",""content"":""""} | {""name"":""viewport"",""content"":""width=device-width, initial-scale=1""} | {""name"":""next-size-adjust"",""content"":""""} | {""name"":""theme-color"",""content"":""#4b2626""}",
/policies/care-packaging-policy,Care & Packaging Policy | From The Trunk,40,app/(site)/policies/[slug]/page.tsx,"How to store, wear, and care for your pre-loved saree, and how we package it.",77,lib/legal/policies.ts,,"index, follow",https://www.fromthetrunk.shop/policies/care-packaging-policy,Care & Packaging Policy,"How to store, wear, and care for your pre-loved saree, and how we package it.",Care & Packaging Policy,"How to store, wear, and care for your pre-loved saree, and how we package it.",,"{""name"":"""",""content"":""""} | {""name"":""viewport"",""content"":""width=device-width, initial-scale=1""} | {""name"":""next-size-adjust"",""content"":""""} | {""name"":""theme-color"",""content"":""#4b2626""}",
/policies/cancellation-policy,Cancellation Policy | From The Trunk,36,app/(site)/policies/[slug]/page.tsx,"How and when an order can be cancelled by you, or by From the Trunk.",68,lib/legal/policies.ts,,"index, follow",https://www.fromthetrunk.shop/policies/cancellation-policy,Cancellation Policy,"How and when an order can be cancelled by you, or by From the Trunk.",Cancellation Policy,"How and when an order can be cancelled by you, or by From the Trunk.",,"{""name"":"""",""content"":""""} | {""name"":""viewport"",""content"":""width=device-width, initial-scale=1""} | {""name"":""next-size-adjust"",""content"":""""} | {""name"":""theme-color"",""content"":""#4b2626""}",
/policies/sell-with-us-policy,Sell With Us Policy | From The Trunk,36,app/(site)/policies/[slug]/page.tsx,How to submit a saree to From the Trunk for consignment and curation.,69,lib/legal/policies.ts,,"index, follow",https://www.fromthetrunk.shop/policies/sell-with-us-policy,Sell With Us Policy,How to submit a saree to From the Trunk for consignment and curation.,Sell With Us Policy,How to submit a saree to From the Trunk for consignment and curation.,,"{""name"":"""",""content"":""""} | {""name"":""viewport"",""content"":""width=device-width, initial-scale=1""} | {""name"":""next-size-adjust"",""content"":""""} | {""name"":""theme-color"",""content"":""#4b2626""}",
/policies/grievance-redressal,Grievance Redressal Policy | From The Trunk,43,app/(site)/policies/[slug]/page.tsx,"How to reach us, and how we acknowledge and resolve grievances.",63,lib/legal/policies.ts,,"index, follow",https://www.fromthetrunk.shop/policies/grievance-redressal,Grievance Redressal Policy,"How to reach us, and how we acknowledge and resolve grievances.",Grievance Redressal Policy,"How to reach us, and how we acknowledge and resolve grievances.",,"{""name"":"""",""content"":""""} | {""name"":""viewport"",""content"":""width=device-width, initial-scale=1""} | {""name"":""next-size-adjust"",""content"":""""} | {""name"":""theme-color"",""content"":""#4b2626""}",
/collection/fabric/silk,Pre-Loved Silk Sarees Online India | From The Trunk,51,app/(site)/collection/fabric/[fabric]/page.tsx,"Shop authenticated pre-loved silk sarees from From the Trunk: restored, story-logged, and ready for another life.",113,lib/seo/keyword-landing-pages.ts,,"index, follow",https://www.fromthetrunk.shop/collection/fabric/silk,Pre-Loved Silk Sarees Online India,"Shop authenticated pre-loved silk sarees from From the Trunk: restored, story-logged, and ready for another life.",Pre-Loved Silk Sarees Online India,"Shop authenticated pre-loved silk sarees from From the Trunk: restored, story-logged, and ready for another life.",,"{""name"":"""",""content"":""""} | {""name"":""viewport"",""content"":""width=device-width, initial-scale=1""} | {""name"":""next-size-adjust"",""content"":""""} | {""name"":""theme-color"",""content"":""#4b2626""}",
/blouses,Pre-Loved Saree Blouses | From The Trunk,40,app/(site)/blouses/page.tsx,"Curated pre-loved and designer saree blouses to complete your drape — authenticated, one-of-a-kind pieces from From The Trunk.",126,lib/seo/keyword-landing-pages.ts,,"index, follow",https://www.fromthetrunk.shop/blouses,Pre-Loved Saree Blouses,"Curated pre-loved and designer saree blouses to complete your drape — authenticated, one-of-a-kind pieces from From The Trunk.",Pre-Loved Saree Blouses,"Curated pre-loved and designer saree blouses to complete your drape — authenticated, one-of-a-kind pieces from From The Trunk.",,"{""name"":"""",""content"":""""} | {""name"":""viewport"",""content"":""width=device-width, initial-scale=1""} | {""name"":""next-size-adjust"",""content"":""""} | {""name"":""theme-color"",""content"":""#4b2626""}",
/guides/what-is-a-pre-loved-saree,What Is a Pre-Loved Saree? | From The Trunk,43,app/(site)/guides/[slug]/page.tsx,"A clear guide to what pre-loved sarees mean, how they differ from ordinary second-hand pieces, and how From the Trunk prepares them.",132,lib/seo/keyword-landing-pages.ts,,"index, follow",https://www.fromthetrunk.shop/guides/what-is-a-pre-loved-saree,What Is a Pre-Loved Saree?,"A clear guide to what pre-loved sarees mean, how they differ from ordinary second-hand pieces, and how From the Trunk prepares them.",What Is a Pre-Loved Saree?,"A clear guide to what pre-loved sarees mean, how they differ from ordinary second-hand pieces, and how From the Trunk prepares them.",,"{""name"":"""",""content"":""""} | {""name"":""viewport"",""content"":""width=device-width, initial-scale=1""} | {""name"":""next-size-adjust"",""content"":""""} | {""name"":""theme-color"",""content"":""#4b2626""}",
/guides/pre-loved-vs-second-hand-saree,Pre-Loved vs Second-Hand Sarees | From The Trunk,48,app/(site)/guides/[slug]/page.tsx,"Understand how pre-loved sarees differ from ordinary second-hand listings, especially around condition, provenance, and curation.",129,lib/seo/keyword-landing-pages.ts,,"index, follow",https://www.fromthetrunk.shop/guides/pre-loved-vs-second-hand-saree,Pre-Loved vs Second-Hand Sarees,"Understand how pre-loved sarees differ from ordinary second-hand listings, especially around condition, provenance, and curation.",Pre-Loved vs Second-Hand Sarees,"Understand how pre-loved sarees differ from ordinary second-hand listings, especially around condition, provenance, and curation.",,"{""name"":"""",""content"":""""} | {""name"":""viewport"",""content"":""width=device-width, initial-scale=1""} | {""name"":""next-size-adjust"",""content"":""""} | {""name"":""theme-color"",""content"":""#4b2626""}",
/collection/tangerine-noir-floral-border-weave,Tangerine Noir Floral Border Weave – Pre-Loved Chiffon Saree | From The Trunk,77,app/(site)/collection/[slug]/page.tsx,"Own 'Tangerine Noir Floral Border Weave', a one-of-a-kind pre-loved Chiffon saree authenticated by From The Trunk. Shipped with provenance.",139,app/(site)/collection/[slug]/page.tsx,,"index, follow",https://www.fromthetrunk.shop/collection/tangerine-noir-floral-border-weave,Tangerine Noir Floral Border Weave – Pre-Loved Chiffon Saree,"Own 'Tangerine Noir Floral Border Weave', a one-of-a-kind pre-loved Chiffon saree authenticated by From The Trunk. Shipped with provenance.",Tangerine Noir Floral Border Weave – Pre-Loved Chiffon Saree,"Own 'Tangerine Noir Floral Border Weave', a one-of-a-kind pre-loved Chiffon saree authenticated by From The Trunk. Shipped with provenance.",,"{""name"":"""",""content"":""""} | {""name"":""viewport"",""content"":""width=device-width, initial-scale=1""} | {""name"":""next-size-adjust"",""content"":""""} | {""name"":""theme-color"",""content"":""#4b2626""}",
/collection/sunset-ombr-chiffon-draped-dream,Sunset Ombré Chiffon Draped Dream – Pre-Loved Georgette Saree | From The Trunk,78,app/(site)/collection/[slug]/page.tsx,"Own 'Sunset Ombré Chiffon Draped Dream', a one-of-a-kind pre-loved Georgette saree authenticated by From The Trunk. Shipped with provenance.",140,app/(site)/collection/[slug]/page.tsx,,"index, follow",https://www.fromthetrunk.shop/collection/sunset-ombr-chiffon-draped-dream,Sunset Ombré Chiffon Draped Dream – Pre-Loved Georgette Saree,"Own 'Sunset Ombré Chiffon Draped Dream', a one-of-a-kind pre-loved Georgette saree authenticated by From The Trunk. Shipped with provenance.",Sunset Ombré Chiffon Draped Dream – Pre-Loved Georgette Saree,"Own 'Sunset Ombré Chiffon Draped Dream', a one-of-a-kind pre-loved Georgette saree authenticated by From The Trunk. Shipped with provenance.",,"{""name"":"""",""content"":""""} | {""name"":""viewport"",""content"":""width=device-width, initial-scale=1""} | {""name"":""next-size-adjust"",""content"":""""} | {""name"":""theme-color"",""content"":""#4b2626""}",
/collection/indigo-plum-tied-silk-saree,Indigo & Plum Tied Silk Saree | From The Trunk,46,app/(site)/collection/[slug]/page.tsx,"Own 'Indigo & Plum Tied Silk Saree', a one-of-a-kind pre-loved Silk saree authenticated by From The Trunk. Shipped with provenance.",131,app/(site)/collection/[slug]/page.tsx,,"index, follow",https://www.fromthetrunk.shop/collection/indigo-plum-tied-silk-saree,Indigo & Plum Tied Silk Saree,"Own 'Indigo & Plum Tied Silk Saree', a one-of-a-kind pre-loved Silk saree authenticated by From The Trunk. Shipped with provenance.",Indigo & Plum Tied Silk Saree,"Own 'Indigo & Plum Tied Silk Saree', a one-of-a-kind pre-loved Silk saree authenticated by From The Trunk. Shipped with provenance.",,"{""name"":"""",""content"":""""} | {""name"":""viewport"",""content"":""width=device-width, initial-scale=1""} | {""name"":""next-size-adjust"",""content"":""""} | {""name"":""theme-color"",""content"":""#4b2626""}",
/collection/forest-flame-tie-dye-silk,Forest & Flame Tie Dye Silk – Pre-Loved Silk Saree | From The Trunk,67,app/(site)/collection/[slug]/page.tsx,"Own 'Forest & Flame Tie Dye Silk', a one-of-a-kind pre-loved Silk saree authenticated by From The Trunk. Before the loom, there. Shipped with provenance.",153,app/(site)/collection/[slug]/page.tsx,,"index, follow",https://www.fromthetrunk.shop/collection/forest-flame-tie-dye-silk,Forest & Flame Tie Dye Silk – Pre-Loved Silk Saree,"Own 'Forest & Flame Tie Dye Silk', a one-of-a-kind pre-loved Silk saree authenticated by From The Trunk. Before the loom, there. Shipped with provenance.",Forest & Flame Tie Dye Silk – Pre-Loved Silk Saree,"Own 'Forest & Flame Tie Dye Silk', a one-of-a-kind pre-loved Silk saree authenticated by From The Trunk. Before the loom, there. Shipped with provenance.",,"{""name"":"""",""content"":""""} | {""name"":""viewport"",""content"":""width=device-width, initial-scale=1""} | {""name"":""next-size-adjust"",""content"":""""} | {""name"":""theme-color"",""content"":""#4b2626""}",
/collection/moonstone-cream-mauve-border-saree,Moonstone Cream Mauve Border Saree – Pre-Loved Organza Saree | From The Trunk,77,app/(site)/collection/[slug]/page.tsx,"Own 'Moonstone Cream Mauve Border Saree', a one-of-a-kind pre-loved Organza saree authenticated by From The Trunk. Shipped with provenance.",139,app/(site)/collection/[slug]/page.tsx,,"index, follow",https://www.fromthetrunk.shop/collection/moonstone-cream-mauve-border-saree,Moonstone Cream Mauve Border Saree – Pre-Loved Organza Saree,"Own 'Moonstone Cream Mauve Border Saree', a one-of-a-kind pre-loved Organza saree authenticated by From The Trunk. Shipped with provenance.",Moonstone Cream Mauve Border Saree – Pre-Loved Organza Saree,"Own 'Moonstone Cream Mauve Border Saree', a one-of-a-kind pre-loved Organza saree authenticated by From The Trunk. Shipped with provenance.",,"{""name"":"""",""content"":""""} | {""name"":""viewport"",""content"":""width=device-width, initial-scale=1""} | {""name"":""next-size-adjust"",""content"":""""} | {""name"":""theme-color"",""content"":""#4b2626""}",
/collection/marigold-moss-cotton,Marigold & Moss cotton – Pre-Loved Cotton Saree | From The Trunk,64,app/(site)/collection/[slug]/page.tsx,"Own 'Marigold & Moss cotton', a one-of-a-kind pre-loved Cotton saree authenticated by From The Trunk. Handwoven in a fine cotton. Shipped with provenance.",154,app/(site)/collection/[slug]/page.tsx,,"index, follow",https://www.fromthetrunk.shop/collection/marigold-moss-cotton,Marigold & Moss cotton – Pre-Loved Cotton Saree,"Own 'Marigold & Moss cotton', a one-of-a-kind pre-loved Cotton saree authenticated by From The Trunk. Handwoven in a fine cotton. Shipped with provenance.",Marigold & Moss cotton – Pre-Loved Cotton Saree,"Own 'Marigold & Moss cotton', a one-of-a-kind pre-loved Cotton saree authenticated by From The Trunk. Handwoven in a fine cotton. Shipped with provenance.",,"{""name"":"""",""content"":""""} | {""name"":""viewport"",""content"":""width=device-width, initial-scale=1""} | {""name"":""next-size-adjust"",""content"":""""} | {""name"":""theme-color"",""content"":""#4b2626""}",
/collection/midnight-garden-georgette-saree,Midnight Garden Georgette Saree | From The Trunk,48,app/(site)/collection/[slug]/page.tsx,"Own 'Midnight Garden Georgette Saree', a one-of-a-kind pre-loved Georgette saree authenticated by From The Trunk. Shipped with provenance.",138,app/(site)/collection/[slug]/page.tsx,,"index, follow",https://www.fromthetrunk.shop/collection/midnight-garden-georgette-saree,Midnight Garden Georgette Saree,"Own 'Midnight Garden Georgette Saree', a one-of-a-kind pre-loved Georgette saree authenticated by From The Trunk. Shipped with provenance.",Midnight Garden Georgette Saree,"Own 'Midnight Garden Georgette Saree', a one-of-a-kind pre-loved Georgette saree authenticated by From The Trunk. Shipped with provenance.",,"{""name"":"""",""content"":""""} | {""name"":""viewport"",""content"":""width=device-width, initial-scale=1""} | {""name"":""next-size-adjust"",""content"":""""} | {""name"":""theme-color"",""content"":""#4b2626""}",
/collection/verdant-bloom-silk-burgundy-gold-border,Green Garden Silk Burgundy Zari Edge – Pre-Loved Silk Saree | From The Trunk,76,app/(site)/collection/[slug]/page.tsx,"Own 'Green Garden Silk Burgundy Zari Edge', a one-of-a-kind pre-loved Silk saree authenticated by From The Trunk. Shipped with provenance.",138,app/(site)/collection/[slug]/page.tsx,,"index, follow",https://www.fromthetrunk.shop/collection/verdant-bloom-silk-burgundy-gold-border,Green Garden Silk Burgundy Zari Edge – Pre-Loved Silk Saree,"Own 'Green Garden Silk Burgundy Zari Edge', a one-of-a-kind pre-loved Silk saree authenticated by From The Trunk. Shipped with provenance.",Green Garden Silk Burgundy Zari Edge – Pre-Loved Silk Saree,"Own 'Green Garden Silk Burgundy Zari Edge', a one-of-a-kind pre-loved Silk saree authenticated by From The Trunk. Shipped with provenance.",,"{""name"":"""",""content"":""""} | {""name"":""viewport"",""content"":""width=device-width, initial-scale=1""} | {""name"":""next-size-adjust"",""content"":""""} | {""name"":""theme-color"",""content"":""#4b2626""}",
/collection/pink-katan-triangle-zari-edge,Pink Katan temple border – Pre-Loved Silk Saree | From The Trunk,64,app/(site)/collection/[slug]/page.tsx,"Own 'Pink Katan temple border', a one-of-a-kind pre-loved Silk saree authenticated by From The Trunk. Temple borders of this. Shipped with provenance.",150,app/(site)/collection/[slug]/page.tsx,,"index, follow",https://www.fromthetrunk.shop/collection/pink-katan-triangle-zari-edge,Pink Katan temple border – Pre-Loved Silk Saree,"Own 'Pink Katan temple border', a one-of-a-kind pre-loved Silk saree authenticated by From The Trunk. Temple borders of this. Shipped with provenance.",Pink Katan temple border – Pre-Loved Silk Saree,"Own 'Pink Katan temple border', a one-of-a-kind pre-loved Silk saree authenticated by From The Trunk. Temple borders of this. Shipped with provenance.",,"{""name"":"""",""content"":""""} | {""name"":""viewport"",""content"":""width=device-width, initial-scale=1""} | {""name"":""next-size-adjust"",""content"":""""} | {""name"":""theme-color"",""content"":""#4b2626""}",
/collection/forest-green-silk-black-gold,Forest green silk black gold – Pre-Loved Silk Saree | From The Trunk,68,app/(site)/collection/[slug]/page.tsx,"Own 'Forest green silk black gold', a one-of-a-kind pre-loved Silk saree authenticated by From The Trunk. Shipped with provenance.",130,app/(site)/collection/[slug]/page.tsx,,"index, follow",https://www.fromthetrunk.shop/collection/forest-green-silk-black-gold,Forest green silk black gold – Pre-Loved Silk Saree,"Own 'Forest green silk black gold', a one-of-a-kind pre-loved Silk saree authenticated by From The Trunk. Shipped with provenance.",Forest green silk black gold – Pre-Loved Silk Saree,"Own 'Forest green silk black gold', a one-of-a-kind pre-loved Silk saree authenticated by From The Trunk. Shipped with provenance.",,"{""name"":"""",""content"":""""} | {""name"":""viewport"",""content"":""width=device-width, initial-scale=1""} | {""name"":""next-size-adjust"",""content"":""""} | {""name"":""theme-color"",""content"":""#4b2626""}",
/collection/teal-blue-moody-silk-drape,Teal moody silk saree | From The Trunk,38,app/(site)/collection/[slug]/page.tsx,"Own 'Teal moody silk saree', a one-of-a-kind pre-loved Silk saree authenticated by From The Trunk. There is a moment in the late. Shipped with provenance.",154,app/(site)/collection/[slug]/page.tsx,,"index, follow",https://www.fromthetrunk.shop/collection/teal-blue-moody-silk-drape,Teal moody silk saree,"Own 'Teal moody silk saree', a one-of-a-kind pre-loved Silk saree authenticated by From The Trunk. There is a moment in the late. Shipped with provenance.",Teal moody silk saree,"Own 'Teal moody silk saree', a one-of-a-kind pre-loved Silk saree authenticated by From The Trunk. There is a moment in the late. Shipped with provenance.",,"{""name"":"""",""content"":""""} | {""name"":""viewport"",""content"":""width=device-width, initial-scale=1""} | {""name"":""next-size-adjust"",""content"":""""} | {""name"":""theme-color"",""content"":""#4b2626""}",
/collection/rose-silk-green-brown-stripe,Rose silk – Pre-Loved Silk Saree | From The Trunk,49,app/(site)/collection/[slug]/page.tsx,"Own 'Rose silk', a one-of-a-kind pre-loved Silk saree authenticated by From The Trunk. Before a single thread was thrown across. Shipped with provenance.",153,app/(site)/collection/[slug]/page.tsx,,"index, follow",https://www.fromthetrunk.shop/collection/rose-silk-green-brown-stripe,Rose silk – Pre-Loved Silk Saree,"Own 'Rose silk', a one-of-a-kind pre-loved Silk saree authenticated by From The Trunk. Before a single thread was thrown across. Shipped with provenance.",Rose silk – Pre-Loved Silk Saree,"Own 'Rose silk', a one-of-a-kind pre-loved Silk saree authenticated by From The Trunk. Before a single thread was thrown across. Shipped with provenance.",,"{""name"":"""",""content"":""""} | {""name"":""viewport"",""content"":""width=device-width, initial-scale=1""} | {""name"":""next-size-adjust"",""content"":""""} | {""name"":""theme-color"",""content"":""#4b2626""}",
/collection/mustard-organza-brown-border-drape,Harvest gold – Pre-Loved Organza Saree | From The Trunk,55,app/(site)/collection/[slug]/page.tsx,"Own 'Harvest gold', a one-of-a-kind pre-loved Organza saree authenticated by From The Trunk. Organza of this character. Shipped with provenance.",144,app/(site)/collection/[slug]/page.tsx,,"index, follow",https://www.fromthetrunk.shop/collection/mustard-organza-brown-border-drape,Harvest gold – Pre-Loved Organza Saree,"Own 'Harvest gold', a one-of-a-kind pre-loved Organza saree authenticated by From The Trunk. Organza of this character. Shipped with provenance.",Harvest gold – Pre-Loved Organza Saree,"Own 'Harvest gold', a one-of-a-kind pre-loved Organza saree authenticated by From The Trunk. Organza of this character. Shipped with provenance.",,"{""name"":"""",""content"":""""} | {""name"":""viewport"",""content"":""width=device-width, initial-scale=1""} | {""name"":""next-size-adjust"",""content"":""""} | {""name"":""theme-color"",""content"":""#4b2626""}",
/collection/charcoal-gold-organza-heirloom-drape,Charcoal gold organza heirloom drape – Pre-Loved Organza Saree | From The Trunk,79,app/(site)/collection/[slug]/page.tsx,"Own 'Charcoal gold organza heirloom drape', a one-of-a-kind pre-loved Organza saree authenticated by From The Trunk. Shipped with provenance.",141,app/(site)/collection/[slug]/page.tsx,,"index, follow",https://www.fromthetrunk.shop/collection/charcoal-gold-organza-heirloom-drape,Charcoal gold organza heirloom drape – Pre-Loved Organza Saree,"Own 'Charcoal gold organza heirloom drape', a one-of-a-kind pre-loved Organza saree authenticated by From The Trunk. Shipped with provenance.",Charcoal gold organza heirloom drape – Pre-Loved Organza Saree,"Own 'Charcoal gold organza heirloom drape', a one-of-a-kind pre-loved Organza saree authenticated by From The Trunk. Shipped with provenance.",,"{""name"":"""",""content"":""""} | {""name"":""viewport"",""content"":""width=device-width, initial-scale=1""} | {""name"":""next-size-adjust"",""content"":""""} | {""name"":""theme-color"",""content"":""#4b2626""}",
/collection/beige-organza-peach-bloom,Beige Organza Peach Bloom Print – Pre-Loved Organza Saree | From The Trunk,74,app/(site)/collection/[slug]/page.tsx,"Own 'Beige Organza Peach Bloom Print', a one-of-a-kind pre-loved Organza saree authenticated by From The Trunk. Shipped with provenance.",136,app/(site)/collection/[slug]/page.tsx,,"index, follow",https://www.fromthetrunk.shop/collection/beige-organza-peach-bloom,Beige Organza Peach Bloom Print – Pre-Loved Organza Saree,"Own 'Beige Organza Peach Bloom Print', a one-of-a-kind pre-loved Organza saree authenticated by From The Trunk. Shipped with provenance.",Beige Organza Peach Bloom Print – Pre-Loved Organza Saree,"Own 'Beige Organza Peach Bloom Print', a one-of-a-kind pre-loved Organza saree authenticated by From The Trunk. Shipped with provenance.",,"{""name"":"""",""content"":""""} | {""name"":""viewport"",""content"":""width=device-width, initial-scale=1""} | {""name"":""next-size-adjust"",""content"":""""} | {""name"":""theme-color"",""content"":""#4b2626""}",
/collection/maroon-chettinad-cotton,Maroon chettinad cotton – Pre-Loved Cotton Saree | From The Trunk,65,app/(site)/collection/[slug]/page.tsx,"Own 'Maroon chettinad cotton', a one-of-a-kind pre-loved Cotton saree authenticated by From The Trunk. Born on the handlooms of. Shipped with provenance.",153,app/(site)/collection/[slug]/page.tsx,,"index, follow",https://www.fromthetrunk.shop/collection/maroon-chettinad-cotton,Maroon chettinad cotton – Pre-Loved Cotton Saree,"Own 'Maroon chettinad cotton', a one-of-a-kind pre-loved Cotton saree authenticated by From The Trunk. Born on the handlooms of. Shipped with provenance.",Maroon chettinad cotton – Pre-Loved Cotton Saree,"Own 'Maroon chettinad cotton', a one-of-a-kind pre-loved Cotton saree authenticated by From The Trunk. Born on the handlooms of. Shipped with provenance.",,"{""name"":"""",""content"":""""} | {""name"":""viewport"",""content"":""width=device-width, initial-scale=1""} | {""name"":""next-size-adjust"",""content"":""""} | {""name"":""theme-color"",""content"":""#4b2626""}",
/collection/deep-wine-organza,Deep wine organza – Pre-Loved Organza Saree | From The Trunk,60,app/(site)/collection/[slug]/page.tsx,"Own 'Deep wine organza', a one-of-a-kind pre-loved Organza saree authenticated by From The Trunk. A sumptuous burgundy saree. Shipped with provenance.",150,app/(site)/collection/[slug]/page.tsx,,"index, follow",https://www.fromthetrunk.shop/collection/deep-wine-organza,Deep wine organza – Pre-Loved Organza Saree,"Own 'Deep wine organza', a one-of-a-kind pre-loved Organza saree authenticated by From The Trunk. A sumptuous burgundy saree. Shipped with provenance.",Deep wine organza – Pre-Loved Organza Saree,"Own 'Deep wine organza', a one-of-a-kind pre-loved Organza saree authenticated by From The Trunk. A sumptuous burgundy saree. Shipped with provenance.",,"{""name"":"""",""content"":""""} | {""name"":""viewport"",""content"":""width=device-width, initial-scale=1""} | {""name"":""next-size-adjust"",""content"":""""} | {""name"":""theme-color"",""content"":""#4b2626""}",
/collection/indigo-dusk-silk-cotton,Indigo Dusk – Pre-Loved Cotton Saree | From The Trunk,53,app/(site)/collection/[slug]/page.tsx,"Own 'Indigo Dusk', a one-of-a-kind pre-loved Cotton saree authenticated by From The Trunk. A striking deep blue saree adorned. Shipped with provenance.",151,app/(site)/collection/[slug]/page.tsx,,"index, follow",https://www.fromthetrunk.shop/collection/indigo-dusk-silk-cotton,Indigo Dusk – Pre-Loved Cotton Saree,"Own 'Indigo Dusk', a one-of-a-kind pre-loved Cotton saree authenticated by From The Trunk. A striking deep blue saree adorned. Shipped with provenance.",Indigo Dusk – Pre-Loved Cotton Saree,"Own 'Indigo Dusk', a one-of-a-kind pre-loved Cotton saree authenticated by From The Trunk. A striking deep blue saree adorned. Shipped with provenance.",,"{""name"":"""",""content"":""""} | {""name"":""viewport"",""content"":""width=device-width, initial-scale=1""} | {""name"":""next-size-adjust"",""content"":""""} | {""name"":""theme-color"",""content"":""#4b2626""}",
/collection/reddish-mango-cotton-orange-border,Reddish mango – Pre-Loved Cotton Saree | From The Trunk,55,app/(site)/collection/[slug]/page.tsx,"Own 'Reddish mango', a one-of-a-kind pre-loved Cotton saree authenticated by From The Trunk. There is a precise moment in the. Shipped with provenance.",151,app/(site)/collection/[slug]/page.tsx,,"index, follow",https://www.fromthetrunk.shop/collection/reddish-mango-cotton-orange-border,Reddish mango – Pre-Loved Cotton Saree,"Own 'Reddish mango', a one-of-a-kind pre-loved Cotton saree authenticated by From The Trunk. There is a precise moment in the. Shipped with provenance.",Reddish mango – Pre-Loved Cotton Saree,"Own 'Reddish mango', a one-of-a-kind pre-loved Cotton saree authenticated by From The Trunk. There is a precise moment in the. Shipped with provenance.",,"{""name"":"""",""content"":""""} | {""name"":""viewport"",""content"":""width=device-width, initial-scale=1""} | {""name"":""next-size-adjust"",""content"":""""} | {""name"":""theme-color"",""content"":""#4b2626""}",
/collection/magenta-cotton,Magenta Cotton Gold Zari Border – Pre-Loved Cotton Saree | From The Trunk,73,app/(site)/collection/[slug]/page.tsx,"Own 'Magenta Cotton Gold Zari Border', a one-of-a-kind pre-loved Cotton saree authenticated by From The Trunk. Shipped with provenance.",135,app/(site)/collection/[slug]/page.tsx,,"index, follow",https://www.fromthetrunk.shop/collection/magenta-cotton,Magenta Cotton Gold Zari Border – Pre-Loved Cotton Saree,"Own 'Magenta Cotton Gold Zari Border', a one-of-a-kind pre-loved Cotton saree authenticated by From The Trunk. Shipped with provenance.",Magenta Cotton Gold Zari Border – Pre-Loved Cotton Saree,"Own 'Magenta Cotton Gold Zari Border', a one-of-a-kind pre-loved Cotton saree authenticated by From The Trunk. Shipped with provenance.",,"{""name"":"""",""content"":""""} | {""name"":""viewport"",""content"":""width=device-width, initial-scale=1""} | {""name"":""next-size-adjust"",""content"":""""} | {""name"":""theme-color"",""content"":""#4b2626""}",
/collection/red-blue-madras-check-cotton,Red Blue Madras Check Cotton – Pre-Loved Cotton Silk Saree | From The Trunk,75,app/(site)/collection/[slug]/page.tsx,"Own 'Red Blue Madras Check Cotton', a one-of-a-kind pre-loved Cotton Silk saree authenticated by From The Trunk. Shipped with provenance.",137,app/(site)/collection/[slug]/page.tsx,,"index, follow",https://www.fromthetrunk.shop/collection/red-blue-madras-check-cotton,Red Blue Madras Check Cotton – Pre-Loved Cotton Silk Saree,"Own 'Red Blue Madras Check Cotton', a one-of-a-kind pre-loved Cotton Silk saree authenticated by From The Trunk. Shipped with provenance.",Red Blue Madras Check Cotton – Pre-Loved Cotton Silk Saree,"Own 'Red Blue Madras Check Cotton', a one-of-a-kind pre-loved Cotton Silk saree authenticated by From The Trunk. Shipped with provenance.",,"{""name"":"""",""content"":""""} | {""name"":""viewport"",""content"":""width=device-width, initial-scale=1""} | {""name"":""next-size-adjust"",""content"":""""} | {""name"":""theme-color"",""content"":""#4b2626""}",
/collection/twilight-orange-cotton-weave,Twilight Orange Cotton Weave – Pre-Loved Cotton Saree | From The Trunk,70,app/(site)/collection/[slug]/page.tsx,"Own 'Twilight Orange Cotton Weave', a one-of-a-kind pre-loved Cotton saree authenticated by From The Trunk. Shipped with provenance.",132,app/(site)/collection/[slug]/page.tsx,,"index, follow",https://www.fromthetrunk.shop/collection/twilight-orange-cotton-weave,Twilight Orange Cotton Weave – Pre-Loved Cotton Saree,"Own 'Twilight Orange Cotton Weave', a one-of-a-kind pre-loved Cotton saree authenticated by From The Trunk. Shipped with provenance.",Twilight Orange Cotton Weave – Pre-Loved Cotton Saree,"Own 'Twilight Orange Cotton Weave', a one-of-a-kind pre-loved Cotton saree authenticated by From The Trunk. Shipped with provenance.",,"{""name"":"""",""content"":""""} | {""name"":""viewport"",""content"":""width=device-width, initial-scale=1""} | {""name"":""next-size-adjust"",""content"":""""} | {""name"":""theme-color"",""content"":""#4b2626""}",
/collection/lime-and-gold-cotton-classic,Lime and Gold Cotton Classic – Pre-Loved Cotton Saree | From The Trunk,70,app/(site)/collection/[slug]/page.tsx,"Own 'Lime and Gold Cotton Classic', a one-of-a-kind pre-loved Cotton saree authenticated by From The Trunk. Shipped with provenance.",132,app/(site)/collection/[slug]/page.tsx,,"index, follow",https://www.fromthetrunk.shop/collection/lime-and-gold-cotton-classic,Lime and Gold Cotton Classic – Pre-Loved Cotton Saree,"Own 'Lime and Gold Cotton Classic', a one-of-a-kind pre-loved Cotton saree authenticated by From The Trunk. Shipped with provenance.",Lime and Gold Cotton Classic – Pre-Loved Cotton Saree,"Own 'Lime and Gold Cotton Classic', a one-of-a-kind pre-loved Cotton saree authenticated by From The Trunk. Shipped with provenance.",,"{""name"":"""",""content"":""""} | {""name"":""viewport"",""content"":""width=device-width, initial-scale=1""} | {""name"":""next-size-adjust"",""content"":""""} | {""name"":""theme-color"",""content"":""#4b2626""}",
/collection/midnight-tribe-gold-border-cotton,Midnight Tribe Gold Border Cotton – Pre-Loved Cotton Saree | From The Trunk,75,app/(site)/collection/[slug]/page.tsx,"Own 'Midnight Tribe Gold Border Cotton', a one-of-a-kind pre-loved Cotton saree authenticated by From The Trunk. Shipped with provenance.",137,app/(site)/collection/[slug]/page.tsx,,"index, follow",https://www.fromthetrunk.shop/collection/midnight-tribe-gold-border-cotton,Midnight Tribe Gold Border Cotton – Pre-Loved Cotton Saree,"Own 'Midnight Tribe Gold Border Cotton', a one-of-a-kind pre-loved Cotton saree authenticated by From The Trunk. Shipped with provenance.",Midnight Tribe Gold Border Cotton – Pre-Loved Cotton Saree,"Own 'Midnight Tribe Gold Border Cotton', a one-of-a-kind pre-loved Cotton saree authenticated by From The Trunk. Shipped with provenance.",,"{""name"":"""",""content"":""""} | {""name"":""viewport"",""content"":""width=device-width, initial-scale=1""} | {""name"":""next-size-adjust"",""content"":""""} | {""name"":""theme-color"",""content"":""#4b2626""}",
/collection/autumn-ember-golden-leaf-cotton,Autumn Ember Golden Leaf Cotton – Pre-Loved Cotton Saree | From The Trunk,73,app/(site)/collection/[slug]/page.tsx,"Own 'Autumn Ember Golden Leaf Cotton', a one-of-a-kind pre-loved Cotton saree authenticated by From The Trunk. Shipped with provenance.",135,app/(site)/collection/[slug]/page.tsx,,"index, follow",https://www.fromthetrunk.shop/collection/autumn-ember-golden-leaf-cotton,Autumn Ember Golden Leaf Cotton – Pre-Loved Cotton Saree,"Own 'Autumn Ember Golden Leaf Cotton', a one-of-a-kind pre-loved Cotton saree authenticated by From The Trunk. Shipped with provenance.",Autumn Ember Golden Leaf Cotton – Pre-Loved Cotton Saree,"Own 'Autumn Ember Golden Leaf Cotton', a one-of-a-kind pre-loved Cotton saree authenticated by From The Trunk. Shipped with provenance.",,"{""name"":"""",""content"":""""} | {""name"":""viewport"",""content"":""width=device-width, initial-scale=1""} | {""name"":""next-size-adjust"",""content"":""""} | {""name"":""theme-color"",""content"":""#4b2626""}",
/collection/orange-blossom-cotton-weave,Orange Blossom Cotton Weave – Pre-Loved Cotton Saree | From The Trunk,69,app/(site)/collection/[slug]/page.tsx,"Own 'Orange Blossom Cotton Weave', a one-of-a-kind pre-loved Cotton saree authenticated by From The Trunk. Shipped with provenance.",131,app/(site)/collection/[slug]/page.tsx,,"index, follow",https://www.fromthetrunk.shop/collection/orange-blossom-cotton-weave,Orange Blossom Cotton Weave – Pre-Loved Cotton Saree,"Own 'Orange Blossom Cotton Weave', a one-of-a-kind pre-loved Cotton saree authenticated by From The Trunk. Shipped with provenance.",Orange Blossom Cotton Weave – Pre-Loved Cotton Saree,"Own 'Orange Blossom Cotton Weave', a one-of-a-kind pre-loved Cotton saree authenticated by From The Trunk. Shipped with provenance.",,"{""name"":"""",""content"":""""} | {""name"":""viewport"",""content"":""width=device-width, initial-scale=1""} | {""name"":""next-size-adjust"",""content"":""""} | {""name"":""theme-color"",""content"":""#4b2626""}",
/collection/midnight-kesari-cotton-drape,Midnight Kesari Cotton Drape – Pre-Loved Silk Saree | From The Trunk,68,app/(site)/collection/[slug]/page.tsx,"Own 'Midnight Kesari Cotton Drape', a one-of-a-kind pre-loved Silk saree authenticated by From The Trunk. Shipped with provenance.",130,app/(site)/collection/[slug]/page.tsx,,"index, follow",https://www.fromthetrunk.shop/collection/midnight-kesari-cotton-drape,Midnight Kesari Cotton Drape – Pre-Loved Silk Saree,"Own 'Midnight Kesari Cotton Drape', a one-of-a-kind pre-loved Silk saree authenticated by From The Trunk. Shipped with provenance.",Midnight Kesari Cotton Drape – Pre-Loved Silk Saree,"Own 'Midnight Kesari Cotton Drape', a one-of-a-kind pre-loved Silk saree authenticated by From The Trunk. Shipped with provenance.",,"{""name"":"""",""content"":""""} | {""name"":""viewport"",""content"":""width=device-width, initial-scale=1""} | {""name"":""next-size-adjust"",""content"":""""} | {""name"":""theme-color"",""content"":""#4b2626""}",
/collection/blush-green-handwoven-cotton-drape,Blush green – Pre-Loved Cotton Saree | From The Trunk,53,app/(site)/collection/[slug]/page.tsx,"Own 'Blush green', a one-of-a-kind pre-loved Cotton saree authenticated by From The Trunk. There is a green that exists just. Shipped with provenance.",150,app/(site)/collection/[slug]/page.tsx,,"index, follow",https://www.fromthetrunk.shop/collection/blush-green-handwoven-cotton-drape,Blush green – Pre-Loved Cotton Saree,"Own 'Blush green', a one-of-a-kind pre-loved Cotton saree authenticated by From The Trunk. There is a green that exists just. Shipped with provenance.",Blush green – Pre-Loved Cotton Saree,"Own 'Blush green', a one-of-a-kind pre-loved Cotton saree authenticated by From The Trunk. There is a green that exists just. Shipped with provenance.",,"{""name"":"""",""content"":""""} | {""name"":""viewport"",""content"":""width=device-width, initial-scale=1""} | {""name"":""next-size-adjust"",""content"":""""} | {""name"":""theme-color"",""content"":""#4b2626""}",
/collection/brown-kapi-cotton-black-line-border,Brown Kapi Cotton – Pre-Loved Cotton Saree | From The Trunk,59,app/(site)/collection/[slug]/page.tsx,"Own 'Brown Kapi Cotton', a one-of-a-kind pre-loved Cotton saree authenticated by From The Trunk. Kapi - the warm, toasted brown. Shipped with provenance.",153,app/(site)/collection/[slug]/page.tsx,,"index, follow",https://www.fromthetrunk.shop/collection/brown-kapi-cotton-black-line-border,Brown Kapi Cotton – Pre-Loved Cotton Saree,"Own 'Brown Kapi Cotton', a one-of-a-kind pre-loved Cotton saree authenticated by From The Trunk. Kapi - the warm, toasted brown. Shipped with provenance.",Brown Kapi Cotton – Pre-Loved Cotton Saree,"Own 'Brown Kapi Cotton', a one-of-a-kind pre-loved Cotton saree authenticated by From The Trunk. Kapi - the warm, toasted brown. Shipped with provenance.",,"{""name"":"""",""content"":""""} | {""name"":""viewport"",""content"":""width=device-width, initial-scale=1""} | {""name"":""next-size-adjust"",""content"":""""} | {""name"":""theme-color"",""content"":""#4b2626""}",
/collection/brown-and-mustard-light-silk,Brown and Mustard light Silk – Pre-Loved Silk Saree | From The Trunk,68,app/(site)/collection/[slug]/page.tsx,"Own 'Brown and Mustard light Silk', a one-of-a-kind pre-loved Silk saree authenticated by From The Trunk. Shipped with provenance.",130,app/(site)/collection/[slug]/page.tsx,,"index, follow",https://www.fromthetrunk.shop/collection/brown-and-mustard-light-silk,Brown and Mustard light Silk – Pre-Loved Silk Saree,"Own 'Brown and Mustard light Silk', a one-of-a-kind pre-loved Silk saree authenticated by From The Trunk. Shipped with provenance.",Brown and Mustard light Silk – Pre-Loved Silk Saree,"Own 'Brown and Mustard light Silk', a one-of-a-kind pre-loved Silk saree authenticated by From The Trunk. Shipped with provenance.",,"{""name"":"""",""content"":""""} | {""name"":""viewport"",""content"":""width=device-width, initial-scale=1""} | {""name"":""next-size-adjust"",""content"":""""} | {""name"":""theme-color"",""content"":""#4b2626""}",
/collection/kesari-sunset-chiffon-saree,Kesari Sunset Chiffon Saree | From The Trunk,44,app/(site)/collection/[slug]/page.tsx,"Own 'Kesari Sunset Chiffon Saree', a one-of-a-kind pre-loved Chiffon saree authenticated by From The Trunk. Shipped with provenance.",132,app/(site)/collection/[slug]/page.tsx,,"index, follow",https://www.fromthetrunk.shop/collection/kesari-sunset-chiffon-saree,Kesari Sunset Chiffon Saree,"Own 'Kesari Sunset Chiffon Saree', a one-of-a-kind pre-loved Chiffon saree authenticated by From The Trunk. Shipped with provenance.",Kesari Sunset Chiffon Saree,"Own 'Kesari Sunset Chiffon Saree', a one-of-a-kind pre-loved Chiffon saree authenticated by From The Trunk. Shipped with provenance.",,"{""name"":"""",""content"":""""} | {""name"":""viewport"",""content"":""width=device-width, initial-scale=1""} | {""name"":""next-size-adjust"",""content"":""""} | {""name"":""theme-color"",""content"":""#4b2626""}",
/collection/magenta-mist-chiffon-drape,Magenta Mist Chiffon Drape – Pre-Loved Chiffon Saree | From The Trunk,69,app/(site)/collection/[slug]/page.tsx,"Own 'Magenta Mist Chiffon Drape', a one-of-a-kind pre-loved Chiffon saree authenticated by From The Trunk. Shipped with provenance.",131,app/(site)/collection/[slug]/page.tsx,,"index, follow",https://www.fromthetrunk.shop/collection/magenta-mist-chiffon-drape,Magenta Mist Chiffon Drape – Pre-Loved Chiffon Saree,"Own 'Magenta Mist Chiffon Drape', a one-of-a-kind pre-loved Chiffon saree authenticated by From The Trunk. Shipped with provenance.",Magenta Mist Chiffon Drape – Pre-Loved Chiffon Saree,"Own 'Magenta Mist Chiffon Drape', a one-of-a-kind pre-loved Chiffon saree authenticated by From The Trunk. Shipped with provenance.",,"{""name"":"""",""content"":""""} | {""name"":""viewport"",""content"":""width=device-width, initial-scale=1""} | {""name"":""next-size-adjust"",""content"":""""} | {""name"":""theme-color"",""content"":""#4b2626""}",
/collection/green-chiffon-with-fancy-border,Mint Chiffon Garden Border Saree – Pre-Loved Chiffon Saree | From The Trunk,75,app/(site)/collection/[slug]/page.tsx,"Own 'Mint Chiffon Garden Border Saree', a one-of-a-kind pre-loved Chiffon saree authenticated by From The Trunk. Shipped with provenance.",137,app/(site)/collection/[slug]/page.tsx,,"index, follow",https://www.fromthetrunk.shop/collection/green-chiffon-with-fancy-border,Mint Chiffon Garden Border Saree – Pre-Loved Chiffon Saree,"Own 'Mint Chiffon Garden Border Saree', a one-of-a-kind pre-loved Chiffon saree authenticated by From The Trunk. Shipped with provenance.",Mint Chiffon Garden Border Saree – Pre-Loved Chiffon Saree,"Own 'Mint Chiffon Garden Border Saree', a one-of-a-kind pre-loved Chiffon saree authenticated by From The Trunk. Shipped with provenance.",,"{""name"":"""",""content"":""""} | {""name"":""viewport"",""content"":""width=device-width, initial-scale=1""} | {""name"":""next-size-adjust"",""content"":""""} | {""name"":""theme-color"",""content"":""#4b2626""}",
/collection/rani-pink-georgette-garden-party,Rani Pink Georgette – Pre-Loved Georgette Saree | From The Trunk,64,app/(site)/collection/[slug]/page.tsx,"Own 'Rani Pink Georgette', a one-of-a-kind pre-loved Georgette saree authenticated by From The Trunk. There is a particular. Shipped with provenance.",149,app/(site)/collection/[slug]/page.tsx,,"index, follow",https://www.fromthetrunk.shop/collection/rani-pink-georgette-garden-party,Rani Pink Georgette – Pre-Loved Georgette Saree,"Own 'Rani Pink Georgette', a one-of-a-kind pre-loved Georgette saree authenticated by From The Trunk. There is a particular. Shipped with provenance.",Rani Pink Georgette – Pre-Loved Georgette Saree,"Own 'Rani Pink Georgette', a one-of-a-kind pre-loved Georgette saree authenticated by From The Trunk. There is a particular. Shipped with provenance.",,"{""name"":"""",""content"":""""} | {""name"":""viewport"",""content"":""width=device-width, initial-scale=1""} | {""name"":""next-size-adjust"",""content"":""""} | {""name"":""theme-color"",""content"":""#4b2626""}",
/collection/midnight-zari-georgette,Midnight Gold Embroidered Georgette – Pre-Loved Georgette Saree | From The Trunk,80,app/(site)/collection/[slug]/page.tsx,"Own 'Midnight Gold Embroidered Georgette', a one-of-a-kind pre-loved Georgette saree authenticated by From The Trunk. Shipped with provenance.",142,app/(site)/collection/[slug]/page.tsx,,"index, follow",https://www.fromthetrunk.shop/collection/midnight-zari-georgette,Midnight Gold Embroidered Georgette – Pre-Loved Georgette Saree,"Own 'Midnight Gold Embroidered Georgette', a one-of-a-kind pre-loved Georgette saree authenticated by From The Trunk. Shipped with provenance.",Midnight Gold Embroidered Georgette – Pre-Loved Georgette Saree,"Own 'Midnight Gold Embroidered Georgette', a one-of-a-kind pre-loved Georgette saree authenticated by From The Trunk. Shipped with provenance.",,"{""name"":"""",""content"":""""} | {""name"":""viewport"",""content"":""width=device-width, initial-scale=1""} | {""name"":""next-size-adjust"",""content"":""""} | {""name"":""theme-color"",""content"":""#4b2626""}",
/collection/pressed-bloom-sheer-chiffon,Pressed Bloom Sheer Chiffon – Pre-Loved Chiffon Saree | From The Trunk,70,app/(site)/collection/[slug]/page.tsx,"Own 'Pressed Bloom Sheer Chiffon', a one-of-a-kind pre-loved Chiffon saree authenticated by From The Trunk. Shipped with provenance.",132,app/(site)/collection/[slug]/page.tsx,,"index, follow",https://www.fromthetrunk.shop/collection/pressed-bloom-sheer-chiffon,Pressed Bloom Sheer Chiffon – Pre-Loved Chiffon Saree,"Own 'Pressed Bloom Sheer Chiffon', a one-of-a-kind pre-loved Chiffon saree authenticated by From The Trunk. Shipped with provenance.",Pressed Bloom Sheer Chiffon – Pre-Loved Chiffon Saree,"Own 'Pressed Bloom Sheer Chiffon', a one-of-a-kind pre-loved Chiffon saree authenticated by From The Trunk. Shipped with provenance.",,"{""name"":"""",""content"":""""} | {""name"":""viewport"",""content"":""width=device-width, initial-scale=1""} | {""name"":""next-size-adjust"",""content"":""""} | {""name"":""theme-color"",""content"":""#4b2626""}",
/collection/mayil-peacock-kanjivaram-mix,MAYIL – Pre-Loved Kanjeevaram Mix Saree | From The Trunk,56,app/(site)/collection/[slug]/page.tsx,"Own 'MAYIL', a one-of-a-kind pre-loved Kanjeevaram Mix saree authenticated by From The Trunk. Named for the Tamil word for. Shipped with provenance.",148,app/(site)/collection/[slug]/page.tsx,,"index, follow",https://www.fromthetrunk.shop/collection/mayil-peacock-kanjivaram-mix,MAYIL – Pre-Loved Kanjeevaram Mix Saree,"Own 'MAYIL', a one-of-a-kind pre-loved Kanjeevaram Mix saree authenticated by From The Trunk. Named for the Tamil word for. Shipped with provenance.",MAYIL – Pre-Loved Kanjeevaram Mix Saree,"Own 'MAYIL', a one-of-a-kind pre-loved Kanjeevaram Mix saree authenticated by From The Trunk. Named for the Tamil word for. Shipped with provenance.",,"{""name"":"""",""content"":""""} | {""name"":""viewport"",""content"":""width=device-width, initial-scale=1""} | {""name"":""next-size-adjust"",""content"":""""} | {""name"":""theme-color"",""content"":""#4b2626""}",
/collection/burnt-orange-temple-border-kanjivaram,Kanchipuram Burnt Orange Heirloom Silk – Pre-Loved Kanjeevaram Saree | From The Trunk,85,app/(site)/collection/[slug]/page.tsx,"Own 'Kanchipuram Burnt Orange Heirloom Silk', a one-of-a-kind pre-loved Kanjeevaram saree authenticated by From The Trunk. Shipped with provenance.",147,app/(site)/collection/[slug]/page.tsx,,"index, follow",https://www.fromthetrunk.shop/collection/burnt-orange-temple-border-kanjivaram,Kanchipuram Burnt Orange Heirloom Silk – Pre-Loved Kanjeevaram Saree,"Own 'Kanchipuram Burnt Orange Heirloom Silk', a one-of-a-kind pre-loved Kanjeevaram saree authenticated by From The Trunk. Shipped with provenance.",Kanchipuram Burnt Orange Heirloom Silk – Pre-Loved Kanjeevaram Saree,"Own 'Kanchipuram Burnt Orange Heirloom Silk', a one-of-a-kind pre-loved Kanjeevaram saree authenticated by From The Trunk. Shipped with provenance.",,"{""name"":"""",""content"":""""} | {""name"":""viewport"",""content"":""width=device-width, initial-scale=1""} | {""name"":""next-size-adjust"",""content"":""""} | {""name"":""theme-color"",""content"":""#4b2626""}",
/collection/semmanjal-turmeric-gold-kanjeevaram,Semmanjal kanjivaram – Pre-Loved Kanjeevaram Saree | From The Trunk,67,app/(site)/collection/[slug]/page.tsx,"Own 'Semmanjal kanjivaram', a one-of-a-kind pre-loved Kanjeevaram saree authenticated by From The Trunk. There is a colour in. Shipped with provenance.",151,app/(site)/collection/[slug]/page.tsx,,"index, follow",https://www.fromthetrunk.shop/collection/semmanjal-turmeric-gold-kanjeevaram,Semmanjal kanjivaram – Pre-Loved Kanjeevaram Saree,"Own 'Semmanjal kanjivaram', a one-of-a-kind pre-loved Kanjeevaram saree authenticated by From The Trunk. There is a colour in. Shipped with provenance.",Semmanjal kanjivaram – Pre-Loved Kanjeevaram Saree,"Own 'Semmanjal kanjivaram', a one-of-a-kind pre-loved Kanjeevaram saree authenticated by From The Trunk. There is a colour in. Shipped with provenance.",,"{""name"":"""",""content"":""""} | {""name"":""viewport"",""content"":""width=device-width, initial-scale=1""} | {""name"":""next-size-adjust"",""content"":""""} | {""name"":""theme-color"",""content"":""#4b2626""}",
/collection/thangam-golden-weave-kanjivaram,Thangam Golden Weave Kanjivaram – Pre-Loved Kanjeevaram Saree | From The Trunk,78,app/(site)/collection/[slug]/page.tsx,"Own 'Thangam Golden Weave Kanjivaram', a one-of-a-kind pre-loved Kanjeevaram saree authenticated by From The Trunk. Shipped with provenance.",140,app/(site)/collection/[slug]/page.tsx,,"index, follow",https://www.fromthetrunk.shop/collection/thangam-golden-weave-kanjivaram,Thangam Golden Weave Kanjivaram – Pre-Loved Kanjeevaram Saree,"Own 'Thangam Golden Weave Kanjivaram', a one-of-a-kind pre-loved Kanjeevaram saree authenticated by From The Trunk. Shipped with provenance.",Thangam Golden Weave Kanjivaram – Pre-Loved Kanjeevaram Saree,"Own 'Thangam Golden Weave Kanjivaram', a one-of-a-kind pre-loved Kanjeevaram saree authenticated by From The Trunk. Shipped with provenance.",,"{""name"":"""",""content"":""""} | {""name"":""viewport"",""content"":""width=device-width, initial-scale=1""} | {""name"":""next-size-adjust"",""content"":""""} | {""name"":""theme-color"",""content"":""#4b2626""}",
/collection/violet-bloom-cotton-drape,Violet Bloom Cotton Drape – Pre-Loved Georgette Saree | From The Trunk,70,app/(site)/collection/[slug]/page.tsx,"Own 'Violet Bloom Cotton Drape', a one-of-a-kind pre-loved Georgette saree authenticated by From The Trunk. Shipped with provenance.",132,app/(site)/collection/[slug]/page.tsx,,"index, follow",https://www.fromthetrunk.shop/collection/violet-bloom-cotton-drape,Violet Bloom Cotton Drape – Pre-Loved Georgette Saree,"Own 'Violet Bloom Cotton Drape', a one-of-a-kind pre-loved Georgette saree authenticated by From The Trunk. Shipped with provenance.",Violet Bloom Cotton Drape – Pre-Loved Georgette Saree,"Own 'Violet Bloom Cotton Drape', a one-of-a-kind pre-loved Georgette saree authenticated by From The Trunk. Shipped with provenance.",,"{""name"":"""",""content"":""""} | {""name"":""viewport"",""content"":""width=device-width, initial-scale=1""} | {""name"":""next-size-adjust"",""content"":""""} | {""name"":""theme-color"",""content"":""#4b2626""}",
/collection/moss-green-lightweight-silk-selai,Soft Girl Selai Green – Pre-Loved Silk Saree | From The Trunk,61,app/(site)/collection/[slug]/page.tsx,"Own 'Soft Girl Selai Green', a one-of-a-kind pre-loved Silk saree authenticated by From The Trunk. There is a particular shade. Shipped with provenance.",152,app/(site)/collection/[slug]/page.tsx,,"index, follow",https://www.fromthetrunk.shop/collection/moss-green-lightweight-silk-selai,Soft Girl Selai Green – Pre-Loved Silk Saree,"Own 'Soft Girl Selai Green', a one-of-a-kind pre-loved Silk saree authenticated by From The Trunk. There is a particular shade. Shipped with provenance.",Soft Girl Selai Green – Pre-Loved Silk Saree,"Own 'Soft Girl Selai Green', a one-of-a-kind pre-loved Silk saree authenticated by From The Trunk. There is a particular shade. Shipped with provenance.",,"{""name"":"""",""content"":""""} | {""name"":""viewport"",""content"":""width=device-width, initial-scale=1""} | {""name"":""next-size-adjust"",""content"":""""} | {""name"":""theme-color"",""content"":""#4b2626""}",
/collection/heritage-zari-border-kanjivaram,Classic Gold Weave Kanjivaram – Pre-Loved Kanjeevaram Saree | From The Trunk,76,app/(site)/collection/[slug]/page.tsx,"Own 'Classic Gold Weave Kanjivaram', a one-of-a-kind pre-loved Kanjeevaram saree authenticated by From The Trunk. Shipped with provenance.",138,app/(site)/collection/[slug]/page.tsx,,"index, follow",https://www.fromthetrunk.shop/collection/heritage-zari-border-kanjivaram,Classic Gold Weave Kanjivaram – Pre-Loved Kanjeevaram Saree,"Own 'Classic Gold Weave Kanjivaram', a one-of-a-kind pre-loved Kanjeevaram saree authenticated by From The Trunk. Shipped with provenance.",Classic Gold Weave Kanjivaram – Pre-Loved Kanjeevaram Saree,"Own 'Classic Gold Weave Kanjivaram', a one-of-a-kind pre-loved Kanjeevaram saree authenticated by From The Trunk. Shipped with provenance.",,"{""name"":"""",""content"":""""} | {""name"":""viewport"",""content"":""width=device-width, initial-scale=1""} | {""name"":""next-size-adjust"",""content"":""""} | {""name"":""theme-color"",""content"":""#4b2626""}",
/collection/nava-pazham-kanjeevaram-silk,Nava Pazham – Pre-Loved Kanjeevaram Saree | From The Trunk,58,app/(site)/collection/[slug]/page.tsx,"Own 'Nava Pazham', a one-of-a-kind pre-loved Kanjeevaram saree authenticated by From The Trunk. Among the most revered motifs in. Shipped with provenance.",154,app/(site)/collection/[slug]/page.tsx,,"index, follow",https://www.fromthetrunk.shop/collection/nava-pazham-kanjeevaram-silk,Nava Pazham – Pre-Loved Kanjeevaram Saree,"Own 'Nava Pazham', a one-of-a-kind pre-loved Kanjeevaram saree authenticated by From The Trunk. Among the most revered motifs in. Shipped with provenance.",Nava Pazham – Pre-Loved Kanjeevaram Saree,"Own 'Nava Pazham', a one-of-a-kind pre-loved Kanjeevaram saree authenticated by From The Trunk. Among the most revered motifs in. Shipped with provenance.",,"{""name"":"""",""content"":""""} | {""name"":""viewport"",""content"":""width=device-width, initial-scale=1""} | {""name"":""next-size-adjust"",""content"":""""} | {""name"":""theme-color"",""content"":""#4b2626""}",
/collection/nila-blue-gold-zari-silk,Nila Blue Gold Zari Silk – Pre-Loved Silk Saree | From The Trunk,64,app/(site)/collection/[slug]/page.tsx,"Own 'Nila Blue Gold Zari Silk', a one-of-a-kind pre-loved Silk saree authenticated by From The Trunk. Blue Nila carries that. Shipped with provenance.",150,app/(site)/collection/[slug]/page.tsx,,"index, follow",https://www.fromthetrunk.shop/collection/nila-blue-gold-zari-silk,Nila Blue Gold Zari Silk – Pre-Loved Silk Saree,"Own 'Nila Blue Gold Zari Silk', a one-of-a-kind pre-loved Silk saree authenticated by From The Trunk. Blue Nila carries that. Shipped with provenance.",Nila Blue Gold Zari Silk – Pre-Loved Silk Saree,"Own 'Nila Blue Gold Zari Silk', a one-of-a-kind pre-loved Silk saree authenticated by From The Trunk. Blue Nila carries that. Shipped with provenance.",,"{""name"":"""",""content"":""""} | {""name"":""viewport"",""content"":""width=device-width, initial-scale=1""} | {""name"":""next-size-adjust"",""content"":""""} | {""name"":""theme-color"",""content"":""#4b2626""}",
/collection/colorful-vintage-kanjeevaram,Colorful Vintage Kanjeevaram – Pre-Loved Kanjeevaram Saree | From The Trunk,75,app/(site)/collection/[slug]/page.tsx,"Own 'Colorful Vintage Kanjeevaram', a one-of-a-kind pre-loved Kanjeevaram saree authenticated by From The Trunk. Shipped with provenance.",137,app/(site)/collection/[slug]/page.tsx,,"index, follow",https://www.fromthetrunk.shop/collection/colorful-vintage-kanjeevaram,Colorful Vintage Kanjeevaram – Pre-Loved Kanjeevaram Saree,"Own 'Colorful Vintage Kanjeevaram', a one-of-a-kind pre-loved Kanjeevaram saree authenticated by From The Trunk. Shipped with provenance.",Colorful Vintage Kanjeevaram – Pre-Loved Kanjeevaram Saree,"Own 'Colorful Vintage Kanjeevaram', a one-of-a-kind pre-loved Kanjeevaram saree authenticated by From The Trunk. Shipped with provenance.",,"{""name"":"""",""content"":""""} | {""name"":""viewport"",""content"":""width=device-width, initial-scale=1""} | {""name"":""next-size-adjust"",""content"":""""} | {""name"":""theme-color"",""content"":""#4b2626""}",
/collection/gulabi-kota-cotton,Gulabi Kota Cotton – Pre-Loved Kota Cotton Saree | From The Trunk,65,app/(site)/collection/[slug]/page.tsx,"Own 'Gulabi Kota Cotton', a one-of-a-kind pre-loved Kota Cotton saree authenticated by From The Trunk. Picture this: a gorgeous. Shipped with provenance.",153,app/(site)/collection/[slug]/page.tsx,,"index, follow",https://www.fromthetrunk.shop/collection/gulabi-kota-cotton,Gulabi Kota Cotton – Pre-Loved Kota Cotton Saree,"Own 'Gulabi Kota Cotton', a one-of-a-kind pre-loved Kota Cotton saree authenticated by From The Trunk. Picture this: a gorgeous. Shipped with provenance.",Gulabi Kota Cotton – Pre-Loved Kota Cotton Saree,"Own 'Gulabi Kota Cotton', a one-of-a-kind pre-loved Kota Cotton saree authenticated by From The Trunk. Picture this: a gorgeous. Shipped with provenance.",,"{""name"":"""",""content"":""""} | {""name"":""viewport"",""content"":""width=device-width, initial-scale=1""} | {""name"":""next-size-adjust"",""content"":""""} | {""name"":""theme-color"",""content"":""#4b2626""}",
/collection/kempu-pachai-and-bandhani,Kempu Pachai & Bandhani – Pre-Loved Silk Saree | From The Trunk,63,app/(site)/collection/[slug]/page.tsx,"Own 'Kempu Pachai & Bandhani', a one-of-a-kind pre-loved Silk saree authenticated by From The Trunk. In the lexicon of Indian. Shipped with provenance.",151,app/(site)/collection/[slug]/page.tsx,,"index, follow",https://www.fromthetrunk.shop/collection/kempu-pachai-and-bandhani,Kempu Pachai & Bandhani – Pre-Loved Silk Saree,"Own 'Kempu Pachai & Bandhani', a one-of-a-kind pre-loved Silk saree authenticated by From The Trunk. In the lexicon of Indian. Shipped with provenance.",Kempu Pachai & Bandhani – Pre-Loved Silk Saree,"Own 'Kempu Pachai & Bandhani', a one-of-a-kind pre-loved Silk saree authenticated by From The Trunk. In the lexicon of Indian. Shipped with provenance.",,"{""name"":"""",""content"":""""} | {""name"":""viewport"",""content"":""width=device-width, initial-scale=1""} | {""name"":""next-size-adjust"",""content"":""""} | {""name"":""theme-color"",""content"":""#4b2626""}",
/collection/pachai-linen-golden-border-drape,Pachai Linen Blend – Pre-Loved Linen Blend Saree | From The Trunk,65,app/(site)/collection/[slug]/page.tsx,"Own 'Pachai Linen Blend', a one-of-a-kind pre-loved Linen Blend saree authenticated by From The Trunk. Some colours don't ask. Shipped with provenance.",151,app/(site)/collection/[slug]/page.tsx,,"index, follow",https://www.fromthetrunk.shop/collection/pachai-linen-golden-border-drape,Pachai Linen Blend – Pre-Loved Linen Blend Saree,"Own 'Pachai Linen Blend', a one-of-a-kind pre-loved Linen Blend saree authenticated by From The Trunk. Some colours don't ask. Shipped with provenance.",Pachai Linen Blend – Pre-Loved Linen Blend Saree,"Own 'Pachai Linen Blend', a one-of-a-kind pre-loved Linen Blend saree authenticated by From The Trunk. Some colours don't ask. Shipped with provenance.",,"{""name"":"""",""content"":""""} | {""name"":""viewport"",""content"":""width=device-width, initial-scale=1""} | {""name"":""next-size-adjust"",""content"":""""} | {""name"":""theme-color"",""content"":""#4b2626""}",
/404,From The Trunk | Authenticated Pre-Loved Sarees in India,56,app/(site)/layout.tsx,"Shop curated pre-loved sarees, heirloom silk sarees, designer drapes, and restored Indian textiles authenticated by From The Trunk.",131,app/(site)/layout.tsx,,noindex,,From The Trunk | Authenticated Pre-Loved Sarees in India,"Shop curated pre-loved sarees, heirloom silk sarees, designer drapes, and restored Indian textiles authenticated by From The Trunk.",From The Trunk | Authenticated Pre-Loved Sarees in India,"Shop curated pre-loved sarees, heirloom silk sarees, designer drapes, and restored Indian textiles authenticated by From The Trunk.",,"{""name"":"""",""content"":""""} | {""name"":""viewport"",""content"":""width=device-width, initial-scale=1""} | {""name"":""next-size-adjust"",""content"":""""} | {""name"":""theme-color"",""content"":""#4b2626""}",
/account/addresses,Account | From The Trunk,24,app/(site)/account/sign-in/page.tsx,"Shop curated pre-loved sarees, heirloom silk sarees, designer drapes, and restored Indian textiles authenticated by From The Trunk.",131,app/(site)/layout.tsx,,"noindex, follow",,From The Trunk | Authenticated Pre-Loved Sarees in India,"Shop curated pre-loved sarees, heirloom silk sarees, designer drapes, and restored Indian textiles authenticated by From The Trunk.",From The Trunk | Authenticated Pre-Loved Sarees in India,"Shop curated pre-loved sarees, heirloom silk sarees, designer drapes, and restored Indian textiles authenticated by From The Trunk.",,"{""name"":"""",""content"":""""} | {""name"":""viewport"",""content"":""width=device-width, initial-scale=1""} | {""name"":""next-size-adjust"",""content"":""""} | {""name"":""theme-color"",""content"":""#4b2626""}",
/account/orders,Account | From The Trunk,24,app/(site)/account/sign-in/page.tsx,"Shop curated pre-loved sarees, heirloom silk sarees, designer drapes, and restored Indian textiles authenticated by From The Trunk.",131,app/(site)/layout.tsx,,"noindex, follow",,From The Trunk | Authenticated Pre-Loved Sarees in India,"Shop curated pre-loved sarees, heirloom silk sarees, designer drapes, and restored Indian textiles authenticated by From The Trunk.",From The Trunk | Authenticated Pre-Loved Sarees in India,"Shop curated pre-loved sarees, heirloom silk sarees, designer drapes, and restored Indian textiles authenticated by From The Trunk.",,"{""name"":"""",""content"":""""} | {""name"":""viewport"",""content"":""width=device-width, initial-scale=1""} | {""name"":""next-size-adjust"",""content"":""""} | {""name"":""theme-color"",""content"":""#4b2626""}",
/account,Account | From The Trunk,24,app/(site)/account/page.tsx,"Shop curated pre-loved sarees, heirloom silk sarees, designer drapes, and restored Indian textiles authenticated by From The Trunk.",131,app/(site)/layout.tsx,,"noindex, follow",,From The Trunk | Authenticated Pre-Loved Sarees in India,"Shop curated pre-loved sarees, heirloom silk sarees, designer drapes, and restored Indian textiles authenticated by From The Trunk.",From The Trunk | Authenticated Pre-Loved Sarees in India,"Shop curated pre-loved sarees, heirloom silk sarees, designer drapes, and restored Indian textiles authenticated by From The Trunk.",,"{""name"":"""",""content"":""""} | {""name"":""viewport"",""content"":""width=device-width, initial-scale=1""} | {""name"":""next-size-adjust"",""content"":""""} | {""name"":""theme-color"",""content"":""#4b2626""} | {""name"":""refresh"",""content"":""1;url=/account/profile""}",
/account/profile,Account | From The Trunk,24,app/(site)/account/sign-in/page.tsx,"Shop curated pre-loved sarees, heirloom silk sarees, designer drapes, and restored Indian textiles authenticated by From The Trunk.",131,app/(site)/layout.tsx,,"noindex, follow",,From The Trunk | Authenticated Pre-Loved Sarees in India,"Shop curated pre-loved sarees, heirloom silk sarees, designer drapes, and restored Indian textiles authenticated by From The Trunk.",From The Trunk | Authenticated Pre-Loved Sarees in India,"Shop curated pre-loved sarees, heirloom silk sarees, designer drapes, and restored Indian textiles authenticated by From The Trunk.",,"{""name"":"""",""content"":""""} | {""name"":""viewport"",""content"":""width=device-width, initial-scale=1""} | {""name"":""next-size-adjust"",""content"":""""} | {""name"":""theme-color"",""content"":""#4b2626""}",
/account/profile/verify-email,Account | From The Trunk,24,app/(site)/account/sign-in/page.tsx,"Shop curated pre-loved sarees, heirloom silk sarees, designer drapes, and restored Indian textiles authenticated by From The Trunk.",131,app/(site)/layout.tsx,,"noindex, follow",,From The Trunk | Authenticated Pre-Loved Sarees in India,"Shop curated pre-loved sarees, heirloom silk sarees, designer drapes, and restored Indian textiles authenticated by From The Trunk.",From The Trunk | Authenticated Pre-Loved Sarees in India,"Shop curated pre-loved sarees, heirloom silk sarees, designer drapes, and restored Indian textiles authenticated by From The Trunk.",,"{""name"":"""",""content"":""""} | {""name"":""viewport"",""content"":""width=device-width, initial-scale=1""} | {""name"":""next-size-adjust"",""content"":""""} | {""name"":""theme-color"",""content"":""#4b2626""}",
/account/sign-in,Account | From The Trunk,24,app/(site)/account/sign-in/page.tsx,"Shop curated pre-loved sarees, heirloom silk sarees, designer drapes, and restored Indian textiles authenticated by From The Trunk.",131,app/(site)/layout.tsx,,"noindex, follow",,From The Trunk | Authenticated Pre-Loved Sarees in India,"Shop curated pre-loved sarees, heirloom silk sarees, designer drapes, and restored Indian textiles authenticated by From The Trunk.",From The Trunk | Authenticated Pre-Loved Sarees in India,"Shop curated pre-loved sarees, heirloom silk sarees, designer drapes, and restored Indian textiles authenticated by From The Trunk.",,"{""name"":"""",""content"":""""} | {""name"":""viewport"",""content"":""width=device-width, initial-scale=1""} | {""name"":""next-size-adjust"",""content"":""""} | {""name"":""theme-color"",""content"":""#4b2626""}",
/account/sign-up,Account | From The Trunk,24,app/(site)/account/sign-up/page.tsx,"Shop curated pre-loved sarees, heirloom silk sarees, designer drapes, and restored Indian textiles authenticated by From The Trunk.",131,app/(site)/layout.tsx,,"noindex, follow",,From The Trunk | Authenticated Pre-Loved Sarees in India,"Shop curated pre-loved sarees, heirloom silk sarees, designer drapes, and restored Indian textiles authenticated by From The Trunk.",From The Trunk | Authenticated Pre-Loved Sarees in India,"Shop curated pre-loved sarees, heirloom silk sarees, designer drapes, and restored Indian textiles authenticated by From The Trunk.",,"{""name"":"""",""content"":""""} | {""name"":""viewport"",""content"":""width=device-width, initial-scale=1""} | {""name"":""next-size-adjust"",""content"":""""} | {""name"":""theme-color"",""content"":""#4b2626""}",
/account/wishlist,Account | From The Trunk,24,app/(site)/account/sign-in/page.tsx,"Shop curated pre-loved sarees, heirloom silk sarees, designer drapes, and restored Indian textiles authenticated by From The Trunk.",131,app/(site)/layout.tsx,,"noindex, follow",,From The Trunk | Authenticated Pre-Loved Sarees in India,"Shop curated pre-loved sarees, heirloom silk sarees, designer drapes, and restored Indian textiles authenticated by From The Trunk.",From The Trunk | Authenticated Pre-Loved Sarees in India,"Shop curated pre-loved sarees, heirloom silk sarees, designer drapes, and restored Indian textiles authenticated by From The Trunk.",,"{""name"":"""",""content"":""""} | {""name"":""viewport"",""content"":""width=device-width, initial-scale=1""} | {""name"":""next-size-adjust"",""content"":""""} | {""name"":""theme-color"",""content"":""#4b2626""}",
/cart,Shopping Bag | From The Trunk,29,app/(site)/cart/page.tsx,"Shop curated pre-loved sarees, heirloom silk sarees, designer drapes, and restored Indian textiles authenticated by From The Trunk.",131,app/(site)/layout.tsx,,"noindex, follow",,From The Trunk | Authenticated Pre-Loved Sarees in India,"Shop curated pre-loved sarees, heirloom silk sarees, designer drapes, and restored Indian textiles authenticated by From The Trunk.",From The Trunk | Authenticated Pre-Loved Sarees in India,"Shop curated pre-loved sarees, heirloom silk sarees, designer drapes, and restored Indian textiles authenticated by From The Trunk.",,"{""name"":"""",""content"":""""} | {""name"":""viewport"",""content"":""width=device-width, initial-scale=1""} | {""name"":""next-size-adjust"",""content"":""""} | {""name"":""theme-color"",""content"":""#4b2626""}",
/checkout/confirmation,Order Confirmed | From The Trunk,32,app/(site)/checkout/confirmation/page.tsx,"Shop curated pre-loved sarees, heirloom silk sarees, designer drapes, and restored Indian textiles authenticated by From The Trunk.",131,app/(site)/layout.tsx,,"noindex, follow",,From The Trunk | Authenticated Pre-Loved Sarees in India,"Shop curated pre-loved sarees, heirloom silk sarees, designer drapes, and restored Indian textiles authenticated by From The Trunk.",From The Trunk | Authenticated Pre-Loved Sarees in India,"Shop curated pre-loved sarees, heirloom silk sarees, designer drapes, and restored Indian textiles authenticated by From The Trunk.",,"{""name"":"""",""content"":""""} | {""name"":""viewport"",""content"":""width=device-width, initial-scale=1""} | {""name"":""next-size-adjust"",""content"":""""} | {""name"":""theme-color"",""content"":""#4b2626""}",
/checkout,Checkout | From The Trunk,25,app/(site)/checkout/page.tsx,"Shop curated pre-loved sarees, heirloom silk sarees, designer drapes, and restored Indian textiles authenticated by From The Trunk.",131,app/(site)/layout.tsx,,"noindex, follow",,From The Trunk | Authenticated Pre-Loved Sarees in India,"Shop curated pre-loved sarees, heirloom silk sarees, designer drapes, and restored Indian textiles authenticated by From The Trunk.",From The Trunk | Authenticated Pre-Loved Sarees in India,"Shop curated pre-loved sarees, heirloom silk sarees, designer drapes, and restored Indian textiles authenticated by From The Trunk.",,"{""name"":"""",""content"":""""} | {""name"":""viewport"",""content"":""width=device-width, initial-scale=1""} | {""name"":""next-size-adjust"",""content"":""""} | {""name"":""theme-color"",""content"":""#4b2626""}",
/founders,Our Team | From The Trunk,25,app/(site)/our-team/page.tsx,"Meet the team behind From The Trunk, a circular saree house for authenticated pre-loved sarees and restored Indian textiles.",124,app/(site)/our-team/page.tsx,,"index, follow",https://www.fromthetrunk.shop/our-team,Our Team | From The Trunk,"Meet the team behind From The Trunk, a circular saree house for authenticated pre-loved sarees and restored Indian textiles.",Our Team | From The Trunk,"Meet the team behind From The Trunk, a circular saree house for authenticated pre-loved sarees and restored Indian textiles.",,"{""name"":"""",""content"":""""} | {""name"":""viewport"",""content"":""width=device-width, initial-scale=1""} | {""name"":""next-size-adjust"",""content"":""""} | {""name"":""theme-color"",""content"":""#4b2626""}",expected noindex missing
/privacy-policy,Privacy Policy | From The Trunk,31,app/(site)/policies/[slug]/page.tsx,"How From The Trunk collects, uses and protects your personal information.",73,lib/legal/policies.ts,,"index, follow",https://www.fromthetrunk.shop/policies/privacy-policy,Privacy Policy,"How From The Trunk collects, uses and protects your personal information.",Privacy Policy,"How From The Trunk collects, uses and protects your personal information.",,"{""name"":"""",""content"":""""} | {""name"":""viewport"",""content"":""width=device-width, initial-scale=1""} | {""name"":""next-size-adjust"",""content"":""""} | {""name"":""theme-color"",""content"":""#4b2626""}",expected noindex missing
/return-policy,Returns & Exchanges | From The Trunk,36,app/(site)/policies/[slug]/page.tsx,From The Trunk's returns and exchange policy for pre-loved sarees — what's covered and how it works.,100,lib/legal/policies.ts,,"index, follow",https://www.fromthetrunk.shop/policies/return-refund-policy,Returns & Exchanges,From The Trunk's returns and exchange policy for pre-loved sarees — what's covered and how it works.,Returns & Exchanges,From The Trunk's returns and exchange policy for pre-loved sarees — what's covered and how it works.,,"{""name"":"""",""content"":""""} | {""name"":""viewport"",""content"":""width=device-width, initial-scale=1""} | {""name"":""next-size-adjust"",""content"":""""} | {""name"":""theme-color"",""content"":""#4b2626""}",expected noindex missing
/search,Search | From The Trunk,23,app/(site)/search/page.tsx,"Shop curated pre-loved sarees, heirloom silk sarees, designer drapes, and restored Indian textiles authenticated by From The Trunk.",131,app/(site)/layout.tsx,,"noindex, follow",,From The Trunk | Authenticated Pre-Loved Sarees in India,"Shop curated pre-loved sarees, heirloom silk sarees, designer drapes, and restored Indian textiles authenticated by From The Trunk.",From The Trunk | Authenticated Pre-Loved Sarees in India,"Shop curated pre-loved sarees, heirloom silk sarees, designer drapes, and restored Indian textiles authenticated by From The Trunk.",,"{""name"":"""",""content"":""""} | {""name"":""viewport"",""content"":""width=device-width, initial-scale=1""} | {""name"":""next-size-adjust"",""content"":""""} | {""name"":""theme-color"",""content"":""#4b2626""}",
/shipping-policy,Shipping & Delivery | From The Trunk,36,app/(site)/policies/[slug]/page.tsx,"How From The Trunk packs and ships your pre-loved saree — timelines, coverage and what to expect.",97,lib/legal/policies.ts,,"index, follow",https://www.fromthetrunk.shop/policies/shipping-delivery-policy,Shipping & Delivery,"How From The Trunk packs and ships your pre-loved saree — timelines, coverage and what to expect.",Shipping & Delivery,"How From The Trunk packs and ships your pre-loved saree — timelines, coverage and what to expect.",,"{""name"":"""",""content"":""""} | {""name"":""viewport"",""content"":""width=device-width, initial-scale=1""} | {""name"":""next-size-adjust"",""content"":""""} | {""name"":""theme-color"",""content"":""#4b2626""}",expected noindex missing
/terms-of-service,Terms & Conditions | From The Trunk,35,app/(site)/policies/[slug]/page.tsx,The terms that apply when you shop with or consign to From The Trunk.,69,lib/legal/policies.ts,,"index, follow",https://www.fromthetrunk.shop/policies/terms-of-service,Terms & Conditions,The terms that apply when you shop with or consign to From The Trunk.,Terms & Conditions,The terms that apply when you shop with or consign to From The Trunk.,,"{""name"":"""",""content"":""""} | {""name"":""viewport"",""content"":""width=device-width, initial-scale=1""} | {""name"":""next-size-adjust"",""content"":""""} | {""name"":""theme-color"",""content"":""#4b2626""}",expected noindex missing
/_global-error,From The Trunk | Authenticated Pre-Loved Sarees in India,56,app/(site)/layout.tsx,"Shop curated pre-loved sarees, heirloom silk sarees, designer drapes, and restored Indian textiles authenticated by From The Trunk.",131,app/(site)/layout.tsx,,noindex,,From The Trunk | Authenticated Pre-Loved Sarees in India,"Shop curated pre-loved sarees, heirloom silk sarees, designer drapes, and restored Indian textiles authenticated by From The Trunk.",From The Trunk | Authenticated Pre-Loved Sarees in India,"Shop curated pre-loved sarees, heirloom silk sarees, designer drapes, and restored Indian textiles authenticated by From The Trunk.",,"{""name"":"""",""content"":""""} | {""name"":""viewport"",""content"":""width=device-width, initial-scale=1""} | {""name"":""next-size-adjust"",""content"":""""} | {""name"":""theme-color"",""content"":""#4b2626""}",
/_not-found,404: This page could not be found.,34,app/(site)/[...slug]/page.tsx,,0,app/(site)/[...slug]/page.tsx,,noindex,,,,,,,"{""name"":"""",""content"":""""} | {""name"":""viewport"",""content"":""width=device-width, initial-scale=1""} | {""name"":""next-size-adjust"",""content"":""""}",
/collection/fabric/chiffon,Pre-Loved Chiffon Sarees | From The Trunk,41,app/(site)/collection/fabric/[fabric]/page.tsx,"Find light, flowing pre-loved chiffon sarees when available, each checked and story-logged by From the Trunk.",109,lib/seo/keyword-landing-pages.ts,,"index, follow",https://www.fromthetrunk.shop/collection/fabric/chiffon,Pre-Loved Chiffon Sarees,"Find light, flowing pre-loved chiffon sarees when available, each checked and story-logged by From the Trunk.",Pre-Loved Chiffon Sarees,"Find light, flowing pre-loved chiffon sarees when available, each checked and story-logged by From the Trunk.",,"{""name"":"""",""content"":""""} | {""name"":""viewport"",""content"":""width=device-width, initial-scale=1""} | {""name"":""next-size-adjust"",""content"":""""} | {""name"":""theme-color"",""content"":""#4b2626""}",indexable URL missing from sitemap
/collection/fabric/georgette,Pre-Loved Georgette Sarees | From The Trunk,43,app/(site)/collection/fabric/[fabric]/page.tsx,Discover pre-loved georgette sarees from From the Trunk when this fluid fabric is available in the collection.,110,lib/seo/keyword-landing-pages.ts,,"index, follow",https://www.fromthetrunk.shop/collection/fabric/georgette,Pre-Loved Georgette Sarees,Discover pre-loved georgette sarees from From the Trunk when this fluid fabric is available in the collection.,Pre-Loved Georgette Sarees,Discover pre-loved georgette sarees from From the Trunk when this fluid fabric is available in the collection.,,"{""name"":"""",""content"":""""} | {""name"":""viewport"",""content"":""width=device-width, initial-scale=1""} | {""name"":""next-size-adjust"",""content"":""""} | {""name"":""theme-color"",""content"":""#4b2626""}",indexable URL missing from sitemap
/collection/fabric/kanjeevaram,Pre-Loved Kanjeevaram Sarees | From The Trunk,45,app/(site)/collection/fabric/[fabric]/page.tsx,"Explore authenticated pre-loved Kanjeevaram sarees, condition-checked and prepared for a second story.",102,lib/seo/keyword-landing-pages.ts,,"noindex, follow",https://www.fromthetrunk.shop/collection/fabric/kanjeevaram,Pre-Loved Kanjeevaram Sarees,"Explore authenticated pre-loved Kanjeevaram sarees, condition-checked and prepared for a second story.",Pre-Loved Kanjeevaram Sarees,"Explore authenticated pre-loved Kanjeevaram sarees, condition-checked and prepared for a second story.",,"{""name"":"""",""content"":""""} | {""name"":""viewport"",""content"":""width=device-width, initial-scale=1""} | {""name"":""next-size-adjust"",""content"":""""} | {""name"":""theme-color"",""content"":""#4b2626""}",
/collection/occasion/festive,Pre-Loved Festive Sarees | From The Trunk,41,app/(site)/collection/occasion/[occasion]/page.tsx,"Shop authenticated pre-loved festive sarees for celebrations, pujas, dinners, and family occasions.",99,lib/seo/keyword-landing-pages.ts,,"noindex, follow",https://www.fromthetrunk.shop/collection/occasion/festive,Pre-Loved Festive Sarees,"Shop authenticated pre-loved festive sarees for celebrations, pujas, dinners, and family occasions.",Pre-Loved Festive Sarees,"Shop authenticated pre-loved festive sarees for celebrations, pujas, dinners, and family occasions.",,"{""name"":"""",""content"":""""} | {""name"":""viewport"",""content"":""width=device-width, initial-scale=1""} | {""name"":""next-size-adjust"",""content"":""""} | {""name"":""theme-color"",""content"":""#4b2626""}",
/collection/occasion/wedding,Pre-Loved Wedding Sarees | From The Trunk,41,app/(site)/collection/occasion/[occasion]/page.tsx,"Browse pre-loved wedding sarees when ceremonial pieces are available, with provenance and condition details.",108,lib/seo/keyword-landing-pages.ts,,"noindex, follow",https://www.fromthetrunk.shop/collection/occasion/wedding,Pre-Loved Wedding Sarees,"Browse pre-loved wedding sarees when ceremonial pieces are available, with provenance and condition details.",Pre-Loved Wedding Sarees,"Browse pre-loved wedding sarees when ceremonial pieces are available, with provenance and condition details.",,"{""name"":"""",""content"":""""} | {""name"":""viewport"",""content"":""width=device-width, initial-scale=1""} | {""name"":""next-size-adjust"",""content"":""""} | {""name"":""theme-color"",""content"":""#4b2626""}",
/faq,Pre-Loved Saree FAQs | From The Trunk,37,app/(site)/faqs/page.tsx | tests/unit/aeo-geo-faq.test.ts,"Answers on authenticity, sizing, shipping, returns and consignment for pre-loved sarees at From The Trunk.",106,app/(site)/faqs/page.tsx | tests/unit/aeo-geo-faq.test.ts,,"index, follow",https://www.fromthetrunk.shop/faqs,Pre-Loved Saree FAQs | From The Trunk,"Answers on authenticity, sizing, shipping, returns and consignment for pre-loved sarees at From The Trunk.",Pre-Loved Saree FAQs | From The Trunk,"Answers on authenticity, sizing, shipping, returns and consignment for pre-loved sarees at From The Trunk.",,"{""name"":"""",""content"":""""} | {""name"":""viewport"",""content"":""width=device-width, initial-scale=1""} | {""name"":""next-size-adjust"",""content"":""""} | {""name"":""theme-color"",""content"":""#4b2626""}",expected noindex missing
/about,Our Story — Sarees With Provenance | From The Trunk,51,app/(site)/our-story/layout.tsx,Why we authenticate every saree and pass on its story. Meet From The Trunk — a home for pre-loved luxury sarees that still have a story to tell.,144,app/(site)/our-story/layout.tsx,,"index, follow",https://www.fromthetrunk.shop/our-story,Our Story — Sarees With Provenance | From The Trunk,Why we authenticate every saree and pass on its story. Meet From The Trunk — a home for pre-loved luxury sarees that still have a story to tell.,Our Story — Sarees With Provenance | From The Trunk,Why we authenticate every saree and pass on its story. Meet From The Trunk — a home for pre-loved luxury sarees that still have a story to tell.,,"{""name"":"""",""content"":""""} | {""name"":""viewport"",""content"":""width=device-width, initial-scale=1""} | {""name"":""next-size-adjust"",""content"":""""} | {""name"":""theme-color"",""content"":""#4b2626""}",expected noindex missing
/stories,Our Story — Sarees With Provenance | From The Trunk,51,app/(site)/our-story/layout.tsx,Why we authenticate every saree and pass on its story. Meet From The Trunk — a home for pre-loved luxury sarees that still have a story to tell.,144,app/(site)/our-story/layout.tsx,,"index, follow",https://www.fromthetrunk.shop/our-story,Our Story — Sarees With Provenance | From The Trunk,Why we authenticate every saree and pass on its story. Meet From The Trunk — a home for pre-loved luxury sarees that still have a story to tell.,Our Story — Sarees With Provenance | From The Trunk,Why we authenticate every saree and pass on its story. Meet From The Trunk — a home for pre-loved luxury sarees that still have a story to tell.,,"{""name"":"""",""content"":""""} | {""name"":""viewport"",""content"":""width=device-width, initial-scale=1""} | {""name"":""next-size-adjust"",""content"":""""} | {""name"":""theme-color"",""content"":""#4b2626""}",expected noindex missing
/search?q=silk,Search | From The Trunk,23,app/(site)/search/page.tsx,"Shop curated pre-loved sarees, heirloom silk sarees, designer drapes, and restored Indian textiles authenticated by From The Trunk.",131,app/(site)/layout.tsx,,"noindex, follow",,From The Trunk | Authenticated Pre-Loved Sarees in India,"Shop curated pre-loved sarees, heirloom silk sarees, designer drapes, and restored Indian textiles authenticated by From The Trunk.",From The Trunk | Authenticated Pre-Loved Sarees in India,"Shop curated pre-loved sarees, heirloom silk sarees, designer drapes, and restored Indian textiles authenticated by From The Trunk.",,"{""name"":"""",""content"":""""} | {""name"":""viewport"",""content"":""width=device-width, initial-scale=1""} | {""name"":""next-size-adjust"",""content"":""""} | {""name"":""theme-color"",""content"":""#4b2626""}",
/collection?fabric=silk,Pre-Loved & Vintage Luxury Sarees – Shop All | From The Trunk,61,app/(site)/collection/page.tsx,"Browse our full collection of authenticated pre-loved sarees — silk, chiffon, Banarasi and designer drapes. One-of-a-kind pieces, new arrivals weekly.",150,app/(site)/collection/page.tsx,,"noindex, follow",https://www.fromthetrunk.shop/collection,Pre-Loved & Vintage Luxury Sarees – Shop All | From The Trunk,"Browse our full collection of authenticated pre-loved sarees — silk, chiffon, Banarasi and designer drapes. One-of-a-kind pieces, new arrivals weekly.",Pre-Loved & Vintage Luxury Sarees – Shop All | From The Trunk,"Browse our full collection of authenticated pre-loved sarees — silk, chiffon, Banarasi and designer drapes. One-of-a-kind pieces, new arrivals weekly.",,"{""name"":"""",""content"":""""} | {""name"":""viewport"",""content"":""width=device-width, initial-scale=1""} | {""name"":""next-size-adjust"",""content"":""""} | {""name"":""theme-color"",""content"":""#4b2626""}",
/collection?occasion=wedding,Pre-Loved & Vintage Luxury Sarees – Shop All | From The Trunk,61,app/(site)/collection/page.tsx,"Browse our full collection of authenticated pre-loved sarees — silk, chiffon, Banarasi and designer drapes. One-of-a-kind pieces, new arrivals weekly.",150,app/(site)/collection/page.tsx,,"noindex, follow",https://www.fromthetrunk.shop/collection,Pre-Loved & Vintage Luxury Sarees – Shop All | From The Trunk,"Browse our full collection of authenticated pre-loved sarees — silk, chiffon, Banarasi and designer drapes. One-of-a-kind pieces, new arrivals weekly.",Pre-Loved & Vintage Luxury Sarees – Shop All | From The Trunk,"Browse our full collection of authenticated pre-loved sarees — silk, chiffon, Banarasi and designer drapes. One-of-a-kind pieces, new arrivals weekly.",,"{""name"":"""",""content"":""""} | {""name"":""viewport"",""content"":""width=device-width, initial-scale=1""} | {""name"":""next-size-adjust"",""content"":""""} | {""name"":""theme-color"",""content"":""#4b2626""}",
/collection?tags=top-viewed,Pre-Loved & Vintage Luxury Sarees – Shop All | From The Trunk,61,app/(site)/collection/page.tsx,"Browse our full collection of authenticated pre-loved sarees — silk, chiffon, Banarasi and designer drapes. One-of-a-kind pieces, new arrivals weekly.",150,app/(site)/collection/page.tsx,,"noindex, follow",https://www.fromthetrunk.shop/collection,Pre-Loved & Vintage Luxury Sarees – Shop All | From The Trunk,"Browse our full collection of authenticated pre-loved sarees — silk, chiffon, Banarasi and designer drapes. One-of-a-kind pieces, new arrivals weekly.",Pre-Loved & Vintage Luxury Sarees – Shop All | From The Trunk,"Browse our full collection of authenticated pre-loved sarees — silk, chiffon, Banarasi and designer drapes. One-of-a-kind pieces, new arrivals weekly.",,"{""name"":"""",""content"":""""} | {""name"":""viewport"",""content"":""width=device-width, initial-scale=1""} | {""name"":""next-size-adjust"",""content"":""""} | {""name"":""theme-color"",""content"":""#4b2626""}",
/collection?type=blouse,Pre-Loved & Vintage Luxury Sarees – Shop All | From The Trunk,61,app/(site)/collection/page.tsx,"Browse our full collection of authenticated pre-loved sarees — silk, chiffon, Banarasi and designer drapes. One-of-a-kind pieces, new arrivals weekly.",150,app/(site)/collection/page.tsx,,"noindex, follow",https://www.fromthetrunk.shop/collection,Pre-Loved & Vintage Luxury Sarees – Shop All | From The Trunk,"Browse our full collection of authenticated pre-loved sarees — silk, chiffon, Banarasi and designer drapes. One-of-a-kind pieces, new arrivals weekly.",Pre-Loved & Vintage Luxury Sarees – Shop All | From The Trunk,"Browse our full collection of authenticated pre-loved sarees — silk, chiffon, Banarasi and designer drapes. One-of-a-kind pieces, new arrivals weekly.",,"{""name"":"""",""content"":""""} | {""name"":""viewport"",""content"":""width=device-width, initial-scale=1""} | {""name"":""next-size-adjust"",""content"":""""} | {""name"":""theme-color"",""content"":""#4b2626""}",
/collection?sort=price-asc,Pre-Loved & Vintage Luxury Sarees – Shop All | From The Trunk,61,app/(site)/collection/page.tsx,"Browse our full collection of authenticated pre-loved sarees — silk, chiffon, Banarasi and designer drapes. One-of-a-kind pieces, new arrivals weekly.",150,app/(site)/collection/page.tsx,,"noindex, follow",https://www.fromthetrunk.shop/collection,Pre-Loved & Vintage Luxury Sarees – Shop All | From The Trunk,"Browse our full collection of authenticated pre-loved sarees — silk, chiffon, Banarasi and designer drapes. One-of-a-kind pieces, new arrivals weekly.",Pre-Loved & Vintage Luxury Sarees – Shop All | From The Trunk,"Browse our full collection of authenticated pre-loved sarees — silk, chiffon, Banarasi and designer drapes. One-of-a-kind pieces, new arrivals weekly.",,"{""name"":"""",""content"":""""} | {""name"":""viewport"",""content"":""width=device-width, initial-scale=1""} | {""name"":""next-size-adjust"",""content"":""""} | {""name"":""theme-color"",""content"":""#4b2626""}",
/seo-audit-definitely-missing,From The Trunk | Authenticated Pre-Loved Sarees in India,56,app/(site)/layout.tsx,"Shop curated pre-loved sarees, heirloom silk sarees, designer drapes, and restored Indian textiles authenticated by From The Trunk.",131,app/(site)/layout.tsx,,noindex,,From The Trunk | Authenticated Pre-Loved Sarees in India,"Shop curated pre-loved sarees, heirloom silk sarees, designer drapes, and restored Indian textiles authenticated by From The Trunk.",From The Trunk | Authenticated Pre-Loved Sarees in India,"Shop curated pre-loved sarees, heirloom silk sarees, designer drapes, and restored Indian textiles authenticated by From The Trunk.",,"{""name"":"""",""content"":""""} | {""name"":""viewport"",""content"":""width=device-width, initial-scale=1""} | {""name"":""next-size-adjust"",""content"":""""} | {""name"":""theme-color"",""content"":""#4b2626""}",
/admin,| From The Trunk,16,app/(site)/authentication/page.tsx | app/(site)/collection/page.tsx | app/(site)/contact/page.tsx | app/(site)/faqs/page.tsx | app/(site)/layout.tsx,"Shop curated pre-loved sarees, heirloom silk sarees, designer drapes, and restored Indian textiles authenticated by From The Trunk.",131,app/(site)/layout.tsx,,"index, follow",,From The Trunk | Authenticated Pre-Loved Sarees in India,"Shop curated pre-loved sarees, heirloom silk sarees, designer drapes, and restored Indian textiles authenticated by From The Trunk.",From The Trunk | Authenticated Pre-Loved Sarees in India,"Shop curated pre-loved sarees, heirloom silk sarees, designer drapes, and restored Indian textiles authenticated by From The Trunk.",,"{""name"":"""",""content"":""""} | {""name"":""viewport"",""content"":""width=device-width, initial-scale=1""} | {""name"":""next-size-adjust"",""content"":""""} | {""name"":""theme-color"",""content"":""#4b2626""}",expected noindex missing | expected nofollow missing
/admin/orders/seo-audit-placeholder/packing-slip,From the Trunk Admin,20,lib/seo/route-metadata.ts,,0,app/(admin)/admin/orders/[id]/packing-slip/page.tsx,,noindex,,,,,,,"{""name"":"""",""content"":""""} | {""name"":""viewport"",""content"":""width=device-width, initial-scale=1""}",
/collection/stretchfit-blouse,From The Trunk Product | From The Trunk,39,app/(site)/collection/[slug]/page.tsx,Explore authenticated pre-loved luxury sarees from From The Trunk.,66,app/(site)/collection/[slug]/page.tsx,,"noindex, follow",https://www.fromthetrunk.shop/collection/stretchfit-blouse,From The Trunk Product,Explore authenticated pre-loved luxury sarees from From The Trunk.,From The Trunk Product,Explore authenticated pre-loved luxury sarees from From The Trunk.,,"{""name"":"""",""content"":""""} | {""name"":""viewport"",""content"":""width=device-width, initial-scale=1""} | {""name"":""next-size-adjust"",""content"":""""} | {""name"":""theme-color"",""content"":""#4b2626""}",
/collection/stretchfit-blouse-1,From The Trunk Product | From The Trunk,39,app/(site)/collection/[slug]/page.tsx,Explore authenticated pre-loved luxury sarees from From The Trunk.,66,app/(site)/collection/[slug]/page.tsx,,"noindex, follow",https://www.fromthetrunk.shop/collection/stretchfit-blouse-1,From The Trunk Product,Explore authenticated pre-loved luxury sarees from From The Trunk.,From The Trunk Product,Explore authenticated pre-loved luxury sarees from From The Trunk.,,"{""name"":"""",""content"":""""} | {""name"":""viewport"",""content"":""width=device-width, initial-scale=1""} | {""name"":""next-size-adjust"",""content"":""""} | {""name"":""theme-color"",""content"":""#4b2626""}",
/collection/sleeveless-cerise-pink-stretchfit-blouse,From The Trunk Product | From The Trunk,39,app/(site)/collection/[slug]/page.tsx,Explore authenticated pre-loved luxury sarees from From The Trunk.,66,app/(site)/collection/[slug]/page.tsx,,"noindex, follow",https://www.fromthetrunk.shop/collection/sleeveless-cerise-pink-stretchfit-blouse,From The Trunk Product,Explore authenticated pre-loved luxury sarees from From The Trunk.,From The Trunk Product,Explore authenticated pre-loved luxury sarees from From The Trunk.,,"{""name"":"""",""content"":""""} | {""name"":""viewport"",""content"":""width=device-width, initial-scale=1""} | {""name"":""next-size-adjust"",""content"":""""} | {""name"":""theme-color"",""content"":""#4b2626""}",
/collection/sleeveless-marigold-orange-stretchfit,From The Trunk Product | From The Trunk,39,app/(site)/collection/[slug]/page.tsx,Explore authenticated pre-loved luxury sarees from From The Trunk.,66,app/(site)/collection/[slug]/page.tsx,,"noindex, follow",https://www.fromthetrunk.shop/collection/sleeveless-marigold-orange-stretchfit,From The Trunk Product,Explore authenticated pre-loved luxury sarees from From The Trunk.,From The Trunk Product,Explore authenticated pre-loved luxury sarees from From The Trunk.,,"{""name"":"""",""content"":""""} | {""name"":""viewport"",""content"":""width=device-width, initial-scale=1""} | {""name"":""next-size-adjust"",""content"":""""} | {""name"":""theme-color"",""content"":""#4b2626""}",
/collection/sleeveless-black-stretchfit,From The Trunk Product | From The Trunk,39,app/(site)/collection/[slug]/page.tsx,Explore authenticated pre-loved luxury sarees from From The Trunk.,66,app/(site)/collection/[slug]/page.tsx,,"noindex, follow",https://www.fromthetrunk.shop/collection/sleeveless-black-stretchfit,From The Trunk Product,Explore authenticated pre-loved luxury sarees from From The Trunk.,From The Trunk Product,Explore authenticated pre-loved luxury sarees from From The Trunk.,,"{""name"":"""",""content"":""""} | {""name"":""viewport"",""content"":""width=device-width, initial-scale=1""} | {""name"":""next-size-adjust"",""content"":""""} | {""name"":""theme-color"",""content"":""#4b2626""}",
/collection/rose-vine-stripe-chiffon-saree,Rose Vine Stripe Chiffon Saree | From The Trunk,47,app/(site)/collection/[slug]/page.tsx,"Own 'Rose Vine Stripe Chiffon Saree', a one-of-a-kind pre-loved Chiffon saree authenticated by From The Trunk. Shipped with provenance.",135,app/(site)/collection/[slug]/page.tsx,,"index, follow",https://www.fromthetrunk.shop/collection/rose-vine-stripe-chiffon-saree,Rose Vine Stripe Chiffon Saree,"Own 'Rose Vine Stripe Chiffon Saree', a one-of-a-kind pre-loved Chiffon saree authenticated by From The Trunk. Shipped with provenance.",Rose Vine Stripe Chiffon Saree,"Own 'Rose Vine Stripe Chiffon Saree', a one-of-a-kind pre-loved Chiffon saree authenticated by From The Trunk. Shipped with provenance.",,"{""name"":"""",""content"":""""} | {""name"":""viewport"",""content"":""width=device-width, initial-scale=1""} | {""name"":""next-size-adjust"",""content"":""""} | {""name"":""theme-color"",""content"":""#4b2626""}",indexable URL missing from sitemap
/collection/coral-sunrise-chiffon-georgette-saree,Coral Sunrise Chiffon Georgette Saree – Pre-Loved Silk Saree | From The Trunk,77,app/(site)/collection/[slug]/page.tsx,"Own 'Coral Sunrise Chiffon Georgette Saree', a one-of-a-kind pre-loved Silk saree authenticated by From The Trunk. Shipped with provenance.",139,app/(site)/collection/[slug]/page.tsx,,"index, follow",https://www.fromthetrunk.shop/collection/coral-sunrise-chiffon-georgette-saree,Coral Sunrise Chiffon Georgette Saree – Pre-Loved Silk Saree,"Own 'Coral Sunrise Chiffon Georgette Saree', a one-of-a-kind pre-loved Silk saree authenticated by From The Trunk. Shipped with provenance.",Coral Sunrise Chiffon Georgette Saree – Pre-Loved Silk Saree,"Own 'Coral Sunrise Chiffon Georgette Saree', a one-of-a-kind pre-loved Silk saree authenticated by From The Trunk. Shipped with provenance.",,"{""name"":"""",""content"":""""} | {""name"":""viewport"",""content"":""width=device-width, initial-scale=1""} | {""name"":""next-size-adjust"",""content"":""""} | {""name"":""theme-color"",""content"":""#4b2626""}",indexable URL missing from sitemap
