URL,Source file/helper,Schema type,Full @type path if nested,Main name,Description,Product fields present,Offer fields present,Breadcrumb fields present,FAQ fields present,Organization fields present,LocalBusiness fields present,Review/AggregateRating fields present,Valid JSON,Matches visible content?,Risk flags,Raw JSON reference location
/,app/(site)/page.tsx | lib/content/blocks/faq.tsx | lib/seo/json-ld.ts,OnlineStore,root.@type,From The Trunk,"Curated collection of authenticated, pre-loved luxury sarees with provenance.",,,,,@context | @type | name | url | logo | email | sameAs | description | contactPoint,no,no,yes,uncertain,,page-Lw-schema-1 in seo-inventory-raw.json
/,app/(site)/page.tsx | lib/content/blocks/faq.tsx | lib/seo/json-ld.ts,ContactPoint,root.contactPoint.@type,From The Trunk,"Curated collection of authenticated, pre-loved luxury sarees with provenance.",,,,,@context | @type | name | url | logo | email | sameAs | description | contactPoint,no,no,yes,uncertain,,page-Lw-schema-1 in seo-inventory-raw.json
/,app/(site)/page.tsx | lib/content/blocks/faq.tsx | lib/seo/json-ld.ts,WebSite,root.@type,From The Trunk,,,,,,@type | name | logo,no,no,yes,uncertain,,page-Lw-schema-2 in seo-inventory-raw.json
/,app/(site)/page.tsx | lib/content/blocks/faq.tsx | lib/seo/json-ld.ts,Organization,root.publisher.@type,From The Trunk,,,,,,@type | name | logo,no,no,yes,uncertain,,page-Lw-schema-2 in seo-inventory-raw.json
/collection,app/(site)/collection/page.tsx | lib/seo/json-ld.ts,OnlineStore,root.@type,From The Trunk,"Curated collection of authenticated, pre-loved luxury sarees with provenance.",,,,,@context | @type | name | url | logo | email | sameAs | description | contactPoint,no,no,yes,uncertain,,page-L2NvbGxlY3Rpb24-schema-1 in seo-inventory-raw.json
/collection,app/(site)/collection/page.tsx | lib/seo/json-ld.ts,ContactPoint,root.contactPoint.@type,From The Trunk,"Curated collection of authenticated, pre-loved luxury sarees with provenance.",,,,,@context | @type | name | url | logo | email | sameAs | description | contactPoint,no,no,yes,uncertain,,page-L2NvbGxlY3Rpb24-schema-1 in seo-inventory-raw.json
/collection,app/(site)/collection/page.tsx | lib/seo/json-ld.ts,WebSite,root.@type,From The Trunk,,,,,,@type | name | logo,no,no,yes,uncertain,,page-L2NvbGxlY3Rpb24-schema-2 in seo-inventory-raw.json
/collection,app/(site)/collection/page.tsx | lib/seo/json-ld.ts,Organization,root.publisher.@type,From The Trunk,,,,,,@type | name | logo,no,no,yes,uncertain,,page-L2NvbGxlY3Rpb24-schema-2 in seo-inventory-raw.json
/collection,app/(site)/collection/page.tsx | lib/seo/json-ld.ts,BreadcrumbList,root.@type,,,,,@context | @type | itemListElement,,,no,no,yes,uncertain,,page-L2NvbGxlY3Rpb24-schema-3 in seo-inventory-raw.json
/collection,app/(site)/collection/page.tsx | lib/seo/json-ld.ts,ListItem,root.itemListElement[0].@type,,,,,@context | @type | itemListElement,,,no,no,yes,uncertain,,page-L2NvbGxlY3Rpb24-schema-3 in seo-inventory-raw.json
/collection,app/(site)/collection/page.tsx | lib/seo/json-ld.ts,ListItem,root.itemListElement[1].@type,,,,,@context | @type | itemListElement,,,no,no,yes,uncertain,,page-L2NvbGxlY3Rpb24-schema-3 in seo-inventory-raw.json
/top-viewed,app/(site)/top-viewed/page.tsx | lib/seo/json-ld.ts,OnlineStore,root.@type,From The Trunk,"Curated collection of authenticated, pre-loved luxury sarees with provenance.",,,,,@context | @type | name | url | logo | email | sameAs | description | contactPoint,no,no,yes,uncertain,,page-L3RvcC12aWV3ZWQ-schema-1 in seo-inventory-raw.json
/top-viewed,app/(site)/top-viewed/page.tsx | lib/seo/json-ld.ts,ContactPoint,root.contactPoint.@type,From The Trunk,"Curated collection of authenticated, pre-loved luxury sarees with provenance.",,,,,@context | @type | name | url | logo | email | sameAs | description | contactPoint,no,no,yes,uncertain,,page-L3RvcC12aWV3ZWQ-schema-1 in seo-inventory-raw.json
/top-viewed,app/(site)/top-viewed/page.tsx | lib/seo/json-ld.ts,WebSite,root.@type,From The Trunk,,,,,,@type | name | logo,no,no,yes,uncertain,,page-L3RvcC12aWV3ZWQ-schema-2 in seo-inventory-raw.json
/top-viewed,app/(site)/top-viewed/page.tsx | lib/seo/json-ld.ts,Organization,root.publisher.@type,From The Trunk,,,,,,@type | name | logo,no,no,yes,uncertain,,page-L3RvcC12aWV3ZWQ-schema-2 in seo-inventory-raw.json
/top-viewed,app/(site)/top-viewed/page.tsx | lib/seo/json-ld.ts,BreadcrumbList,root.@type,,,,,@context | @type | itemListElement,,,no,no,yes,uncertain,,page-L3RvcC12aWV3ZWQ-schema-3 in seo-inventory-raw.json
/top-viewed,app/(site)/top-viewed/page.tsx | lib/seo/json-ld.ts,ListItem,root.itemListElement[0].@type,,,,,@context | @type | itemListElement,,,no,no,yes,uncertain,,page-L3RvcC12aWV3ZWQ-schema-3 in seo-inventory-raw.json
/top-viewed,app/(site)/top-viewed/page.tsx | lib/seo/json-ld.ts,ListItem,root.itemListElement[1].@type,,,,,@context | @type | itemListElement,,,no,no,yes,uncertain,,page-L3RvcC12aWV3ZWQ-schema-3 in seo-inventory-raw.json
/top-viewed,app/(site)/top-viewed/page.tsx | lib/seo/json-ld.ts,ListItem,root.itemListElement[2].@type,,,,,@context | @type | itemListElement,,,no,no,yes,uncertain,,page-L3RvcC12aWV3ZWQ-schema-3 in seo-inventory-raw.json
/our-story,app/(site)/our-story/page.tsx,OnlineStore,root.@type,From The Trunk,"Curated collection of authenticated, pre-loved luxury sarees with provenance.",,,,,@context | @type | name | url | logo | email | sameAs | description | contactPoint,no,no,yes,uncertain,,page-L291ci1zdG9yeQ-schema-1 in seo-inventory-raw.json
/our-story,app/(site)/our-story/page.tsx,ContactPoint,root.contactPoint.@type,From The Trunk,"Curated collection of authenticated, pre-loved luxury sarees with provenance.",,,,,@context | @type | name | url | logo | email | sameAs | description | contactPoint,no,no,yes,uncertain,,page-L291ci1zdG9yeQ-schema-1 in seo-inventory-raw.json
/our-story,app/(site)/our-story/page.tsx,WebSite,root.@type,From The Trunk,,,,,,@type | name | logo,no,no,yes,uncertain,,page-L291ci1zdG9yeQ-schema-2 in seo-inventory-raw.json
/our-story,app/(site)/our-story/page.tsx,Organization,root.publisher.@type,From The Trunk,,,,,,@type | name | logo,no,no,yes,uncertain,,page-L291ci1zdG9yeQ-schema-2 in seo-inventory-raw.json
/our-team,app/(site)/our-team/page.tsx,OnlineStore,root.@type,From The Trunk,"Curated collection of authenticated, pre-loved luxury sarees with provenance.",,,,,@context | @type | name | url | logo | email | sameAs | description | contactPoint,no,no,yes,uncertain,,page-L291ci10ZWFt-schema-1 in seo-inventory-raw.json
/our-team,app/(site)/our-team/page.tsx,ContactPoint,root.contactPoint.@type,From The Trunk,"Curated collection of authenticated, pre-loved luxury sarees with provenance.",,,,,@context | @type | name | url | logo | email | sameAs | description | contactPoint,no,no,yes,uncertain,,page-L291ci10ZWFt-schema-1 in seo-inventory-raw.json
/our-team,app/(site)/our-team/page.tsx,WebSite,root.@type,From The Trunk,,,,,,@type | name | logo,no,no,yes,uncertain,,page-L291ci10ZWFt-schema-2 in seo-inventory-raw.json
/our-team,app/(site)/our-team/page.tsx,Organization,root.publisher.@type,From The Trunk,,,,,,@type | name | logo,no,no,yes,uncertain,,page-L291ci10ZWFt-schema-2 in seo-inventory-raw.json
/faqs,app/(site)/faqs/page.tsx | lib/seo/json-ld.ts,OnlineStore,root.@type,From The Trunk,"Curated collection of authenticated, pre-loved luxury sarees with provenance.",,,,,@context | @type | name | url | logo | email | sameAs | description | contactPoint,no,no,yes,uncertain,,page-L2ZhcXM-schema-1 in seo-inventory-raw.json
/faqs,app/(site)/faqs/page.tsx | lib/seo/json-ld.ts,ContactPoint,root.contactPoint.@type,From The Trunk,"Curated collection of authenticated, pre-loved luxury sarees with provenance.",,,,,@context | @type | name | url | logo | email | sameAs | description | contactPoint,no,no,yes,uncertain,,page-L2ZhcXM-schema-1 in seo-inventory-raw.json
/faqs,app/(site)/faqs/page.tsx | lib/seo/json-ld.ts,WebSite,root.@type,From The Trunk,,,,,,@type | name | logo,no,no,yes,uncertain,,page-L2ZhcXM-schema-2 in seo-inventory-raw.json
/faqs,app/(site)/faqs/page.tsx | lib/seo/json-ld.ts,Organization,root.publisher.@type,From The Trunk,,,,,,@type | name | logo,no,no,yes,uncertain,,page-L2ZhcXM-schema-2 in seo-inventory-raw.json
/faqs,app/(site)/faqs/page.tsx | lib/seo/json-ld.ts,FAQPage,root.@type,,,,,,@context | @type | mainEntity,,no,no,yes,yes - FAQ tests/source and rendered questions checked,,page-L2ZhcXM-schema-3 in seo-inventory-raw.json
/faqs,app/(site)/faqs/page.tsx | lib/seo/json-ld.ts,Question,root.mainEntity[0].@type,,,,,,@context | @type | mainEntity,,no,no,yes,yes - FAQ tests/source and rendered questions checked,,page-L2ZhcXM-schema-3 in seo-inventory-raw.json
/faqs,app/(site)/faqs/page.tsx | lib/seo/json-ld.ts,Answer,root.mainEntity[0].acceptedAnswer.@type,,,,,,@context | @type | mainEntity,,no,no,yes,yes - FAQ tests/source and rendered questions checked,,page-L2ZhcXM-schema-3 in seo-inventory-raw.json
/faqs,app/(site)/faqs/page.tsx | lib/seo/json-ld.ts,Question,root.mainEntity[1].@type,,,,,,@context | @type | mainEntity,,no,no,yes,yes - FAQ tests/source and rendered questions checked,,page-L2ZhcXM-schema-3 in seo-inventory-raw.json
/faqs,app/(site)/faqs/page.tsx | lib/seo/json-ld.ts,Answer,root.mainEntity[1].acceptedAnswer.@type,,,,,,@context | @type | mainEntity,,no,no,yes,yes - FAQ tests/source and rendered questions checked,,page-L2ZhcXM-schema-3 in seo-inventory-raw.json
/faqs,app/(site)/faqs/page.tsx | lib/seo/json-ld.ts,Question,root.mainEntity[2].@type,,,,,,@context | @type | mainEntity,,no,no,yes,yes - FAQ tests/source and rendered questions checked,,page-L2ZhcXM-schema-3 in seo-inventory-raw.json
/faqs,app/(site)/faqs/page.tsx | lib/seo/json-ld.ts,Answer,root.mainEntity[2].acceptedAnswer.@type,,,,,,@context | @type | mainEntity,,no,no,yes,yes - FAQ tests/source and rendered questions checked,,page-L2ZhcXM-schema-3 in seo-inventory-raw.json
/faqs,app/(site)/faqs/page.tsx | lib/seo/json-ld.ts,Question,root.mainEntity[3].@type,,,,,,@context | @type | mainEntity,,no,no,yes,yes - FAQ tests/source and rendered questions checked,,page-L2ZhcXM-schema-3 in seo-inventory-raw.json
/faqs,app/(site)/faqs/page.tsx | lib/seo/json-ld.ts,Answer,root.mainEntity[3].acceptedAnswer.@type,,,,,,@context | @type | mainEntity,,no,no,yes,yes - FAQ tests/source and rendered questions checked,,page-L2ZhcXM-schema-3 in seo-inventory-raw.json
/faqs,app/(site)/faqs/page.tsx | lib/seo/json-ld.ts,Question,root.mainEntity[4].@type,,,,,,@context | @type | mainEntity,,no,no,yes,yes - FAQ tests/source and rendered questions checked,,page-L2ZhcXM-schema-3 in seo-inventory-raw.json
/faqs,app/(site)/faqs/page.tsx | lib/seo/json-ld.ts,Answer,root.mainEntity[4].acceptedAnswer.@type,,,,,,@context | @type | mainEntity,,no,no,yes,yes - FAQ tests/source and rendered questions checked,,page-L2ZhcXM-schema-3 in seo-inventory-raw.json
/faqs,app/(site)/faqs/page.tsx | lib/seo/json-ld.ts,Question,root.mainEntity[5].@type,,,,,,@context | @type | mainEntity,,no,no,yes,yes - FAQ tests/source and rendered questions checked,,page-L2ZhcXM-schema-3 in seo-inventory-raw.json
/faqs,app/(site)/faqs/page.tsx | lib/seo/json-ld.ts,Answer,root.mainEntity[5].acceptedAnswer.@type,,,,,,@context | @type | mainEntity,,no,no,yes,yes - FAQ tests/source and rendered questions checked,,page-L2ZhcXM-schema-3 in seo-inventory-raw.json
/faqs,app/(site)/faqs/page.tsx | lib/seo/json-ld.ts,Question,root.mainEntity[6].@type,,,,,,@context | @type | mainEntity,,no,no,yes,yes - FAQ tests/source and rendered questions checked,,page-L2ZhcXM-schema-3 in seo-inventory-raw.json
/faqs,app/(site)/faqs/page.tsx | lib/seo/json-ld.ts,Answer,root.mainEntity[6].acceptedAnswer.@type,,,,,,@context | @type | mainEntity,,no,no,yes,yes - FAQ tests/source and rendered questions checked,,page-L2ZhcXM-schema-3 in seo-inventory-raw.json
/faqs,app/(site)/faqs/page.tsx | lib/seo/json-ld.ts,Question,root.mainEntity[7].@type,,,,,,@context | @type | mainEntity,,no,no,yes,yes - FAQ tests/source and rendered questions checked,,page-L2ZhcXM-schema-3 in seo-inventory-raw.json
/faqs,app/(site)/faqs/page.tsx | lib/seo/json-ld.ts,Answer,root.mainEntity[7].acceptedAnswer.@type,,,,,,@context | @type | mainEntity,,no,no,yes,yes - FAQ tests/source and rendered questions checked,,page-L2ZhcXM-schema-3 in seo-inventory-raw.json
/faqs,app/(site)/faqs/page.tsx | lib/seo/json-ld.ts,Question,root.mainEntity[8].@type,,,,,,@context | @type | mainEntity,,no,no,yes,yes - FAQ tests/source and rendered questions checked,,page-L2ZhcXM-schema-3 in seo-inventory-raw.json
/faqs,app/(site)/faqs/page.tsx | lib/seo/json-ld.ts,Answer,root.mainEntity[8].acceptedAnswer.@type,,,,,,@context | @type | mainEntity,,no,no,yes,yes - FAQ tests/source and rendered questions checked,,page-L2ZhcXM-schema-3 in seo-inventory-raw.json
/faqs,app/(site)/faqs/page.tsx | lib/seo/json-ld.ts,Question,root.mainEntity[9].@type,,,,,,@context | @type | mainEntity,,no,no,yes,yes - FAQ tests/source and rendered questions checked,,page-L2ZhcXM-schema-3 in seo-inventory-raw.json
/faqs,app/(site)/faqs/page.tsx | lib/seo/json-ld.ts,Answer,root.mainEntity[9].acceptedAnswer.@type,,,,,,@context | @type | mainEntity,,no,no,yes,yes - FAQ tests/source and rendered questions checked,,page-L2ZhcXM-schema-3 in seo-inventory-raw.json
/faqs,app/(site)/faqs/page.tsx | lib/seo/json-ld.ts,Question,root.mainEntity[10].@type,,,,,,@context | @type | mainEntity,,no,no,yes,yes - FAQ tests/source and rendered questions checked,,page-L2ZhcXM-schema-3 in seo-inventory-raw.json
/faqs,app/(site)/faqs/page.tsx | lib/seo/json-ld.ts,Answer,root.mainEntity[10].acceptedAnswer.@type,,,,,,@context | @type | mainEntity,,no,no,yes,yes - FAQ tests/source and rendered questions checked,,page-L2ZhcXM-schema-3 in seo-inventory-raw.json
/faqs,app/(site)/faqs/page.tsx | lib/seo/json-ld.ts,Question,root.mainEntity[11].@type,,,,,,@context | @type | mainEntity,,no,no,yes,yes - FAQ tests/source and rendered questions checked,,page-L2ZhcXM-schema-3 in seo-inventory-raw.json
/faqs,app/(site)/faqs/page.tsx | lib/seo/json-ld.ts,Answer,root.mainEntity[11].acceptedAnswer.@type,,,,,,@context | @type | mainEntity,,no,no,yes,yes - FAQ tests/source and rendered questions checked,,page-L2ZhcXM-schema-3 in seo-inventory-raw.json
/faqs,app/(site)/faqs/page.tsx | lib/seo/json-ld.ts,Question,root.mainEntity[12].@type,,,,,,@context | @type | mainEntity,,no,no,yes,yes - FAQ tests/source and rendered questions checked,,page-L2ZhcXM-schema-3 in seo-inventory-raw.json
/faqs,app/(site)/faqs/page.tsx | lib/seo/json-ld.ts,Answer,root.mainEntity[12].acceptedAnswer.@type,,,,,,@context | @type | mainEntity,,no,no,yes,yes - FAQ tests/source and rendered questions checked,,page-L2ZhcXM-schema-3 in seo-inventory-raw.json
/faqs,app/(site)/faqs/page.tsx | lib/seo/json-ld.ts,Question,root.mainEntity[13].@type,,,,,,@context | @type | mainEntity,,no,no,yes,yes - FAQ tests/source and rendered questions checked,,page-L2ZhcXM-schema-3 in seo-inventory-raw.json
/faqs,app/(site)/faqs/page.tsx | lib/seo/json-ld.ts,Answer,root.mainEntity[13].acceptedAnswer.@type,,,,,,@context | @type | mainEntity,,no,no,yes,yes - FAQ tests/source and rendered questions checked,,page-L2ZhcXM-schema-3 in seo-inventory-raw.json
/faqs,app/(site)/faqs/page.tsx | lib/seo/json-ld.ts,Question,root.mainEntity[14].@type,,,,,,@context | @type | mainEntity,,no,no,yes,yes - FAQ tests/source and rendered questions checked,,page-L2ZhcXM-schema-3 in seo-inventory-raw.json
/faqs,app/(site)/faqs/page.tsx | lib/seo/json-ld.ts,Answer,root.mainEntity[14].acceptedAnswer.@type,,,,,,@context | @type | mainEntity,,no,no,yes,yes - FAQ tests/source and rendered questions checked,,page-L2ZhcXM-schema-3 in seo-inventory-raw.json
/faqs,app/(site)/faqs/page.tsx | lib/seo/json-ld.ts,Question,root.mainEntity[15].@type,,,,,,@context | @type | mainEntity,,no,no,yes,yes - FAQ tests/source and rendered questions checked,,page-L2ZhcXM-schema-3 in seo-inventory-raw.json
/faqs,app/(site)/faqs/page.tsx | lib/seo/json-ld.ts,Answer,root.mainEntity[15].acceptedAnswer.@type,,,,,,@context | @type | mainEntity,,no,no,yes,yes - FAQ tests/source and rendered questions checked,,page-L2ZhcXM-schema-3 in seo-inventory-raw.json
/contact,app/(site)/contact/page.tsx | lib/seo/json-ld.ts,OnlineStore,root.@type,From The Trunk,"Curated collection of authenticated, pre-loved luxury sarees with provenance.",,,,,@context | @type | name | url | logo | email | sameAs | description | contactPoint,no,no,yes,uncertain,,page-L2NvbnRhY3Q-schema-1 in seo-inventory-raw.json
/contact,app/(site)/contact/page.tsx | lib/seo/json-ld.ts,ContactPoint,root.contactPoint.@type,From The Trunk,"Curated collection of authenticated, pre-loved luxury sarees with provenance.",,,,,@context | @type | name | url | logo | email | sameAs | description | contactPoint,no,no,yes,uncertain,,page-L2NvbnRhY3Q-schema-1 in seo-inventory-raw.json
/contact,app/(site)/contact/page.tsx | lib/seo/json-ld.ts,WebSite,root.@type,From The Trunk,,,,,,@type | name | logo,no,no,yes,uncertain,,page-L2NvbnRhY3Q-schema-2 in seo-inventory-raw.json
/contact,app/(site)/contact/page.tsx | lib/seo/json-ld.ts,Organization,root.publisher.@type,From The Trunk,,,,,,@type | name | logo,no,no,yes,uncertain,,page-L2NvbnRhY3Q-schema-2 in seo-inventory-raw.json
/contact,app/(site)/contact/page.tsx | lib/seo/json-ld.ts,ContactPage,root.@type,From The Trunk,,,,,,@type | name | url,no,no,yes,uncertain,,page-L2NvbnRhY3Q-schema-3 in seo-inventory-raw.json
/contact,app/(site)/contact/page.tsx | lib/seo/json-ld.ts,OnlineStore,root.about.@type,From The Trunk,,,,,,@type | name | url,no,no,yes,uncertain,,page-L2NvbnRhY3Q-schema-3 in seo-inventory-raw.json
/contact,app/(site)/contact/page.tsx | lib/seo/json-ld.ts,OnlineStore,root.mainEntity.@type,From The Trunk,,,,,,@type | name | url,no,no,yes,uncertain,,page-L2NvbnRhY3Q-schema-3 in seo-inventory-raw.json
/contact,app/(site)/contact/page.tsx | lib/seo/json-ld.ts,ContactPoint,root.mainEntity.contactPoint.@type,From The Trunk,,,,,,@type | name | url,no,no,yes,uncertain,,page-L2NvbnRhY3Q-schema-3 in seo-inventory-raw.json
/how-it-works,app/(site)/how-it-works/page.tsx,OnlineStore,root.@type,From The Trunk,"Curated collection of authenticated, pre-loved luxury sarees with provenance.",,,,,@context | @type | name | url | logo | email | sameAs | description | contactPoint,no,no,yes,uncertain,,page-L2hvdy1pdC13b3Jrcw-schema-1 in seo-inventory-raw.json
/how-it-works,app/(site)/how-it-works/page.tsx,ContactPoint,root.contactPoint.@type,From The Trunk,"Curated collection of authenticated, pre-loved luxury sarees with provenance.",,,,,@context | @type | name | url | logo | email | sameAs | description | contactPoint,no,no,yes,uncertain,,page-L2hvdy1pdC13b3Jrcw-schema-1 in seo-inventory-raw.json
/how-it-works,app/(site)/how-it-works/page.tsx,WebSite,root.@type,From The Trunk,,,,,,@type | name | logo,no,no,yes,uncertain,,page-L2hvdy1pdC13b3Jrcw-schema-2 in seo-inventory-raw.json
/how-it-works,app/(site)/how-it-works/page.tsx,Organization,root.publisher.@type,From The Trunk,,,,,,@type | name | logo,no,no,yes,uncertain,,page-L2hvdy1pdC13b3Jrcw-schema-2 in seo-inventory-raw.json
/authentication,app/(site)/authentication/page.tsx,OnlineStore,root.@type,From The Trunk,"Curated collection of authenticated, pre-loved luxury sarees with provenance.",,,,,@context | @type | name | url | logo | email | sameAs | description | contactPoint,no,no,yes,uncertain,,page-L2F1dGhlbnRpY2F0aW9u-schema-1 in seo-inventory-raw.json
/authentication,app/(site)/authentication/page.tsx,ContactPoint,root.contactPoint.@type,From The Trunk,"Curated collection of authenticated, pre-loved luxury sarees with provenance.",,,,,@context | @type | name | url | logo | email | sameAs | description | contactPoint,no,no,yes,uncertain,,page-L2F1dGhlbnRpY2F0aW9u-schema-1 in seo-inventory-raw.json
/authentication,app/(site)/authentication/page.tsx,WebSite,root.@type,From The Trunk,,,,,,@type | name | logo,no,no,yes,uncertain,,page-L2F1dGhlbnRpY2F0aW9u-schema-2 in seo-inventory-raw.json
/authentication,app/(site)/authentication/page.tsx,Organization,root.publisher.@type,From The Trunk,,,,,,@type | name | logo,no,no,yes,uncertain,,page-L2F1dGhlbnRpY2F0aW9u-schema-2 in seo-inventory-raw.json
/policies,app/(site)/policies/page.tsx,OnlineStore,root.@type,From The Trunk,"Curated collection of authenticated, pre-loved luxury sarees with provenance.",,,,,@context | @type | name | url | logo | email | sameAs | description | contactPoint,no,no,yes,uncertain,,page-L3BvbGljaWVz-schema-1 in seo-inventory-raw.json
/policies,app/(site)/policies/page.tsx,ContactPoint,root.contactPoint.@type,From The Trunk,"Curated collection of authenticated, pre-loved luxury sarees with provenance.",,,,,@context | @type | name | url | logo | email | sameAs | description | contactPoint,no,no,yes,uncertain,,page-L3BvbGljaWVz-schema-1 in seo-inventory-raw.json
/policies,app/(site)/policies/page.tsx,WebSite,root.@type,From The Trunk,,,,,,@type | name | logo,no,no,yes,uncertain,,page-L3BvbGljaWVz-schema-2 in seo-inventory-raw.json
/policies,app/(site)/policies/page.tsx,Organization,root.publisher.@type,From The Trunk,,,,,,@type | name | logo,no,no,yes,uncertain,,page-L3BvbGljaWVz-schema-2 in seo-inventory-raw.json
/why,app/(site)/why/page.tsx,OnlineStore,root.@type,From The Trunk,"Curated collection of authenticated, pre-loved luxury sarees with provenance.",,,,,@context | @type | name | url | logo | email | sameAs | description | contactPoint,no,no,yes,uncertain,,page-L3doeQ-schema-1 in seo-inventory-raw.json
/why,app/(site)/why/page.tsx,ContactPoint,root.contactPoint.@type,From The Trunk,"Curated collection of authenticated, pre-loved luxury sarees with provenance.",,,,,@context | @type | name | url | logo | email | sameAs | description | contactPoint,no,no,yes,uncertain,,page-L3doeQ-schema-1 in seo-inventory-raw.json
/why,app/(site)/why/page.tsx,WebSite,root.@type,From The Trunk,,,,,,@type | name | logo,no,no,yes,uncertain,,page-L3doeQ-schema-2 in seo-inventory-raw.json
/why,app/(site)/why/page.tsx,Organization,root.publisher.@type,From The Trunk,,,,,,@type | name | logo,no,no,yes,uncertain,,page-L3doeQ-schema-2 in seo-inventory-raw.json
/sell-your-saree,app/(site)/sell-your-saree/page.tsx | components/seo/keyword-content-page.tsx | lib/seo/json-ld.ts,OnlineStore,root.@type,From The Trunk,"Curated collection of authenticated, pre-loved luxury sarees with provenance.",,,,,@context | @type | name | url | logo | email | sameAs | description | contactPoint,no,no,yes,uncertain,,page-L3NlbGwteW91ci1zYXJlZQ-schema-1 in seo-inventory-raw.json
/sell-your-saree,app/(site)/sell-your-saree/page.tsx | components/seo/keyword-content-page.tsx | lib/seo/json-ld.ts,ContactPoint,root.contactPoint.@type,From The Trunk,"Curated collection of authenticated, pre-loved luxury sarees with provenance.",,,,,@context | @type | name | url | logo | email | sameAs | description | contactPoint,no,no,yes,uncertain,,page-L3NlbGwteW91ci1zYXJlZQ-schema-1 in seo-inventory-raw.json
/sell-your-saree,app/(site)/sell-your-saree/page.tsx | components/seo/keyword-content-page.tsx | lib/seo/json-ld.ts,WebSite,root.@type,From The Trunk,,,,,,@type | name | logo,no,no,yes,uncertain,,page-L3NlbGwteW91ci1zYXJlZQ-schema-2 in seo-inventory-raw.json
/sell-your-saree,app/(site)/sell-your-saree/page.tsx | components/seo/keyword-content-page.tsx | lib/seo/json-ld.ts,Organization,root.publisher.@type,From The Trunk,,,,,,@type | name | logo,no,no,yes,uncertain,,page-L3NlbGwteW91ci1zYXJlZQ-schema-2 in seo-inventory-raw.json
/sell-your-saree,app/(site)/sell-your-saree/page.tsx | components/seo/keyword-content-page.tsx | lib/seo/json-ld.ts,BreadcrumbList,root.@type,,,,,@context | @type | itemListElement,,,no,no,yes,uncertain,,page-L3NlbGwteW91ci1zYXJlZQ-schema-3 in seo-inventory-raw.json
/sell-your-saree,app/(site)/sell-your-saree/page.tsx | components/seo/keyword-content-page.tsx | lib/seo/json-ld.ts,ListItem,root.itemListElement[0].@type,,,,,@context | @type | itemListElement,,,no,no,yes,uncertain,,page-L3NlbGwteW91ci1zYXJlZQ-schema-3 in seo-inventory-raw.json
/sell-your-saree,app/(site)/sell-your-saree/page.tsx | components/seo/keyword-content-page.tsx | lib/seo/json-ld.ts,ListItem,root.itemListElement[1].@type,,,,,@context | @type | itemListElement,,,no,no,yes,uncertain,,page-L3NlbGwteW91ci1zYXJlZQ-schema-3 in seo-inventory-raw.json
/sell-your-saree,app/(site)/sell-your-saree/page.tsx | components/seo/keyword-content-page.tsx | lib/seo/json-ld.ts,WebPage,root.@type,From The Trunk,,,,,,@type | name | logo,no,no,yes,uncertain,,page-L3NlbGwteW91ci1zYXJlZQ-schema-4 in seo-inventory-raw.json
/sell-your-saree,app/(site)/sell-your-saree/page.tsx | components/seo/keyword-content-page.tsx | lib/seo/json-ld.ts,Organization,root.publisher.@type,From The Trunk,,,,,,@type | name | logo,no,no,yes,uncertain,,page-L3NlbGwteW91ci1zYXJlZQ-schema-4 in seo-inventory-raw.json
/sell-your-saree,app/(site)/sell-your-saree/page.tsx | components/seo/keyword-content-page.tsx | lib/seo/json-ld.ts,FAQPage,root.@type,,,,,,@context | @type | mainEntity,,no,no,yes,yes - FAQ tests/source and rendered questions checked,,page-L3NlbGwteW91ci1zYXJlZQ-schema-5 in seo-inventory-raw.json
/sell-your-saree,app/(site)/sell-your-saree/page.tsx | components/seo/keyword-content-page.tsx | lib/seo/json-ld.ts,Question,root.mainEntity[0].@type,,,,,,@context | @type | mainEntity,,no,no,yes,yes - FAQ tests/source and rendered questions checked,,page-L3NlbGwteW91ci1zYXJlZQ-schema-5 in seo-inventory-raw.json
/sell-your-saree,app/(site)/sell-your-saree/page.tsx | components/seo/keyword-content-page.tsx | lib/seo/json-ld.ts,Answer,root.mainEntity[0].acceptedAnswer.@type,,,,,,@context | @type | mainEntity,,no,no,yes,yes - FAQ tests/source and rendered questions checked,,page-L3NlbGwteW91ci1zYXJlZQ-schema-5 in seo-inventory-raw.json
/sell-your-saree,app/(site)/sell-your-saree/page.tsx | components/seo/keyword-content-page.tsx | lib/seo/json-ld.ts,Question,root.mainEntity[1].@type,,,,,,@context | @type | mainEntity,,no,no,yes,yes - FAQ tests/source and rendered questions checked,,page-L3NlbGwteW91ci1zYXJlZQ-schema-5 in seo-inventory-raw.json
/sell-your-saree,app/(site)/sell-your-saree/page.tsx | components/seo/keyword-content-page.tsx | lib/seo/json-ld.ts,Answer,root.mainEntity[1].acceptedAnswer.@type,,,,,,@context | @type | mainEntity,,no,no,yes,yes - FAQ tests/source and rendered questions checked,,page-L3NlbGwteW91ci1zYXJlZQ-schema-5 in seo-inventory-raw.json
/sell-your-saree,app/(site)/sell-your-saree/page.tsx | components/seo/keyword-content-page.tsx | lib/seo/json-ld.ts,Question,root.mainEntity[2].@type,,,,,,@context | @type | mainEntity,,no,no,yes,yes - FAQ tests/source and rendered questions checked,,page-L3NlbGwteW91ci1zYXJlZQ-schema-5 in seo-inventory-raw.json
/sell-your-saree,app/(site)/sell-your-saree/page.tsx | components/seo/keyword-content-page.tsx | lib/seo/json-ld.ts,Answer,root.mainEntity[2].acceptedAnswer.@type,,,,,,@context | @type | mainEntity,,no,no,yes,yes - FAQ tests/source and rendered questions checked,,page-L3NlbGwteW91ci1zYXJlZQ-schema-5 in seo-inventory-raw.json
/packing,app/(site)/packing/page.tsx,OnlineStore,root.@type,From The Trunk,"Curated collection of authenticated, pre-loved luxury sarees with provenance.",,,,,@context | @type | name | url | logo | email | sameAs | description | contactPoint,no,no,yes,uncertain,,page-L3BhY2tpbmc-schema-1 in seo-inventory-raw.json
/packing,app/(site)/packing/page.tsx,ContactPoint,root.contactPoint.@type,From The Trunk,"Curated collection of authenticated, pre-loved luxury sarees with provenance.",,,,,@context | @type | name | url | logo | email | sameAs | description | contactPoint,no,no,yes,uncertain,,page-L3BhY2tpbmc-schema-1 in seo-inventory-raw.json
/packing,app/(site)/packing/page.tsx,WebSite,root.@type,From The Trunk,,,,,,@type | name | logo,no,no,yes,uncertain,,page-L3BhY2tpbmc-schema-2 in seo-inventory-raw.json
/packing,app/(site)/packing/page.tsx,Organization,root.publisher.@type,From The Trunk,,,,,,@type | name | logo,no,no,yes,uncertain,,page-L3BhY2tpbmc-schema-2 in seo-inventory-raw.json
/policies/privacy-policy,app/(site)/policies/[slug]/page.tsx,OnlineStore,root.@type,From The Trunk,"Curated collection of authenticated, pre-loved luxury sarees with provenance.",,,,,@context | @type | name | url | logo | email | sameAs | description | contactPoint,no,no,yes,uncertain,,page-L3BvbGljaWVzL3ByaXZhY3ktcG9saWN5-schema-1 in seo-inventory-raw.json
/policies/privacy-policy,app/(site)/policies/[slug]/page.tsx,ContactPoint,root.contactPoint.@type,From The Trunk,"Curated collection of authenticated, pre-loved luxury sarees with provenance.",,,,,@context | @type | name | url | logo | email | sameAs | description | contactPoint,no,no,yes,uncertain,,page-L3BvbGljaWVzL3ByaXZhY3ktcG9saWN5-schema-1 in seo-inventory-raw.json
/policies/privacy-policy,app/(site)/policies/[slug]/page.tsx,WebSite,root.@type,From The Trunk,,,,,,@type | name | logo,no,no,yes,uncertain,,page-L3BvbGljaWVzL3ByaXZhY3ktcG9saWN5-schema-2 in seo-inventory-raw.json
/policies/privacy-policy,app/(site)/policies/[slug]/page.tsx,Organization,root.publisher.@type,From The Trunk,,,,,,@type | name | logo,no,no,yes,uncertain,,page-L3BvbGljaWVzL3ByaXZhY3ktcG9saWN5-schema-2 in seo-inventory-raw.json
/policies/return-refund-policy,app/(site)/policies/[slug]/page.tsx,OnlineStore,root.@type,From The Trunk,"Curated collection of authenticated, pre-loved luxury sarees with provenance.",,,,,@context | @type | name | url | logo | email | sameAs | description | contactPoint,no,no,yes,uncertain,,page-L3BvbGljaWVzL3JldHVybi1yZWZ1bmQtcG9saWN5-schema-1 in seo-inventory-raw.json
/policies/return-refund-policy,app/(site)/policies/[slug]/page.tsx,ContactPoint,root.contactPoint.@type,From The Trunk,"Curated collection of authenticated, pre-loved luxury sarees with provenance.",,,,,@context | @type | name | url | logo | email | sameAs | description | contactPoint,no,no,yes,uncertain,,page-L3BvbGljaWVzL3JldHVybi1yZWZ1bmQtcG9saWN5-schema-1 in seo-inventory-raw.json
/policies/return-refund-policy,app/(site)/policies/[slug]/page.tsx,WebSite,root.@type,From The Trunk,,,,,,@type | name | logo,no,no,yes,uncertain,,page-L3BvbGljaWVzL3JldHVybi1yZWZ1bmQtcG9saWN5-schema-2 in seo-inventory-raw.json
/policies/return-refund-policy,app/(site)/policies/[slug]/page.tsx,Organization,root.publisher.@type,From The Trunk,,,,,,@type | name | logo,no,no,yes,uncertain,,page-L3BvbGljaWVzL3JldHVybi1yZWZ1bmQtcG9saWN5-schema-2 in seo-inventory-raw.json
/policies/shipping-delivery-policy,app/(site)/policies/[slug]/page.tsx,OnlineStore,root.@type,From The Trunk,"Curated collection of authenticated, pre-loved luxury sarees with provenance.",,,,,@context | @type | name | url | logo | email | sameAs | description | contactPoint,no,no,yes,uncertain,,page-L3BvbGljaWVzL3NoaXBwaW5nLWRlbGl2ZXJ5LXBvbGljeQ-schema-1 in seo-inventory-raw.json
/policies/shipping-delivery-policy,app/(site)/policies/[slug]/page.tsx,ContactPoint,root.contactPoint.@type,From The Trunk,"Curated collection of authenticated, pre-loved luxury sarees with provenance.",,,,,@context | @type | name | url | logo | email | sameAs | description | contactPoint,no,no,yes,uncertain,,page-L3BvbGljaWVzL3NoaXBwaW5nLWRlbGl2ZXJ5LXBvbGljeQ-schema-1 in seo-inventory-raw.json
/policies/shipping-delivery-policy,app/(site)/policies/[slug]/page.tsx,WebSite,root.@type,From The Trunk,,,,,,@type | name | logo,no,no,yes,uncertain,,page-L3BvbGljaWVzL3NoaXBwaW5nLWRlbGl2ZXJ5LXBvbGljeQ-schema-2 in seo-inventory-raw.json
/policies/shipping-delivery-policy,app/(site)/policies/[slug]/page.tsx,Organization,root.publisher.@type,From The Trunk,,,,,,@type | name | logo,no,no,yes,uncertain,,page-L3BvbGljaWVzL3NoaXBwaW5nLWRlbGl2ZXJ5LXBvbGljeQ-schema-2 in seo-inventory-raw.json
/policies/terms-of-service,app/(site)/policies/[slug]/page.tsx,OnlineStore,root.@type,From The Trunk,"Curated collection of authenticated, pre-loved luxury sarees with provenance.",,,,,@context | @type | name | url | logo | email | sameAs | description | contactPoint,no,no,yes,uncertain,,page-L3BvbGljaWVzL3Rlcm1zLW9mLXNlcnZpY2U-schema-1 in seo-inventory-raw.json
/policies/terms-of-service,app/(site)/policies/[slug]/page.tsx,ContactPoint,root.contactPoint.@type,From The Trunk,"Curated collection of authenticated, pre-loved luxury sarees with provenance.",,,,,@context | @type | name | url | logo | email | sameAs | description | contactPoint,no,no,yes,uncertain,,page-L3BvbGljaWVzL3Rlcm1zLW9mLXNlcnZpY2U-schema-1 in seo-inventory-raw.json
/policies/terms-of-service,app/(site)/policies/[slug]/page.tsx,WebSite,root.@type,From The Trunk,,,,,,@type | name | logo,no,no,yes,uncertain,,page-L3BvbGljaWVzL3Rlcm1zLW9mLXNlcnZpY2U-schema-2 in seo-inventory-raw.json
/policies/terms-of-service,app/(site)/policies/[slug]/page.tsx,Organization,root.publisher.@type,From The Trunk,,,,,,@type | name | logo,no,no,yes,uncertain,,page-L3BvbGljaWVzL3Rlcm1zLW9mLXNlcnZpY2U-schema-2 in seo-inventory-raw.json
/policies/authentication-condition-policy,app/(site)/policies/[slug]/page.tsx,OnlineStore,root.@type,From The Trunk,"Curated collection of authenticated, pre-loved luxury sarees with provenance.",,,,,@context | @type | name | url | logo | email | sameAs | description | contactPoint,no,no,yes,uncertain,,page-L3BvbGljaWVzL2F1dGhlbnRpY2F0aW9uLWNvbmRpdGlvbi1wb2xpY3k-schema-1 in seo-inventory-raw.json
/policies/authentication-condition-policy,app/(site)/policies/[slug]/page.tsx,ContactPoint,root.contactPoint.@type,From The Trunk,"Curated collection of authenticated, pre-loved luxury sarees with provenance.",,,,,@context | @type | name | url | logo | email | sameAs | description | contactPoint,no,no,yes,uncertain,,page-L3BvbGljaWVzL2F1dGhlbnRpY2F0aW9uLWNvbmRpdGlvbi1wb2xpY3k-schema-1 in seo-inventory-raw.json
/policies/authentication-condition-policy,app/(site)/policies/[slug]/page.tsx,WebSite,root.@type,From The Trunk,,,,,,@type | name | logo,no,no,yes,uncertain,,page-L3BvbGljaWVzL2F1dGhlbnRpY2F0aW9uLWNvbmRpdGlvbi1wb2xpY3k-schema-2 in seo-inventory-raw.json
/policies/authentication-condition-policy,app/(site)/policies/[slug]/page.tsx,Organization,root.publisher.@type,From The Trunk,,,,,,@type | name | logo,no,no,yes,uncertain,,page-L3BvbGljaWVzL2F1dGhlbnRpY2F0aW9uLWNvbmRpdGlvbi1wb2xpY3k-schema-2 in seo-inventory-raw.json
/policies/care-packaging-policy,app/(site)/policies/[slug]/page.tsx,OnlineStore,root.@type,From The Trunk,"Curated collection of authenticated, pre-loved luxury sarees with provenance.",,,,,@context | @type | name | url | logo | email | sameAs | description | contactPoint,no,no,yes,uncertain,,page-L3BvbGljaWVzL2NhcmUtcGFja2FnaW5nLXBvbGljeQ-schema-1 in seo-inventory-raw.json
/policies/care-packaging-policy,app/(site)/policies/[slug]/page.tsx,ContactPoint,root.contactPoint.@type,From The Trunk,"Curated collection of authenticated, pre-loved luxury sarees with provenance.",,,,,@context | @type | name | url | logo | email | sameAs | description | contactPoint,no,no,yes,uncertain,,page-L3BvbGljaWVzL2NhcmUtcGFja2FnaW5nLXBvbGljeQ-schema-1 in seo-inventory-raw.json
/policies/care-packaging-policy,app/(site)/policies/[slug]/page.tsx,WebSite,root.@type,From The Trunk,,,,,,@type | name | logo,no,no,yes,uncertain,,page-L3BvbGljaWVzL2NhcmUtcGFja2FnaW5nLXBvbGljeQ-schema-2 in seo-inventory-raw.json
/policies/care-packaging-policy,app/(site)/policies/[slug]/page.tsx,Organization,root.publisher.@type,From The Trunk,,,,,,@type | name | logo,no,no,yes,uncertain,,page-L3BvbGljaWVzL2NhcmUtcGFja2FnaW5nLXBvbGljeQ-schema-2 in seo-inventory-raw.json
/policies/cancellation-policy,app/(site)/policies/[slug]/page.tsx,OnlineStore,root.@type,From The Trunk,"Curated collection of authenticated, pre-loved luxury sarees with provenance.",,,,,@context | @type | name | url | logo | email | sameAs | description | contactPoint,no,no,yes,uncertain,,page-L3BvbGljaWVzL2NhbmNlbGxhdGlvbi1wb2xpY3k-schema-1 in seo-inventory-raw.json
/policies/cancellation-policy,app/(site)/policies/[slug]/page.tsx,ContactPoint,root.contactPoint.@type,From The Trunk,"Curated collection of authenticated, pre-loved luxury sarees with provenance.",,,,,@context | @type | name | url | logo | email | sameAs | description | contactPoint,no,no,yes,uncertain,,page-L3BvbGljaWVzL2NhbmNlbGxhdGlvbi1wb2xpY3k-schema-1 in seo-inventory-raw.json
/policies/cancellation-policy,app/(site)/policies/[slug]/page.tsx,WebSite,root.@type,From The Trunk,,,,,,@type | name | logo,no,no,yes,uncertain,,page-L3BvbGljaWVzL2NhbmNlbGxhdGlvbi1wb2xpY3k-schema-2 in seo-inventory-raw.json
/policies/cancellation-policy,app/(site)/policies/[slug]/page.tsx,Organization,root.publisher.@type,From The Trunk,,,,,,@type | name | logo,no,no,yes,uncertain,,page-L3BvbGljaWVzL2NhbmNlbGxhdGlvbi1wb2xpY3k-schema-2 in seo-inventory-raw.json
/policies/sell-with-us-policy,app/(site)/policies/[slug]/page.tsx,OnlineStore,root.@type,From The Trunk,"Curated collection of authenticated, pre-loved luxury sarees with provenance.",,,,,@context | @type | name | url | logo | email | sameAs | description | contactPoint,no,no,yes,uncertain,,page-L3BvbGljaWVzL3NlbGwtd2l0aC11cy1wb2xpY3k-schema-1 in seo-inventory-raw.json
/policies/sell-with-us-policy,app/(site)/policies/[slug]/page.tsx,ContactPoint,root.contactPoint.@type,From The Trunk,"Curated collection of authenticated, pre-loved luxury sarees with provenance.",,,,,@context | @type | name | url | logo | email | sameAs | description | contactPoint,no,no,yes,uncertain,,page-L3BvbGljaWVzL3NlbGwtd2l0aC11cy1wb2xpY3k-schema-1 in seo-inventory-raw.json
/policies/sell-with-us-policy,app/(site)/policies/[slug]/page.tsx,WebSite,root.@type,From The Trunk,,,,,,@type | name | logo,no,no,yes,uncertain,,page-L3BvbGljaWVzL3NlbGwtd2l0aC11cy1wb2xpY3k-schema-2 in seo-inventory-raw.json
/policies/sell-with-us-policy,app/(site)/policies/[slug]/page.tsx,Organization,root.publisher.@type,From The Trunk,,,,,,@type | name | logo,no,no,yes,uncertain,,page-L3BvbGljaWVzL3NlbGwtd2l0aC11cy1wb2xpY3k-schema-2 in seo-inventory-raw.json
/policies/grievance-redressal,app/(site)/policies/[slug]/page.tsx,OnlineStore,root.@type,From The Trunk,"Curated collection of authenticated, pre-loved luxury sarees with provenance.",,,,,@context | @type | name | url | logo | email | sameAs | description | contactPoint,no,no,yes,uncertain,,page-L3BvbGljaWVzL2dyaWV2YW5jZS1yZWRyZXNzYWw-schema-1 in seo-inventory-raw.json
/policies/grievance-redressal,app/(site)/policies/[slug]/page.tsx,ContactPoint,root.contactPoint.@type,From The Trunk,"Curated collection of authenticated, pre-loved luxury sarees with provenance.",,,,,@context | @type | name | url | logo | email | sameAs | description | contactPoint,no,no,yes,uncertain,,page-L3BvbGljaWVzL2dyaWV2YW5jZS1yZWRyZXNzYWw-schema-1 in seo-inventory-raw.json
/policies/grievance-redressal,app/(site)/policies/[slug]/page.tsx,WebSite,root.@type,From The Trunk,,,,,,@type | name | logo,no,no,yes,uncertain,,page-L3BvbGljaWVzL2dyaWV2YW5jZS1yZWRyZXNzYWw-schema-2 in seo-inventory-raw.json
/policies/grievance-redressal,app/(site)/policies/[slug]/page.tsx,Organization,root.publisher.@type,From The Trunk,,,,,,@type | name | logo,no,no,yes,uncertain,,page-L3BvbGljaWVzL2dyaWV2YW5jZS1yZWRyZXNzYWw-schema-2 in seo-inventory-raw.json
/collection/fabric/silk,app/(site)/collection/fabric/[fabric]/page.tsx | components/seo/keyword-product-landing-page.tsx | lib/seo/json-ld.ts,OnlineStore,root.@type,From The Trunk,"Curated collection of authenticated, pre-loved luxury sarees with provenance.",,,,,@context | @type | name | url | logo | email | sameAs | description | contactPoint,no,no,yes,uncertain,,page-L2NvbGxlY3Rpb24vZmFicmljL3NpbGs-schema-1 in seo-inventory-raw.json
/collection/fabric/silk,app/(site)/collection/fabric/[fabric]/page.tsx | components/seo/keyword-product-landing-page.tsx | lib/seo/json-ld.ts,ContactPoint,root.contactPoint.@type,From The Trunk,"Curated collection of authenticated, pre-loved luxury sarees with provenance.",,,,,@context | @type | name | url | logo | email | sameAs | description | contactPoint,no,no,yes,uncertain,,page-L2NvbGxlY3Rpb24vZmFicmljL3NpbGs-schema-1 in seo-inventory-raw.json
/collection/fabric/silk,app/(site)/collection/fabric/[fabric]/page.tsx | components/seo/keyword-product-landing-page.tsx | lib/seo/json-ld.ts,WebSite,root.@type,From The Trunk,,,,,,@type | name | logo,no,no,yes,uncertain,,page-L2NvbGxlY3Rpb24vZmFicmljL3NpbGs-schema-2 in seo-inventory-raw.json
/collection/fabric/silk,app/(site)/collection/fabric/[fabric]/page.tsx | components/seo/keyword-product-landing-page.tsx | lib/seo/json-ld.ts,Organization,root.publisher.@type,From The Trunk,,,,,,@type | name | logo,no,no,yes,uncertain,,page-L2NvbGxlY3Rpb24vZmFicmljL3NpbGs-schema-2 in seo-inventory-raw.json
/collection/fabric/silk,app/(site)/collection/fabric/[fabric]/page.tsx | components/seo/keyword-product-landing-page.tsx | lib/seo/json-ld.ts,BreadcrumbList,root.@type,,,,,@context | @type | itemListElement,,,no,no,yes,uncertain,,page-L2NvbGxlY3Rpb24vZmFicmljL3NpbGs-schema-3 in seo-inventory-raw.json
/collection/fabric/silk,app/(site)/collection/fabric/[fabric]/page.tsx | components/seo/keyword-product-landing-page.tsx | lib/seo/json-ld.ts,ListItem,root.itemListElement[0].@type,,,,,@context | @type | itemListElement,,,no,no,yes,uncertain,,page-L2NvbGxlY3Rpb24vZmFicmljL3NpbGs-schema-3 in seo-inventory-raw.json
/collection/fabric/silk,app/(site)/collection/fabric/[fabric]/page.tsx | components/seo/keyword-product-landing-page.tsx | lib/seo/json-ld.ts,ListItem,root.itemListElement[1].@type,,,,,@context | @type | itemListElement,,,no,no,yes,uncertain,,page-L2NvbGxlY3Rpb24vZmFicmljL3NpbGs-schema-3 in seo-inventory-raw.json
/collection/fabric/silk,app/(site)/collection/fabric/[fabric]/page.tsx | components/seo/keyword-product-landing-page.tsx | lib/seo/json-ld.ts,ListItem,root.itemListElement[2].@type,,,,,@context | @type | itemListElement,,,no,no,yes,uncertain,,page-L2NvbGxlY3Rpb24vZmFicmljL3NpbGs-schema-3 in seo-inventory-raw.json
/collection/fabric/silk,app/(site)/collection/fabric/[fabric]/page.tsx | components/seo/keyword-product-landing-page.tsx | lib/seo/json-ld.ts,FAQPage,root.@type,,,,,,@context | @type | mainEntity,,no,no,yes,yes - FAQ tests/source and rendered questions checked,,page-L2NvbGxlY3Rpb24vZmFicmljL3NpbGs-schema-4 in seo-inventory-raw.json
/collection/fabric/silk,app/(site)/collection/fabric/[fabric]/page.tsx | components/seo/keyword-product-landing-page.tsx | lib/seo/json-ld.ts,Question,root.mainEntity[0].@type,,,,,,@context | @type | mainEntity,,no,no,yes,yes - FAQ tests/source and rendered questions checked,,page-L2NvbGxlY3Rpb24vZmFicmljL3NpbGs-schema-4 in seo-inventory-raw.json
/collection/fabric/silk,app/(site)/collection/fabric/[fabric]/page.tsx | components/seo/keyword-product-landing-page.tsx | lib/seo/json-ld.ts,Answer,root.mainEntity[0].acceptedAnswer.@type,,,,,,@context | @type | mainEntity,,no,no,yes,yes - FAQ tests/source and rendered questions checked,,page-L2NvbGxlY3Rpb24vZmFicmljL3NpbGs-schema-4 in seo-inventory-raw.json
/collection/fabric/silk,app/(site)/collection/fabric/[fabric]/page.tsx | components/seo/keyword-product-landing-page.tsx | lib/seo/json-ld.ts,Question,root.mainEntity[1].@type,,,,,,@context | @type | mainEntity,,no,no,yes,yes - FAQ tests/source and rendered questions checked,,page-L2NvbGxlY3Rpb24vZmFicmljL3NpbGs-schema-4 in seo-inventory-raw.json
/collection/fabric/silk,app/(site)/collection/fabric/[fabric]/page.tsx | components/seo/keyword-product-landing-page.tsx | lib/seo/json-ld.ts,Answer,root.mainEntity[1].acceptedAnswer.@type,,,,,,@context | @type | mainEntity,,no,no,yes,yes - FAQ tests/source and rendered questions checked,,page-L2NvbGxlY3Rpb24vZmFicmljL3NpbGs-schema-4 in seo-inventory-raw.json
/collection/fabric/silk,app/(site)/collection/fabric/[fabric]/page.tsx | components/seo/keyword-product-landing-page.tsx | lib/seo/json-ld.ts,ItemList,root.@type,,,,,,,,no,no,yes,uncertain,,page-L2NvbGxlY3Rpb24vZmFicmljL3NpbGs-schema-5 in seo-inventory-raw.json
/collection/fabric/silk,app/(site)/collection/fabric/[fabric]/page.tsx | components/seo/keyword-product-landing-page.tsx | lib/seo/json-ld.ts,ListItem,root.itemListElement[0].@type,,,,,,,,no,no,yes,uncertain,,page-L2NvbGxlY3Rpb24vZmFicmljL3NpbGs-schema-5 in seo-inventory-raw.json
/collection/fabric/silk,app/(site)/collection/fabric/[fabric]/page.tsx | components/seo/keyword-product-landing-page.tsx | lib/seo/json-ld.ts,ListItem,root.itemListElement[1].@type,,,,,,,,no,no,yes,uncertain,,page-L2NvbGxlY3Rpb24vZmFicmljL3NpbGs-schema-5 in seo-inventory-raw.json
/collection/fabric/silk,app/(site)/collection/fabric/[fabric]/page.tsx | components/seo/keyword-product-landing-page.tsx | lib/seo/json-ld.ts,ListItem,root.itemListElement[2].@type,,,,,,,,no,no,yes,uncertain,,page-L2NvbGxlY3Rpb24vZmFicmljL3NpbGs-schema-5 in seo-inventory-raw.json
/collection/fabric/silk,app/(site)/collection/fabric/[fabric]/page.tsx | components/seo/keyword-product-landing-page.tsx | lib/seo/json-ld.ts,ListItem,root.itemListElement[3].@type,,,,,,,,no,no,yes,uncertain,,page-L2NvbGxlY3Rpb24vZmFicmljL3NpbGs-schema-5 in seo-inventory-raw.json
/collection/fabric/silk,app/(site)/collection/fabric/[fabric]/page.tsx | components/seo/keyword-product-landing-page.tsx | lib/seo/json-ld.ts,ListItem,root.itemListElement[4].@type,,,,,,,,no,no,yes,uncertain,,page-L2NvbGxlY3Rpb24vZmFicmljL3NpbGs-schema-5 in seo-inventory-raw.json
/collection/fabric/silk,app/(site)/collection/fabric/[fabric]/page.tsx | components/seo/keyword-product-landing-page.tsx | lib/seo/json-ld.ts,ListItem,root.itemListElement[5].@type,,,,,,,,no,no,yes,uncertain,,page-L2NvbGxlY3Rpb24vZmFicmljL3NpbGs-schema-5 in seo-inventory-raw.json
/collection/fabric/silk,app/(site)/collection/fabric/[fabric]/page.tsx | components/seo/keyword-product-landing-page.tsx | lib/seo/json-ld.ts,ListItem,root.itemListElement[6].@type,,,,,,,,no,no,yes,uncertain,,page-L2NvbGxlY3Rpb24vZmFicmljL3NpbGs-schema-5 in seo-inventory-raw.json
/collection/fabric/silk,app/(site)/collection/fabric/[fabric]/page.tsx | components/seo/keyword-product-landing-page.tsx | lib/seo/json-ld.ts,ListItem,root.itemListElement[7].@type,,,,,,,,no,no,yes,uncertain,,page-L2NvbGxlY3Rpb24vZmFicmljL3NpbGs-schema-5 in seo-inventory-raw.json
/collection/fabric/silk,app/(site)/collection/fabric/[fabric]/page.tsx | components/seo/keyword-product-landing-page.tsx | lib/seo/json-ld.ts,ListItem,root.itemListElement[8].@type,,,,,,,,no,no,yes,uncertain,,page-L2NvbGxlY3Rpb24vZmFicmljL3NpbGs-schema-5 in seo-inventory-raw.json
/collection/fabric/silk,app/(site)/collection/fabric/[fabric]/page.tsx | components/seo/keyword-product-landing-page.tsx | lib/seo/json-ld.ts,ListItem,root.itemListElement[9].@type,,,,,,,,no,no,yes,uncertain,,page-L2NvbGxlY3Rpb24vZmFicmljL3NpbGs-schema-5 in seo-inventory-raw.json
/blouses,app/(site)/blouses/page.tsx | components/seo/keyword-product-landing-page.tsx | lib/seo/json-ld.ts,OnlineStore,root.@type,From The Trunk,"Curated collection of authenticated, pre-loved luxury sarees with provenance.",,,,,@context | @type | name | url | logo | email | sameAs | description | contactPoint,no,no,yes,uncertain,,page-L2Jsb3VzZXM-schema-1 in seo-inventory-raw.json
/blouses,app/(site)/blouses/page.tsx | components/seo/keyword-product-landing-page.tsx | lib/seo/json-ld.ts,ContactPoint,root.contactPoint.@type,From The Trunk,"Curated collection of authenticated, pre-loved luxury sarees with provenance.",,,,,@context | @type | name | url | logo | email | sameAs | description | contactPoint,no,no,yes,uncertain,,page-L2Jsb3VzZXM-schema-1 in seo-inventory-raw.json
/blouses,app/(site)/blouses/page.tsx | components/seo/keyword-product-landing-page.tsx | lib/seo/json-ld.ts,WebSite,root.@type,From The Trunk,,,,,,@type | name | logo,no,no,yes,uncertain,,page-L2Jsb3VzZXM-schema-2 in seo-inventory-raw.json
/blouses,app/(site)/blouses/page.tsx | components/seo/keyword-product-landing-page.tsx | lib/seo/json-ld.ts,Organization,root.publisher.@type,From The Trunk,,,,,,@type | name | logo,no,no,yes,uncertain,,page-L2Jsb3VzZXM-schema-2 in seo-inventory-raw.json
/blouses,app/(site)/blouses/page.tsx | components/seo/keyword-product-landing-page.tsx | lib/seo/json-ld.ts,BreadcrumbList,root.@type,,,,,@context | @type | itemListElement,,,no,no,yes,uncertain,,page-L2Jsb3VzZXM-schema-3 in seo-inventory-raw.json
/blouses,app/(site)/blouses/page.tsx | components/seo/keyword-product-landing-page.tsx | lib/seo/json-ld.ts,ListItem,root.itemListElement[0].@type,,,,,@context | @type | itemListElement,,,no,no,yes,uncertain,,page-L2Jsb3VzZXM-schema-3 in seo-inventory-raw.json
/blouses,app/(site)/blouses/page.tsx | components/seo/keyword-product-landing-page.tsx | lib/seo/json-ld.ts,ListItem,root.itemListElement[1].@type,,,,,@context | @type | itemListElement,,,no,no,yes,uncertain,,page-L2Jsb3VzZXM-schema-3 in seo-inventory-raw.json
/blouses,app/(site)/blouses/page.tsx | components/seo/keyword-product-landing-page.tsx | lib/seo/json-ld.ts,ListItem,root.itemListElement[2].@type,,,,,@context | @type | itemListElement,,,no,no,yes,uncertain,,page-L2Jsb3VzZXM-schema-3 in seo-inventory-raw.json
/blouses,app/(site)/blouses/page.tsx | components/seo/keyword-product-landing-page.tsx | lib/seo/json-ld.ts,FAQPage,root.@type,,,,,,@context | @type | mainEntity,,no,no,yes,yes - FAQ tests/source and rendered questions checked,,page-L2Jsb3VzZXM-schema-4 in seo-inventory-raw.json
/blouses,app/(site)/blouses/page.tsx | components/seo/keyword-product-landing-page.tsx | lib/seo/json-ld.ts,Question,root.mainEntity[0].@type,,,,,,@context | @type | mainEntity,,no,no,yes,yes - FAQ tests/source and rendered questions checked,,page-L2Jsb3VzZXM-schema-4 in seo-inventory-raw.json
/blouses,app/(site)/blouses/page.tsx | components/seo/keyword-product-landing-page.tsx | lib/seo/json-ld.ts,Answer,root.mainEntity[0].acceptedAnswer.@type,,,,,,@context | @type | mainEntity,,no,no,yes,yes - FAQ tests/source and rendered questions checked,,page-L2Jsb3VzZXM-schema-4 in seo-inventory-raw.json
/blouses,app/(site)/blouses/page.tsx | components/seo/keyword-product-landing-page.tsx | lib/seo/json-ld.ts,ItemList,root.@type,,,,,,,,no,no,yes,uncertain,,page-L2Jsb3VzZXM-schema-5 in seo-inventory-raw.json
/blouses,app/(site)/blouses/page.tsx | components/seo/keyword-product-landing-page.tsx | lib/seo/json-ld.ts,ListItem,root.itemListElement[0].@type,,,,,,,,no,no,yes,uncertain,,page-L2Jsb3VzZXM-schema-5 in seo-inventory-raw.json
/blouses,app/(site)/blouses/page.tsx | components/seo/keyword-product-landing-page.tsx | lib/seo/json-ld.ts,ListItem,root.itemListElement[1].@type,,,,,,,,no,no,yes,uncertain,,page-L2Jsb3VzZXM-schema-5 in seo-inventory-raw.json
/blouses,app/(site)/blouses/page.tsx | components/seo/keyword-product-landing-page.tsx | lib/seo/json-ld.ts,ListItem,root.itemListElement[2].@type,,,,,,,,no,no,yes,uncertain,,page-L2Jsb3VzZXM-schema-5 in seo-inventory-raw.json
/blouses,app/(site)/blouses/page.tsx | components/seo/keyword-product-landing-page.tsx | lib/seo/json-ld.ts,ListItem,root.itemListElement[3].@type,,,,,,,,no,no,yes,uncertain,,page-L2Jsb3VzZXM-schema-5 in seo-inventory-raw.json
/blouses,app/(site)/blouses/page.tsx | components/seo/keyword-product-landing-page.tsx | lib/seo/json-ld.ts,ListItem,root.itemListElement[4].@type,,,,,,,,no,no,yes,uncertain,,page-L2Jsb3VzZXM-schema-5 in seo-inventory-raw.json
/guides/what-is-a-pre-loved-saree,app/(site)/guides/[slug]/page.tsx | components/seo/keyword-content-page.tsx | lib/seo/json-ld.ts,OnlineStore,root.@type,From The Trunk,"Curated collection of authenticated, pre-loved luxury sarees with provenance.",,,,,@context | @type | name | url | logo | email | sameAs | description | contactPoint,no,no,yes,uncertain,,page-L2d1aWRlcy93aGF0LWlzLWEtcHJlLWxvdmVkLXNhcmVl-schema-1 in seo-inventory-raw.json
/guides/what-is-a-pre-loved-saree,app/(site)/guides/[slug]/page.tsx | components/seo/keyword-content-page.tsx | lib/seo/json-ld.ts,ContactPoint,root.contactPoint.@type,From The Trunk,"Curated collection of authenticated, pre-loved luxury sarees with provenance.",,,,,@context | @type | name | url | logo | email | sameAs | description | contactPoint,no,no,yes,uncertain,,page-L2d1aWRlcy93aGF0LWlzLWEtcHJlLWxvdmVkLXNhcmVl-schema-1 in seo-inventory-raw.json
/guides/what-is-a-pre-loved-saree,app/(site)/guides/[slug]/page.tsx | components/seo/keyword-content-page.tsx | lib/seo/json-ld.ts,WebSite,root.@type,From The Trunk,,,,,,@type | name | logo,no,no,yes,uncertain,,page-L2d1aWRlcy93aGF0LWlzLWEtcHJlLWxvdmVkLXNhcmVl-schema-2 in seo-inventory-raw.json
/guides/what-is-a-pre-loved-saree,app/(site)/guides/[slug]/page.tsx | components/seo/keyword-content-page.tsx | lib/seo/json-ld.ts,Organization,root.publisher.@type,From The Trunk,,,,,,@type | name | logo,no,no,yes,uncertain,,page-L2d1aWRlcy93aGF0LWlzLWEtcHJlLWxvdmVkLXNhcmVl-schema-2 in seo-inventory-raw.json
/guides/what-is-a-pre-loved-saree,app/(site)/guides/[slug]/page.tsx | components/seo/keyword-content-page.tsx | lib/seo/json-ld.ts,BreadcrumbList,root.@type,,,,,@context | @type | itemListElement,,,no,no,yes,uncertain,,page-L2d1aWRlcy93aGF0LWlzLWEtcHJlLWxvdmVkLXNhcmVl-schema-3 in seo-inventory-raw.json
/guides/what-is-a-pre-loved-saree,app/(site)/guides/[slug]/page.tsx | components/seo/keyword-content-page.tsx | lib/seo/json-ld.ts,ListItem,root.itemListElement[0].@type,,,,,@context | @type | itemListElement,,,no,no,yes,uncertain,,page-L2d1aWRlcy93aGF0LWlzLWEtcHJlLWxvdmVkLXNhcmVl-schema-3 in seo-inventory-raw.json
/guides/what-is-a-pre-loved-saree,app/(site)/guides/[slug]/page.tsx | components/seo/keyword-content-page.tsx | lib/seo/json-ld.ts,ListItem,root.itemListElement[1].@type,,,,,@context | @type | itemListElement,,,no,no,yes,uncertain,,page-L2d1aWRlcy93aGF0LWlzLWEtcHJlLWxvdmVkLXNhcmVl-schema-3 in seo-inventory-raw.json
/guides/what-is-a-pre-loved-saree,app/(site)/guides/[slug]/page.tsx | components/seo/keyword-content-page.tsx | lib/seo/json-ld.ts,Article,root.@type,From The Trunk,,,,,,@type | name | logo,no,no,yes,uncertain,,page-L2d1aWRlcy93aGF0LWlzLWEtcHJlLWxvdmVkLXNhcmVl-schema-4 in seo-inventory-raw.json
/guides/what-is-a-pre-loved-saree,app/(site)/guides/[slug]/page.tsx | components/seo/keyword-content-page.tsx | lib/seo/json-ld.ts,Organization,root.publisher.@type,From The Trunk,,,,,,@type | name | logo,no,no,yes,uncertain,,page-L2d1aWRlcy93aGF0LWlzLWEtcHJlLWxvdmVkLXNhcmVl-schema-4 in seo-inventory-raw.json
/guides/what-is-a-pre-loved-saree,app/(site)/guides/[slug]/page.tsx | components/seo/keyword-content-page.tsx | lib/seo/json-ld.ts,FAQPage,root.@type,,,,,,@context | @type | mainEntity,,no,no,yes,yes - FAQ tests/source and rendered questions checked,,page-L2d1aWRlcy93aGF0LWlzLWEtcHJlLWxvdmVkLXNhcmVl-schema-5 in seo-inventory-raw.json
/guides/what-is-a-pre-loved-saree,app/(site)/guides/[slug]/page.tsx | components/seo/keyword-content-page.tsx | lib/seo/json-ld.ts,Question,root.mainEntity[0].@type,,,,,,@context | @type | mainEntity,,no,no,yes,yes - FAQ tests/source and rendered questions checked,,page-L2d1aWRlcy93aGF0LWlzLWEtcHJlLWxvdmVkLXNhcmVl-schema-5 in seo-inventory-raw.json
/guides/what-is-a-pre-loved-saree,app/(site)/guides/[slug]/page.tsx | components/seo/keyword-content-page.tsx | lib/seo/json-ld.ts,Answer,root.mainEntity[0].acceptedAnswer.@type,,,,,,@context | @type | mainEntity,,no,no,yes,yes - FAQ tests/source and rendered questions checked,,page-L2d1aWRlcy93aGF0LWlzLWEtcHJlLWxvdmVkLXNhcmVl-schema-5 in seo-inventory-raw.json
/guides/what-is-a-pre-loved-saree,app/(site)/guides/[slug]/page.tsx | components/seo/keyword-content-page.tsx | lib/seo/json-ld.ts,Question,root.mainEntity[1].@type,,,,,,@context | @type | mainEntity,,no,no,yes,yes - FAQ tests/source and rendered questions checked,,page-L2d1aWRlcy93aGF0LWlzLWEtcHJlLWxvdmVkLXNhcmVl-schema-5 in seo-inventory-raw.json
/guides/what-is-a-pre-loved-saree,app/(site)/guides/[slug]/page.tsx | components/seo/keyword-content-page.tsx | lib/seo/json-ld.ts,Answer,root.mainEntity[1].acceptedAnswer.@type,,,,,,@context | @type | mainEntity,,no,no,yes,yes - FAQ tests/source and rendered questions checked,,page-L2d1aWRlcy93aGF0LWlzLWEtcHJlLWxvdmVkLXNhcmVl-schema-5 in seo-inventory-raw.json
/guides/pre-loved-vs-second-hand-saree,app/(site)/guides/[slug]/page.tsx | components/seo/keyword-content-page.tsx | lib/seo/json-ld.ts,OnlineStore,root.@type,From The Trunk,"Curated collection of authenticated, pre-loved luxury sarees with provenance.",,,,,@context | @type | name | url | logo | email | sameAs | description | contactPoint,no,no,yes,uncertain,,page-L2d1aWRlcy9wcmUtbG92ZWQtdnMtc2Vjb25kLWhhbmQtc2FyZWU-schema-1 in seo-inventory-raw.json
/guides/pre-loved-vs-second-hand-saree,app/(site)/guides/[slug]/page.tsx | components/seo/keyword-content-page.tsx | lib/seo/json-ld.ts,ContactPoint,root.contactPoint.@type,From The Trunk,"Curated collection of authenticated, pre-loved luxury sarees with provenance.",,,,,@context | @type | name | url | logo | email | sameAs | description | contactPoint,no,no,yes,uncertain,,page-L2d1aWRlcy9wcmUtbG92ZWQtdnMtc2Vjb25kLWhhbmQtc2FyZWU-schema-1 in seo-inventory-raw.json
/guides/pre-loved-vs-second-hand-saree,app/(site)/guides/[slug]/page.tsx | components/seo/keyword-content-page.tsx | lib/seo/json-ld.ts,WebSite,root.@type,From The Trunk,,,,,,@type | name | logo,no,no,yes,uncertain,,page-L2d1aWRlcy9wcmUtbG92ZWQtdnMtc2Vjb25kLWhhbmQtc2FyZWU-schema-2 in seo-inventory-raw.json
/guides/pre-loved-vs-second-hand-saree,app/(site)/guides/[slug]/page.tsx | components/seo/keyword-content-page.tsx | lib/seo/json-ld.ts,Organization,root.publisher.@type,From The Trunk,,,,,,@type | name | logo,no,no,yes,uncertain,,page-L2d1aWRlcy9wcmUtbG92ZWQtdnMtc2Vjb25kLWhhbmQtc2FyZWU-schema-2 in seo-inventory-raw.json
/guides/pre-loved-vs-second-hand-saree,app/(site)/guides/[slug]/page.tsx | components/seo/keyword-content-page.tsx | lib/seo/json-ld.ts,BreadcrumbList,root.@type,,,,,@context | @type | itemListElement,,,no,no,yes,uncertain,,page-L2d1aWRlcy9wcmUtbG92ZWQtdnMtc2Vjb25kLWhhbmQtc2FyZWU-schema-3 in seo-inventory-raw.json
/guides/pre-loved-vs-second-hand-saree,app/(site)/guides/[slug]/page.tsx | components/seo/keyword-content-page.tsx | lib/seo/json-ld.ts,ListItem,root.itemListElement[0].@type,,,,,@context | @type | itemListElement,,,no,no,yes,uncertain,,page-L2d1aWRlcy9wcmUtbG92ZWQtdnMtc2Vjb25kLWhhbmQtc2FyZWU-schema-3 in seo-inventory-raw.json
/guides/pre-loved-vs-second-hand-saree,app/(site)/guides/[slug]/page.tsx | components/seo/keyword-content-page.tsx | lib/seo/json-ld.ts,ListItem,root.itemListElement[1].@type,,,,,@context | @type | itemListElement,,,no,no,yes,uncertain,,page-L2d1aWRlcy9wcmUtbG92ZWQtdnMtc2Vjb25kLWhhbmQtc2FyZWU-schema-3 in seo-inventory-raw.json
/guides/pre-loved-vs-second-hand-saree,app/(site)/guides/[slug]/page.tsx | components/seo/keyword-content-page.tsx | lib/seo/json-ld.ts,Article,root.@type,From The Trunk,,,,,,@type | name | logo,no,no,yes,uncertain,,page-L2d1aWRlcy9wcmUtbG92ZWQtdnMtc2Vjb25kLWhhbmQtc2FyZWU-schema-4 in seo-inventory-raw.json
/guides/pre-loved-vs-second-hand-saree,app/(site)/guides/[slug]/page.tsx | components/seo/keyword-content-page.tsx | lib/seo/json-ld.ts,Organization,root.publisher.@type,From The Trunk,,,,,,@type | name | logo,no,no,yes,uncertain,,page-L2d1aWRlcy9wcmUtbG92ZWQtdnMtc2Vjb25kLWhhbmQtc2FyZWU-schema-4 in seo-inventory-raw.json
/guides/pre-loved-vs-second-hand-saree,app/(site)/guides/[slug]/page.tsx | components/seo/keyword-content-page.tsx | lib/seo/json-ld.ts,FAQPage,root.@type,,,,,,@context | @type | mainEntity,,no,no,yes,yes - FAQ tests/source and rendered questions checked,,page-L2d1aWRlcy9wcmUtbG92ZWQtdnMtc2Vjb25kLWhhbmQtc2FyZWU-schema-5 in seo-inventory-raw.json
/guides/pre-loved-vs-second-hand-saree,app/(site)/guides/[slug]/page.tsx | components/seo/keyword-content-page.tsx | lib/seo/json-ld.ts,Question,root.mainEntity[0].@type,,,,,,@context | @type | mainEntity,,no,no,yes,yes - FAQ tests/source and rendered questions checked,,page-L2d1aWRlcy9wcmUtbG92ZWQtdnMtc2Vjb25kLWhhbmQtc2FyZWU-schema-5 in seo-inventory-raw.json
/guides/pre-loved-vs-second-hand-saree,app/(site)/guides/[slug]/page.tsx | components/seo/keyword-content-page.tsx | lib/seo/json-ld.ts,Answer,root.mainEntity[0].acceptedAnswer.@type,,,,,,@context | @type | mainEntity,,no,no,yes,yes - FAQ tests/source and rendered questions checked,,page-L2d1aWRlcy9wcmUtbG92ZWQtdnMtc2Vjb25kLWhhbmQtc2FyZWU-schema-5 in seo-inventory-raw.json
/guides/pre-loved-vs-second-hand-saree,app/(site)/guides/[slug]/page.tsx | components/seo/keyword-content-page.tsx | lib/seo/json-ld.ts,Question,root.mainEntity[1].@type,,,,,,@context | @type | mainEntity,,no,no,yes,yes - FAQ tests/source and rendered questions checked,,page-L2d1aWRlcy9wcmUtbG92ZWQtdnMtc2Vjb25kLWhhbmQtc2FyZWU-schema-5 in seo-inventory-raw.json
/guides/pre-loved-vs-second-hand-saree,app/(site)/guides/[slug]/page.tsx | components/seo/keyword-content-page.tsx | lib/seo/json-ld.ts,Answer,root.mainEntity[1].acceptedAnswer.@type,,,,,,@context | @type | mainEntity,,no,no,yes,yes - FAQ tests/source and rendered questions checked,,page-L2d1aWRlcy9wcmUtbG92ZWQtdnMtc2Vjb25kLWhhbmQtc2FyZWU-schema-5 in seo-inventory-raw.json
/collection/tangerine-noir-floral-border-weave,app/(site)/collection/[slug]/page.tsx | lib/seo/json-ld.ts,OnlineStore,root.@type,From The Trunk,"Curated collection of authenticated, pre-loved luxury sarees with provenance.",,,,,@context | @type | name | url | logo | email | sameAs | description | contactPoint,no,no,yes,uncertain,,page-L2NvbGxlY3Rpb24vdGFuZ2VyaW5lLW5vaXItZmxvcmFsLWJvcmRlci13ZWF2ZQ-schema-1 in seo-inventory-raw.json
/collection/tangerine-noir-floral-border-weave,app/(site)/collection/[slug]/page.tsx | lib/seo/json-ld.ts,ContactPoint,root.contactPoint.@type,From The Trunk,"Curated collection of authenticated, pre-loved luxury sarees with provenance.",,,,,@context | @type | name | url | logo | email | sameAs | description | contactPoint,no,no,yes,uncertain,,page-L2NvbGxlY3Rpb24vdGFuZ2VyaW5lLW5vaXItZmxvcmFsLWJvcmRlci13ZWF2ZQ-schema-1 in seo-inventory-raw.json
/collection/tangerine-noir-floral-border-weave,app/(site)/collection/[slug]/page.tsx | lib/seo/json-ld.ts,WebSite,root.@type,From The Trunk,,,,,,@type | name | logo,no,no,yes,uncertain,,page-L2NvbGxlY3Rpb24vdGFuZ2VyaW5lLW5vaXItZmxvcmFsLWJvcmRlci13ZWF2ZQ-schema-2 in seo-inventory-raw.json
/collection/tangerine-noir-floral-border-weave,app/(site)/collection/[slug]/page.tsx | lib/seo/json-ld.ts,Organization,root.publisher.@type,From The Trunk,,,,,,@type | name | logo,no,no,yes,uncertain,,page-L2NvbGxlY3Rpb24vdGFuZ2VyaW5lLW5vaXItZmxvcmFsLWJvcmRlci13ZWF2ZQ-schema-2 in seo-inventory-raw.json
/collection/tangerine-noir-floral-border-weave,app/(site)/collection/[slug]/page.tsx | lib/seo/json-ld.ts,Product,root.@type,Tangerine Noir Floral Border Weave,"She arrives in the colour of ripe persimmons at dusk, a chiffon so light it barely acknowledges gravity, shifting between tangerine and deep amber depending on how the light moves across it. The ground is sheer, airy, woven with the particular looseness that only fine chiffon carries, the kind that drapes in long, unhurried folds and whispers against the skin as it moves.

Across that warm ground, someone has drawn a garden in midnight ink. The border carries densely worked floral motifs in near-black — blossoms and trailing stems rendered with the confident hand of a weaver who knew exactly when to contrast and when to hold back. The result is a dialogue between warmth and restraint, between the exuberance of the tangerine field and the quiet authority of the noir border.

The pallu continues the ink garden theme, the florals blooming more freely as they move toward the hem a choreography of pattern that rewards both a distant glance and close inspection. The selvedge is neat, the weave consistent, and the chiffon retains its characteristic softness and translucency, suggesting careful storage and respectful wear over the years.

This is a saree for someone who understands that the most striking combinations are often the simplest a single ground colour, a single contrasting border, and the confidence to let the fabric do the rest.",@context | @type | productID | sku | name | description | image | brand | category | additionalProperty | offers | itemCondition | material,@type | price | priceCurrency | availability | url | seller,,,@type | name,no,no,yes,yes,,page-L2NvbGxlY3Rpb24vdGFuZ2VyaW5lLW5vaXItZmxvcmFsLWJvcmRlci13ZWF2ZQ-schema-3 in seo-inventory-raw.json
/collection/tangerine-noir-floral-border-weave,app/(site)/collection/[slug]/page.tsx | lib/seo/json-ld.ts,Brand,root.brand.@type,Tangerine Noir Floral Border Weave,"She arrives in the colour of ripe persimmons at dusk, a chiffon so light it barely acknowledges gravity, shifting between tangerine and deep amber depending on how the light moves across it. The ground is sheer, airy, woven with the particular looseness that only fine chiffon carries, the kind that drapes in long, unhurried folds and whispers against the skin as it moves.

Across that warm ground, someone has drawn a garden in midnight ink. The border carries densely worked floral motifs in near-black — blossoms and trailing stems rendered with the confident hand of a weaver who knew exactly when to contrast and when to hold back. The result is a dialogue between warmth and restraint, between the exuberance of the tangerine field and the quiet authority of the noir border.

The pallu continues the ink garden theme, the florals blooming more freely as they move toward the hem a choreography of pattern that rewards both a distant glance and close inspection. The selvedge is neat, the weave consistent, and the chiffon retains its characteristic softness and translucency, suggesting careful storage and respectful wear over the years.

This is a saree for someone who understands that the most striking combinations are often the simplest a single ground colour, a single contrasting border, and the confidence to let the fabric do the rest.",@context | @type | productID | sku | name | description | image | brand | category | additionalProperty | offers | itemCondition | material,@type | price | priceCurrency | availability | url | seller,,,@type | name,no,no,yes,yes,,page-L2NvbGxlY3Rpb24vdGFuZ2VyaW5lLW5vaXItZmxvcmFsLWJvcmRlci13ZWF2ZQ-schema-3 in seo-inventory-raw.json
/collection/tangerine-noir-floral-border-weave,app/(site)/collection/[slug]/page.tsx | lib/seo/json-ld.ts,PropertyValue,root.additionalProperty[0].@type,Tangerine Noir Floral Border Weave,"She arrives in the colour of ripe persimmons at dusk, a chiffon so light it barely acknowledges gravity, shifting between tangerine and deep amber depending on how the light moves across it. The ground is sheer, airy, woven with the particular looseness that only fine chiffon carries, the kind that drapes in long, unhurried folds and whispers against the skin as it moves.

Across that warm ground, someone has drawn a garden in midnight ink. The border carries densely worked floral motifs in near-black — blossoms and trailing stems rendered with the confident hand of a weaver who knew exactly when to contrast and when to hold back. The result is a dialogue between warmth and restraint, between the exuberance of the tangerine field and the quiet authority of the noir border.

The pallu continues the ink garden theme, the florals blooming more freely as they move toward the hem a choreography of pattern that rewards both a distant glance and close inspection. The selvedge is neat, the weave consistent, and the chiffon retains its characteristic softness and translucency, suggesting careful storage and respectful wear over the years.

This is a saree for someone who understands that the most striking combinations are often the simplest a single ground colour, a single contrasting border, and the confidence to let the fabric do the rest.",@context | @type | productID | sku | name | description | image | brand | category | additionalProperty | offers | itemCondition | material,@type | price | priceCurrency | availability | url | seller,,,@type | name,no,no,yes,yes,,page-L2NvbGxlY3Rpb24vdGFuZ2VyaW5lLW5vaXItZmxvcmFsLWJvcmRlci13ZWF2ZQ-schema-3 in seo-inventory-raw.json
/collection/tangerine-noir-floral-border-weave,app/(site)/collection/[slug]/page.tsx | lib/seo/json-ld.ts,PropertyValue,root.additionalProperty[1].@type,Tangerine Noir Floral Border Weave,"She arrives in the colour of ripe persimmons at dusk, a chiffon so light it barely acknowledges gravity, shifting between tangerine and deep amber depending on how the light moves across it. The ground is sheer, airy, woven with the particular looseness that only fine chiffon carries, the kind that drapes in long, unhurried folds and whispers against the skin as it moves.

Across that warm ground, someone has drawn a garden in midnight ink. The border carries densely worked floral motifs in near-black — blossoms and trailing stems rendered with the confident hand of a weaver who knew exactly when to contrast and when to hold back. The result is a dialogue between warmth and restraint, between the exuberance of the tangerine field and the quiet authority of the noir border.

The pallu continues the ink garden theme, the florals blooming more freely as they move toward the hem a choreography of pattern that rewards both a distant glance and close inspection. The selvedge is neat, the weave consistent, and the chiffon retains its characteristic softness and translucency, suggesting careful storage and respectful wear over the years.

This is a saree for someone who understands that the most striking combinations are often the simplest a single ground colour, a single contrasting border, and the confidence to let the fabric do the rest.",@context | @type | productID | sku | name | description | image | brand | category | additionalProperty | offers | itemCondition | material,@type | price | priceCurrency | availability | url | seller,,,@type | name,no,no,yes,yes,,page-L2NvbGxlY3Rpb24vdGFuZ2VyaW5lLW5vaXItZmxvcmFsLWJvcmRlci13ZWF2ZQ-schema-3 in seo-inventory-raw.json
/collection/tangerine-noir-floral-border-weave,app/(site)/collection/[slug]/page.tsx | lib/seo/json-ld.ts,Offer,root.offers.@type,Tangerine Noir Floral Border Weave,"She arrives in the colour of ripe persimmons at dusk, a chiffon so light it barely acknowledges gravity, shifting between tangerine and deep amber depending on how the light moves across it. The ground is sheer, airy, woven with the particular looseness that only fine chiffon carries, the kind that drapes in long, unhurried folds and whispers against the skin as it moves.

Across that warm ground, someone has drawn a garden in midnight ink. The border carries densely worked floral motifs in near-black — blossoms and trailing stems rendered with the confident hand of a weaver who knew exactly when to contrast and when to hold back. The result is a dialogue between warmth and restraint, between the exuberance of the tangerine field and the quiet authority of the noir border.

The pallu continues the ink garden theme, the florals blooming more freely as they move toward the hem a choreography of pattern that rewards both a distant glance and close inspection. The selvedge is neat, the weave consistent, and the chiffon retains its characteristic softness and translucency, suggesting careful storage and respectful wear over the years.

This is a saree for someone who understands that the most striking combinations are often the simplest a single ground colour, a single contrasting border, and the confidence to let the fabric do the rest.",@context | @type | productID | sku | name | description | image | brand | category | additionalProperty | offers | itemCondition | material,@type | price | priceCurrency | availability | url | seller,,,@type | name,no,no,yes,yes,,page-L2NvbGxlY3Rpb24vdGFuZ2VyaW5lLW5vaXItZmxvcmFsLWJvcmRlci13ZWF2ZQ-schema-3 in seo-inventory-raw.json
/collection/tangerine-noir-floral-border-weave,app/(site)/collection/[slug]/page.tsx | lib/seo/json-ld.ts,Organization,root.offers.seller.@type,Tangerine Noir Floral Border Weave,"She arrives in the colour of ripe persimmons at dusk, a chiffon so light it barely acknowledges gravity, shifting between tangerine and deep amber depending on how the light moves across it. The ground is sheer, airy, woven with the particular looseness that only fine chiffon carries, the kind that drapes in long, unhurried folds and whispers against the skin as it moves.

Across that warm ground, someone has drawn a garden in midnight ink. The border carries densely worked floral motifs in near-black — blossoms and trailing stems rendered with the confident hand of a weaver who knew exactly when to contrast and when to hold back. The result is a dialogue between warmth and restraint, between the exuberance of the tangerine field and the quiet authority of the noir border.

The pallu continues the ink garden theme, the florals blooming more freely as they move toward the hem a choreography of pattern that rewards both a distant glance and close inspection. The selvedge is neat, the weave consistent, and the chiffon retains its characteristic softness and translucency, suggesting careful storage and respectful wear over the years.

This is a saree for someone who understands that the most striking combinations are often the simplest a single ground colour, a single contrasting border, and the confidence to let the fabric do the rest.",@context | @type | productID | sku | name | description | image | brand | category | additionalProperty | offers | itemCondition | material,@type | price | priceCurrency | availability | url | seller,,,@type | name,no,no,yes,yes,,page-L2NvbGxlY3Rpb24vdGFuZ2VyaW5lLW5vaXItZmxvcmFsLWJvcmRlci13ZWF2ZQ-schema-3 in seo-inventory-raw.json
/collection/tangerine-noir-floral-border-weave,app/(site)/collection/[slug]/page.tsx | lib/seo/json-ld.ts,BreadcrumbList,root.@type,,,,,@context | @type | itemListElement,,,no,no,yes,uncertain,,page-L2NvbGxlY3Rpb24vdGFuZ2VyaW5lLW5vaXItZmxvcmFsLWJvcmRlci13ZWF2ZQ-schema-4 in seo-inventory-raw.json
/collection/tangerine-noir-floral-border-weave,app/(site)/collection/[slug]/page.tsx | lib/seo/json-ld.ts,ListItem,root.itemListElement[0].@type,,,,,@context | @type | itemListElement,,,no,no,yes,uncertain,,page-L2NvbGxlY3Rpb24vdGFuZ2VyaW5lLW5vaXItZmxvcmFsLWJvcmRlci13ZWF2ZQ-schema-4 in seo-inventory-raw.json
/collection/tangerine-noir-floral-border-weave,app/(site)/collection/[slug]/page.tsx | lib/seo/json-ld.ts,ListItem,root.itemListElement[1].@type,,,,,@context | @type | itemListElement,,,no,no,yes,uncertain,,page-L2NvbGxlY3Rpb24vdGFuZ2VyaW5lLW5vaXItZmxvcmFsLWJvcmRlci13ZWF2ZQ-schema-4 in seo-inventory-raw.json
/collection/tangerine-noir-floral-border-weave,app/(site)/collection/[slug]/page.tsx | lib/seo/json-ld.ts,ListItem,root.itemListElement[2].@type,,,,,@context | @type | itemListElement,,,no,no,yes,uncertain,,page-L2NvbGxlY3Rpb24vdGFuZ2VyaW5lLW5vaXItZmxvcmFsLWJvcmRlci13ZWF2ZQ-schema-4 in seo-inventory-raw.json
/collection/sunset-ombr-chiffon-draped-dream,app/(site)/collection/[slug]/page.tsx | lib/seo/json-ld.ts,OnlineStore,root.@type,From The Trunk,"Curated collection of authenticated, pre-loved luxury sarees with provenance.",,,,,@context | @type | name | url | logo | email | sameAs | description | contactPoint,no,no,yes,uncertain,,page-L2NvbGxlY3Rpb24vc3Vuc2V0LW9tYnItY2hpZmZvbi1kcmFwZWQtZHJlYW0-schema-1 in seo-inventory-raw.json
/collection/sunset-ombr-chiffon-draped-dream,app/(site)/collection/[slug]/page.tsx | lib/seo/json-ld.ts,ContactPoint,root.contactPoint.@type,From The Trunk,"Curated collection of authenticated, pre-loved luxury sarees with provenance.",,,,,@context | @type | name | url | logo | email | sameAs | description | contactPoint,no,no,yes,uncertain,,page-L2NvbGxlY3Rpb24vc3Vuc2V0LW9tYnItY2hpZmZvbi1kcmFwZWQtZHJlYW0-schema-1 in seo-inventory-raw.json
/collection/sunset-ombr-chiffon-draped-dream,app/(site)/collection/[slug]/page.tsx | lib/seo/json-ld.ts,WebSite,root.@type,From The Trunk,,,,,,@type | name | logo,no,no,yes,uncertain,,page-L2NvbGxlY3Rpb24vc3Vuc2V0LW9tYnItY2hpZmZvbi1kcmFwZWQtZHJlYW0-schema-2 in seo-inventory-raw.json
/collection/sunset-ombr-chiffon-draped-dream,app/(site)/collection/[slug]/page.tsx | lib/seo/json-ld.ts,Organization,root.publisher.@type,From The Trunk,,,,,,@type | name | logo,no,no,yes,uncertain,,page-L2NvbGxlY3Rpb24vc3Vuc2V0LW9tYnItY2hpZmZvbi1kcmFwZWQtZHJlYW0-schema-2 in seo-inventory-raw.json
/collection/sunset-ombr-chiffon-draped-dream,app/(site)/collection/[slug]/page.tsx | lib/seo/json-ld.ts,Product,root.@type,Sunset Ombré Chiffon Draped Dream,"Woven in a georgette and chiffon construction, the fabric holds the particular magic of both the faint texture and body of georgette lending it presence, while the chiffon's gossamer quality keeps every fold light and fluid. Together, they give the ombré dye an almost luminous quality, the gradient shifting and deepening with each movement of the wearer. The dye itself so smooth in its transition from flame to petal speaks to the hand of a skilled dyer who understood colour as light, not pigment.  The saree appears to be from the latter decades of the twentieth century, when ombré-dyed georgette and chiffon sarees enjoyed a quiet prominence in Indian festive dressing.",@context | @type | productID | sku | name | description | image | brand | category | additionalProperty | offers | itemCondition | material,@type | price | priceCurrency | availability | url | seller,,,@type | name,no,no,yes,yes,,page-L2NvbGxlY3Rpb24vc3Vuc2V0LW9tYnItY2hpZmZvbi1kcmFwZWQtZHJlYW0-schema-3 in seo-inventory-raw.json
/collection/sunset-ombr-chiffon-draped-dream,app/(site)/collection/[slug]/page.tsx | lib/seo/json-ld.ts,Brand,root.brand.@type,Sunset Ombré Chiffon Draped Dream,"Woven in a georgette and chiffon construction, the fabric holds the particular magic of both the faint texture and body of georgette lending it presence, while the chiffon's gossamer quality keeps every fold light and fluid. Together, they give the ombré dye an almost luminous quality, the gradient shifting and deepening with each movement of the wearer. The dye itself so smooth in its transition from flame to petal speaks to the hand of a skilled dyer who understood colour as light, not pigment.  The saree appears to be from the latter decades of the twentieth century, when ombré-dyed georgette and chiffon sarees enjoyed a quiet prominence in Indian festive dressing.",@context | @type | productID | sku | name | description | image | brand | category | additionalProperty | offers | itemCondition | material,@type | price | priceCurrency | availability | url | seller,,,@type | name,no,no,yes,yes,,page-L2NvbGxlY3Rpb24vc3Vuc2V0LW9tYnItY2hpZmZvbi1kcmFwZWQtZHJlYW0-schema-3 in seo-inventory-raw.json
/collection/sunset-ombr-chiffon-draped-dream,app/(site)/collection/[slug]/page.tsx | lib/seo/json-ld.ts,PropertyValue,root.additionalProperty[0].@type,Sunset Ombré Chiffon Draped Dream,"Woven in a georgette and chiffon construction, the fabric holds the particular magic of both the faint texture and body of georgette lending it presence, while the chiffon's gossamer quality keeps every fold light and fluid. Together, they give the ombré dye an almost luminous quality, the gradient shifting and deepening with each movement of the wearer. The dye itself so smooth in its transition from flame to petal speaks to the hand of a skilled dyer who understood colour as light, not pigment.  The saree appears to be from the latter decades of the twentieth century, when ombré-dyed georgette and chiffon sarees enjoyed a quiet prominence in Indian festive dressing.",@context | @type | productID | sku | name | description | image | brand | category | additionalProperty | offers | itemCondition | material,@type | price | priceCurrency | availability | url | seller,,,@type | name,no,no,yes,yes,,page-L2NvbGxlY3Rpb24vc3Vuc2V0LW9tYnItY2hpZmZvbi1kcmFwZWQtZHJlYW0-schema-3 in seo-inventory-raw.json
/collection/sunset-ombr-chiffon-draped-dream,app/(site)/collection/[slug]/page.tsx | lib/seo/json-ld.ts,PropertyValue,root.additionalProperty[1].@type,Sunset Ombré Chiffon Draped Dream,"Woven in a georgette and chiffon construction, the fabric holds the particular magic of both the faint texture and body of georgette lending it presence, while the chiffon's gossamer quality keeps every fold light and fluid. Together, they give the ombré dye an almost luminous quality, the gradient shifting and deepening with each movement of the wearer. The dye itself so smooth in its transition from flame to petal speaks to the hand of a skilled dyer who understood colour as light, not pigment.  The saree appears to be from the latter decades of the twentieth century, when ombré-dyed georgette and chiffon sarees enjoyed a quiet prominence in Indian festive dressing.",@context | @type | productID | sku | name | description | image | brand | category | additionalProperty | offers | itemCondition | material,@type | price | priceCurrency | availability | url | seller,,,@type | name,no,no,yes,yes,,page-L2NvbGxlY3Rpb24vc3Vuc2V0LW9tYnItY2hpZmZvbi1kcmFwZWQtZHJlYW0-schema-3 in seo-inventory-raw.json
/collection/sunset-ombr-chiffon-draped-dream,app/(site)/collection/[slug]/page.tsx | lib/seo/json-ld.ts,Offer,root.offers.@type,Sunset Ombré Chiffon Draped Dream,"Woven in a georgette and chiffon construction, the fabric holds the particular magic of both the faint texture and body of georgette lending it presence, while the chiffon's gossamer quality keeps every fold light and fluid. Together, they give the ombré dye an almost luminous quality, the gradient shifting and deepening with each movement of the wearer. The dye itself so smooth in its transition from flame to petal speaks to the hand of a skilled dyer who understood colour as light, not pigment.  The saree appears to be from the latter decades of the twentieth century, when ombré-dyed georgette and chiffon sarees enjoyed a quiet prominence in Indian festive dressing.",@context | @type | productID | sku | name | description | image | brand | category | additionalProperty | offers | itemCondition | material,@type | price | priceCurrency | availability | url | seller,,,@type | name,no,no,yes,yes,,page-L2NvbGxlY3Rpb24vc3Vuc2V0LW9tYnItY2hpZmZvbi1kcmFwZWQtZHJlYW0-schema-3 in seo-inventory-raw.json
/collection/sunset-ombr-chiffon-draped-dream,app/(site)/collection/[slug]/page.tsx | lib/seo/json-ld.ts,Organization,root.offers.seller.@type,Sunset Ombré Chiffon Draped Dream,"Woven in a georgette and chiffon construction, the fabric holds the particular magic of both the faint texture and body of georgette lending it presence, while the chiffon's gossamer quality keeps every fold light and fluid. Together, they give the ombré dye an almost luminous quality, the gradient shifting and deepening with each movement of the wearer. The dye itself so smooth in its transition from flame to petal speaks to the hand of a skilled dyer who understood colour as light, not pigment.  The saree appears to be from the latter decades of the twentieth century, when ombré-dyed georgette and chiffon sarees enjoyed a quiet prominence in Indian festive dressing.",@context | @type | productID | sku | name | description | image | brand | category | additionalProperty | offers | itemCondition | material,@type | price | priceCurrency | availability | url | seller,,,@type | name,no,no,yes,yes,,page-L2NvbGxlY3Rpb24vc3Vuc2V0LW9tYnItY2hpZmZvbi1kcmFwZWQtZHJlYW0-schema-3 in seo-inventory-raw.json
/collection/sunset-ombr-chiffon-draped-dream,app/(site)/collection/[slug]/page.tsx | lib/seo/json-ld.ts,BreadcrumbList,root.@type,,,,,@context | @type | itemListElement,,,no,no,yes,uncertain,,page-L2NvbGxlY3Rpb24vc3Vuc2V0LW9tYnItY2hpZmZvbi1kcmFwZWQtZHJlYW0-schema-4 in seo-inventory-raw.json
/collection/sunset-ombr-chiffon-draped-dream,app/(site)/collection/[slug]/page.tsx | lib/seo/json-ld.ts,ListItem,root.itemListElement[0].@type,,,,,@context | @type | itemListElement,,,no,no,yes,uncertain,,page-L2NvbGxlY3Rpb24vc3Vuc2V0LW9tYnItY2hpZmZvbi1kcmFwZWQtZHJlYW0-schema-4 in seo-inventory-raw.json
/collection/sunset-ombr-chiffon-draped-dream,app/(site)/collection/[slug]/page.tsx | lib/seo/json-ld.ts,ListItem,root.itemListElement[1].@type,,,,,@context | @type | itemListElement,,,no,no,yes,uncertain,,page-L2NvbGxlY3Rpb24vc3Vuc2V0LW9tYnItY2hpZmZvbi1kcmFwZWQtZHJlYW0-schema-4 in seo-inventory-raw.json
/collection/sunset-ombr-chiffon-draped-dream,app/(site)/collection/[slug]/page.tsx | lib/seo/json-ld.ts,ListItem,root.itemListElement[2].@type,,,,,@context | @type | itemListElement,,,no,no,yes,uncertain,,page-L2NvbGxlY3Rpb24vc3Vuc2V0LW9tYnItY2hpZmZvbi1kcmFwZWQtZHJlYW0-schema-4 in seo-inventory-raw.json
/collection/indigo-plum-tied-silk-saree,app/(site)/collection/[slug]/page.tsx | lib/seo/json-ld.ts,OnlineStore,root.@type,From The Trunk,"Curated collection of authenticated, pre-loved luxury sarees with provenance.",,,,,@context | @type | name | url | logo | email | sameAs | description | contactPoint,no,no,yes,uncertain,,page-L2NvbGxlY3Rpb24vaW5kaWdvLXBsdW0tdGllZC1zaWxrLXNhcmVl-schema-1 in seo-inventory-raw.json
/collection/indigo-plum-tied-silk-saree,app/(site)/collection/[slug]/page.tsx | lib/seo/json-ld.ts,ContactPoint,root.contactPoint.@type,From The Trunk,"Curated collection of authenticated, pre-loved luxury sarees with provenance.",,,,,@context | @type | name | url | logo | email | sameAs | description | contactPoint,no,no,yes,uncertain,,page-L2NvbGxlY3Rpb24vaW5kaWdvLXBsdW0tdGllZC1zaWxrLXNhcmVl-schema-1 in seo-inventory-raw.json
/collection/indigo-plum-tied-silk-saree,app/(site)/collection/[slug]/page.tsx | lib/seo/json-ld.ts,WebSite,root.@type,From The Trunk,,,,,,@type | name | logo,no,no,yes,uncertain,,page-L2NvbGxlY3Rpb24vaW5kaWdvLXBsdW0tdGllZC1zaWxrLXNhcmVl-schema-2 in seo-inventory-raw.json
/collection/indigo-plum-tied-silk-saree,app/(site)/collection/[slug]/page.tsx | lib/seo/json-ld.ts,Organization,root.publisher.@type,From The Trunk,,,,,,@type | name | logo,no,no,yes,uncertain,,page-L2NvbGxlY3Rpb24vaW5kaWdvLXBsdW0tdGllZC1zaWxrLXNhcmVl-schema-2 in seo-inventory-raw.json
/collection/indigo-plum-tied-silk-saree,app/(site)/collection/[slug]/page.tsx | lib/seo/json-ld.ts,Product,root.@type,Indigo & Plum Tied Silk Saree,"Tie and dye demands a particular kind of faith from its maker the knots are set before the dye is applied, the pattern committed to before the colour is seen. What emerges is always a collaboration between the artisan's intention and the fabric's own will. Here, that collaboration has produced something quietly extraordinary: a depth of colour that shifts as the light does, blue in one moment, purple in the next, never entirely either.
This is a saree for those who are drawn to colour that thinks, hues that ask to be considered, that reveal themselves differently through the hours of an evening. A piece less worn than inhabited.",@context | @type | productID | sku | name | description | image | brand | category | additionalProperty | offers | itemCondition | material,@type | price | priceCurrency | availability | url | seller,,,@type | name,no,no,yes,yes,,page-L2NvbGxlY3Rpb24vaW5kaWdvLXBsdW0tdGllZC1zaWxrLXNhcmVl-schema-3 in seo-inventory-raw.json
/collection/indigo-plum-tied-silk-saree,app/(site)/collection/[slug]/page.tsx | lib/seo/json-ld.ts,Brand,root.brand.@type,Indigo & Plum Tied Silk Saree,"Tie and dye demands a particular kind of faith from its maker the knots are set before the dye is applied, the pattern committed to before the colour is seen. What emerges is always a collaboration between the artisan's intention and the fabric's own will. Here, that collaboration has produced something quietly extraordinary: a depth of colour that shifts as the light does, blue in one moment, purple in the next, never entirely either.
This is a saree for those who are drawn to colour that thinks, hues that ask to be considered, that reveal themselves differently through the hours of an evening. A piece less worn than inhabited.",@context | @type | productID | sku | name | description | image | brand | category | additionalProperty | offers | itemCondition | material,@type | price | priceCurrency | availability | url | seller,,,@type | name,no,no,yes,yes,,page-L2NvbGxlY3Rpb24vaW5kaWdvLXBsdW0tdGllZC1zaWxrLXNhcmVl-schema-3 in seo-inventory-raw.json
/collection/indigo-plum-tied-silk-saree,app/(site)/collection/[slug]/page.tsx | lib/seo/json-ld.ts,PropertyValue,root.additionalProperty[0].@type,Indigo & Plum Tied Silk Saree,"Tie and dye demands a particular kind of faith from its maker the knots are set before the dye is applied, the pattern committed to before the colour is seen. What emerges is always a collaboration between the artisan's intention and the fabric's own will. Here, that collaboration has produced something quietly extraordinary: a depth of colour that shifts as the light does, blue in one moment, purple in the next, never entirely either.
This is a saree for those who are drawn to colour that thinks, hues that ask to be considered, that reveal themselves differently through the hours of an evening. A piece less worn than inhabited.",@context | @type | productID | sku | name | description | image | brand | category | additionalProperty | offers | itemCondition | material,@type | price | priceCurrency | availability | url | seller,,,@type | name,no,no,yes,yes,,page-L2NvbGxlY3Rpb24vaW5kaWdvLXBsdW0tdGllZC1zaWxrLXNhcmVl-schema-3 in seo-inventory-raw.json
/collection/indigo-plum-tied-silk-saree,app/(site)/collection/[slug]/page.tsx | lib/seo/json-ld.ts,PropertyValue,root.additionalProperty[1].@type,Indigo & Plum Tied Silk Saree,"Tie and dye demands a particular kind of faith from its maker the knots are set before the dye is applied, the pattern committed to before the colour is seen. What emerges is always a collaboration between the artisan's intention and the fabric's own will. Here, that collaboration has produced something quietly extraordinary: a depth of colour that shifts as the light does, blue in one moment, purple in the next, never entirely either.
This is a saree for those who are drawn to colour that thinks, hues that ask to be considered, that reveal themselves differently through the hours of an evening. A piece less worn than inhabited.",@context | @type | productID | sku | name | description | image | brand | category | additionalProperty | offers | itemCondition | material,@type | price | priceCurrency | availability | url | seller,,,@type | name,no,no,yes,yes,,page-L2NvbGxlY3Rpb24vaW5kaWdvLXBsdW0tdGllZC1zaWxrLXNhcmVl-schema-3 in seo-inventory-raw.json
/collection/indigo-plum-tied-silk-saree,app/(site)/collection/[slug]/page.tsx | lib/seo/json-ld.ts,Offer,root.offers.@type,Indigo & Plum Tied Silk Saree,"Tie and dye demands a particular kind of faith from its maker the knots are set before the dye is applied, the pattern committed to before the colour is seen. What emerges is always a collaboration between the artisan's intention and the fabric's own will. Here, that collaboration has produced something quietly extraordinary: a depth of colour that shifts as the light does, blue in one moment, purple in the next, never entirely either.
This is a saree for those who are drawn to colour that thinks, hues that ask to be considered, that reveal themselves differently through the hours of an evening. A piece less worn than inhabited.",@context | @type | productID | sku | name | description | image | brand | category | additionalProperty | offers | itemCondition | material,@type | price | priceCurrency | availability | url | seller,,,@type | name,no,no,yes,yes,,page-L2NvbGxlY3Rpb24vaW5kaWdvLXBsdW0tdGllZC1zaWxrLXNhcmVl-schema-3 in seo-inventory-raw.json
/collection/indigo-plum-tied-silk-saree,app/(site)/collection/[slug]/page.tsx | lib/seo/json-ld.ts,Organization,root.offers.seller.@type,Indigo & Plum Tied Silk Saree,"Tie and dye demands a particular kind of faith from its maker the knots are set before the dye is applied, the pattern committed to before the colour is seen. What emerges is always a collaboration between the artisan's intention and the fabric's own will. Here, that collaboration has produced something quietly extraordinary: a depth of colour that shifts as the light does, blue in one moment, purple in the next, never entirely either.
This is a saree for those who are drawn to colour that thinks, hues that ask to be considered, that reveal themselves differently through the hours of an evening. A piece less worn than inhabited.",@context | @type | productID | sku | name | description | image | brand | category | additionalProperty | offers | itemCondition | material,@type | price | priceCurrency | availability | url | seller,,,@type | name,no,no,yes,yes,,page-L2NvbGxlY3Rpb24vaW5kaWdvLXBsdW0tdGllZC1zaWxrLXNhcmVl-schema-3 in seo-inventory-raw.json
/collection/indigo-plum-tied-silk-saree,app/(site)/collection/[slug]/page.tsx | lib/seo/json-ld.ts,BreadcrumbList,root.@type,,,,,@context | @type | itemListElement,,,no,no,yes,uncertain,,page-L2NvbGxlY3Rpb24vaW5kaWdvLXBsdW0tdGllZC1zaWxrLXNhcmVl-schema-4 in seo-inventory-raw.json
/collection/indigo-plum-tied-silk-saree,app/(site)/collection/[slug]/page.tsx | lib/seo/json-ld.ts,ListItem,root.itemListElement[0].@type,,,,,@context | @type | itemListElement,,,no,no,yes,uncertain,,page-L2NvbGxlY3Rpb24vaW5kaWdvLXBsdW0tdGllZC1zaWxrLXNhcmVl-schema-4 in seo-inventory-raw.json
/collection/indigo-plum-tied-silk-saree,app/(site)/collection/[slug]/page.tsx | lib/seo/json-ld.ts,ListItem,root.itemListElement[1].@type,,,,,@context | @type | itemListElement,,,no,no,yes,uncertain,,page-L2NvbGxlY3Rpb24vaW5kaWdvLXBsdW0tdGllZC1zaWxrLXNhcmVl-schema-4 in seo-inventory-raw.json
/collection/indigo-plum-tied-silk-saree,app/(site)/collection/[slug]/page.tsx | lib/seo/json-ld.ts,ListItem,root.itemListElement[2].@type,,,,,@context | @type | itemListElement,,,no,no,yes,uncertain,,page-L2NvbGxlY3Rpb24vaW5kaWdvLXBsdW0tdGllZC1zaWxrLXNhcmVl-schema-4 in seo-inventory-raw.json
/collection/forest-flame-tie-dye-silk,app/(site)/collection/[slug]/page.tsx | lib/seo/json-ld.ts,OnlineStore,root.@type,From The Trunk,"Curated collection of authenticated, pre-loved luxury sarees with provenance.",,,,,@context | @type | name | url | logo | email | sameAs | description | contactPoint,no,no,yes,uncertain,,page-L2NvbGxlY3Rpb24vZm9yZXN0LWZsYW1lLXRpZS1keWUtc2lsaw-schema-1 in seo-inventory-raw.json
/collection/forest-flame-tie-dye-silk,app/(site)/collection/[slug]/page.tsx | lib/seo/json-ld.ts,ContactPoint,root.contactPoint.@type,From The Trunk,"Curated collection of authenticated, pre-loved luxury sarees with provenance.",,,,,@context | @type | name | url | logo | email | sameAs | description | contactPoint,no,no,yes,uncertain,,page-L2NvbGxlY3Rpb24vZm9yZXN0LWZsYW1lLXRpZS1keWUtc2lsaw-schema-1 in seo-inventory-raw.json
/collection/forest-flame-tie-dye-silk,app/(site)/collection/[slug]/page.tsx | lib/seo/json-ld.ts,WebSite,root.@type,From The Trunk,,,,,,@type | name | logo,no,no,yes,uncertain,,page-L2NvbGxlY3Rpb24vZm9yZXN0LWZsYW1lLXRpZS1keWUtc2lsaw-schema-2 in seo-inventory-raw.json
/collection/forest-flame-tie-dye-silk,app/(site)/collection/[slug]/page.tsx | lib/seo/json-ld.ts,Organization,root.publisher.@type,From The Trunk,,,,,,@type | name | logo,no,no,yes,uncertain,,page-L2NvbGxlY3Rpb24vZm9yZXN0LWZsYW1lLXRpZS1keWUtc2lsaw-schema-2 in seo-inventory-raw.json
/collection/forest-flame-tie-dye-silk,app/(site)/collection/[slug]/page.tsx | lib/seo/json-ld.ts,Product,root.@type,Forest & Flame Tie Dye Silk,"Before the loom, there is the knot. Tie and dye is among the oldest of textile arts, a practice of resistance and release, where colour is not applied but coaxed, not painted but persuaded. This light silk saree carries that ancient grammar in every bloom of green and orange that spreads across its surface, each tied point a small act of craftsmanship repeated across the length of the fabric with patient, unhurried hands. This is a saree of celebrations of Holi mornings and harvest evenings, of weddings where the dancing goes on past midnight. Light enough to wear all day, vivid enough to be remembered.",@context | @type | productID | sku | name | description | image | brand | category | additionalProperty | offers | itemCondition | material,@type | price | priceCurrency | availability | url | seller,,,@type | name,no,no,yes,yes,,page-L2NvbGxlY3Rpb24vZm9yZXN0LWZsYW1lLXRpZS1keWUtc2lsaw-schema-3 in seo-inventory-raw.json
/collection/forest-flame-tie-dye-silk,app/(site)/collection/[slug]/page.tsx | lib/seo/json-ld.ts,Brand,root.brand.@type,Forest & Flame Tie Dye Silk,"Before the loom, there is the knot. Tie and dye is among the oldest of textile arts, a practice of resistance and release, where colour is not applied but coaxed, not painted but persuaded. This light silk saree carries that ancient grammar in every bloom of green and orange that spreads across its surface, each tied point a small act of craftsmanship repeated across the length of the fabric with patient, unhurried hands. This is a saree of celebrations of Holi mornings and harvest evenings, of weddings where the dancing goes on past midnight. Light enough to wear all day, vivid enough to be remembered.",@context | @type | productID | sku | name | description | image | brand | category | additionalProperty | offers | itemCondition | material,@type | price | priceCurrency | availability | url | seller,,,@type | name,no,no,yes,yes,,page-L2NvbGxlY3Rpb24vZm9yZXN0LWZsYW1lLXRpZS1keWUtc2lsaw-schema-3 in seo-inventory-raw.json
/collection/forest-flame-tie-dye-silk,app/(site)/collection/[slug]/page.tsx | lib/seo/json-ld.ts,PropertyValue,root.additionalProperty[0].@type,Forest & Flame Tie Dye Silk,"Before the loom, there is the knot. Tie and dye is among the oldest of textile arts, a practice of resistance and release, where colour is not applied but coaxed, not painted but persuaded. This light silk saree carries that ancient grammar in every bloom of green and orange that spreads across its surface, each tied point a small act of craftsmanship repeated across the length of the fabric with patient, unhurried hands. This is a saree of celebrations of Holi mornings and harvest evenings, of weddings where the dancing goes on past midnight. Light enough to wear all day, vivid enough to be remembered.",@context | @type | productID | sku | name | description | image | brand | category | additionalProperty | offers | itemCondition | material,@type | price | priceCurrency | availability | url | seller,,,@type | name,no,no,yes,yes,,page-L2NvbGxlY3Rpb24vZm9yZXN0LWZsYW1lLXRpZS1keWUtc2lsaw-schema-3 in seo-inventory-raw.json
/collection/forest-flame-tie-dye-silk,app/(site)/collection/[slug]/page.tsx | lib/seo/json-ld.ts,PropertyValue,root.additionalProperty[1].@type,Forest & Flame Tie Dye Silk,"Before the loom, there is the knot. Tie and dye is among the oldest of textile arts, a practice of resistance and release, where colour is not applied but coaxed, not painted but persuaded. This light silk saree carries that ancient grammar in every bloom of green and orange that spreads across its surface, each tied point a small act of craftsmanship repeated across the length of the fabric with patient, unhurried hands. This is a saree of celebrations of Holi mornings and harvest evenings, of weddings where the dancing goes on past midnight. Light enough to wear all day, vivid enough to be remembered.",@context | @type | productID | sku | name | description | image | brand | category | additionalProperty | offers | itemCondition | material,@type | price | priceCurrency | availability | url | seller,,,@type | name,no,no,yes,yes,,page-L2NvbGxlY3Rpb24vZm9yZXN0LWZsYW1lLXRpZS1keWUtc2lsaw-schema-3 in seo-inventory-raw.json
/collection/forest-flame-tie-dye-silk,app/(site)/collection/[slug]/page.tsx | lib/seo/json-ld.ts,Offer,root.offers.@type,Forest & Flame Tie Dye Silk,"Before the loom, there is the knot. Tie and dye is among the oldest of textile arts, a practice of resistance and release, where colour is not applied but coaxed, not painted but persuaded. This light silk saree carries that ancient grammar in every bloom of green and orange that spreads across its surface, each tied point a small act of craftsmanship repeated across the length of the fabric with patient, unhurried hands. This is a saree of celebrations of Holi mornings and harvest evenings, of weddings where the dancing goes on past midnight. Light enough to wear all day, vivid enough to be remembered.",@context | @type | productID | sku | name | description | image | brand | category | additionalProperty | offers | itemCondition | material,@type | price | priceCurrency | availability | url | seller,,,@type | name,no,no,yes,yes,,page-L2NvbGxlY3Rpb24vZm9yZXN0LWZsYW1lLXRpZS1keWUtc2lsaw-schema-3 in seo-inventory-raw.json
/collection/forest-flame-tie-dye-silk,app/(site)/collection/[slug]/page.tsx | lib/seo/json-ld.ts,Organization,root.offers.seller.@type,Forest & Flame Tie Dye Silk,"Before the loom, there is the knot. Tie and dye is among the oldest of textile arts, a practice of resistance and release, where colour is not applied but coaxed, not painted but persuaded. This light silk saree carries that ancient grammar in every bloom of green and orange that spreads across its surface, each tied point a small act of craftsmanship repeated across the length of the fabric with patient, unhurried hands. This is a saree of celebrations of Holi mornings and harvest evenings, of weddings where the dancing goes on past midnight. Light enough to wear all day, vivid enough to be remembered.",@context | @type | productID | sku | name | description | image | brand | category | additionalProperty | offers | itemCondition | material,@type | price | priceCurrency | availability | url | seller,,,@type | name,no,no,yes,yes,,page-L2NvbGxlY3Rpb24vZm9yZXN0LWZsYW1lLXRpZS1keWUtc2lsaw-schema-3 in seo-inventory-raw.json
/collection/forest-flame-tie-dye-silk,app/(site)/collection/[slug]/page.tsx | lib/seo/json-ld.ts,BreadcrumbList,root.@type,,,,,@context | @type | itemListElement,,,no,no,yes,uncertain,,page-L2NvbGxlY3Rpb24vZm9yZXN0LWZsYW1lLXRpZS1keWUtc2lsaw-schema-4 in seo-inventory-raw.json
/collection/forest-flame-tie-dye-silk,app/(site)/collection/[slug]/page.tsx | lib/seo/json-ld.ts,ListItem,root.itemListElement[0].@type,,,,,@context | @type | itemListElement,,,no,no,yes,uncertain,,page-L2NvbGxlY3Rpb24vZm9yZXN0LWZsYW1lLXRpZS1keWUtc2lsaw-schema-4 in seo-inventory-raw.json
/collection/forest-flame-tie-dye-silk,app/(site)/collection/[slug]/page.tsx | lib/seo/json-ld.ts,ListItem,root.itemListElement[1].@type,,,,,@context | @type | itemListElement,,,no,no,yes,uncertain,,page-L2NvbGxlY3Rpb24vZm9yZXN0LWZsYW1lLXRpZS1keWUtc2lsaw-schema-4 in seo-inventory-raw.json
/collection/forest-flame-tie-dye-silk,app/(site)/collection/[slug]/page.tsx | lib/seo/json-ld.ts,ListItem,root.itemListElement[2].@type,,,,,@context | @type | itemListElement,,,no,no,yes,uncertain,,page-L2NvbGxlY3Rpb24vZm9yZXN0LWZsYW1lLXRpZS1keWUtc2lsaw-schema-4 in seo-inventory-raw.json
/collection/moonstone-cream-mauve-border-saree,app/(site)/collection/[slug]/page.tsx | lib/seo/json-ld.ts,OnlineStore,root.@type,From The Trunk,"Curated collection of authenticated, pre-loved luxury sarees with provenance.",,,,,@context | @type | name | url | logo | email | sameAs | description | contactPoint,no,no,yes,uncertain,,page-L2NvbGxlY3Rpb24vbW9vbnN0b25lLWNyZWFtLW1hdXZlLWJvcmRlci1zYXJlZQ-schema-1 in seo-inventory-raw.json
/collection/moonstone-cream-mauve-border-saree,app/(site)/collection/[slug]/page.tsx | lib/seo/json-ld.ts,ContactPoint,root.contactPoint.@type,From The Trunk,"Curated collection of authenticated, pre-loved luxury sarees with provenance.",,,,,@context | @type | name | url | logo | email | sameAs | description | contactPoint,no,no,yes,uncertain,,page-L2NvbGxlY3Rpb24vbW9vbnN0b25lLWNyZWFtLW1hdXZlLWJvcmRlci1zYXJlZQ-schema-1 in seo-inventory-raw.json
/collection/moonstone-cream-mauve-border-saree,app/(site)/collection/[slug]/page.tsx | lib/seo/json-ld.ts,WebSite,root.@type,From The Trunk,,,,,,@type | name | logo,no,no,yes,uncertain,,page-L2NvbGxlY3Rpb24vbW9vbnN0b25lLWNyZWFtLW1hdXZlLWJvcmRlci1zYXJlZQ-schema-2 in seo-inventory-raw.json
/collection/moonstone-cream-mauve-border-saree,app/(site)/collection/[slug]/page.tsx | lib/seo/json-ld.ts,Organization,root.publisher.@type,From The Trunk,,,,,,@type | name | logo,no,no,yes,uncertain,,page-L2NvbGxlY3Rpb24vbW9vbnN0b25lLWNyZWFtLW1hdXZlLWJvcmRlci1zYXJlZQ-schema-2 in seo-inventory-raw.json
/collection/moonstone-cream-mauve-border-saree,app/(site)/collection/[slug]/page.tsx | lib/seo/json-ld.ts,Product,root.@type,Moonstone Cream Mauve Border Saree,"Cream is the colour of quiet confidence. Not the blankness of white, not the warmth of ivory at its deepest, but that particular in-between tone that holds light without reflecting it, that makes every other colour placed beside it appear more considered. This saree begins there, on a cream ground that is essentially a canvas: still, composed, waiting. 
This is a saree for occasions that ask for presence without spectacle an evening reception, a quiet celebration, a moment that deserves to be dressed for.",@context | @type | productID | sku | name | description | image | brand | category | additionalProperty | offers | itemCondition | material,@type | price | priceCurrency | availability | url | seller,,,@type | name,no,no,yes,yes,,page-L2NvbGxlY3Rpb24vbW9vbnN0b25lLWNyZWFtLW1hdXZlLWJvcmRlci1zYXJlZQ-schema-3 in seo-inventory-raw.json
/collection/moonstone-cream-mauve-border-saree,app/(site)/collection/[slug]/page.tsx | lib/seo/json-ld.ts,Brand,root.brand.@type,Moonstone Cream Mauve Border Saree,"Cream is the colour of quiet confidence. Not the blankness of white, not the warmth of ivory at its deepest, but that particular in-between tone that holds light without reflecting it, that makes every other colour placed beside it appear more considered. This saree begins there, on a cream ground that is essentially a canvas: still, composed, waiting. 
This is a saree for occasions that ask for presence without spectacle an evening reception, a quiet celebration, a moment that deserves to be dressed for.",@context | @type | productID | sku | name | description | image | brand | category | additionalProperty | offers | itemCondition | material,@type | price | priceCurrency | availability | url | seller,,,@type | name,no,no,yes,yes,,page-L2NvbGxlY3Rpb24vbW9vbnN0b25lLWNyZWFtLW1hdXZlLWJvcmRlci1zYXJlZQ-schema-3 in seo-inventory-raw.json
/collection/moonstone-cream-mauve-border-saree,app/(site)/collection/[slug]/page.tsx | lib/seo/json-ld.ts,PropertyValue,root.additionalProperty[0].@type,Moonstone Cream Mauve Border Saree,"Cream is the colour of quiet confidence. Not the blankness of white, not the warmth of ivory at its deepest, but that particular in-between tone that holds light without reflecting it, that makes every other colour placed beside it appear more considered. This saree begins there, on a cream ground that is essentially a canvas: still, composed, waiting. 
This is a saree for occasions that ask for presence without spectacle an evening reception, a quiet celebration, a moment that deserves to be dressed for.",@context | @type | productID | sku | name | description | image | brand | category | additionalProperty | offers | itemCondition | material,@type | price | priceCurrency | availability | url | seller,,,@type | name,no,no,yes,yes,,page-L2NvbGxlY3Rpb24vbW9vbnN0b25lLWNyZWFtLW1hdXZlLWJvcmRlci1zYXJlZQ-schema-3 in seo-inventory-raw.json
/collection/moonstone-cream-mauve-border-saree,app/(site)/collection/[slug]/page.tsx | lib/seo/json-ld.ts,PropertyValue,root.additionalProperty[1].@type,Moonstone Cream Mauve Border Saree,"Cream is the colour of quiet confidence. Not the blankness of white, not the warmth of ivory at its deepest, but that particular in-between tone that holds light without reflecting it, that makes every other colour placed beside it appear more considered. This saree begins there, on a cream ground that is essentially a canvas: still, composed, waiting. 
This is a saree for occasions that ask for presence without spectacle an evening reception, a quiet celebration, a moment that deserves to be dressed for.",@context | @type | productID | sku | name | description | image | brand | category | additionalProperty | offers | itemCondition | material,@type | price | priceCurrency | availability | url | seller,,,@type | name,no,no,yes,yes,,page-L2NvbGxlY3Rpb24vbW9vbnN0b25lLWNyZWFtLW1hdXZlLWJvcmRlci1zYXJlZQ-schema-3 in seo-inventory-raw.json
/collection/moonstone-cream-mauve-border-saree,app/(site)/collection/[slug]/page.tsx | lib/seo/json-ld.ts,Offer,root.offers.@type,Moonstone Cream Mauve Border Saree,"Cream is the colour of quiet confidence. Not the blankness of white, not the warmth of ivory at its deepest, but that particular in-between tone that holds light without reflecting it, that makes every other colour placed beside it appear more considered. This saree begins there, on a cream ground that is essentially a canvas: still, composed, waiting. 
This is a saree for occasions that ask for presence without spectacle an evening reception, a quiet celebration, a moment that deserves to be dressed for.",@context | @type | productID | sku | name | description | image | brand | category | additionalProperty | offers | itemCondition | material,@type | price | priceCurrency | availability | url | seller,,,@type | name,no,no,yes,yes,,page-L2NvbGxlY3Rpb24vbW9vbnN0b25lLWNyZWFtLW1hdXZlLWJvcmRlci1zYXJlZQ-schema-3 in seo-inventory-raw.json
/collection/moonstone-cream-mauve-border-saree,app/(site)/collection/[slug]/page.tsx | lib/seo/json-ld.ts,Organization,root.offers.seller.@type,Moonstone Cream Mauve Border Saree,"Cream is the colour of quiet confidence. Not the blankness of white, not the warmth of ivory at its deepest, but that particular in-between tone that holds light without reflecting it, that makes every other colour placed beside it appear more considered. This saree begins there, on a cream ground that is essentially a canvas: still, composed, waiting. 
This is a saree for occasions that ask for presence without spectacle an evening reception, a quiet celebration, a moment that deserves to be dressed for.",@context | @type | productID | sku | name | description | image | brand | category | additionalProperty | offers | itemCondition | material,@type | price | priceCurrency | availability | url | seller,,,@type | name,no,no,yes,yes,,page-L2NvbGxlY3Rpb24vbW9vbnN0b25lLWNyZWFtLW1hdXZlLWJvcmRlci1zYXJlZQ-schema-3 in seo-inventory-raw.json
/collection/moonstone-cream-mauve-border-saree,app/(site)/collection/[slug]/page.tsx | lib/seo/json-ld.ts,BreadcrumbList,root.@type,,,,,@context | @type | itemListElement,,,no,no,yes,uncertain,,page-L2NvbGxlY3Rpb24vbW9vbnN0b25lLWNyZWFtLW1hdXZlLWJvcmRlci1zYXJlZQ-schema-4 in seo-inventory-raw.json
/collection/moonstone-cream-mauve-border-saree,app/(site)/collection/[slug]/page.tsx | lib/seo/json-ld.ts,ListItem,root.itemListElement[0].@type,,,,,@context | @type | itemListElement,,,no,no,yes,uncertain,,page-L2NvbGxlY3Rpb24vbW9vbnN0b25lLWNyZWFtLW1hdXZlLWJvcmRlci1zYXJlZQ-schema-4 in seo-inventory-raw.json
/collection/moonstone-cream-mauve-border-saree,app/(site)/collection/[slug]/page.tsx | lib/seo/json-ld.ts,ListItem,root.itemListElement[1].@type,,,,,@context | @type | itemListElement,,,no,no,yes,uncertain,,page-L2NvbGxlY3Rpb24vbW9vbnN0b25lLWNyZWFtLW1hdXZlLWJvcmRlci1zYXJlZQ-schema-4 in seo-inventory-raw.json
/collection/moonstone-cream-mauve-border-saree,app/(site)/collection/[slug]/page.tsx | lib/seo/json-ld.ts,ListItem,root.itemListElement[2].@type,,,,,@context | @type | itemListElement,,,no,no,yes,uncertain,,page-L2NvbGxlY3Rpb24vbW9vbnN0b25lLWNyZWFtLW1hdXZlLWJvcmRlci1zYXJlZQ-schema-4 in seo-inventory-raw.json
/collection/marigold-moss-cotton,app/(site)/collection/[slug]/page.tsx | lib/seo/json-ld.ts,OnlineStore,root.@type,From The Trunk,"Curated collection of authenticated, pre-loved luxury sarees with provenance.",,,,,@context | @type | name | url | logo | email | sameAs | description | contactPoint,no,no,yes,uncertain,,page-L2NvbGxlY3Rpb24vbWFyaWdvbGQtbW9zcy1jb3R0b24-schema-1 in seo-inventory-raw.json
/collection/marigold-moss-cotton,app/(site)/collection/[slug]/page.tsx | lib/seo/json-ld.ts,ContactPoint,root.contactPoint.@type,From The Trunk,"Curated collection of authenticated, pre-loved luxury sarees with provenance.",,,,,@context | @type | name | url | logo | email | sameAs | description | contactPoint,no,no,yes,uncertain,,page-L2NvbGxlY3Rpb24vbWFyaWdvbGQtbW9zcy1jb3R0b24-schema-1 in seo-inventory-raw.json
/collection/marigold-moss-cotton,app/(site)/collection/[slug]/page.tsx | lib/seo/json-ld.ts,WebSite,root.@type,From The Trunk,,,,,,@type | name | logo,no,no,yes,uncertain,,page-L2NvbGxlY3Rpb24vbWFyaWdvbGQtbW9zcy1jb3R0b24-schema-2 in seo-inventory-raw.json
/collection/marigold-moss-cotton,app/(site)/collection/[slug]/page.tsx | lib/seo/json-ld.ts,Organization,root.publisher.@type,From The Trunk,,,,,,@type | name | logo,no,no,yes,uncertain,,page-L2NvbGxlY3Rpb24vbWFyaWdvbGQtbW9zcy1jb3R0b24-schema-2 in seo-inventory-raw.json
/collection/marigold-moss-cotton,app/(site)/collection/[slug]/page.tsx | lib/seo/json-ld.ts,Product,root.@type,Marigold & Moss cotton,"Handwoven in a fine cotton that breathes with the ease only natural fibre allows, the cloth has a gentle, lived-in softness that speaks of considered craft. The weave is close and even, a testament to a weaver who understood that restraint in technique is its own form of artistry. The interplay of marigold and moss runs through the body of the saree with an unhurried confidence neither colour overwhelming the other.  This is a saree for the woman who dresses with intention. Who reaches for something because it feels right, not because it announces itself.",@context | @type | productID | sku | name | description | image | brand | category | additionalProperty | offers | itemCondition | material,@type | price | priceCurrency | availability | url | seller,,,@type | name,no,no,yes,yes,,page-L2NvbGxlY3Rpb24vbWFyaWdvbGQtbW9zcy1jb3R0b24-schema-3 in seo-inventory-raw.json
/collection/marigold-moss-cotton,app/(site)/collection/[slug]/page.tsx | lib/seo/json-ld.ts,Brand,root.brand.@type,Marigold & Moss cotton,"Handwoven in a fine cotton that breathes with the ease only natural fibre allows, the cloth has a gentle, lived-in softness that speaks of considered craft. The weave is close and even, a testament to a weaver who understood that restraint in technique is its own form of artistry. The interplay of marigold and moss runs through the body of the saree with an unhurried confidence neither colour overwhelming the other.  This is a saree for the woman who dresses with intention. Who reaches for something because it feels right, not because it announces itself.",@context | @type | productID | sku | name | description | image | brand | category | additionalProperty | offers | itemCondition | material,@type | price | priceCurrency | availability | url | seller,,,@type | name,no,no,yes,yes,,page-L2NvbGxlY3Rpb24vbWFyaWdvbGQtbW9zcy1jb3R0b24-schema-3 in seo-inventory-raw.json
/collection/marigold-moss-cotton,app/(site)/collection/[slug]/page.tsx | lib/seo/json-ld.ts,PropertyValue,root.additionalProperty[0].@type,Marigold & Moss cotton,"Handwoven in a fine cotton that breathes with the ease only natural fibre allows, the cloth has a gentle, lived-in softness that speaks of considered craft. The weave is close and even, a testament to a weaver who understood that restraint in technique is its own form of artistry. The interplay of marigold and moss runs through the body of the saree with an unhurried confidence neither colour overwhelming the other.  This is a saree for the woman who dresses with intention. Who reaches for something because it feels right, not because it announces itself.",@context | @type | productID | sku | name | description | image | brand | category | additionalProperty | offers | itemCondition | material,@type | price | priceCurrency | availability | url | seller,,,@type | name,no,no,yes,yes,,page-L2NvbGxlY3Rpb24vbWFyaWdvbGQtbW9zcy1jb3R0b24-schema-3 in seo-inventory-raw.json
/collection/marigold-moss-cotton,app/(site)/collection/[slug]/page.tsx | lib/seo/json-ld.ts,PropertyValue,root.additionalProperty[1].@type,Marigold & Moss cotton,"Handwoven in a fine cotton that breathes with the ease only natural fibre allows, the cloth has a gentle, lived-in softness that speaks of considered craft. The weave is close and even, a testament to a weaver who understood that restraint in technique is its own form of artistry. The interplay of marigold and moss runs through the body of the saree with an unhurried confidence neither colour overwhelming the other.  This is a saree for the woman who dresses with intention. Who reaches for something because it feels right, not because it announces itself.",@context | @type | productID | sku | name | description | image | brand | category | additionalProperty | offers | itemCondition | material,@type | price | priceCurrency | availability | url | seller,,,@type | name,no,no,yes,yes,,page-L2NvbGxlY3Rpb24vbWFyaWdvbGQtbW9zcy1jb3R0b24-schema-3 in seo-inventory-raw.json
/collection/marigold-moss-cotton,app/(site)/collection/[slug]/page.tsx | lib/seo/json-ld.ts,Offer,root.offers.@type,Marigold & Moss cotton,"Handwoven in a fine cotton that breathes with the ease only natural fibre allows, the cloth has a gentle, lived-in softness that speaks of considered craft. The weave is close and even, a testament to a weaver who understood that restraint in technique is its own form of artistry. The interplay of marigold and moss runs through the body of the saree with an unhurried confidence neither colour overwhelming the other.  This is a saree for the woman who dresses with intention. Who reaches for something because it feels right, not because it announces itself.",@context | @type | productID | sku | name | description | image | brand | category | additionalProperty | offers | itemCondition | material,@type | price | priceCurrency | availability | url | seller,,,@type | name,no,no,yes,yes,,page-L2NvbGxlY3Rpb24vbWFyaWdvbGQtbW9zcy1jb3R0b24-schema-3 in seo-inventory-raw.json
/collection/marigold-moss-cotton,app/(site)/collection/[slug]/page.tsx | lib/seo/json-ld.ts,Organization,root.offers.seller.@type,Marigold & Moss cotton,"Handwoven in a fine cotton that breathes with the ease only natural fibre allows, the cloth has a gentle, lived-in softness that speaks of considered craft. The weave is close and even, a testament to a weaver who understood that restraint in technique is its own form of artistry. The interplay of marigold and moss runs through the body of the saree with an unhurried confidence neither colour overwhelming the other.  This is a saree for the woman who dresses with intention. Who reaches for something because it feels right, not because it announces itself.",@context | @type | productID | sku | name | description | image | brand | category | additionalProperty | offers | itemCondition | material,@type | price | priceCurrency | availability | url | seller,,,@type | name,no,no,yes,yes,,page-L2NvbGxlY3Rpb24vbWFyaWdvbGQtbW9zcy1jb3R0b24-schema-3 in seo-inventory-raw.json
/collection/marigold-moss-cotton,app/(site)/collection/[slug]/page.tsx | lib/seo/json-ld.ts,BreadcrumbList,root.@type,,,,,@context | @type | itemListElement,,,no,no,yes,uncertain,,page-L2NvbGxlY3Rpb24vbWFyaWdvbGQtbW9zcy1jb3R0b24-schema-4 in seo-inventory-raw.json
/collection/marigold-moss-cotton,app/(site)/collection/[slug]/page.tsx | lib/seo/json-ld.ts,ListItem,root.itemListElement[0].@type,,,,,@context | @type | itemListElement,,,no,no,yes,uncertain,,page-L2NvbGxlY3Rpb24vbWFyaWdvbGQtbW9zcy1jb3R0b24-schema-4 in seo-inventory-raw.json
/collection/marigold-moss-cotton,app/(site)/collection/[slug]/page.tsx | lib/seo/json-ld.ts,ListItem,root.itemListElement[1].@type,,,,,@context | @type | itemListElement,,,no,no,yes,uncertain,,page-L2NvbGxlY3Rpb24vbWFyaWdvbGQtbW9zcy1jb3R0b24-schema-4 in seo-inventory-raw.json
/collection/marigold-moss-cotton,app/(site)/collection/[slug]/page.tsx | lib/seo/json-ld.ts,ListItem,root.itemListElement[2].@type,,,,,@context | @type | itemListElement,,,no,no,yes,uncertain,,page-L2NvbGxlY3Rpb24vbWFyaWdvbGQtbW9zcy1jb3R0b24-schema-4 in seo-inventory-raw.json
/collection/midnight-garden-georgette-saree,app/(site)/collection/[slug]/page.tsx | lib/seo/json-ld.ts,OnlineStore,root.@type,From The Trunk,"Curated collection of authenticated, pre-loved luxury sarees with provenance.",,,,,@context | @type | name | url | logo | email | sameAs | description | contactPoint,no,no,yes,uncertain,,page-L2NvbGxlY3Rpb24vbWlkbmlnaHQtZ2FyZGVuLWdlb3JnZXR0ZS1zYXJlZQ-schema-1 in seo-inventory-raw.json
/collection/midnight-garden-georgette-saree,app/(site)/collection/[slug]/page.tsx | lib/seo/json-ld.ts,ContactPoint,root.contactPoint.@type,From The Trunk,"Curated collection of authenticated, pre-loved luxury sarees with provenance.",,,,,@context | @type | name | url | logo | email | sameAs | description | contactPoint,no,no,yes,uncertain,,page-L2NvbGxlY3Rpb24vbWlkbmlnaHQtZ2FyZGVuLWdlb3JnZXR0ZS1zYXJlZQ-schema-1 in seo-inventory-raw.json
/collection/midnight-garden-georgette-saree,app/(site)/collection/[slug]/page.tsx | lib/seo/json-ld.ts,WebSite,root.@type,From The Trunk,,,,,,@type | name | logo,no,no,yes,uncertain,,page-L2NvbGxlY3Rpb24vbWlkbmlnaHQtZ2FyZGVuLWdlb3JnZXR0ZS1zYXJlZQ-schema-2 in seo-inventory-raw.json
/collection/midnight-garden-georgette-saree,app/(site)/collection/[slug]/page.tsx | lib/seo/json-ld.ts,Organization,root.publisher.@type,From The Trunk,,,,,,@type | name | logo,no,no,yes,uncertain,,page-L2NvbGxlY3Rpb24vbWlkbmlnaHQtZ2FyZGVuLWdlb3JnZXR0ZS1zYXJlZQ-schema-2 in seo-inventory-raw.json
/collection/midnight-garden-georgette-saree,app/(site)/collection/[slug]/page.tsx | lib/seo/json-ld.ts,Product,root.@type,Midnight Garden Georgette Saree,"Georgette, with its characteristic crêpe texture and gentle drape, was the fabric of considered dressing chosen by women who valued movement and grace over stiffness. This saree falls with that same ease: fluid at the shoulder, soft at the pallu, and alive in any breeze.",@context | @type | productID | sku | name | description | image | brand | category | additionalProperty | offers | itemCondition | material,@type | price | priceCurrency | availability | url | seller,,,@type | name,no,no,yes,yes,,page-L2NvbGxlY3Rpb24vbWlkbmlnaHQtZ2FyZGVuLWdlb3JnZXR0ZS1zYXJlZQ-schema-3 in seo-inventory-raw.json
/collection/midnight-garden-georgette-saree,app/(site)/collection/[slug]/page.tsx | lib/seo/json-ld.ts,Brand,root.brand.@type,Midnight Garden Georgette Saree,"Georgette, with its characteristic crêpe texture and gentle drape, was the fabric of considered dressing chosen by women who valued movement and grace over stiffness. This saree falls with that same ease: fluid at the shoulder, soft at the pallu, and alive in any breeze.",@context | @type | productID | sku | name | description | image | brand | category | additionalProperty | offers | itemCondition | material,@type | price | priceCurrency | availability | url | seller,,,@type | name,no,no,yes,yes,,page-L2NvbGxlY3Rpb24vbWlkbmlnaHQtZ2FyZGVuLWdlb3JnZXR0ZS1zYXJlZQ-schema-3 in seo-inventory-raw.json
/collection/midnight-garden-georgette-saree,app/(site)/collection/[slug]/page.tsx | lib/seo/json-ld.ts,PropertyValue,root.additionalProperty[0].@type,Midnight Garden Georgette Saree,"Georgette, with its characteristic crêpe texture and gentle drape, was the fabric of considered dressing chosen by women who valued movement and grace over stiffness. This saree falls with that same ease: fluid at the shoulder, soft at the pallu, and alive in any breeze.",@context | @type | productID | sku | name | description | image | brand | category | additionalProperty | offers | itemCondition | material,@type | price | priceCurrency | availability | url | seller,,,@type | name,no,no,yes,yes,,page-L2NvbGxlY3Rpb24vbWlkbmlnaHQtZ2FyZGVuLWdlb3JnZXR0ZS1zYXJlZQ-schema-3 in seo-inventory-raw.json
/collection/midnight-garden-georgette-saree,app/(site)/collection/[slug]/page.tsx | lib/seo/json-ld.ts,PropertyValue,root.additionalProperty[1].@type,Midnight Garden Georgette Saree,"Georgette, with its characteristic crêpe texture and gentle drape, was the fabric of considered dressing chosen by women who valued movement and grace over stiffness. This saree falls with that same ease: fluid at the shoulder, soft at the pallu, and alive in any breeze.",@context | @type | productID | sku | name | description | image | brand | category | additionalProperty | offers | itemCondition | material,@type | price | priceCurrency | availability | url | seller,,,@type | name,no,no,yes,yes,,page-L2NvbGxlY3Rpb24vbWlkbmlnaHQtZ2FyZGVuLWdlb3JnZXR0ZS1zYXJlZQ-schema-3 in seo-inventory-raw.json
/collection/midnight-garden-georgette-saree,app/(site)/collection/[slug]/page.tsx | lib/seo/json-ld.ts,Offer,root.offers.@type,Midnight Garden Georgette Saree,"Georgette, with its characteristic crêpe texture and gentle drape, was the fabric of considered dressing chosen by women who valued movement and grace over stiffness. This saree falls with that same ease: fluid at the shoulder, soft at the pallu, and alive in any breeze.",@context | @type | productID | sku | name | description | image | brand | category | additionalProperty | offers | itemCondition | material,@type | price | priceCurrency | availability | url | seller,,,@type | name,no,no,yes,yes,,page-L2NvbGxlY3Rpb24vbWlkbmlnaHQtZ2FyZGVuLWdlb3JnZXR0ZS1zYXJlZQ-schema-3 in seo-inventory-raw.json
/collection/midnight-garden-georgette-saree,app/(site)/collection/[slug]/page.tsx | lib/seo/json-ld.ts,Organization,root.offers.seller.@type,Midnight Garden Georgette Saree,"Georgette, with its characteristic crêpe texture and gentle drape, was the fabric of considered dressing chosen by women who valued movement and grace over stiffness. This saree falls with that same ease: fluid at the shoulder, soft at the pallu, and alive in any breeze.",@context | @type | productID | sku | name | description | image | brand | category | additionalProperty | offers | itemCondition | material,@type | price | priceCurrency | availability | url | seller,,,@type | name,no,no,yes,yes,,page-L2NvbGxlY3Rpb24vbWlkbmlnaHQtZ2FyZGVuLWdlb3JnZXR0ZS1zYXJlZQ-schema-3 in seo-inventory-raw.json
/collection/midnight-garden-georgette-saree,app/(site)/collection/[slug]/page.tsx | lib/seo/json-ld.ts,BreadcrumbList,root.@type,,,,,@context | @type | itemListElement,,,no,no,yes,uncertain,,page-L2NvbGxlY3Rpb24vbWlkbmlnaHQtZ2FyZGVuLWdlb3JnZXR0ZS1zYXJlZQ-schema-4 in seo-inventory-raw.json
/collection/midnight-garden-georgette-saree,app/(site)/collection/[slug]/page.tsx | lib/seo/json-ld.ts,ListItem,root.itemListElement[0].@type,,,,,@context | @type | itemListElement,,,no,no,yes,uncertain,,page-L2NvbGxlY3Rpb24vbWlkbmlnaHQtZ2FyZGVuLWdlb3JnZXR0ZS1zYXJlZQ-schema-4 in seo-inventory-raw.json
/collection/midnight-garden-georgette-saree,app/(site)/collection/[slug]/page.tsx | lib/seo/json-ld.ts,ListItem,root.itemListElement[1].@type,,,,,@context | @type | itemListElement,,,no,no,yes,uncertain,,page-L2NvbGxlY3Rpb24vbWlkbmlnaHQtZ2FyZGVuLWdlb3JnZXR0ZS1zYXJlZQ-schema-4 in seo-inventory-raw.json
/collection/midnight-garden-georgette-saree,app/(site)/collection/[slug]/page.tsx | lib/seo/json-ld.ts,ListItem,root.itemListElement[2].@type,,,,,@context | @type | itemListElement,,,no,no,yes,uncertain,,page-L2NvbGxlY3Rpb24vbWlkbmlnaHQtZ2FyZGVuLWdlb3JnZXR0ZS1zYXJlZQ-schema-4 in seo-inventory-raw.json
/collection/verdant-bloom-silk-burgundy-gold-border,app/(site)/collection/[slug]/page.tsx | lib/seo/json-ld.ts,OnlineStore,root.@type,From The Trunk,"Curated collection of authenticated, pre-loved luxury sarees with provenance.",,,,,@context | @type | name | url | logo | email | sameAs | description | contactPoint,no,no,yes,uncertain,,page-L2NvbGxlY3Rpb24vdmVyZGFudC1ibG9vbS1zaWxrLWJ1cmd1bmR5LWdvbGQtYm9yZGVy-schema-1 in seo-inventory-raw.json
/collection/verdant-bloom-silk-burgundy-gold-border,app/(site)/collection/[slug]/page.tsx | lib/seo/json-ld.ts,ContactPoint,root.contactPoint.@type,From The Trunk,"Curated collection of authenticated, pre-loved luxury sarees with provenance.",,,,,@context | @type | name | url | logo | email | sameAs | description | contactPoint,no,no,yes,uncertain,,page-L2NvbGxlY3Rpb24vdmVyZGFudC1ibG9vbS1zaWxrLWJ1cmd1bmR5LWdvbGQtYm9yZGVy-schema-1 in seo-inventory-raw.json
/collection/verdant-bloom-silk-burgundy-gold-border,app/(site)/collection/[slug]/page.tsx | lib/seo/json-ld.ts,WebSite,root.@type,From The Trunk,,,,,,@type | name | logo,no,no,yes,uncertain,,page-L2NvbGxlY3Rpb24vdmVyZGFudC1ibG9vbS1zaWxrLWJ1cmd1bmR5LWdvbGQtYm9yZGVy-schema-2 in seo-inventory-raw.json
/collection/verdant-bloom-silk-burgundy-gold-border,app/(site)/collection/[slug]/page.tsx | lib/seo/json-ld.ts,Organization,root.publisher.@type,From The Trunk,,,,,,@type | name | logo,no,no,yes,uncertain,,page-L2NvbGxlY3Rpb24vdmVyZGFudC1ibG9vbS1zaWxrLWJ1cmd1bmR5LWdvbGQtYm9yZGVy-schema-2 in seo-inventory-raw.json
/collection/verdant-bloom-silk-burgundy-gold-border,app/(site)/collection/[slug]/page.tsx | lib/seo/json-ld.ts,Product,root.@type,Green Garden Silk Burgundy Zari Edge,"The border arrives as counterpoint a sweep of burgundy anchored in gold zari, the warmth of the wine-dark tone drawing the eye and grounding the saree's florals in something richer and more ceremonial. This interplay of forest green and deep burgundy is a pairing with deep roots in Indian textile tradition, found in the trousseau sarees of great households where colour was chosen not for fashion but for meaning: green for abundance, burgundy for depth of feeling, gold for the occasion that gathers them both.",@context | @type | productID | sku | name | description | image | brand | category | additionalProperty | offers | itemCondition | material,@type | price | priceCurrency | availability | url | seller,,,@type | name,no,no,yes,yes,,page-L2NvbGxlY3Rpb24vdmVyZGFudC1ibG9vbS1zaWxrLWJ1cmd1bmR5LWdvbGQtYm9yZGVy-schema-3 in seo-inventory-raw.json
/collection/verdant-bloom-silk-burgundy-gold-border,app/(site)/collection/[slug]/page.tsx | lib/seo/json-ld.ts,Brand,root.brand.@type,Green Garden Silk Burgundy Zari Edge,"The border arrives as counterpoint a sweep of burgundy anchored in gold zari, the warmth of the wine-dark tone drawing the eye and grounding the saree's florals in something richer and more ceremonial. This interplay of forest green and deep burgundy is a pairing with deep roots in Indian textile tradition, found in the trousseau sarees of great households where colour was chosen not for fashion but for meaning: green for abundance, burgundy for depth of feeling, gold for the occasion that gathers them both.",@context | @type | productID | sku | name | description | image | brand | category | additionalProperty | offers | itemCondition | material,@type | price | priceCurrency | availability | url | seller,,,@type | name,no,no,yes,yes,,page-L2NvbGxlY3Rpb24vdmVyZGFudC1ibG9vbS1zaWxrLWJ1cmd1bmR5LWdvbGQtYm9yZGVy-schema-3 in seo-inventory-raw.json
/collection/verdant-bloom-silk-burgundy-gold-border,app/(site)/collection/[slug]/page.tsx | lib/seo/json-ld.ts,PropertyValue,root.additionalProperty[0].@type,Green Garden Silk Burgundy Zari Edge,"The border arrives as counterpoint a sweep of burgundy anchored in gold zari, the warmth of the wine-dark tone drawing the eye and grounding the saree's florals in something richer and more ceremonial. This interplay of forest green and deep burgundy is a pairing with deep roots in Indian textile tradition, found in the trousseau sarees of great households where colour was chosen not for fashion but for meaning: green for abundance, burgundy for depth of feeling, gold for the occasion that gathers them both.",@context | @type | productID | sku | name | description | image | brand | category | additionalProperty | offers | itemCondition | material,@type | price | priceCurrency | availability | url | seller,,,@type | name,no,no,yes,yes,,page-L2NvbGxlY3Rpb24vdmVyZGFudC1ibG9vbS1zaWxrLWJ1cmd1bmR5LWdvbGQtYm9yZGVy-schema-3 in seo-inventory-raw.json
/collection/verdant-bloom-silk-burgundy-gold-border,app/(site)/collection/[slug]/page.tsx | lib/seo/json-ld.ts,PropertyValue,root.additionalProperty[1].@type,Green Garden Silk Burgundy Zari Edge,"The border arrives as counterpoint a sweep of burgundy anchored in gold zari, the warmth of the wine-dark tone drawing the eye and grounding the saree's florals in something richer and more ceremonial. This interplay of forest green and deep burgundy is a pairing with deep roots in Indian textile tradition, found in the trousseau sarees of great households where colour was chosen not for fashion but for meaning: green for abundance, burgundy for depth of feeling, gold for the occasion that gathers them both.",@context | @type | productID | sku | name | description | image | brand | category | additionalProperty | offers | itemCondition | material,@type | price | priceCurrency | availability | url | seller,,,@type | name,no,no,yes,yes,,page-L2NvbGxlY3Rpb24vdmVyZGFudC1ibG9vbS1zaWxrLWJ1cmd1bmR5LWdvbGQtYm9yZGVy-schema-3 in seo-inventory-raw.json
/collection/verdant-bloom-silk-burgundy-gold-border,app/(site)/collection/[slug]/page.tsx | lib/seo/json-ld.ts,Offer,root.offers.@type,Green Garden Silk Burgundy Zari Edge,"The border arrives as counterpoint a sweep of burgundy anchored in gold zari, the warmth of the wine-dark tone drawing the eye and grounding the saree's florals in something richer and more ceremonial. This interplay of forest green and deep burgundy is a pairing with deep roots in Indian textile tradition, found in the trousseau sarees of great households where colour was chosen not for fashion but for meaning: green for abundance, burgundy for depth of feeling, gold for the occasion that gathers them both.",@context | @type | productID | sku | name | description | image | brand | category | additionalProperty | offers | itemCondition | material,@type | price | priceCurrency | availability | url | seller,,,@type | name,no,no,yes,yes,,page-L2NvbGxlY3Rpb24vdmVyZGFudC1ibG9vbS1zaWxrLWJ1cmd1bmR5LWdvbGQtYm9yZGVy-schema-3 in seo-inventory-raw.json
/collection/verdant-bloom-silk-burgundy-gold-border,app/(site)/collection/[slug]/page.tsx | lib/seo/json-ld.ts,Organization,root.offers.seller.@type,Green Garden Silk Burgundy Zari Edge,"The border arrives as counterpoint a sweep of burgundy anchored in gold zari, the warmth of the wine-dark tone drawing the eye and grounding the saree's florals in something richer and more ceremonial. This interplay of forest green and deep burgundy is a pairing with deep roots in Indian textile tradition, found in the trousseau sarees of great households where colour was chosen not for fashion but for meaning: green for abundance, burgundy for depth of feeling, gold for the occasion that gathers them both.",@context | @type | productID | sku | name | description | image | brand | category | additionalProperty | offers | itemCondition | material,@type | price | priceCurrency | availability | url | seller,,,@type | name,no,no,yes,yes,,page-L2NvbGxlY3Rpb24vdmVyZGFudC1ibG9vbS1zaWxrLWJ1cmd1bmR5LWdvbGQtYm9yZGVy-schema-3 in seo-inventory-raw.json
/collection/verdant-bloom-silk-burgundy-gold-border,app/(site)/collection/[slug]/page.tsx | lib/seo/json-ld.ts,BreadcrumbList,root.@type,,,,,@context | @type | itemListElement,,,no,no,yes,uncertain,,page-L2NvbGxlY3Rpb24vdmVyZGFudC1ibG9vbS1zaWxrLWJ1cmd1bmR5LWdvbGQtYm9yZGVy-schema-4 in seo-inventory-raw.json
/collection/verdant-bloom-silk-burgundy-gold-border,app/(site)/collection/[slug]/page.tsx | lib/seo/json-ld.ts,ListItem,root.itemListElement[0].@type,,,,,@context | @type | itemListElement,,,no,no,yes,uncertain,,page-L2NvbGxlY3Rpb24vdmVyZGFudC1ibG9vbS1zaWxrLWJ1cmd1bmR5LWdvbGQtYm9yZGVy-schema-4 in seo-inventory-raw.json
/collection/verdant-bloom-silk-burgundy-gold-border,app/(site)/collection/[slug]/page.tsx | lib/seo/json-ld.ts,ListItem,root.itemListElement[1].@type,,,,,@context | @type | itemListElement,,,no,no,yes,uncertain,,page-L2NvbGxlY3Rpb24vdmVyZGFudC1ibG9vbS1zaWxrLWJ1cmd1bmR5LWdvbGQtYm9yZGVy-schema-4 in seo-inventory-raw.json
/collection/verdant-bloom-silk-burgundy-gold-border,app/(site)/collection/[slug]/page.tsx | lib/seo/json-ld.ts,ListItem,root.itemListElement[2].@type,,,,,@context | @type | itemListElement,,,no,no,yes,uncertain,,page-L2NvbGxlY3Rpb24vdmVyZGFudC1ibG9vbS1zaWxrLWJ1cmd1bmR5LWdvbGQtYm9yZGVy-schema-4 in seo-inventory-raw.json
/collection/pink-katan-triangle-zari-edge,app/(site)/collection/[slug]/page.tsx | lib/seo/json-ld.ts,OnlineStore,root.@type,From The Trunk,"Curated collection of authenticated, pre-loved luxury sarees with provenance.",,,,,@context | @type | name | url | logo | email | sameAs | description | contactPoint,no,no,yes,uncertain,,page-L2NvbGxlY3Rpb24vcGluay1rYXRhbi10cmlhbmdsZS16YXJpLWVkZ2U-schema-1 in seo-inventory-raw.json
/collection/pink-katan-triangle-zari-edge,app/(site)/collection/[slug]/page.tsx | lib/seo/json-ld.ts,ContactPoint,root.contactPoint.@type,From The Trunk,"Curated collection of authenticated, pre-loved luxury sarees with provenance.",,,,,@context | @type | name | url | logo | email | sameAs | description | contactPoint,no,no,yes,uncertain,,page-L2NvbGxlY3Rpb24vcGluay1rYXRhbi10cmlhbmdsZS16YXJpLWVkZ2U-schema-1 in seo-inventory-raw.json
/collection/pink-katan-triangle-zari-edge,app/(site)/collection/[slug]/page.tsx | lib/seo/json-ld.ts,WebSite,root.@type,From The Trunk,,,,,,@type | name | logo,no,no,yes,uncertain,,page-L2NvbGxlY3Rpb24vcGluay1rYXRhbi10cmlhbmdsZS16YXJpLWVkZ2U-schema-2 in seo-inventory-raw.json
/collection/pink-katan-triangle-zari-edge,app/(site)/collection/[slug]/page.tsx | lib/seo/json-ld.ts,Organization,root.publisher.@type,From The Trunk,,,,,,@type | name | logo,no,no,yes,uncertain,,page-L2NvbGxlY3Rpb24vcGluay1rYXRhbi10cmlhbmdsZS16YXJpLWVkZ2U-schema-2 in seo-inventory-raw.json
/collection/pink-katan-triangle-zari-edge,app/(site)/collection/[slug]/page.tsx | lib/seo/json-ld.ts,Product,root.@type,Pink Katan temple border,"Temple borders of this kind were once the signature of sarees gifted at auspicious beginnings a daughter's first puja, a bride's morning ritual, the quiet ceremony of a new household. The motif is ancient in its intention: to carry the sacred at the edge of the everyday, so that every movement of the wearer traces the outline of something holy.",@context | @type | productID | sku | name | description | image | brand | category | additionalProperty | offers | itemCondition | material,@type | price | priceCurrency | availability | url | seller,,,@type | name,no,no,yes,yes,,page-L2NvbGxlY3Rpb24vcGluay1rYXRhbi10cmlhbmdsZS16YXJpLWVkZ2U-schema-3 in seo-inventory-raw.json
/collection/pink-katan-triangle-zari-edge,app/(site)/collection/[slug]/page.tsx | lib/seo/json-ld.ts,Brand,root.brand.@type,Pink Katan temple border,"Temple borders of this kind were once the signature of sarees gifted at auspicious beginnings a daughter's first puja, a bride's morning ritual, the quiet ceremony of a new household. The motif is ancient in its intention: to carry the sacred at the edge of the everyday, so that every movement of the wearer traces the outline of something holy.",@context | @type | productID | sku | name | description | image | brand | category | additionalProperty | offers | itemCondition | material,@type | price | priceCurrency | availability | url | seller,,,@type | name,no,no,yes,yes,,page-L2NvbGxlY3Rpb24vcGluay1rYXRhbi10cmlhbmdsZS16YXJpLWVkZ2U-schema-3 in seo-inventory-raw.json
/collection/pink-katan-triangle-zari-edge,app/(site)/collection/[slug]/page.tsx | lib/seo/json-ld.ts,PropertyValue,root.additionalProperty[0].@type,Pink Katan temple border,"Temple borders of this kind were once the signature of sarees gifted at auspicious beginnings a daughter's first puja, a bride's morning ritual, the quiet ceremony of a new household. The motif is ancient in its intention: to carry the sacred at the edge of the everyday, so that every movement of the wearer traces the outline of something holy.",@context | @type | productID | sku | name | description | image | brand | category | additionalProperty | offers | itemCondition | material,@type | price | priceCurrency | availability | url | seller,,,@type | name,no,no,yes,yes,,page-L2NvbGxlY3Rpb24vcGluay1rYXRhbi10cmlhbmdsZS16YXJpLWVkZ2U-schema-3 in seo-inventory-raw.json
/collection/pink-katan-triangle-zari-edge,app/(site)/collection/[slug]/page.tsx | lib/seo/json-ld.ts,PropertyValue,root.additionalProperty[1].@type,Pink Katan temple border,"Temple borders of this kind were once the signature of sarees gifted at auspicious beginnings a daughter's first puja, a bride's morning ritual, the quiet ceremony of a new household. The motif is ancient in its intention: to carry the sacred at the edge of the everyday, so that every movement of the wearer traces the outline of something holy.",@context | @type | productID | sku | name | description | image | brand | category | additionalProperty | offers | itemCondition | material,@type | price | priceCurrency | availability | url | seller,,,@type | name,no,no,yes,yes,,page-L2NvbGxlY3Rpb24vcGluay1rYXRhbi10cmlhbmdsZS16YXJpLWVkZ2U-schema-3 in seo-inventory-raw.json
/collection/pink-katan-triangle-zari-edge,app/(site)/collection/[slug]/page.tsx | lib/seo/json-ld.ts,Offer,root.offers.@type,Pink Katan temple border,"Temple borders of this kind were once the signature of sarees gifted at auspicious beginnings a daughter's first puja, a bride's morning ritual, the quiet ceremony of a new household. The motif is ancient in its intention: to carry the sacred at the edge of the everyday, so that every movement of the wearer traces the outline of something holy.",@context | @type | productID | sku | name | description | image | brand | category | additionalProperty | offers | itemCondition | material,@type | price | priceCurrency | availability | url | seller,,,@type | name,no,no,yes,yes,,page-L2NvbGxlY3Rpb24vcGluay1rYXRhbi10cmlhbmdsZS16YXJpLWVkZ2U-schema-3 in seo-inventory-raw.json
/collection/pink-katan-triangle-zari-edge,app/(site)/collection/[slug]/page.tsx | lib/seo/json-ld.ts,Organization,root.offers.seller.@type,Pink Katan temple border,"Temple borders of this kind were once the signature of sarees gifted at auspicious beginnings a daughter's first puja, a bride's morning ritual, the quiet ceremony of a new household. The motif is ancient in its intention: to carry the sacred at the edge of the everyday, so that every movement of the wearer traces the outline of something holy.",@context | @type | productID | sku | name | description | image | brand | category | additionalProperty | offers | itemCondition | material,@type | price | priceCurrency | availability | url | seller,,,@type | name,no,no,yes,yes,,page-L2NvbGxlY3Rpb24vcGluay1rYXRhbi10cmlhbmdsZS16YXJpLWVkZ2U-schema-3 in seo-inventory-raw.json
/collection/pink-katan-triangle-zari-edge,app/(site)/collection/[slug]/page.tsx | lib/seo/json-ld.ts,BreadcrumbList,root.@type,,,,,@context | @type | itemListElement,,,no,no,yes,uncertain,,page-L2NvbGxlY3Rpb24vcGluay1rYXRhbi10cmlhbmdsZS16YXJpLWVkZ2U-schema-4 in seo-inventory-raw.json
/collection/pink-katan-triangle-zari-edge,app/(site)/collection/[slug]/page.tsx | lib/seo/json-ld.ts,ListItem,root.itemListElement[0].@type,,,,,@context | @type | itemListElement,,,no,no,yes,uncertain,,page-L2NvbGxlY3Rpb24vcGluay1rYXRhbi10cmlhbmdsZS16YXJpLWVkZ2U-schema-4 in seo-inventory-raw.json
/collection/pink-katan-triangle-zari-edge,app/(site)/collection/[slug]/page.tsx | lib/seo/json-ld.ts,ListItem,root.itemListElement[1].@type,,,,,@context | @type | itemListElement,,,no,no,yes,uncertain,,page-L2NvbGxlY3Rpb24vcGluay1rYXRhbi10cmlhbmdsZS16YXJpLWVkZ2U-schema-4 in seo-inventory-raw.json
/collection/pink-katan-triangle-zari-edge,app/(site)/collection/[slug]/page.tsx | lib/seo/json-ld.ts,ListItem,root.itemListElement[2].@type,,,,,@context | @type | itemListElement,,,no,no,yes,uncertain,,page-L2NvbGxlY3Rpb24vcGluay1rYXRhbi10cmlhbmdsZS16YXJpLWVkZ2U-schema-4 in seo-inventory-raw.json
/collection/forest-green-silk-black-gold,app/(site)/collection/[slug]/page.tsx | lib/seo/json-ld.ts,OnlineStore,root.@type,From The Trunk,"Curated collection of authenticated, pre-loved luxury sarees with provenance.",,,,,@context | @type | name | url | logo | email | sameAs | description | contactPoint,no,no,yes,uncertain,,page-L2NvbGxlY3Rpb24vZm9yZXN0LWdyZWVuLXNpbGstYmxhY2stZ29sZA-schema-1 in seo-inventory-raw.json
/collection/forest-green-silk-black-gold,app/(site)/collection/[slug]/page.tsx | lib/seo/json-ld.ts,ContactPoint,root.contactPoint.@type,From The Trunk,"Curated collection of authenticated, pre-loved luxury sarees with provenance.",,,,,@context | @type | name | url | logo | email | sameAs | description | contactPoint,no,no,yes,uncertain,,page-L2NvbGxlY3Rpb24vZm9yZXN0LWdyZWVuLXNpbGstYmxhY2stZ29sZA-schema-1 in seo-inventory-raw.json
/collection/forest-green-silk-black-gold,app/(site)/collection/[slug]/page.tsx | lib/seo/json-ld.ts,WebSite,root.@type,From The Trunk,,,,,,@type | name | logo,no,no,yes,uncertain,,page-L2NvbGxlY3Rpb24vZm9yZXN0LWdyZWVuLXNpbGstYmxhY2stZ29sZA-schema-2 in seo-inventory-raw.json
/collection/forest-green-silk-black-gold,app/(site)/collection/[slug]/page.tsx | lib/seo/json-ld.ts,Organization,root.publisher.@type,From The Trunk,,,,,,@type | name | logo,no,no,yes,uncertain,,page-L2NvbGxlY3Rpb24vZm9yZXN0LWdyZWVuLXNpbGstYmxhY2stZ29sZA-schema-2 in seo-inventory-raw.json
/collection/forest-green-silk-black-gold,app/(site)/collection/[slug]/page.tsx | lib/seo/json-ld.ts,Product,root.@type,Forest green silk black gold,"There are colours that do not ask for attention they command it. Green and black and gold have always understood this. Long before they appeared together in this silk saree, they were the colours of temple interiors at dusk, of the kingfisher against the river reed, of a zamindar's garden at the edge of the hot season. Together they form an alliance that is ancient and uncompromising: the green of deep foliage, the black of a night sky between stars, the gold of everything that was made to outlast its maker",@context | @type | productID | sku | name | description | image | brand | category | additionalProperty | offers | itemCondition | material,@type | price | priceCurrency | availability | url | seller,,,@type | name,no,no,yes,yes,,page-L2NvbGxlY3Rpb24vZm9yZXN0LWdyZWVuLXNpbGstYmxhY2stZ29sZA-schema-3 in seo-inventory-raw.json
/collection/forest-green-silk-black-gold,app/(site)/collection/[slug]/page.tsx | lib/seo/json-ld.ts,Brand,root.brand.@type,Forest green silk black gold,"There are colours that do not ask for attention they command it. Green and black and gold have always understood this. Long before they appeared together in this silk saree, they were the colours of temple interiors at dusk, of the kingfisher against the river reed, of a zamindar's garden at the edge of the hot season. Together they form an alliance that is ancient and uncompromising: the green of deep foliage, the black of a night sky between stars, the gold of everything that was made to outlast its maker",@context | @type | productID | sku | name | description | image | brand | category | additionalProperty | offers | itemCondition | material,@type | price | priceCurrency | availability | url | seller,,,@type | name,no,no,yes,yes,,page-L2NvbGxlY3Rpb24vZm9yZXN0LWdyZWVuLXNpbGstYmxhY2stZ29sZA-schema-3 in seo-inventory-raw.json
/collection/forest-green-silk-black-gold,app/(site)/collection/[slug]/page.tsx | lib/seo/json-ld.ts,PropertyValue,root.additionalProperty[0].@type,Forest green silk black gold,"There are colours that do not ask for attention they command it. Green and black and gold have always understood this. Long before they appeared together in this silk saree, they were the colours of temple interiors at dusk, of the kingfisher against the river reed, of a zamindar's garden at the edge of the hot season. Together they form an alliance that is ancient and uncompromising: the green of deep foliage, the black of a night sky between stars, the gold of everything that was made to outlast its maker",@context | @type | productID | sku | name | description | image | brand | category | additionalProperty | offers | itemCondition | material,@type | price | priceCurrency | availability | url | seller,,,@type | name,no,no,yes,yes,,page-L2NvbGxlY3Rpb24vZm9yZXN0LWdyZWVuLXNpbGstYmxhY2stZ29sZA-schema-3 in seo-inventory-raw.json
/collection/forest-green-silk-black-gold,app/(site)/collection/[slug]/page.tsx | lib/seo/json-ld.ts,PropertyValue,root.additionalProperty[1].@type,Forest green silk black gold,"There are colours that do not ask for attention they command it. Green and black and gold have always understood this. Long before they appeared together in this silk saree, they were the colours of temple interiors at dusk, of the kingfisher against the river reed, of a zamindar's garden at the edge of the hot season. Together they form an alliance that is ancient and uncompromising: the green of deep foliage, the black of a night sky between stars, the gold of everything that was made to outlast its maker",@context | @type | productID | sku | name | description | image | brand | category | additionalProperty | offers | itemCondition | material,@type | price | priceCurrency | availability | url | seller,,,@type | name,no,no,yes,yes,,page-L2NvbGxlY3Rpb24vZm9yZXN0LWdyZWVuLXNpbGstYmxhY2stZ29sZA-schema-3 in seo-inventory-raw.json
/collection/forest-green-silk-black-gold,app/(site)/collection/[slug]/page.tsx | lib/seo/json-ld.ts,Offer,root.offers.@type,Forest green silk black gold,"There are colours that do not ask for attention they command it. Green and black and gold have always understood this. Long before they appeared together in this silk saree, they were the colours of temple interiors at dusk, of the kingfisher against the river reed, of a zamindar's garden at the edge of the hot season. Together they form an alliance that is ancient and uncompromising: the green of deep foliage, the black of a night sky between stars, the gold of everything that was made to outlast its maker",@context | @type | productID | sku | name | description | image | brand | category | additionalProperty | offers | itemCondition | material,@type | price | priceCurrency | availability | url | seller,,,@type | name,no,no,yes,yes,,page-L2NvbGxlY3Rpb24vZm9yZXN0LWdyZWVuLXNpbGstYmxhY2stZ29sZA-schema-3 in seo-inventory-raw.json
/collection/forest-green-silk-black-gold,app/(site)/collection/[slug]/page.tsx | lib/seo/json-ld.ts,Organization,root.offers.seller.@type,Forest green silk black gold,"There are colours that do not ask for attention they command it. Green and black and gold have always understood this. Long before they appeared together in this silk saree, they were the colours of temple interiors at dusk, of the kingfisher against the river reed, of a zamindar's garden at the edge of the hot season. Together they form an alliance that is ancient and uncompromising: the green of deep foliage, the black of a night sky between stars, the gold of everything that was made to outlast its maker",@context | @type | productID | sku | name | description | image | brand | category | additionalProperty | offers | itemCondition | material,@type | price | priceCurrency | availability | url | seller,,,@type | name,no,no,yes,yes,,page-L2NvbGxlY3Rpb24vZm9yZXN0LWdyZWVuLXNpbGstYmxhY2stZ29sZA-schema-3 in seo-inventory-raw.json
/collection/forest-green-silk-black-gold,app/(site)/collection/[slug]/page.tsx | lib/seo/json-ld.ts,BreadcrumbList,root.@type,,,,,@context | @type | itemListElement,,,no,no,yes,uncertain,,page-L2NvbGxlY3Rpb24vZm9yZXN0LWdyZWVuLXNpbGstYmxhY2stZ29sZA-schema-4 in seo-inventory-raw.json
/collection/forest-green-silk-black-gold,app/(site)/collection/[slug]/page.tsx | lib/seo/json-ld.ts,ListItem,root.itemListElement[0].@type,,,,,@context | @type | itemListElement,,,no,no,yes,uncertain,,page-L2NvbGxlY3Rpb24vZm9yZXN0LWdyZWVuLXNpbGstYmxhY2stZ29sZA-schema-4 in seo-inventory-raw.json
/collection/forest-green-silk-black-gold,app/(site)/collection/[slug]/page.tsx | lib/seo/json-ld.ts,ListItem,root.itemListElement[1].@type,,,,,@context | @type | itemListElement,,,no,no,yes,uncertain,,page-L2NvbGxlY3Rpb24vZm9yZXN0LWdyZWVuLXNpbGstYmxhY2stZ29sZA-schema-4 in seo-inventory-raw.json
/collection/forest-green-silk-black-gold,app/(site)/collection/[slug]/page.tsx | lib/seo/json-ld.ts,ListItem,root.itemListElement[2].@type,,,,,@context | @type | itemListElement,,,no,no,yes,uncertain,,page-L2NvbGxlY3Rpb24vZm9yZXN0LWdyZWVuLXNpbGstYmxhY2stZ29sZA-schema-4 in seo-inventory-raw.json
/collection/teal-blue-moody-silk-drape,app/(site)/collection/[slug]/page.tsx | lib/seo/json-ld.ts,OnlineStore,root.@type,From The Trunk,"Curated collection of authenticated, pre-loved luxury sarees with provenance.",,,,,@context | @type | name | url | logo | email | sameAs | description | contactPoint,no,no,yes,uncertain,,page-L2NvbGxlY3Rpb24vdGVhbC1ibHVlLW1vb2R5LXNpbGstZHJhcGU-schema-1 in seo-inventory-raw.json
/collection/teal-blue-moody-silk-drape,app/(site)/collection/[slug]/page.tsx | lib/seo/json-ld.ts,ContactPoint,root.contactPoint.@type,From The Trunk,"Curated collection of authenticated, pre-loved luxury sarees with provenance.",,,,,@context | @type | name | url | logo | email | sameAs | description | contactPoint,no,no,yes,uncertain,,page-L2NvbGxlY3Rpb24vdGVhbC1ibHVlLW1vb2R5LXNpbGstZHJhcGU-schema-1 in seo-inventory-raw.json
/collection/teal-blue-moody-silk-drape,app/(site)/collection/[slug]/page.tsx | lib/seo/json-ld.ts,WebSite,root.@type,From The Trunk,,,,,,@type | name | logo,no,no,yes,uncertain,,page-L2NvbGxlY3Rpb24vdGVhbC1ibHVlLW1vb2R5LXNpbGstZHJhcGU-schema-2 in seo-inventory-raw.json
/collection/teal-blue-moody-silk-drape,app/(site)/collection/[slug]/page.tsx | lib/seo/json-ld.ts,Organization,root.publisher.@type,From The Trunk,,,,,,@type | name | logo,no,no,yes,uncertain,,page-L2NvbGxlY3Rpb24vdGVhbC1ibHVlLW1vb2R5LXNpbGstZHJhcGU-schema-2 in seo-inventory-raw.json
/collection/teal-blue-moody-silk-drape,app/(site)/collection/[slug]/page.tsx | lib/seo/json-ld.ts,Product,root.@type,Teal moody silk saree,"There is a moment in the late monsoon afternoon just before the sky commits to rain, when the air turns a colour that has no precise name. It is neither blue nor green. It is the place where both colours lose their certainty and become something older, heavier, more alive. This silk saree lives in that moment. It was made from it.",@context | @type | productID | sku | name | description | image | brand | category | additionalProperty | offers | itemCondition | material,@type | price | priceCurrency | availability | url | seller,,,@type | name,no,no,yes,yes,,page-L2NvbGxlY3Rpb24vdGVhbC1ibHVlLW1vb2R5LXNpbGstZHJhcGU-schema-3 in seo-inventory-raw.json
/collection/teal-blue-moody-silk-drape,app/(site)/collection/[slug]/page.tsx | lib/seo/json-ld.ts,Brand,root.brand.@type,Teal moody silk saree,"There is a moment in the late monsoon afternoon just before the sky commits to rain, when the air turns a colour that has no precise name. It is neither blue nor green. It is the place where both colours lose their certainty and become something older, heavier, more alive. This silk saree lives in that moment. It was made from it.",@context | @type | productID | sku | name | description | image | brand | category | additionalProperty | offers | itemCondition | material,@type | price | priceCurrency | availability | url | seller,,,@type | name,no,no,yes,yes,,page-L2NvbGxlY3Rpb24vdGVhbC1ibHVlLW1vb2R5LXNpbGstZHJhcGU-schema-3 in seo-inventory-raw.json
/collection/teal-blue-moody-silk-drape,app/(site)/collection/[slug]/page.tsx | lib/seo/json-ld.ts,PropertyValue,root.additionalProperty[0].@type,Teal moody silk saree,"There is a moment in the late monsoon afternoon just before the sky commits to rain, when the air turns a colour that has no precise name. It is neither blue nor green. It is the place where both colours lose their certainty and become something older, heavier, more alive. This silk saree lives in that moment. It was made from it.",@context | @type | productID | sku | name | description | image | brand | category | additionalProperty | offers | itemCondition | material,@type | price | priceCurrency | availability | url | seller,,,@type | name,no,no,yes,yes,,page-L2NvbGxlY3Rpb24vdGVhbC1ibHVlLW1vb2R5LXNpbGstZHJhcGU-schema-3 in seo-inventory-raw.json
/collection/teal-blue-moody-silk-drape,app/(site)/collection/[slug]/page.tsx | lib/seo/json-ld.ts,PropertyValue,root.additionalProperty[1].@type,Teal moody silk saree,"There is a moment in the late monsoon afternoon just before the sky commits to rain, when the air turns a colour that has no precise name. It is neither blue nor green. It is the place where both colours lose their certainty and become something older, heavier, more alive. This silk saree lives in that moment. It was made from it.",@context | @type | productID | sku | name | description | image | brand | category | additionalProperty | offers | itemCondition | material,@type | price | priceCurrency | availability | url | seller,,,@type | name,no,no,yes,yes,,page-L2NvbGxlY3Rpb24vdGVhbC1ibHVlLW1vb2R5LXNpbGstZHJhcGU-schema-3 in seo-inventory-raw.json
/collection/teal-blue-moody-silk-drape,app/(site)/collection/[slug]/page.tsx | lib/seo/json-ld.ts,Offer,root.offers.@type,Teal moody silk saree,"There is a moment in the late monsoon afternoon just before the sky commits to rain, when the air turns a colour that has no precise name. It is neither blue nor green. It is the place where both colours lose their certainty and become something older, heavier, more alive. This silk saree lives in that moment. It was made from it.",@context | @type | productID | sku | name | description | image | brand | category | additionalProperty | offers | itemCondition | material,@type | price | priceCurrency | availability | url | seller,,,@type | name,no,no,yes,yes,,page-L2NvbGxlY3Rpb24vdGVhbC1ibHVlLW1vb2R5LXNpbGstZHJhcGU-schema-3 in seo-inventory-raw.json
/collection/teal-blue-moody-silk-drape,app/(site)/collection/[slug]/page.tsx | lib/seo/json-ld.ts,Organization,root.offers.seller.@type,Teal moody silk saree,"There is a moment in the late monsoon afternoon just before the sky commits to rain, when the air turns a colour that has no precise name. It is neither blue nor green. It is the place where both colours lose their certainty and become something older, heavier, more alive. This silk saree lives in that moment. It was made from it.",@context | @type | productID | sku | name | description | image | brand | category | additionalProperty | offers | itemCondition | material,@type | price | priceCurrency | availability | url | seller,,,@type | name,no,no,yes,yes,,page-L2NvbGxlY3Rpb24vdGVhbC1ibHVlLW1vb2R5LXNpbGstZHJhcGU-schema-3 in seo-inventory-raw.json
/collection/teal-blue-moody-silk-drape,app/(site)/collection/[slug]/page.tsx | lib/seo/json-ld.ts,BreadcrumbList,root.@type,,,,,@context | @type | itemListElement,,,no,no,yes,uncertain,,page-L2NvbGxlY3Rpb24vdGVhbC1ibHVlLW1vb2R5LXNpbGstZHJhcGU-schema-4 in seo-inventory-raw.json
/collection/teal-blue-moody-silk-drape,app/(site)/collection/[slug]/page.tsx | lib/seo/json-ld.ts,ListItem,root.itemListElement[0].@type,,,,,@context | @type | itemListElement,,,no,no,yes,uncertain,,page-L2NvbGxlY3Rpb24vdGVhbC1ibHVlLW1vb2R5LXNpbGstZHJhcGU-schema-4 in seo-inventory-raw.json
/collection/teal-blue-moody-silk-drape,app/(site)/collection/[slug]/page.tsx | lib/seo/json-ld.ts,ListItem,root.itemListElement[1].@type,,,,,@context | @type | itemListElement,,,no,no,yes,uncertain,,page-L2NvbGxlY3Rpb24vdGVhbC1ibHVlLW1vb2R5LXNpbGstZHJhcGU-schema-4 in seo-inventory-raw.json
/collection/teal-blue-moody-silk-drape,app/(site)/collection/[slug]/page.tsx | lib/seo/json-ld.ts,ListItem,root.itemListElement[2].@type,,,,,@context | @type | itemListElement,,,no,no,yes,uncertain,,page-L2NvbGxlY3Rpb24vdGVhbC1ibHVlLW1vb2R5LXNpbGstZHJhcGU-schema-4 in seo-inventory-raw.json
/collection/rose-silk-green-brown-stripe,app/(site)/collection/[slug]/page.tsx | lib/seo/json-ld.ts,OnlineStore,root.@type,From The Trunk,"Curated collection of authenticated, pre-loved luxury sarees with provenance.",,,,,@context | @type | name | url | logo | email | sameAs | description | contactPoint,no,no,yes,uncertain,,page-L2NvbGxlY3Rpb24vcm9zZS1zaWxrLWdyZWVuLWJyb3duLXN0cmlwZQ-schema-1 in seo-inventory-raw.json
/collection/rose-silk-green-brown-stripe,app/(site)/collection/[slug]/page.tsx | lib/seo/json-ld.ts,ContactPoint,root.contactPoint.@type,From The Trunk,"Curated collection of authenticated, pre-loved luxury sarees with provenance.",,,,,@context | @type | name | url | logo | email | sameAs | description | contactPoint,no,no,yes,uncertain,,page-L2NvbGxlY3Rpb24vcm9zZS1zaWxrLWdyZWVuLWJyb3duLXN0cmlwZQ-schema-1 in seo-inventory-raw.json
/collection/rose-silk-green-brown-stripe,app/(site)/collection/[slug]/page.tsx | lib/seo/json-ld.ts,WebSite,root.@type,From The Trunk,,,,,,@type | name | logo,no,no,yes,uncertain,,page-L2NvbGxlY3Rpb24vcm9zZS1zaWxrLWdyZWVuLWJyb3duLXN0cmlwZQ-schema-2 in seo-inventory-raw.json
/collection/rose-silk-green-brown-stripe,app/(site)/collection/[slug]/page.tsx | lib/seo/json-ld.ts,Organization,root.publisher.@type,From The Trunk,,,,,,@type | name | logo,no,no,yes,uncertain,,page-L2NvbGxlY3Rpb24vcm9zZS1zaWxrLWdyZWVuLWJyb3duLXN0cmlwZQ-schema-2 in seo-inventory-raw.json
/collection/rose-silk-green-brown-stripe,app/(site)/collection/[slug]/page.tsx | lib/seo/json-ld.ts,Product,root.@type,Rose silk,"Before a single thread was thrown across the loom, someone made a decision not about colour alone, but about proportion. How wide should the green line sit against the brown? How many repeats before the pink asserts itself again? This saree is, at its heart, an act of measured thought made tactile. The vertical borders do not wander. They hold.
The pink itself is neither girlish nor aggressive  it is the particular rose-flush of morning light on sandstone, warm without effort, confident without announcement. Against it, the green lines hum with the freshness of a garden after the first monsoon shower, and the brown grounds everything with the gravity of tilled earth. Three colours that should not be this harmonious, and yet.",@context | @type | productID | sku | name | description | image | brand | category | additionalProperty | offers | itemCondition | material,@type | price | priceCurrency | availability | url | seller,,,@type | name,no,no,yes,yes,,page-L2NvbGxlY3Rpb24vcm9zZS1zaWxrLWdyZWVuLWJyb3duLXN0cmlwZQ-schema-3 in seo-inventory-raw.json
/collection/rose-silk-green-brown-stripe,app/(site)/collection/[slug]/page.tsx | lib/seo/json-ld.ts,Brand,root.brand.@type,Rose silk,"Before a single thread was thrown across the loom, someone made a decision not about colour alone, but about proportion. How wide should the green line sit against the brown? How many repeats before the pink asserts itself again? This saree is, at its heart, an act of measured thought made tactile. The vertical borders do not wander. They hold.
The pink itself is neither girlish nor aggressive  it is the particular rose-flush of morning light on sandstone, warm without effort, confident without announcement. Against it, the green lines hum with the freshness of a garden after the first monsoon shower, and the brown grounds everything with the gravity of tilled earth. Three colours that should not be this harmonious, and yet.",@context | @type | productID | sku | name | description | image | brand | category | additionalProperty | offers | itemCondition | material,@type | price | priceCurrency | availability | url | seller,,,@type | name,no,no,yes,yes,,page-L2NvbGxlY3Rpb24vcm9zZS1zaWxrLWdyZWVuLWJyb3duLXN0cmlwZQ-schema-3 in seo-inventory-raw.json
/collection/rose-silk-green-brown-stripe,app/(site)/collection/[slug]/page.tsx | lib/seo/json-ld.ts,PropertyValue,root.additionalProperty[0].@type,Rose silk,"Before a single thread was thrown across the loom, someone made a decision not about colour alone, but about proportion. How wide should the green line sit against the brown? How many repeats before the pink asserts itself again? This saree is, at its heart, an act of measured thought made tactile. The vertical borders do not wander. They hold.
The pink itself is neither girlish nor aggressive  it is the particular rose-flush of morning light on sandstone, warm without effort, confident without announcement. Against it, the green lines hum with the freshness of a garden after the first monsoon shower, and the brown grounds everything with the gravity of tilled earth. Three colours that should not be this harmonious, and yet.",@context | @type | productID | sku | name | description | image | brand | category | additionalProperty | offers | itemCondition | material,@type | price | priceCurrency | availability | url | seller,,,@type | name,no,no,yes,yes,,page-L2NvbGxlY3Rpb24vcm9zZS1zaWxrLWdyZWVuLWJyb3duLXN0cmlwZQ-schema-3 in seo-inventory-raw.json
/collection/rose-silk-green-brown-stripe,app/(site)/collection/[slug]/page.tsx | lib/seo/json-ld.ts,PropertyValue,root.additionalProperty[1].@type,Rose silk,"Before a single thread was thrown across the loom, someone made a decision not about colour alone, but about proportion. How wide should the green line sit against the brown? How many repeats before the pink asserts itself again? This saree is, at its heart, an act of measured thought made tactile. The vertical borders do not wander. They hold.
The pink itself is neither girlish nor aggressive  it is the particular rose-flush of morning light on sandstone, warm without effort, confident without announcement. Against it, the green lines hum with the freshness of a garden after the first monsoon shower, and the brown grounds everything with the gravity of tilled earth. Three colours that should not be this harmonious, and yet.",@context | @type | productID | sku | name | description | image | brand | category | additionalProperty | offers | itemCondition | material,@type | price | priceCurrency | availability | url | seller,,,@type | name,no,no,yes,yes,,page-L2NvbGxlY3Rpb24vcm9zZS1zaWxrLWdyZWVuLWJyb3duLXN0cmlwZQ-schema-3 in seo-inventory-raw.json
/collection/rose-silk-green-brown-stripe,app/(site)/collection/[slug]/page.tsx | lib/seo/json-ld.ts,Offer,root.offers.@type,Rose silk,"Before a single thread was thrown across the loom, someone made a decision not about colour alone, but about proportion. How wide should the green line sit against the brown? How many repeats before the pink asserts itself again? This saree is, at its heart, an act of measured thought made tactile. The vertical borders do not wander. They hold.
The pink itself is neither girlish nor aggressive  it is the particular rose-flush of morning light on sandstone, warm without effort, confident without announcement. Against it, the green lines hum with the freshness of a garden after the first monsoon shower, and the brown grounds everything with the gravity of tilled earth. Three colours that should not be this harmonious, and yet.",@context | @type | productID | sku | name | description | image | brand | category | additionalProperty | offers | itemCondition | material,@type | price | priceCurrency | availability | url | seller,,,@type | name,no,no,yes,yes,,page-L2NvbGxlY3Rpb24vcm9zZS1zaWxrLWdyZWVuLWJyb3duLXN0cmlwZQ-schema-3 in seo-inventory-raw.json
/collection/rose-silk-green-brown-stripe,app/(site)/collection/[slug]/page.tsx | lib/seo/json-ld.ts,Organization,root.offers.seller.@type,Rose silk,"Before a single thread was thrown across the loom, someone made a decision not about colour alone, but about proportion. How wide should the green line sit against the brown? How many repeats before the pink asserts itself again? This saree is, at its heart, an act of measured thought made tactile. The vertical borders do not wander. They hold.
The pink itself is neither girlish nor aggressive  it is the particular rose-flush of morning light on sandstone, warm without effort, confident without announcement. Against it, the green lines hum with the freshness of a garden after the first monsoon shower, and the brown grounds everything with the gravity of tilled earth. Three colours that should not be this harmonious, and yet.",@context | @type | productID | sku | name | description | image | brand | category | additionalProperty | offers | itemCondition | material,@type | price | priceCurrency | availability | url | seller,,,@type | name,no,no,yes,yes,,page-L2NvbGxlY3Rpb24vcm9zZS1zaWxrLWdyZWVuLWJyb3duLXN0cmlwZQ-schema-3 in seo-inventory-raw.json
/collection/rose-silk-green-brown-stripe,app/(site)/collection/[slug]/page.tsx | lib/seo/json-ld.ts,BreadcrumbList,root.@type,,,,,@context | @type | itemListElement,,,no,no,yes,uncertain,,page-L2NvbGxlY3Rpb24vcm9zZS1zaWxrLWdyZWVuLWJyb3duLXN0cmlwZQ-schema-4 in seo-inventory-raw.json
/collection/rose-silk-green-brown-stripe,app/(site)/collection/[slug]/page.tsx | lib/seo/json-ld.ts,ListItem,root.itemListElement[0].@type,,,,,@context | @type | itemListElement,,,no,no,yes,uncertain,,page-L2NvbGxlY3Rpb24vcm9zZS1zaWxrLWdyZWVuLWJyb3duLXN0cmlwZQ-schema-4 in seo-inventory-raw.json
/collection/rose-silk-green-brown-stripe,app/(site)/collection/[slug]/page.tsx | lib/seo/json-ld.ts,ListItem,root.itemListElement[1].@type,,,,,@context | @type | itemListElement,,,no,no,yes,uncertain,,page-L2NvbGxlY3Rpb24vcm9zZS1zaWxrLWdyZWVuLWJyb3duLXN0cmlwZQ-schema-4 in seo-inventory-raw.json
/collection/rose-silk-green-brown-stripe,app/(site)/collection/[slug]/page.tsx | lib/seo/json-ld.ts,ListItem,root.itemListElement[2].@type,,,,,@context | @type | itemListElement,,,no,no,yes,uncertain,,page-L2NvbGxlY3Rpb24vcm9zZS1zaWxrLWdyZWVuLWJyb3duLXN0cmlwZQ-schema-4 in seo-inventory-raw.json
/collection/mustard-organza-brown-border-drape,app/(site)/collection/[slug]/page.tsx | lib/seo/json-ld.ts,OnlineStore,root.@type,From The Trunk,"Curated collection of authenticated, pre-loved luxury sarees with provenance.",,,,,@context | @type | name | url | logo | email | sameAs | description | contactPoint,no,no,yes,uncertain,,page-L2NvbGxlY3Rpb24vbXVzdGFyZC1vcmdhbnphLWJyb3duLWJvcmRlci1kcmFwZQ-schema-1 in seo-inventory-raw.json
/collection/mustard-organza-brown-border-drape,app/(site)/collection/[slug]/page.tsx | lib/seo/json-ld.ts,ContactPoint,root.contactPoint.@type,From The Trunk,"Curated collection of authenticated, pre-loved luxury sarees with provenance.",,,,,@context | @type | name | url | logo | email | sameAs | description | contactPoint,no,no,yes,uncertain,,page-L2NvbGxlY3Rpb24vbXVzdGFyZC1vcmdhbnphLWJyb3duLWJvcmRlci1kcmFwZQ-schema-1 in seo-inventory-raw.json
/collection/mustard-organza-brown-border-drape,app/(site)/collection/[slug]/page.tsx | lib/seo/json-ld.ts,WebSite,root.@type,From The Trunk,,,,,,@type | name | logo,no,no,yes,uncertain,,page-L2NvbGxlY3Rpb24vbXVzdGFyZC1vcmdhbnphLWJyb3duLWJvcmRlci1kcmFwZQ-schema-2 in seo-inventory-raw.json
/collection/mustard-organza-brown-border-drape,app/(site)/collection/[slug]/page.tsx | lib/seo/json-ld.ts,Organization,root.publisher.@type,From The Trunk,,,,,,@type | name | logo,no,no,yes,uncertain,,page-L2NvbGxlY3Rpb24vbXVzdGFyZC1vcmdhbnphLWJyb3duLWJvcmRlci1kcmFwZQ-schema-2 in seo-inventory-raw.json
/collection/mustard-organza-brown-border-drape,app/(site)/collection/[slug]/page.tsx | lib/seo/json-ld.ts,Product,root.@type,Harvest gold,"Organza of this character lightweight yet structured enough to hold a pleat, sheer enough to breathe in the warmth speaks to a tradition of occasion dressing that valued restraint as the highest form of elegance. Likely worn to a morning puja, a daughter's naming ceremony, or the quiet grandeur of a family gathering where the saree was expected to speak without announcing itself. 
It arrives here having known careful hands and a dark almirah. The fabric retains its original body and drape, the border its integrity. A piece for the woman who understands that mustard is not a colour of youth alone it is, in the right weave, the colour of everything that endures.",@context | @type | productID | sku | name | description | image | brand | category | additionalProperty | offers | itemCondition | material,@type | price | priceCurrency | availability | url | seller,,,@type | name,no,no,yes,yes,,page-L2NvbGxlY3Rpb24vbXVzdGFyZC1vcmdhbnphLWJyb3duLWJvcmRlci1kcmFwZQ-schema-3 in seo-inventory-raw.json
/collection/mustard-organza-brown-border-drape,app/(site)/collection/[slug]/page.tsx | lib/seo/json-ld.ts,Brand,root.brand.@type,Harvest gold,"Organza of this character lightweight yet structured enough to hold a pleat, sheer enough to breathe in the warmth speaks to a tradition of occasion dressing that valued restraint as the highest form of elegance. Likely worn to a morning puja, a daughter's naming ceremony, or the quiet grandeur of a family gathering where the saree was expected to speak without announcing itself. 
It arrives here having known careful hands and a dark almirah. The fabric retains its original body and drape, the border its integrity. A piece for the woman who understands that mustard is not a colour of youth alone it is, in the right weave, the colour of everything that endures.",@context | @type | productID | sku | name | description | image | brand | category | additionalProperty | offers | itemCondition | material,@type | price | priceCurrency | availability | url | seller,,,@type | name,no,no,yes,yes,,page-L2NvbGxlY3Rpb24vbXVzdGFyZC1vcmdhbnphLWJyb3duLWJvcmRlci1kcmFwZQ-schema-3 in seo-inventory-raw.json
/collection/mustard-organza-brown-border-drape,app/(site)/collection/[slug]/page.tsx | lib/seo/json-ld.ts,PropertyValue,root.additionalProperty[0].@type,Harvest gold,"Organza of this character lightweight yet structured enough to hold a pleat, sheer enough to breathe in the warmth speaks to a tradition of occasion dressing that valued restraint as the highest form of elegance. Likely worn to a morning puja, a daughter's naming ceremony, or the quiet grandeur of a family gathering where the saree was expected to speak without announcing itself. 
It arrives here having known careful hands and a dark almirah. The fabric retains its original body and drape, the border its integrity. A piece for the woman who understands that mustard is not a colour of youth alone it is, in the right weave, the colour of everything that endures.",@context | @type | productID | sku | name | description | image | brand | category | additionalProperty | offers | itemCondition | material,@type | price | priceCurrency | availability | url | seller,,,@type | name,no,no,yes,yes,,page-L2NvbGxlY3Rpb24vbXVzdGFyZC1vcmdhbnphLWJyb3duLWJvcmRlci1kcmFwZQ-schema-3 in seo-inventory-raw.json
/collection/mustard-organza-brown-border-drape,app/(site)/collection/[slug]/page.tsx | lib/seo/json-ld.ts,PropertyValue,root.additionalProperty[1].@type,Harvest gold,"Organza of this character lightweight yet structured enough to hold a pleat, sheer enough to breathe in the warmth speaks to a tradition of occasion dressing that valued restraint as the highest form of elegance. Likely worn to a morning puja, a daughter's naming ceremony, or the quiet grandeur of a family gathering where the saree was expected to speak without announcing itself. 
It arrives here having known careful hands and a dark almirah. The fabric retains its original body and drape, the border its integrity. A piece for the woman who understands that mustard is not a colour of youth alone it is, in the right weave, the colour of everything that endures.",@context | @type | productID | sku | name | description | image | brand | category | additionalProperty | offers | itemCondition | material,@type | price | priceCurrency | availability | url | seller,,,@type | name,no,no,yes,yes,,page-L2NvbGxlY3Rpb24vbXVzdGFyZC1vcmdhbnphLWJyb3duLWJvcmRlci1kcmFwZQ-schema-3 in seo-inventory-raw.json
/collection/mustard-organza-brown-border-drape,app/(site)/collection/[slug]/page.tsx | lib/seo/json-ld.ts,Offer,root.offers.@type,Harvest gold,"Organza of this character lightweight yet structured enough to hold a pleat, sheer enough to breathe in the warmth speaks to a tradition of occasion dressing that valued restraint as the highest form of elegance. Likely worn to a morning puja, a daughter's naming ceremony, or the quiet grandeur of a family gathering where the saree was expected to speak without announcing itself. 
It arrives here having known careful hands and a dark almirah. The fabric retains its original body and drape, the border its integrity. A piece for the woman who understands that mustard is not a colour of youth alone it is, in the right weave, the colour of everything that endures.",@context | @type | productID | sku | name | description | image | brand | category | additionalProperty | offers | itemCondition | material,@type | price | priceCurrency | availability | url | seller,,,@type | name,no,no,yes,yes,,page-L2NvbGxlY3Rpb24vbXVzdGFyZC1vcmdhbnphLWJyb3duLWJvcmRlci1kcmFwZQ-schema-3 in seo-inventory-raw.json
/collection/mustard-organza-brown-border-drape,app/(site)/collection/[slug]/page.tsx | lib/seo/json-ld.ts,Organization,root.offers.seller.@type,Harvest gold,"Organza of this character lightweight yet structured enough to hold a pleat, sheer enough to breathe in the warmth speaks to a tradition of occasion dressing that valued restraint as the highest form of elegance. Likely worn to a morning puja, a daughter's naming ceremony, or the quiet grandeur of a family gathering where the saree was expected to speak without announcing itself. 
It arrives here having known careful hands and a dark almirah. The fabric retains its original body and drape, the border its integrity. A piece for the woman who understands that mustard is not a colour of youth alone it is, in the right weave, the colour of everything that endures.",@context | @type | productID | sku | name | description | image | brand | category | additionalProperty | offers | itemCondition | material,@type | price | priceCurrency | availability | url | seller,,,@type | name,no,no,yes,yes,,page-L2NvbGxlY3Rpb24vbXVzdGFyZC1vcmdhbnphLWJyb3duLWJvcmRlci1kcmFwZQ-schema-3 in seo-inventory-raw.json
/collection/mustard-organza-brown-border-drape,app/(site)/collection/[slug]/page.tsx | lib/seo/json-ld.ts,BreadcrumbList,root.@type,,,,,@context | @type | itemListElement,,,no,no,yes,uncertain,,page-L2NvbGxlY3Rpb24vbXVzdGFyZC1vcmdhbnphLWJyb3duLWJvcmRlci1kcmFwZQ-schema-4 in seo-inventory-raw.json
/collection/mustard-organza-brown-border-drape,app/(site)/collection/[slug]/page.tsx | lib/seo/json-ld.ts,ListItem,root.itemListElement[0].@type,,,,,@context | @type | itemListElement,,,no,no,yes,uncertain,,page-L2NvbGxlY3Rpb24vbXVzdGFyZC1vcmdhbnphLWJyb3duLWJvcmRlci1kcmFwZQ-schema-4 in seo-inventory-raw.json
/collection/mustard-organza-brown-border-drape,app/(site)/collection/[slug]/page.tsx | lib/seo/json-ld.ts,ListItem,root.itemListElement[1].@type,,,,,@context | @type | itemListElement,,,no,no,yes,uncertain,,page-L2NvbGxlY3Rpb24vbXVzdGFyZC1vcmdhbnphLWJyb3duLWJvcmRlci1kcmFwZQ-schema-4 in seo-inventory-raw.json
/collection/mustard-organza-brown-border-drape,app/(site)/collection/[slug]/page.tsx | lib/seo/json-ld.ts,ListItem,root.itemListElement[2].@type,,,,,@context | @type | itemListElement,,,no,no,yes,uncertain,,page-L2NvbGxlY3Rpb24vbXVzdGFyZC1vcmdhbnphLWJyb3duLWJvcmRlci1kcmFwZQ-schema-4 in seo-inventory-raw.json
/collection/charcoal-gold-organza-heirloom-drape,app/(site)/collection/[slug]/page.tsx | lib/seo/json-ld.ts,OnlineStore,root.@type,From The Trunk,"Curated collection of authenticated, pre-loved luxury sarees with provenance.",,,,,@context | @type | name | url | logo | email | sameAs | description | contactPoint,no,no,yes,uncertain,,page-L2NvbGxlY3Rpb24vY2hhcmNvYWwtZ29sZC1vcmdhbnphLWhlaXJsb29tLWRyYXBl-schema-1 in seo-inventory-raw.json
/collection/charcoal-gold-organza-heirloom-drape,app/(site)/collection/[slug]/page.tsx | lib/seo/json-ld.ts,ContactPoint,root.contactPoint.@type,From The Trunk,"Curated collection of authenticated, pre-loved luxury sarees with provenance.",,,,,@context | @type | name | url | logo | email | sameAs | description | contactPoint,no,no,yes,uncertain,,page-L2NvbGxlY3Rpb24vY2hhcmNvYWwtZ29sZC1vcmdhbnphLWhlaXJsb29tLWRyYXBl-schema-1 in seo-inventory-raw.json
/collection/charcoal-gold-organza-heirloom-drape,app/(site)/collection/[slug]/page.tsx | lib/seo/json-ld.ts,WebSite,root.@type,From The Trunk,,,,,,@type | name | logo,no,no,yes,uncertain,,page-L2NvbGxlY3Rpb24vY2hhcmNvYWwtZ29sZC1vcmdhbnphLWhlaXJsb29tLWRyYXBl-schema-2 in seo-inventory-raw.json
/collection/charcoal-gold-organza-heirloom-drape,app/(site)/collection/[slug]/page.tsx | lib/seo/json-ld.ts,Organization,root.publisher.@type,From The Trunk,,,,,,@type | name | logo,no,no,yes,uncertain,,page-L2NvbGxlY3Rpb24vY2hhcmNvYWwtZ29sZC1vcmdhbnphLWhlaXJsb29tLWRyYXBl-schema-2 in seo-inventory-raw.json
/collection/charcoal-gold-organza-heirloom-drape,app/(site)/collection/[slug]/page.tsx | lib/seo/json-ld.ts,Product,root.@type,Charcoal gold organza heirloom drape,"Charcoal is the colour of embers after the fire has done its work deep, composed, and quietly powerful. As an organza ground, it is extraordinarily rare: most organza tends toward the light, toward ivory and blush and pale gold. To weave this sheer, luminous fabric in charcoal is a deliberate act, a choice made by someone who understood that darkness, too, can be translucent. The result is a saree that carries depth without heaviness, shadow without sorrow.
Passed carefully from one wardrobe to another, they arrive here still holding that original gravity, asking only to be worn again by someone who recognises what they are holding.",@context | @type | productID | sku | name | description | image | brand | category | additionalProperty | offers | itemCondition | material,@type | price | priceCurrency | availability | url | seller,,,@type | name,no,no,yes,yes,,page-L2NvbGxlY3Rpb24vY2hhcmNvYWwtZ29sZC1vcmdhbnphLWhlaXJsb29tLWRyYXBl-schema-3 in seo-inventory-raw.json
/collection/charcoal-gold-organza-heirloom-drape,app/(site)/collection/[slug]/page.tsx | lib/seo/json-ld.ts,Brand,root.brand.@type,Charcoal gold organza heirloom drape,"Charcoal is the colour of embers after the fire has done its work deep, composed, and quietly powerful. As an organza ground, it is extraordinarily rare: most organza tends toward the light, toward ivory and blush and pale gold. To weave this sheer, luminous fabric in charcoal is a deliberate act, a choice made by someone who understood that darkness, too, can be translucent. The result is a saree that carries depth without heaviness, shadow without sorrow.
Passed carefully from one wardrobe to another, they arrive here still holding that original gravity, asking only to be worn again by someone who recognises what they are holding.",@context | @type | productID | sku | name | description | image | brand | category | additionalProperty | offers | itemCondition | material,@type | price | priceCurrency | availability | url | seller,,,@type | name,no,no,yes,yes,,page-L2NvbGxlY3Rpb24vY2hhcmNvYWwtZ29sZC1vcmdhbnphLWhlaXJsb29tLWRyYXBl-schema-3 in seo-inventory-raw.json
/collection/charcoal-gold-organza-heirloom-drape,app/(site)/collection/[slug]/page.tsx | lib/seo/json-ld.ts,PropertyValue,root.additionalProperty[0].@type,Charcoal gold organza heirloom drape,"Charcoal is the colour of embers after the fire has done its work deep, composed, and quietly powerful. As an organza ground, it is extraordinarily rare: most organza tends toward the light, toward ivory and blush and pale gold. To weave this sheer, luminous fabric in charcoal is a deliberate act, a choice made by someone who understood that darkness, too, can be translucent. The result is a saree that carries depth without heaviness, shadow without sorrow.
Passed carefully from one wardrobe to another, they arrive here still holding that original gravity, asking only to be worn again by someone who recognises what they are holding.",@context | @type | productID | sku | name | description | image | brand | category | additionalProperty | offers | itemCondition | material,@type | price | priceCurrency | availability | url | seller,,,@type | name,no,no,yes,yes,,page-L2NvbGxlY3Rpb24vY2hhcmNvYWwtZ29sZC1vcmdhbnphLWhlaXJsb29tLWRyYXBl-schema-3 in seo-inventory-raw.json
/collection/charcoal-gold-organza-heirloom-drape,app/(site)/collection/[slug]/page.tsx | lib/seo/json-ld.ts,PropertyValue,root.additionalProperty[1].@type,Charcoal gold organza heirloom drape,"Charcoal is the colour of embers after the fire has done its work deep, composed, and quietly powerful. As an organza ground, it is extraordinarily rare: most organza tends toward the light, toward ivory and blush and pale gold. To weave this sheer, luminous fabric in charcoal is a deliberate act, a choice made by someone who understood that darkness, too, can be translucent. The result is a saree that carries depth without heaviness, shadow without sorrow.
Passed carefully from one wardrobe to another, they arrive here still holding that original gravity, asking only to be worn again by someone who recognises what they are holding.",@context | @type | productID | sku | name | description | image | brand | category | additionalProperty | offers | itemCondition | material,@type | price | priceCurrency | availability | url | seller,,,@type | name,no,no,yes,yes,,page-L2NvbGxlY3Rpb24vY2hhcmNvYWwtZ29sZC1vcmdhbnphLWhlaXJsb29tLWRyYXBl-schema-3 in seo-inventory-raw.json
/collection/charcoal-gold-organza-heirloom-drape,app/(site)/collection/[slug]/page.tsx | lib/seo/json-ld.ts,Offer,root.offers.@type,Charcoal gold organza heirloom drape,"Charcoal is the colour of embers after the fire has done its work deep, composed, and quietly powerful. As an organza ground, it is extraordinarily rare: most organza tends toward the light, toward ivory and blush and pale gold. To weave this sheer, luminous fabric in charcoal is a deliberate act, a choice made by someone who understood that darkness, too, can be translucent. The result is a saree that carries depth without heaviness, shadow without sorrow.
Passed carefully from one wardrobe to another, they arrive here still holding that original gravity, asking only to be worn again by someone who recognises what they are holding.",@context | @type | productID | sku | name | description | image | brand | category | additionalProperty | offers | itemCondition | material,@type | price | priceCurrency | availability | url | seller,,,@type | name,no,no,yes,yes,,page-L2NvbGxlY3Rpb24vY2hhcmNvYWwtZ29sZC1vcmdhbnphLWhlaXJsb29tLWRyYXBl-schema-3 in seo-inventory-raw.json
/collection/charcoal-gold-organza-heirloom-drape,app/(site)/collection/[slug]/page.tsx | lib/seo/json-ld.ts,Organization,root.offers.seller.@type,Charcoal gold organza heirloom drape,"Charcoal is the colour of embers after the fire has done its work deep, composed, and quietly powerful. As an organza ground, it is extraordinarily rare: most organza tends toward the light, toward ivory and blush and pale gold. To weave this sheer, luminous fabric in charcoal is a deliberate act, a choice made by someone who understood that darkness, too, can be translucent. The result is a saree that carries depth without heaviness, shadow without sorrow.
Passed carefully from one wardrobe to another, they arrive here still holding that original gravity, asking only to be worn again by someone who recognises what they are holding.",@context | @type | productID | sku | name | description | image | brand | category | additionalProperty | offers | itemCondition | material,@type | price | priceCurrency | availability | url | seller,,,@type | name,no,no,yes,yes,,page-L2NvbGxlY3Rpb24vY2hhcmNvYWwtZ29sZC1vcmdhbnphLWhlaXJsb29tLWRyYXBl-schema-3 in seo-inventory-raw.json
/collection/charcoal-gold-organza-heirloom-drape,app/(site)/collection/[slug]/page.tsx | lib/seo/json-ld.ts,BreadcrumbList,root.@type,,,,,@context | @type | itemListElement,,,no,no,yes,uncertain,,page-L2NvbGxlY3Rpb24vY2hhcmNvYWwtZ29sZC1vcmdhbnphLWhlaXJsb29tLWRyYXBl-schema-4 in seo-inventory-raw.json
/collection/charcoal-gold-organza-heirloom-drape,app/(site)/collection/[slug]/page.tsx | lib/seo/json-ld.ts,ListItem,root.itemListElement[0].@type,,,,,@context | @type | itemListElement,,,no,no,yes,uncertain,,page-L2NvbGxlY3Rpb24vY2hhcmNvYWwtZ29sZC1vcmdhbnphLWhlaXJsb29tLWRyYXBl-schema-4 in seo-inventory-raw.json
/collection/charcoal-gold-organza-heirloom-drape,app/(site)/collection/[slug]/page.tsx | lib/seo/json-ld.ts,ListItem,root.itemListElement[1].@type,,,,,@context | @type | itemListElement,,,no,no,yes,uncertain,,page-L2NvbGxlY3Rpb24vY2hhcmNvYWwtZ29sZC1vcmdhbnphLWhlaXJsb29tLWRyYXBl-schema-4 in seo-inventory-raw.json
/collection/charcoal-gold-organza-heirloom-drape,app/(site)/collection/[slug]/page.tsx | lib/seo/json-ld.ts,ListItem,root.itemListElement[2].@type,,,,,@context | @type | itemListElement,,,no,no,yes,uncertain,,page-L2NvbGxlY3Rpb24vY2hhcmNvYWwtZ29sZC1vcmdhbnphLWhlaXJsb29tLWRyYXBl-schema-4 in seo-inventory-raw.json
/collection/beige-organza-peach-bloom,app/(site)/collection/[slug]/page.tsx | lib/seo/json-ld.ts,OnlineStore,root.@type,From The Trunk,"Curated collection of authenticated, pre-loved luxury sarees with provenance.",,,,,@context | @type | name | url | logo | email | sameAs | description | contactPoint,no,no,yes,uncertain,,page-L2NvbGxlY3Rpb24vYmVpZ2Utb3JnYW56YS1wZWFjaC1ibG9vbQ-schema-1 in seo-inventory-raw.json
/collection/beige-organza-peach-bloom,app/(site)/collection/[slug]/page.tsx | lib/seo/json-ld.ts,ContactPoint,root.contactPoint.@type,From The Trunk,"Curated collection of authenticated, pre-loved luxury sarees with provenance.",,,,,@context | @type | name | url | logo | email | sameAs | description | contactPoint,no,no,yes,uncertain,,page-L2NvbGxlY3Rpb24vYmVpZ2Utb3JnYW56YS1wZWFjaC1ibG9vbQ-schema-1 in seo-inventory-raw.json
/collection/beige-organza-peach-bloom,app/(site)/collection/[slug]/page.tsx | lib/seo/json-ld.ts,WebSite,root.@type,From The Trunk,,,,,,@type | name | logo,no,no,yes,uncertain,,page-L2NvbGxlY3Rpb24vYmVpZ2Utb3JnYW56YS1wZWFjaC1ibG9vbQ-schema-2 in seo-inventory-raw.json
/collection/beige-organza-peach-bloom,app/(site)/collection/[slug]/page.tsx | lib/seo/json-ld.ts,Organization,root.publisher.@type,From The Trunk,,,,,,@type | name | logo,no,no,yes,uncertain,,page-L2NvbGxlY3Rpb24vYmVpZ2Utb3JnYW56YS1wZWFjaC1ibG9vbQ-schema-2 in seo-inventory-raw.json
/collection/beige-organza-peach-bloom,app/(site)/collection/[slug]/page.tsx | lib/seo/json-ld.ts,Product,root.@type,Beige Organza Peach Bloom Print,"Against this quiet ground, the dark peach motifs emerge with a considered grace. Neither bold nor timid, the designs  likely rendered through fine printing or hand-embroidery, a tradition deeply rooted in the textile ateliers of western and central India carry the warmth of terracotta softened by years of refinement. The peach sits on the beige the way bougainvillea leans against an old stone wall: unhurried, inevitable, and deeply pleasing to the eye.
This piece carries that same quality: worn at a morning function or an evening gathering, it will always look as though it was chosen with great care. Because it was.",@context | @type | productID | sku | name | description | image | brand | category | additionalProperty | offers | itemCondition | material,@type | price | priceCurrency | availability | url | seller,,,@type | name,no,no,yes,yes,,page-L2NvbGxlY3Rpb24vYmVpZ2Utb3JnYW56YS1wZWFjaC1ibG9vbQ-schema-3 in seo-inventory-raw.json
/collection/beige-organza-peach-bloom,app/(site)/collection/[slug]/page.tsx | lib/seo/json-ld.ts,Brand,root.brand.@type,Beige Organza Peach Bloom Print,"Against this quiet ground, the dark peach motifs emerge with a considered grace. Neither bold nor timid, the designs  likely rendered through fine printing or hand-embroidery, a tradition deeply rooted in the textile ateliers of western and central India carry the warmth of terracotta softened by years of refinement. The peach sits on the beige the way bougainvillea leans against an old stone wall: unhurried, inevitable, and deeply pleasing to the eye.
This piece carries that same quality: worn at a morning function or an evening gathering, it will always look as though it was chosen with great care. Because it was.",@context | @type | productID | sku | name | description | image | brand | category | additionalProperty | offers | itemCondition | material,@type | price | priceCurrency | availability | url | seller,,,@type | name,no,no,yes,yes,,page-L2NvbGxlY3Rpb24vYmVpZ2Utb3JnYW56YS1wZWFjaC1ibG9vbQ-schema-3 in seo-inventory-raw.json
/collection/beige-organza-peach-bloom,app/(site)/collection/[slug]/page.tsx | lib/seo/json-ld.ts,PropertyValue,root.additionalProperty[0].@type,Beige Organza Peach Bloom Print,"Against this quiet ground, the dark peach motifs emerge with a considered grace. Neither bold nor timid, the designs  likely rendered through fine printing or hand-embroidery, a tradition deeply rooted in the textile ateliers of western and central India carry the warmth of terracotta softened by years of refinement. The peach sits on the beige the way bougainvillea leans against an old stone wall: unhurried, inevitable, and deeply pleasing to the eye.
This piece carries that same quality: worn at a morning function or an evening gathering, it will always look as though it was chosen with great care. Because it was.",@context | @type | productID | sku | name | description | image | brand | category | additionalProperty | offers | itemCondition | material,@type | price | priceCurrency | availability | url | seller,,,@type | name,no,no,yes,yes,,page-L2NvbGxlY3Rpb24vYmVpZ2Utb3JnYW56YS1wZWFjaC1ibG9vbQ-schema-3 in seo-inventory-raw.json
/collection/beige-organza-peach-bloom,app/(site)/collection/[slug]/page.tsx | lib/seo/json-ld.ts,PropertyValue,root.additionalProperty[1].@type,Beige Organza Peach Bloom Print,"Against this quiet ground, the dark peach motifs emerge with a considered grace. Neither bold nor timid, the designs  likely rendered through fine printing or hand-embroidery, a tradition deeply rooted in the textile ateliers of western and central India carry the warmth of terracotta softened by years of refinement. The peach sits on the beige the way bougainvillea leans against an old stone wall: unhurried, inevitable, and deeply pleasing to the eye.
This piece carries that same quality: worn at a morning function or an evening gathering, it will always look as though it was chosen with great care. Because it was.",@context | @type | productID | sku | name | description | image | brand | category | additionalProperty | offers | itemCondition | material,@type | price | priceCurrency | availability | url | seller,,,@type | name,no,no,yes,yes,,page-L2NvbGxlY3Rpb24vYmVpZ2Utb3JnYW56YS1wZWFjaC1ibG9vbQ-schema-3 in seo-inventory-raw.json
/collection/beige-organza-peach-bloom,app/(site)/collection/[slug]/page.tsx | lib/seo/json-ld.ts,Offer,root.offers.@type,Beige Organza Peach Bloom Print,"Against this quiet ground, the dark peach motifs emerge with a considered grace. Neither bold nor timid, the designs  likely rendered through fine printing or hand-embroidery, a tradition deeply rooted in the textile ateliers of western and central India carry the warmth of terracotta softened by years of refinement. The peach sits on the beige the way bougainvillea leans against an old stone wall: unhurried, inevitable, and deeply pleasing to the eye.
This piece carries that same quality: worn at a morning function or an evening gathering, it will always look as though it was chosen with great care. Because it was.",@context | @type | productID | sku | name | description | image | brand | category | additionalProperty | offers | itemCondition | material,@type | price | priceCurrency | availability | url | seller,,,@type | name,no,no,yes,yes,,page-L2NvbGxlY3Rpb24vYmVpZ2Utb3JnYW56YS1wZWFjaC1ibG9vbQ-schema-3 in seo-inventory-raw.json
/collection/beige-organza-peach-bloom,app/(site)/collection/[slug]/page.tsx | lib/seo/json-ld.ts,Organization,root.offers.seller.@type,Beige Organza Peach Bloom Print,"Against this quiet ground, the dark peach motifs emerge with a considered grace. Neither bold nor timid, the designs  likely rendered through fine printing or hand-embroidery, a tradition deeply rooted in the textile ateliers of western and central India carry the warmth of terracotta softened by years of refinement. The peach sits on the beige the way bougainvillea leans against an old stone wall: unhurried, inevitable, and deeply pleasing to the eye.
This piece carries that same quality: worn at a morning function or an evening gathering, it will always look as though it was chosen with great care. Because it was.",@context | @type | productID | sku | name | description | image | brand | category | additionalProperty | offers | itemCondition | material,@type | price | priceCurrency | availability | url | seller,,,@type | name,no,no,yes,yes,,page-L2NvbGxlY3Rpb24vYmVpZ2Utb3JnYW56YS1wZWFjaC1ibG9vbQ-schema-3 in seo-inventory-raw.json
/collection/beige-organza-peach-bloom,app/(site)/collection/[slug]/page.tsx | lib/seo/json-ld.ts,BreadcrumbList,root.@type,,,,,@context | @type | itemListElement,,,no,no,yes,uncertain,,page-L2NvbGxlY3Rpb24vYmVpZ2Utb3JnYW56YS1wZWFjaC1ibG9vbQ-schema-4 in seo-inventory-raw.json
/collection/beige-organza-peach-bloom,app/(site)/collection/[slug]/page.tsx | lib/seo/json-ld.ts,ListItem,root.itemListElement[0].@type,,,,,@context | @type | itemListElement,,,no,no,yes,uncertain,,page-L2NvbGxlY3Rpb24vYmVpZ2Utb3JnYW56YS1wZWFjaC1ibG9vbQ-schema-4 in seo-inventory-raw.json
/collection/beige-organza-peach-bloom,app/(site)/collection/[slug]/page.tsx | lib/seo/json-ld.ts,ListItem,root.itemListElement[1].@type,,,,,@context | @type | itemListElement,,,no,no,yes,uncertain,,page-L2NvbGxlY3Rpb24vYmVpZ2Utb3JnYW56YS1wZWFjaC1ibG9vbQ-schema-4 in seo-inventory-raw.json
/collection/beige-organza-peach-bloom,app/(site)/collection/[slug]/page.tsx | lib/seo/json-ld.ts,ListItem,root.itemListElement[2].@type,,,,,@context | @type | itemListElement,,,no,no,yes,uncertain,,page-L2NvbGxlY3Rpb24vYmVpZ2Utb3JnYW56YS1wZWFjaC1ibG9vbQ-schema-4 in seo-inventory-raw.json
/collection/maroon-chettinad-cotton,app/(site)/collection/[slug]/page.tsx | lib/seo/json-ld.ts,OnlineStore,root.@type,From The Trunk,"Curated collection of authenticated, pre-loved luxury sarees with provenance.",,,,,@context | @type | name | url | logo | email | sameAs | description | contactPoint,no,no,yes,uncertain,,page-L2NvbGxlY3Rpb24vbWFyb29uLWNoZXR0aW5hZC1jb3R0b24-schema-1 in seo-inventory-raw.json
/collection/maroon-chettinad-cotton,app/(site)/collection/[slug]/page.tsx | lib/seo/json-ld.ts,ContactPoint,root.contactPoint.@type,From The Trunk,"Curated collection of authenticated, pre-loved luxury sarees with provenance.",,,,,@context | @type | name | url | logo | email | sameAs | description | contactPoint,no,no,yes,uncertain,,page-L2NvbGxlY3Rpb24vbWFyb29uLWNoZXR0aW5hZC1jb3R0b24-schema-1 in seo-inventory-raw.json
/collection/maroon-chettinad-cotton,app/(site)/collection/[slug]/page.tsx | lib/seo/json-ld.ts,WebSite,root.@type,From The Trunk,,,,,,@type | name | logo,no,no,yes,uncertain,,page-L2NvbGxlY3Rpb24vbWFyb29uLWNoZXR0aW5hZC1jb3R0b24-schema-2 in seo-inventory-raw.json
/collection/maroon-chettinad-cotton,app/(site)/collection/[slug]/page.tsx | lib/seo/json-ld.ts,Organization,root.publisher.@type,From The Trunk,,,,,,@type | name | logo,no,no,yes,uncertain,,page-L2NvbGxlY3Rpb24vbWFyb29uLWNoZXR0aW5hZC1jb3R0b24-schema-2 in seo-inventory-raw.json
/collection/maroon-chettinad-cotton,app/(site)/collection/[slug]/page.tsx | lib/seo/json-ld.ts,Product,root.@type,Maroon chettinad cotton,"Born on the handlooms of Karaikudi, in the heart of Tamil Nadu's Chettinad region, this saree carries the rhythm of a tradition that has dressed generations of discerning women. The Chettinad weavers known for their bold geometry and unapologetic colour have long understood that cotton, when handled with intention, needs no embellishment to command a room. This piece is a quiet testament to that philosophy.

The body is a deep, saturated maroon the kind of shade that deepens in natural light, hovering between wine and earth. Against it, the border strikes a confident contrast: cream and black threads interlocked in the characteristic Chettinad style, where every line is deliberate and every repeat precise. The interplay is graphic, almost architectural, yet softened by the gentle hand of handwoven cotton.

Chettinad cottons were once the everyday luxury of the Nattukottai Chettiars a merchant community whose wealth travelled the seas but whose textile taste stayed rooted in the arid plains of Sivaganga. These sarees were worn to temples, wrapped around afternoons at home, passed between sisters and daughters. This one carries that same unhurried elegance a saree made not for occasion, but for presence.",@context | @type | productID | sku | name | description | image | brand | category | additionalProperty | offers | itemCondition | material,@type | price | priceCurrency | availability | url | seller,,,@type | name,no,no,yes,yes,,page-L2NvbGxlY3Rpb24vbWFyb29uLWNoZXR0aW5hZC1jb3R0b24-schema-3 in seo-inventory-raw.json
/collection/maroon-chettinad-cotton,app/(site)/collection/[slug]/page.tsx | lib/seo/json-ld.ts,Brand,root.brand.@type,Maroon chettinad cotton,"Born on the handlooms of Karaikudi, in the heart of Tamil Nadu's Chettinad region, this saree carries the rhythm of a tradition that has dressed generations of discerning women. The Chettinad weavers known for their bold geometry and unapologetic colour have long understood that cotton, when handled with intention, needs no embellishment to command a room. This piece is a quiet testament to that philosophy.

The body is a deep, saturated maroon the kind of shade that deepens in natural light, hovering between wine and earth. Against it, the border strikes a confident contrast: cream and black threads interlocked in the characteristic Chettinad style, where every line is deliberate and every repeat precise. The interplay is graphic, almost architectural, yet softened by the gentle hand of handwoven cotton.

Chettinad cottons were once the everyday luxury of the Nattukottai Chettiars a merchant community whose wealth travelled the seas but whose textile taste stayed rooted in the arid plains of Sivaganga. These sarees were worn to temples, wrapped around afternoons at home, passed between sisters and daughters. This one carries that same unhurried elegance a saree made not for occasion, but for presence.",@context | @type | productID | sku | name | description | image | brand | category | additionalProperty | offers | itemCondition | material,@type | price | priceCurrency | availability | url | seller,,,@type | name,no,no,yes,yes,,page-L2NvbGxlY3Rpb24vbWFyb29uLWNoZXR0aW5hZC1jb3R0b24-schema-3 in seo-inventory-raw.json
/collection/maroon-chettinad-cotton,app/(site)/collection/[slug]/page.tsx | lib/seo/json-ld.ts,PropertyValue,root.additionalProperty[0].@type,Maroon chettinad cotton,"Born on the handlooms of Karaikudi, in the heart of Tamil Nadu's Chettinad region, this saree carries the rhythm of a tradition that has dressed generations of discerning women. The Chettinad weavers known for their bold geometry and unapologetic colour have long understood that cotton, when handled with intention, needs no embellishment to command a room. This piece is a quiet testament to that philosophy.

The body is a deep, saturated maroon the kind of shade that deepens in natural light, hovering between wine and earth. Against it, the border strikes a confident contrast: cream and black threads interlocked in the characteristic Chettinad style, where every line is deliberate and every repeat precise. The interplay is graphic, almost architectural, yet softened by the gentle hand of handwoven cotton.

Chettinad cottons were once the everyday luxury of the Nattukottai Chettiars a merchant community whose wealth travelled the seas but whose textile taste stayed rooted in the arid plains of Sivaganga. These sarees were worn to temples, wrapped around afternoons at home, passed between sisters and daughters. This one carries that same unhurried elegance a saree made not for occasion, but for presence.",@context | @type | productID | sku | name | description | image | brand | category | additionalProperty | offers | itemCondition | material,@type | price | priceCurrency | availability | url | seller,,,@type | name,no,no,yes,yes,,page-L2NvbGxlY3Rpb24vbWFyb29uLWNoZXR0aW5hZC1jb3R0b24-schema-3 in seo-inventory-raw.json
/collection/maroon-chettinad-cotton,app/(site)/collection/[slug]/page.tsx | lib/seo/json-ld.ts,PropertyValue,root.additionalProperty[1].@type,Maroon chettinad cotton,"Born on the handlooms of Karaikudi, in the heart of Tamil Nadu's Chettinad region, this saree carries the rhythm of a tradition that has dressed generations of discerning women. The Chettinad weavers known for their bold geometry and unapologetic colour have long understood that cotton, when handled with intention, needs no embellishment to command a room. This piece is a quiet testament to that philosophy.

The body is a deep, saturated maroon the kind of shade that deepens in natural light, hovering between wine and earth. Against it, the border strikes a confident contrast: cream and black threads interlocked in the characteristic Chettinad style, where every line is deliberate and every repeat precise. The interplay is graphic, almost architectural, yet softened by the gentle hand of handwoven cotton.

Chettinad cottons were once the everyday luxury of the Nattukottai Chettiars a merchant community whose wealth travelled the seas but whose textile taste stayed rooted in the arid plains of Sivaganga. These sarees were worn to temples, wrapped around afternoons at home, passed between sisters and daughters. This one carries that same unhurried elegance a saree made not for occasion, but for presence.",@context | @type | productID | sku | name | description | image | brand | category | additionalProperty | offers | itemCondition | material,@type | price | priceCurrency | availability | url | seller,,,@type | name,no,no,yes,yes,,page-L2NvbGxlY3Rpb24vbWFyb29uLWNoZXR0aW5hZC1jb3R0b24-schema-3 in seo-inventory-raw.json
/collection/maroon-chettinad-cotton,app/(site)/collection/[slug]/page.tsx | lib/seo/json-ld.ts,Offer,root.offers.@type,Maroon chettinad cotton,"Born on the handlooms of Karaikudi, in the heart of Tamil Nadu's Chettinad region, this saree carries the rhythm of a tradition that has dressed generations of discerning women. The Chettinad weavers known for their bold geometry and unapologetic colour have long understood that cotton, when handled with intention, needs no embellishment to command a room. This piece is a quiet testament to that philosophy.

The body is a deep, saturated maroon the kind of shade that deepens in natural light, hovering between wine and earth. Against it, the border strikes a confident contrast: cream and black threads interlocked in the characteristic Chettinad style, where every line is deliberate and every repeat precise. The interplay is graphic, almost architectural, yet softened by the gentle hand of handwoven cotton.

Chettinad cottons were once the everyday luxury of the Nattukottai Chettiars a merchant community whose wealth travelled the seas but whose textile taste stayed rooted in the arid plains of Sivaganga. These sarees were worn to temples, wrapped around afternoons at home, passed between sisters and daughters. This one carries that same unhurried elegance a saree made not for occasion, but for presence.",@context | @type | productID | sku | name | description | image | brand | category | additionalProperty | offers | itemCondition | material,@type | price | priceCurrency | availability | url | seller,,,@type | name,no,no,yes,yes,,page-L2NvbGxlY3Rpb24vbWFyb29uLWNoZXR0aW5hZC1jb3R0b24-schema-3 in seo-inventory-raw.json
/collection/maroon-chettinad-cotton,app/(site)/collection/[slug]/page.tsx | lib/seo/json-ld.ts,Organization,root.offers.seller.@type,Maroon chettinad cotton,"Born on the handlooms of Karaikudi, in the heart of Tamil Nadu's Chettinad region, this saree carries the rhythm of a tradition that has dressed generations of discerning women. The Chettinad weavers known for their bold geometry and unapologetic colour have long understood that cotton, when handled with intention, needs no embellishment to command a room. This piece is a quiet testament to that philosophy.

The body is a deep, saturated maroon the kind of shade that deepens in natural light, hovering between wine and earth. Against it, the border strikes a confident contrast: cream and black threads interlocked in the characteristic Chettinad style, where every line is deliberate and every repeat precise. The interplay is graphic, almost architectural, yet softened by the gentle hand of handwoven cotton.

Chettinad cottons were once the everyday luxury of the Nattukottai Chettiars a merchant community whose wealth travelled the seas but whose textile taste stayed rooted in the arid plains of Sivaganga. These sarees were worn to temples, wrapped around afternoons at home, passed between sisters and daughters. This one carries that same unhurried elegance a saree made not for occasion, but for presence.",@context | @type | productID | sku | name | description | image | brand | category | additionalProperty | offers | itemCondition | material,@type | price | priceCurrency | availability | url | seller,,,@type | name,no,no,yes,yes,,page-L2NvbGxlY3Rpb24vbWFyb29uLWNoZXR0aW5hZC1jb3R0b24-schema-3 in seo-inventory-raw.json
/collection/maroon-chettinad-cotton,app/(site)/collection/[slug]/page.tsx | lib/seo/json-ld.ts,BreadcrumbList,root.@type,,,,,@context | @type | itemListElement,,,no,no,yes,uncertain,,page-L2NvbGxlY3Rpb24vbWFyb29uLWNoZXR0aW5hZC1jb3R0b24-schema-4 in seo-inventory-raw.json
/collection/maroon-chettinad-cotton,app/(site)/collection/[slug]/page.tsx | lib/seo/json-ld.ts,ListItem,root.itemListElement[0].@type,,,,,@context | @type | itemListElement,,,no,no,yes,uncertain,,page-L2NvbGxlY3Rpb24vbWFyb29uLWNoZXR0aW5hZC1jb3R0b24-schema-4 in seo-inventory-raw.json
/collection/maroon-chettinad-cotton,app/(site)/collection/[slug]/page.tsx | lib/seo/json-ld.ts,ListItem,root.itemListElement[1].@type,,,,,@context | @type | itemListElement,,,no,no,yes,uncertain,,page-L2NvbGxlY3Rpb24vbWFyb29uLWNoZXR0aW5hZC1jb3R0b24-schema-4 in seo-inventory-raw.json
/collection/maroon-chettinad-cotton,app/(site)/collection/[slug]/page.tsx | lib/seo/json-ld.ts,ListItem,root.itemListElement[2].@type,,,,,@context | @type | itemListElement,,,no,no,yes,uncertain,,page-L2NvbGxlY3Rpb24vbWFyb29uLWNoZXR0aW5hZC1jb3R0b24-schema-4 in seo-inventory-raw.json
/collection/deep-wine-organza,app/(site)/collection/[slug]/page.tsx | lib/seo/json-ld.ts,OnlineStore,root.@type,From The Trunk,"Curated collection of authenticated, pre-loved luxury sarees with provenance.",,,,,@context | @type | name | url | logo | email | sameAs | description | contactPoint,no,no,yes,uncertain,,page-L2NvbGxlY3Rpb24vZGVlcC13aW5lLW9yZ2FuemE-schema-1 in seo-inventory-raw.json
/collection/deep-wine-organza,app/(site)/collection/[slug]/page.tsx | lib/seo/json-ld.ts,ContactPoint,root.contactPoint.@type,From The Trunk,"Curated collection of authenticated, pre-loved luxury sarees with provenance.",,,,,@context | @type | name | url | logo | email | sameAs | description | contactPoint,no,no,yes,uncertain,,page-L2NvbGxlY3Rpb24vZGVlcC13aW5lLW9yZ2FuemE-schema-1 in seo-inventory-raw.json
/collection/deep-wine-organza,app/(site)/collection/[slug]/page.tsx | lib/seo/json-ld.ts,WebSite,root.@type,From The Trunk,,,,,,@type | name | logo,no,no,yes,uncertain,,page-L2NvbGxlY3Rpb24vZGVlcC13aW5lLW9yZ2FuemE-schema-2 in seo-inventory-raw.json
/collection/deep-wine-organza,app/(site)/collection/[slug]/page.tsx | lib/seo/json-ld.ts,Organization,root.publisher.@type,From The Trunk,,,,,,@type | name | logo,no,no,yes,uncertain,,page-L2NvbGxlY3Rpb24vZGVlcC13aW5lLW9yZ2FuemE-schema-2 in seo-inventory-raw.json
/collection/deep-wine-organza,app/(site)/collection/[slug]/page.tsx | lib/seo/json-ld.ts,Product,root.@type,Deep wine organza,"A sumptuous burgundy saree graced with intricate gold designs along the border  rich, regal, and deeply rooted in the tradition of festive Indian dressing. A pre-loved burgundy saree with ornate gold border designs. Timeless festive elegance, curated by From the Trunk for the discerning collector.",@context | @type | productID | sku | name | description | image | brand | category | additionalProperty | offers | itemCondition | material,@type | price | priceCurrency | availability | url | seller,,,@type | name,no,no,yes,yes,,page-L2NvbGxlY3Rpb24vZGVlcC13aW5lLW9yZ2FuemE-schema-3 in seo-inventory-raw.json
/collection/deep-wine-organza,app/(site)/collection/[slug]/page.tsx | lib/seo/json-ld.ts,Brand,root.brand.@type,Deep wine organza,"A sumptuous burgundy saree graced with intricate gold designs along the border  rich, regal, and deeply rooted in the tradition of festive Indian dressing. A pre-loved burgundy saree with ornate gold border designs. Timeless festive elegance, curated by From the Trunk for the discerning collector.",@context | @type | productID | sku | name | description | image | brand | category | additionalProperty | offers | itemCondition | material,@type | price | priceCurrency | availability | url | seller,,,@type | name,no,no,yes,yes,,page-L2NvbGxlY3Rpb24vZGVlcC13aW5lLW9yZ2FuemE-schema-3 in seo-inventory-raw.json
/collection/deep-wine-organza,app/(site)/collection/[slug]/page.tsx | lib/seo/json-ld.ts,PropertyValue,root.additionalProperty[0].@type,Deep wine organza,"A sumptuous burgundy saree graced with intricate gold designs along the border  rich, regal, and deeply rooted in the tradition of festive Indian dressing. A pre-loved burgundy saree with ornate gold border designs. Timeless festive elegance, curated by From the Trunk for the discerning collector.",@context | @type | productID | sku | name | description | image | brand | category | additionalProperty | offers | itemCondition | material,@type | price | priceCurrency | availability | url | seller,,,@type | name,no,no,yes,yes,,page-L2NvbGxlY3Rpb24vZGVlcC13aW5lLW9yZ2FuemE-schema-3 in seo-inventory-raw.json
/collection/deep-wine-organza,app/(site)/collection/[slug]/page.tsx | lib/seo/json-ld.ts,PropertyValue,root.additionalProperty[1].@type,Deep wine organza,"A sumptuous burgundy saree graced with intricate gold designs along the border  rich, regal, and deeply rooted in the tradition of festive Indian dressing. A pre-loved burgundy saree with ornate gold border designs. Timeless festive elegance, curated by From the Trunk for the discerning collector.",@context | @type | productID | sku | name | description | image | brand | category | additionalProperty | offers | itemCondition | material,@type | price | priceCurrency | availability | url | seller,,,@type | name,no,no,yes,yes,,page-L2NvbGxlY3Rpb24vZGVlcC13aW5lLW9yZ2FuemE-schema-3 in seo-inventory-raw.json
/collection/deep-wine-organza,app/(site)/collection/[slug]/page.tsx | lib/seo/json-ld.ts,Offer,root.offers.@type,Deep wine organza,"A sumptuous burgundy saree graced with intricate gold designs along the border  rich, regal, and deeply rooted in the tradition of festive Indian dressing. A pre-loved burgundy saree with ornate gold border designs. Timeless festive elegance, curated by From the Trunk for the discerning collector.",@context | @type | productID | sku | name | description | image | brand | category | additionalProperty | offers | itemCondition | material,@type | price | priceCurrency | availability | url | seller,,,@type | name,no,no,yes,yes,,page-L2NvbGxlY3Rpb24vZGVlcC13aW5lLW9yZ2FuemE-schema-3 in seo-inventory-raw.json
/collection/deep-wine-organza,app/(site)/collection/[slug]/page.tsx | lib/seo/json-ld.ts,Organization,root.offers.seller.@type,Deep wine organza,"A sumptuous burgundy saree graced with intricate gold designs along the border  rich, regal, and deeply rooted in the tradition of festive Indian dressing. A pre-loved burgundy saree with ornate gold border designs. Timeless festive elegance, curated by From the Trunk for the discerning collector.",@context | @type | productID | sku | name | description | image | brand | category | additionalProperty | offers | itemCondition | material,@type | price | priceCurrency | availability | url | seller,,,@type | name,no,no,yes,yes,,page-L2NvbGxlY3Rpb24vZGVlcC13aW5lLW9yZ2FuemE-schema-3 in seo-inventory-raw.json
/collection/deep-wine-organza,app/(site)/collection/[slug]/page.tsx | lib/seo/json-ld.ts,BreadcrumbList,root.@type,,,,,@context | @type | itemListElement,,,no,no,yes,uncertain,,page-L2NvbGxlY3Rpb24vZGVlcC13aW5lLW9yZ2FuemE-schema-4 in seo-inventory-raw.json
/collection/deep-wine-organza,app/(site)/collection/[slug]/page.tsx | lib/seo/json-ld.ts,ListItem,root.itemListElement[0].@type,,,,,@context | @type | itemListElement,,,no,no,yes,uncertain,,page-L2NvbGxlY3Rpb24vZGVlcC13aW5lLW9yZ2FuemE-schema-4 in seo-inventory-raw.json
/collection/deep-wine-organza,app/(site)/collection/[slug]/page.tsx | lib/seo/json-ld.ts,ListItem,root.itemListElement[1].@type,,,,,@context | @type | itemListElement,,,no,no,yes,uncertain,,page-L2NvbGxlY3Rpb24vZGVlcC13aW5lLW9yZ2FuemE-schema-4 in seo-inventory-raw.json
/collection/deep-wine-organza,app/(site)/collection/[slug]/page.tsx | lib/seo/json-ld.ts,ListItem,root.itemListElement[2].@type,,,,,@context | @type | itemListElement,,,no,no,yes,uncertain,,page-L2NvbGxlY3Rpb24vZGVlcC13aW5lLW9yZ2FuemE-schema-4 in seo-inventory-raw.json
/collection/indigo-dusk-silk-cotton,app/(site)/collection/[slug]/page.tsx | lib/seo/json-ld.ts,OnlineStore,root.@type,From The Trunk,"Curated collection of authenticated, pre-loved luxury sarees with provenance.",,,,,@context | @type | name | url | logo | email | sameAs | description | contactPoint,no,no,yes,uncertain,,page-L2NvbGxlY3Rpb24vaW5kaWdvLWR1c2stc2lsay1jb3R0b24-schema-1 in seo-inventory-raw.json
/collection/indigo-dusk-silk-cotton,app/(site)/collection/[slug]/page.tsx | lib/seo/json-ld.ts,ContactPoint,root.contactPoint.@type,From The Trunk,"Curated collection of authenticated, pre-loved luxury sarees with provenance.",,,,,@context | @type | name | url | logo | email | sameAs | description | contactPoint,no,no,yes,uncertain,,page-L2NvbGxlY3Rpb24vaW5kaWdvLWR1c2stc2lsay1jb3R0b24-schema-1 in seo-inventory-raw.json
/collection/indigo-dusk-silk-cotton,app/(site)/collection/[slug]/page.tsx | lib/seo/json-ld.ts,WebSite,root.@type,From The Trunk,,,,,,@type | name | logo,no,no,yes,uncertain,,page-L2NvbGxlY3Rpb24vaW5kaWdvLWR1c2stc2lsay1jb3R0b24-schema-2 in seo-inventory-raw.json
/collection/indigo-dusk-silk-cotton,app/(site)/collection/[slug]/page.tsx | lib/seo/json-ld.ts,Organization,root.publisher.@type,From The Trunk,,,,,,@type | name | logo,no,no,yes,uncertain,,page-L2NvbGxlY3Rpb24vaW5kaWdvLWR1c2stc2lsay1jb3R0b24-schema-2 in seo-inventory-raw.json
/collection/indigo-dusk-silk-cotton,app/(site)/collection/[slug]/page.tsx | lib/seo/json-ld.ts,Product,root.@type,Indigo Dusk,"A striking deep blue saree adorned with bold black motifs and a lustrous gold border, a piece that commands attention with understated grandeur, perfect for celebrations that call for quiet confidence. A pre-loved blue saree curated by From the Trunk for its heritage charm and timeless elegance",@context | @type | productID | sku | name | description | image | brand | category | additionalProperty | offers | itemCondition | material,@type | price | priceCurrency | availability | url | seller,,,@type | name,no,no,yes,yes,,page-L2NvbGxlY3Rpb24vaW5kaWdvLWR1c2stc2lsay1jb3R0b24-schema-3 in seo-inventory-raw.json
/collection/indigo-dusk-silk-cotton,app/(site)/collection/[slug]/page.tsx | lib/seo/json-ld.ts,Brand,root.brand.@type,Indigo Dusk,"A striking deep blue saree adorned with bold black motifs and a lustrous gold border, a piece that commands attention with understated grandeur, perfect for celebrations that call for quiet confidence. A pre-loved blue saree curated by From the Trunk for its heritage charm and timeless elegance",@context | @type | productID | sku | name | description | image | brand | category | additionalProperty | offers | itemCondition | material,@type | price | priceCurrency | availability | url | seller,,,@type | name,no,no,yes,yes,,page-L2NvbGxlY3Rpb24vaW5kaWdvLWR1c2stc2lsay1jb3R0b24-schema-3 in seo-inventory-raw.json
/collection/indigo-dusk-silk-cotton,app/(site)/collection/[slug]/page.tsx | lib/seo/json-ld.ts,PropertyValue,root.additionalProperty[0].@type,Indigo Dusk,"A striking deep blue saree adorned with bold black motifs and a lustrous gold border, a piece that commands attention with understated grandeur, perfect for celebrations that call for quiet confidence. A pre-loved blue saree curated by From the Trunk for its heritage charm and timeless elegance",@context | @type | productID | sku | name | description | image | brand | category | additionalProperty | offers | itemCondition | material,@type | price | priceCurrency | availability | url | seller,,,@type | name,no,no,yes,yes,,page-L2NvbGxlY3Rpb24vaW5kaWdvLWR1c2stc2lsay1jb3R0b24-schema-3 in seo-inventory-raw.json
/collection/indigo-dusk-silk-cotton,app/(site)/collection/[slug]/page.tsx | lib/seo/json-ld.ts,PropertyValue,root.additionalProperty[1].@type,Indigo Dusk,"A striking deep blue saree adorned with bold black motifs and a lustrous gold border, a piece that commands attention with understated grandeur, perfect for celebrations that call for quiet confidence. A pre-loved blue saree curated by From the Trunk for its heritage charm and timeless elegance",@context | @type | productID | sku | name | description | image | brand | category | additionalProperty | offers | itemCondition | material,@type | price | priceCurrency | availability | url | seller,,,@type | name,no,no,yes,yes,,page-L2NvbGxlY3Rpb24vaW5kaWdvLWR1c2stc2lsay1jb3R0b24-schema-3 in seo-inventory-raw.json
/collection/indigo-dusk-silk-cotton,app/(site)/collection/[slug]/page.tsx | lib/seo/json-ld.ts,Offer,root.offers.@type,Indigo Dusk,"A striking deep blue saree adorned with bold black motifs and a lustrous gold border, a piece that commands attention with understated grandeur, perfect for celebrations that call for quiet confidence. A pre-loved blue saree curated by From the Trunk for its heritage charm and timeless elegance",@context | @type | productID | sku | name | description | image | brand | category | additionalProperty | offers | itemCondition | material,@type | price | priceCurrency | availability | url | seller,,,@type | name,no,no,yes,yes,,page-L2NvbGxlY3Rpb24vaW5kaWdvLWR1c2stc2lsay1jb3R0b24-schema-3 in seo-inventory-raw.json
/collection/indigo-dusk-silk-cotton,app/(site)/collection/[slug]/page.tsx | lib/seo/json-ld.ts,Organization,root.offers.seller.@type,Indigo Dusk,"A striking deep blue saree adorned with bold black motifs and a lustrous gold border, a piece that commands attention with understated grandeur, perfect for celebrations that call for quiet confidence. A pre-loved blue saree curated by From the Trunk for its heritage charm and timeless elegance",@context | @type | productID | sku | name | description | image | brand | category | additionalProperty | offers | itemCondition | material,@type | price | priceCurrency | availability | url | seller,,,@type | name,no,no,yes,yes,,page-L2NvbGxlY3Rpb24vaW5kaWdvLWR1c2stc2lsay1jb3R0b24-schema-3 in seo-inventory-raw.json
/collection/indigo-dusk-silk-cotton,app/(site)/collection/[slug]/page.tsx | lib/seo/json-ld.ts,BreadcrumbList,root.@type,,,,,@context | @type | itemListElement,,,no,no,yes,uncertain,,page-L2NvbGxlY3Rpb24vaW5kaWdvLWR1c2stc2lsay1jb3R0b24-schema-4 in seo-inventory-raw.json
/collection/indigo-dusk-silk-cotton,app/(site)/collection/[slug]/page.tsx | lib/seo/json-ld.ts,ListItem,root.itemListElement[0].@type,,,,,@context | @type | itemListElement,,,no,no,yes,uncertain,,page-L2NvbGxlY3Rpb24vaW5kaWdvLWR1c2stc2lsay1jb3R0b24-schema-4 in seo-inventory-raw.json
/collection/indigo-dusk-silk-cotton,app/(site)/collection/[slug]/page.tsx | lib/seo/json-ld.ts,ListItem,root.itemListElement[1].@type,,,,,@context | @type | itemListElement,,,no,no,yes,uncertain,,page-L2NvbGxlY3Rpb24vaW5kaWdvLWR1c2stc2lsay1jb3R0b24-schema-4 in seo-inventory-raw.json
/collection/indigo-dusk-silk-cotton,app/(site)/collection/[slug]/page.tsx | lib/seo/json-ld.ts,ListItem,root.itemListElement[2].@type,,,,,@context | @type | itemListElement,,,no,no,yes,uncertain,,page-L2NvbGxlY3Rpb24vaW5kaWdvLWR1c2stc2lsay1jb3R0b24-schema-4 in seo-inventory-raw.json
/collection/reddish-mango-cotton-orange-border,app/(site)/collection/[slug]/page.tsx | lib/seo/json-ld.ts,OnlineStore,root.@type,From The Trunk,"Curated collection of authenticated, pre-loved luxury sarees with provenance.",,,,,@context | @type | name | url | logo | email | sameAs | description | contactPoint,no,no,yes,uncertain,,page-L2NvbGxlY3Rpb24vcmVkZGlzaC1tYW5nby1jb3R0b24tb3JhbmdlLWJvcmRlcg-schema-1 in seo-inventory-raw.json
/collection/reddish-mango-cotton-orange-border,app/(site)/collection/[slug]/page.tsx | lib/seo/json-ld.ts,ContactPoint,root.contactPoint.@type,From The Trunk,"Curated collection of authenticated, pre-loved luxury sarees with provenance.",,,,,@context | @type | name | url | logo | email | sameAs | description | contactPoint,no,no,yes,uncertain,,page-L2NvbGxlY3Rpb24vcmVkZGlzaC1tYW5nby1jb3R0b24tb3JhbmdlLWJvcmRlcg-schema-1 in seo-inventory-raw.json
/collection/reddish-mango-cotton-orange-border,app/(site)/collection/[slug]/page.tsx | lib/seo/json-ld.ts,WebSite,root.@type,From The Trunk,,,,,,@type | name | logo,no,no,yes,uncertain,,page-L2NvbGxlY3Rpb24vcmVkZGlzaC1tYW5nby1jb3R0b24tb3JhbmdlLWJvcmRlcg-schema-2 in seo-inventory-raw.json
/collection/reddish-mango-cotton-orange-border,app/(site)/collection/[slug]/page.tsx | lib/seo/json-ld.ts,Organization,root.publisher.@type,From The Trunk,,,,,,@type | name | logo,no,no,yes,uncertain,,page-L2NvbGxlY3Rpb24vcmVkZGlzaC1tYW5nby1jb3R0b24tb3JhbmdlLWJvcmRlcg-schema-2 in seo-inventory-raw.json
/collection/reddish-mango-cotton-orange-border,app/(site)/collection/[slug]/page.tsx | lib/seo/json-ld.ts,Product,root.@type,Reddish mango,"There is a precise moment in the ripening of a mango when the skin deepens from yellow into something richer  a reddish flush that holds all the warmth of the fruit at its most perfect. This cotton saree is that moment, rendered in cloth. Its body carries a hue that is neither orange nor red but somewhere deeply, unmistakably between the colour of summer itself, woven into warp and weft.  The border arrives in orange, a shade that is brighter and more insistent than the body it frames, pushing forward with the energy of a flame catching light. 
This is a piece that would have been chosen for its colour long before its fabric  grabbed instinctively from a shelf by someone who knew exactly what she wanted to feel like that day.",@context | @type | productID | sku | name | description | image | brand | category | additionalProperty | offers | itemCondition | material,@type | price | priceCurrency | availability | url | seller,,,@type | name,no,no,yes,yes,,page-L2NvbGxlY3Rpb24vcmVkZGlzaC1tYW5nby1jb3R0b24tb3JhbmdlLWJvcmRlcg-schema-3 in seo-inventory-raw.json
/collection/reddish-mango-cotton-orange-border,app/(site)/collection/[slug]/page.tsx | lib/seo/json-ld.ts,Brand,root.brand.@type,Reddish mango,"There is a precise moment in the ripening of a mango when the skin deepens from yellow into something richer  a reddish flush that holds all the warmth of the fruit at its most perfect. This cotton saree is that moment, rendered in cloth. Its body carries a hue that is neither orange nor red but somewhere deeply, unmistakably between the colour of summer itself, woven into warp and weft.  The border arrives in orange, a shade that is brighter and more insistent than the body it frames, pushing forward with the energy of a flame catching light. 
This is a piece that would have been chosen for its colour long before its fabric  grabbed instinctively from a shelf by someone who knew exactly what she wanted to feel like that day.",@context | @type | productID | sku | name | description | image | brand | category | additionalProperty | offers | itemCondition | material,@type | price | priceCurrency | availability | url | seller,,,@type | name,no,no,yes,yes,,page-L2NvbGxlY3Rpb24vcmVkZGlzaC1tYW5nby1jb3R0b24tb3JhbmdlLWJvcmRlcg-schema-3 in seo-inventory-raw.json
/collection/reddish-mango-cotton-orange-border,app/(site)/collection/[slug]/page.tsx | lib/seo/json-ld.ts,PropertyValue,root.additionalProperty[0].@type,Reddish mango,"There is a precise moment in the ripening of a mango when the skin deepens from yellow into something richer  a reddish flush that holds all the warmth of the fruit at its most perfect. This cotton saree is that moment, rendered in cloth. Its body carries a hue that is neither orange nor red but somewhere deeply, unmistakably between the colour of summer itself, woven into warp and weft.  The border arrives in orange, a shade that is brighter and more insistent than the body it frames, pushing forward with the energy of a flame catching light. 
This is a piece that would have been chosen for its colour long before its fabric  grabbed instinctively from a shelf by someone who knew exactly what she wanted to feel like that day.",@context | @type | productID | sku | name | description | image | brand | category | additionalProperty | offers | itemCondition | material,@type | price | priceCurrency | availability | url | seller,,,@type | name,no,no,yes,yes,,page-L2NvbGxlY3Rpb24vcmVkZGlzaC1tYW5nby1jb3R0b24tb3JhbmdlLWJvcmRlcg-schema-3 in seo-inventory-raw.json
/collection/reddish-mango-cotton-orange-border,app/(site)/collection/[slug]/page.tsx | lib/seo/json-ld.ts,PropertyValue,root.additionalProperty[1].@type,Reddish mango,"There is a precise moment in the ripening of a mango when the skin deepens from yellow into something richer  a reddish flush that holds all the warmth of the fruit at its most perfect. This cotton saree is that moment, rendered in cloth. Its body carries a hue that is neither orange nor red but somewhere deeply, unmistakably between the colour of summer itself, woven into warp and weft.  The border arrives in orange, a shade that is brighter and more insistent than the body it frames, pushing forward with the energy of a flame catching light. 
This is a piece that would have been chosen for its colour long before its fabric  grabbed instinctively from a shelf by someone who knew exactly what she wanted to feel like that day.",@context | @type | productID | sku | name | description | image | brand | category | additionalProperty | offers | itemCondition | material,@type | price | priceCurrency | availability | url | seller,,,@type | name,no,no,yes,yes,,page-L2NvbGxlY3Rpb24vcmVkZGlzaC1tYW5nby1jb3R0b24tb3JhbmdlLWJvcmRlcg-schema-3 in seo-inventory-raw.json
/collection/reddish-mango-cotton-orange-border,app/(site)/collection/[slug]/page.tsx | lib/seo/json-ld.ts,Offer,root.offers.@type,Reddish mango,"There is a precise moment in the ripening of a mango when the skin deepens from yellow into something richer  a reddish flush that holds all the warmth of the fruit at its most perfect. This cotton saree is that moment, rendered in cloth. Its body carries a hue that is neither orange nor red but somewhere deeply, unmistakably between the colour of summer itself, woven into warp and weft.  The border arrives in orange, a shade that is brighter and more insistent than the body it frames, pushing forward with the energy of a flame catching light. 
This is a piece that would have been chosen for its colour long before its fabric  grabbed instinctively from a shelf by someone who knew exactly what she wanted to feel like that day.",@context | @type | productID | sku | name | description | image | brand | category | additionalProperty | offers | itemCondition | material,@type | price | priceCurrency | availability | url | seller,,,@type | name,no,no,yes,yes,,page-L2NvbGxlY3Rpb24vcmVkZGlzaC1tYW5nby1jb3R0b24tb3JhbmdlLWJvcmRlcg-schema-3 in seo-inventory-raw.json
/collection/reddish-mango-cotton-orange-border,app/(site)/collection/[slug]/page.tsx | lib/seo/json-ld.ts,Organization,root.offers.seller.@type,Reddish mango,"There is a precise moment in the ripening of a mango when the skin deepens from yellow into something richer  a reddish flush that holds all the warmth of the fruit at its most perfect. This cotton saree is that moment, rendered in cloth. Its body carries a hue that is neither orange nor red but somewhere deeply, unmistakably between the colour of summer itself, woven into warp and weft.  The border arrives in orange, a shade that is brighter and more insistent than the body it frames, pushing forward with the energy of a flame catching light. 
This is a piece that would have been chosen for its colour long before its fabric  grabbed instinctively from a shelf by someone who knew exactly what she wanted to feel like that day.",@context | @type | productID | sku | name | description | image | brand | category | additionalProperty | offers | itemCondition | material,@type | price | priceCurrency | availability | url | seller,,,@type | name,no,no,yes,yes,,page-L2NvbGxlY3Rpb24vcmVkZGlzaC1tYW5nby1jb3R0b24tb3JhbmdlLWJvcmRlcg-schema-3 in seo-inventory-raw.json
/collection/reddish-mango-cotton-orange-border,app/(site)/collection/[slug]/page.tsx | lib/seo/json-ld.ts,BreadcrumbList,root.@type,,,,,@context | @type | itemListElement,,,no,no,yes,uncertain,,page-L2NvbGxlY3Rpb24vcmVkZGlzaC1tYW5nby1jb3R0b24tb3JhbmdlLWJvcmRlcg-schema-4 in seo-inventory-raw.json
/collection/reddish-mango-cotton-orange-border,app/(site)/collection/[slug]/page.tsx | lib/seo/json-ld.ts,ListItem,root.itemListElement[0].@type,,,,,@context | @type | itemListElement,,,no,no,yes,uncertain,,page-L2NvbGxlY3Rpb24vcmVkZGlzaC1tYW5nby1jb3R0b24tb3JhbmdlLWJvcmRlcg-schema-4 in seo-inventory-raw.json
/collection/reddish-mango-cotton-orange-border,app/(site)/collection/[slug]/page.tsx | lib/seo/json-ld.ts,ListItem,root.itemListElement[1].@type,,,,,@context | @type | itemListElement,,,no,no,yes,uncertain,,page-L2NvbGxlY3Rpb24vcmVkZGlzaC1tYW5nby1jb3R0b24tb3JhbmdlLWJvcmRlcg-schema-4 in seo-inventory-raw.json
/collection/reddish-mango-cotton-orange-border,app/(site)/collection/[slug]/page.tsx | lib/seo/json-ld.ts,ListItem,root.itemListElement[2].@type,,,,,@context | @type | itemListElement,,,no,no,yes,uncertain,,page-L2NvbGxlY3Rpb24vcmVkZGlzaC1tYW5nby1jb3R0b24tb3JhbmdlLWJvcmRlcg-schema-4 in seo-inventory-raw.json
/collection/magenta-cotton,app/(site)/collection/[slug]/page.tsx | lib/seo/json-ld.ts,OnlineStore,root.@type,From The Trunk,"Curated collection of authenticated, pre-loved luxury sarees with provenance.",,,,,@context | @type | name | url | logo | email | sameAs | description | contactPoint,no,no,yes,uncertain,,page-L2NvbGxlY3Rpb24vbWFnZW50YS1jb3R0b24-schema-1 in seo-inventory-raw.json
/collection/magenta-cotton,app/(site)/collection/[slug]/page.tsx | lib/seo/json-ld.ts,ContactPoint,root.contactPoint.@type,From The Trunk,"Curated collection of authenticated, pre-loved luxury sarees with provenance.",,,,,@context | @type | name | url | logo | email | sameAs | description | contactPoint,no,no,yes,uncertain,,page-L2NvbGxlY3Rpb24vbWFnZW50YS1jb3R0b24-schema-1 in seo-inventory-raw.json
/collection/magenta-cotton,app/(site)/collection/[slug]/page.tsx | lib/seo/json-ld.ts,WebSite,root.@type,From The Trunk,,,,,,@type | name | logo,no,no,yes,uncertain,,page-L2NvbGxlY3Rpb24vbWFnZW50YS1jb3R0b24-schema-2 in seo-inventory-raw.json
/collection/magenta-cotton,app/(site)/collection/[slug]/page.tsx | lib/seo/json-ld.ts,Organization,root.publisher.@type,From The Trunk,,,,,,@type | name | logo,no,no,yes,uncertain,,page-L2NvbGxlY3Rpb24vbWFnZW50YS1jb3R0b24-schema-2 in seo-inventory-raw.json
/collection/magenta-cotton,app/(site)/collection/[slug]/page.tsx | lib/seo/json-ld.ts,Product,root.@type,Magenta Cotton Gold Zari Border,"Cotton sarees with zari borders occupy a particular place in the Indian wardrobe  dressed enough for a festive afternoon, light enough for a long day. They were the sarees pulled out for Pongal mornings and family gatherings, worn with fresh jasmine and a certain ease that silk could never quite replicate. This piece carries that same festive practicality: celebratory without being ceremonial, joyful without being loud.",@context | @type | productID | sku | name | description | image | brand | category | additionalProperty | offers | itemCondition | material,@type | price | priceCurrency | availability | url | seller,,,@type | name,no,no,yes,yes,,page-L2NvbGxlY3Rpb24vbWFnZW50YS1jb3R0b24-schema-3 in seo-inventory-raw.json
/collection/magenta-cotton,app/(site)/collection/[slug]/page.tsx | lib/seo/json-ld.ts,Brand,root.brand.@type,Magenta Cotton Gold Zari Border,"Cotton sarees with zari borders occupy a particular place in the Indian wardrobe  dressed enough for a festive afternoon, light enough for a long day. They were the sarees pulled out for Pongal mornings and family gatherings, worn with fresh jasmine and a certain ease that silk could never quite replicate. This piece carries that same festive practicality: celebratory without being ceremonial, joyful without being loud.",@context | @type | productID | sku | name | description | image | brand | category | additionalProperty | offers | itemCondition | material,@type | price | priceCurrency | availability | url | seller,,,@type | name,no,no,yes,yes,,page-L2NvbGxlY3Rpb24vbWFnZW50YS1jb3R0b24-schema-3 in seo-inventory-raw.json
/collection/magenta-cotton,app/(site)/collection/[slug]/page.tsx | lib/seo/json-ld.ts,PropertyValue,root.additionalProperty[0].@type,Magenta Cotton Gold Zari Border,"Cotton sarees with zari borders occupy a particular place in the Indian wardrobe  dressed enough for a festive afternoon, light enough for a long day. They were the sarees pulled out for Pongal mornings and family gatherings, worn with fresh jasmine and a certain ease that silk could never quite replicate. This piece carries that same festive practicality: celebratory without being ceremonial, joyful without being loud.",@context | @type | productID | sku | name | description | image | brand | category | additionalProperty | offers | itemCondition | material,@type | price | priceCurrency | availability | url | seller,,,@type | name,no,no,yes,yes,,page-L2NvbGxlY3Rpb24vbWFnZW50YS1jb3R0b24-schema-3 in seo-inventory-raw.json
/collection/magenta-cotton,app/(site)/collection/[slug]/page.tsx | lib/seo/json-ld.ts,PropertyValue,root.additionalProperty[1].@type,Magenta Cotton Gold Zari Border,"Cotton sarees with zari borders occupy a particular place in the Indian wardrobe  dressed enough for a festive afternoon, light enough for a long day. They were the sarees pulled out for Pongal mornings and family gatherings, worn with fresh jasmine and a certain ease that silk could never quite replicate. This piece carries that same festive practicality: celebratory without being ceremonial, joyful without being loud.",@context | @type | productID | sku | name | description | image | brand | category | additionalProperty | offers | itemCondition | material,@type | price | priceCurrency | availability | url | seller,,,@type | name,no,no,yes,yes,,page-L2NvbGxlY3Rpb24vbWFnZW50YS1jb3R0b24-schema-3 in seo-inventory-raw.json
/collection/magenta-cotton,app/(site)/collection/[slug]/page.tsx | lib/seo/json-ld.ts,Offer,root.offers.@type,Magenta Cotton Gold Zari Border,"Cotton sarees with zari borders occupy a particular place in the Indian wardrobe  dressed enough for a festive afternoon, light enough for a long day. They were the sarees pulled out for Pongal mornings and family gatherings, worn with fresh jasmine and a certain ease that silk could never quite replicate. This piece carries that same festive practicality: celebratory without being ceremonial, joyful without being loud.",@context | @type | productID | sku | name | description | image | brand | category | additionalProperty | offers | itemCondition | material,@type | price | priceCurrency | availability | url | seller,,,@type | name,no,no,yes,yes,,page-L2NvbGxlY3Rpb24vbWFnZW50YS1jb3R0b24-schema-3 in seo-inventory-raw.json
/collection/magenta-cotton,app/(site)/collection/[slug]/page.tsx | lib/seo/json-ld.ts,Organization,root.offers.seller.@type,Magenta Cotton Gold Zari Border,"Cotton sarees with zari borders occupy a particular place in the Indian wardrobe  dressed enough for a festive afternoon, light enough for a long day. They were the sarees pulled out for Pongal mornings and family gatherings, worn with fresh jasmine and a certain ease that silk could never quite replicate. This piece carries that same festive practicality: celebratory without being ceremonial, joyful without being loud.",@context | @type | productID | sku | name | description | image | brand | category | additionalProperty | offers | itemCondition | material,@type | price | priceCurrency | availability | url | seller,,,@type | name,no,no,yes,yes,,page-L2NvbGxlY3Rpb24vbWFnZW50YS1jb3R0b24-schema-3 in seo-inventory-raw.json
/collection/magenta-cotton,app/(site)/collection/[slug]/page.tsx | lib/seo/json-ld.ts,BreadcrumbList,root.@type,,,,,@context | @type | itemListElement,,,no,no,yes,uncertain,,page-L2NvbGxlY3Rpb24vbWFnZW50YS1jb3R0b24-schema-4 in seo-inventory-raw.json
/collection/magenta-cotton,app/(site)/collection/[slug]/page.tsx | lib/seo/json-ld.ts,ListItem,root.itemListElement[0].@type,,,,,@context | @type | itemListElement,,,no,no,yes,uncertain,,page-L2NvbGxlY3Rpb24vbWFnZW50YS1jb3R0b24-schema-4 in seo-inventory-raw.json
/collection/magenta-cotton,app/(site)/collection/[slug]/page.tsx | lib/seo/json-ld.ts,ListItem,root.itemListElement[1].@type,,,,,@context | @type | itemListElement,,,no,no,yes,uncertain,,page-L2NvbGxlY3Rpb24vbWFnZW50YS1jb3R0b24-schema-4 in seo-inventory-raw.json
/collection/magenta-cotton,app/(site)/collection/[slug]/page.tsx | lib/seo/json-ld.ts,ListItem,root.itemListElement[2].@type,,,,,@context | @type | itemListElement,,,no,no,yes,uncertain,,page-L2NvbGxlY3Rpb24vbWFnZW50YS1jb3R0b24-schema-4 in seo-inventory-raw.json
/collection/red-blue-madras-check-cotton,app/(site)/collection/[slug]/page.tsx | lib/seo/json-ld.ts,OnlineStore,root.@type,From The Trunk,"Curated collection of authenticated, pre-loved luxury sarees with provenance.",,,,,@context | @type | name | url | logo | email | sameAs | description | contactPoint,no,no,yes,uncertain,,page-L2NvbGxlY3Rpb24vcmVkLWJsdWUtbWFkcmFzLWNoZWNrLWNvdHRvbg-schema-1 in seo-inventory-raw.json
/collection/red-blue-madras-check-cotton,app/(site)/collection/[slug]/page.tsx | lib/seo/json-ld.ts,ContactPoint,root.contactPoint.@type,From The Trunk,"Curated collection of authenticated, pre-loved luxury sarees with provenance.",,,,,@context | @type | name | url | logo | email | sameAs | description | contactPoint,no,no,yes,uncertain,,page-L2NvbGxlY3Rpb24vcmVkLWJsdWUtbWFkcmFzLWNoZWNrLWNvdHRvbg-schema-1 in seo-inventory-raw.json
/collection/red-blue-madras-check-cotton,app/(site)/collection/[slug]/page.tsx | lib/seo/json-ld.ts,WebSite,root.@type,From The Trunk,,,,,,@type | name | logo,no,no,yes,uncertain,,page-L2NvbGxlY3Rpb24vcmVkLWJsdWUtbWFkcmFzLWNoZWNrLWNvdHRvbg-schema-2 in seo-inventory-raw.json
/collection/red-blue-madras-check-cotton,app/(site)/collection/[slug]/page.tsx | lib/seo/json-ld.ts,Organization,root.publisher.@type,From The Trunk,,,,,,@type | name | logo,no,no,yes,uncertain,,page-L2NvbGxlY3Rpb24vcmVkLWJsdWUtbWFkcmFzLWNoZWNrLWNvdHRvbg-schema-2 in seo-inventory-raw.json
/collection/red-blue-madras-check-cotton,app/(site)/collection/[slug]/page.tsx | lib/seo/json-ld.ts,Product,root.@type,Red Blue Madras Check Cotton,"Long before Madras checks became a global export, they were simply the cloth of home  woven in the mills and looms of Chennai with dyes that faded beautifully in the wash and a geometry that felt both precise and joyful. The red and blue check is perhaps the most iconic of all combinations: bold enough to be noticed, balanced enough to be worn every day, and unmistakably rooted in the streets and seasons of Tamil Nadu.
Madras cotton sarees of this character were wardrobe staples for women across South India worn to the market, to the office, to temple on an ordinary morning. They needed no occasion to justify themselves. This piece carries that same unpretentious energy: honest, hardworking cotton dressed up in a pattern that has never once gone out of style.",@context | @type | productID | sku | name | description | image | brand | category | additionalProperty | offers | itemCondition | material,@type | price | priceCurrency | availability | url | seller,,,@type | name,no,no,yes,yes,,page-L2NvbGxlY3Rpb24vcmVkLWJsdWUtbWFkcmFzLWNoZWNrLWNvdHRvbg-schema-3 in seo-inventory-raw.json
/collection/red-blue-madras-check-cotton,app/(site)/collection/[slug]/page.tsx | lib/seo/json-ld.ts,Brand,root.brand.@type,Red Blue Madras Check Cotton,"Long before Madras checks became a global export, they were simply the cloth of home  woven in the mills and looms of Chennai with dyes that faded beautifully in the wash and a geometry that felt both precise and joyful. The red and blue check is perhaps the most iconic of all combinations: bold enough to be noticed, balanced enough to be worn every day, and unmistakably rooted in the streets and seasons of Tamil Nadu.
Madras cotton sarees of this character were wardrobe staples for women across South India worn to the market, to the office, to temple on an ordinary morning. They needed no occasion to justify themselves. This piece carries that same unpretentious energy: honest, hardworking cotton dressed up in a pattern that has never once gone out of style.",@context | @type | productID | sku | name | description | image | brand | category | additionalProperty | offers | itemCondition | material,@type | price | priceCurrency | availability | url | seller,,,@type | name,no,no,yes,yes,,page-L2NvbGxlY3Rpb24vcmVkLWJsdWUtbWFkcmFzLWNoZWNrLWNvdHRvbg-schema-3 in seo-inventory-raw.json
/collection/red-blue-madras-check-cotton,app/(site)/collection/[slug]/page.tsx | lib/seo/json-ld.ts,PropertyValue,root.additionalProperty[0].@type,Red Blue Madras Check Cotton,"Long before Madras checks became a global export, they were simply the cloth of home  woven in the mills and looms of Chennai with dyes that faded beautifully in the wash and a geometry that felt both precise and joyful. The red and blue check is perhaps the most iconic of all combinations: bold enough to be noticed, balanced enough to be worn every day, and unmistakably rooted in the streets and seasons of Tamil Nadu.
Madras cotton sarees of this character were wardrobe staples for women across South India worn to the market, to the office, to temple on an ordinary morning. They needed no occasion to justify themselves. This piece carries that same unpretentious energy: honest, hardworking cotton dressed up in a pattern that has never once gone out of style.",@context | @type | productID | sku | name | description | image | brand | category | additionalProperty | offers | itemCondition | material,@type | price | priceCurrency | availability | url | seller,,,@type | name,no,no,yes,yes,,page-L2NvbGxlY3Rpb24vcmVkLWJsdWUtbWFkcmFzLWNoZWNrLWNvdHRvbg-schema-3 in seo-inventory-raw.json
/collection/red-blue-madras-check-cotton,app/(site)/collection/[slug]/page.tsx | lib/seo/json-ld.ts,PropertyValue,root.additionalProperty[1].@type,Red Blue Madras Check Cotton,"Long before Madras checks became a global export, they were simply the cloth of home  woven in the mills and looms of Chennai with dyes that faded beautifully in the wash and a geometry that felt both precise and joyful. The red and blue check is perhaps the most iconic of all combinations: bold enough to be noticed, balanced enough to be worn every day, and unmistakably rooted in the streets and seasons of Tamil Nadu.
Madras cotton sarees of this character were wardrobe staples for women across South India worn to the market, to the office, to temple on an ordinary morning. They needed no occasion to justify themselves. This piece carries that same unpretentious energy: honest, hardworking cotton dressed up in a pattern that has never once gone out of style.",@context | @type | productID | sku | name | description | image | brand | category | additionalProperty | offers | itemCondition | material,@type | price | priceCurrency | availability | url | seller,,,@type | name,no,no,yes,yes,,page-L2NvbGxlY3Rpb24vcmVkLWJsdWUtbWFkcmFzLWNoZWNrLWNvdHRvbg-schema-3 in seo-inventory-raw.json
/collection/red-blue-madras-check-cotton,app/(site)/collection/[slug]/page.tsx | lib/seo/json-ld.ts,Offer,root.offers.@type,Red Blue Madras Check Cotton,"Long before Madras checks became a global export, they were simply the cloth of home  woven in the mills and looms of Chennai with dyes that faded beautifully in the wash and a geometry that felt both precise and joyful. The red and blue check is perhaps the most iconic of all combinations: bold enough to be noticed, balanced enough to be worn every day, and unmistakably rooted in the streets and seasons of Tamil Nadu.
Madras cotton sarees of this character were wardrobe staples for women across South India worn to the market, to the office, to temple on an ordinary morning. They needed no occasion to justify themselves. This piece carries that same unpretentious energy: honest, hardworking cotton dressed up in a pattern that has never once gone out of style.",@context | @type | productID | sku | name | description | image | brand | category | additionalProperty | offers | itemCondition | material,@type | price | priceCurrency | availability | url | seller,,,@type | name,no,no,yes,yes,,page-L2NvbGxlY3Rpb24vcmVkLWJsdWUtbWFkcmFzLWNoZWNrLWNvdHRvbg-schema-3 in seo-inventory-raw.json
/collection/red-blue-madras-check-cotton,app/(site)/collection/[slug]/page.tsx | lib/seo/json-ld.ts,Organization,root.offers.seller.@type,Red Blue Madras Check Cotton,"Long before Madras checks became a global export, they were simply the cloth of home  woven in the mills and looms of Chennai with dyes that faded beautifully in the wash and a geometry that felt both precise and joyful. The red and blue check is perhaps the most iconic of all combinations: bold enough to be noticed, balanced enough to be worn every day, and unmistakably rooted in the streets and seasons of Tamil Nadu.
Madras cotton sarees of this character were wardrobe staples for women across South India worn to the market, to the office, to temple on an ordinary morning. They needed no occasion to justify themselves. This piece carries that same unpretentious energy: honest, hardworking cotton dressed up in a pattern that has never once gone out of style.",@context | @type | productID | sku | name | description | image | brand | category | additionalProperty | offers | itemCondition | material,@type | price | priceCurrency | availability | url | seller,,,@type | name,no,no,yes,yes,,page-L2NvbGxlY3Rpb24vcmVkLWJsdWUtbWFkcmFzLWNoZWNrLWNvdHRvbg-schema-3 in seo-inventory-raw.json
/collection/red-blue-madras-check-cotton,app/(site)/collection/[slug]/page.tsx | lib/seo/json-ld.ts,BreadcrumbList,root.@type,,,,,@context | @type | itemListElement,,,no,no,yes,uncertain,,page-L2NvbGxlY3Rpb24vcmVkLWJsdWUtbWFkcmFzLWNoZWNrLWNvdHRvbg-schema-4 in seo-inventory-raw.json
/collection/red-blue-madras-check-cotton,app/(site)/collection/[slug]/page.tsx | lib/seo/json-ld.ts,ListItem,root.itemListElement[0].@type,,,,,@context | @type | itemListElement,,,no,no,yes,uncertain,,page-L2NvbGxlY3Rpb24vcmVkLWJsdWUtbWFkcmFzLWNoZWNrLWNvdHRvbg-schema-4 in seo-inventory-raw.json
/collection/red-blue-madras-check-cotton,app/(site)/collection/[slug]/page.tsx | lib/seo/json-ld.ts,ListItem,root.itemListElement[1].@type,,,,,@context | @type | itemListElement,,,no,no,yes,uncertain,,page-L2NvbGxlY3Rpb24vcmVkLWJsdWUtbWFkcmFzLWNoZWNrLWNvdHRvbg-schema-4 in seo-inventory-raw.json
/collection/red-blue-madras-check-cotton,app/(site)/collection/[slug]/page.tsx | lib/seo/json-ld.ts,ListItem,root.itemListElement[2].@type,,,,,@context | @type | itemListElement,,,no,no,yes,uncertain,,page-L2NvbGxlY3Rpb24vcmVkLWJsdWUtbWFkcmFzLWNoZWNrLWNvdHRvbg-schema-4 in seo-inventory-raw.json
/collection/twilight-orange-cotton-weave,app/(site)/collection/[slug]/page.tsx | lib/seo/json-ld.ts,OnlineStore,root.@type,From The Trunk,"Curated collection of authenticated, pre-loved luxury sarees with provenance.",,,,,@context | @type | name | url | logo | email | sameAs | description | contactPoint,no,no,yes,uncertain,,page-L2NvbGxlY3Rpb24vdHdpbGlnaHQtb3JhbmdlLWNvdHRvbi13ZWF2ZQ-schema-1 in seo-inventory-raw.json
/collection/twilight-orange-cotton-weave,app/(site)/collection/[slug]/page.tsx | lib/seo/json-ld.ts,ContactPoint,root.contactPoint.@type,From The Trunk,"Curated collection of authenticated, pre-loved luxury sarees with provenance.",,,,,@context | @type | name | url | logo | email | sameAs | description | contactPoint,no,no,yes,uncertain,,page-L2NvbGxlY3Rpb24vdHdpbGlnaHQtb3JhbmdlLWNvdHRvbi13ZWF2ZQ-schema-1 in seo-inventory-raw.json
/collection/twilight-orange-cotton-weave,app/(site)/collection/[slug]/page.tsx | lib/seo/json-ld.ts,WebSite,root.@type,From The Trunk,,,,,,@type | name | logo,no,no,yes,uncertain,,page-L2NvbGxlY3Rpb24vdHdpbGlnaHQtb3JhbmdlLWNvdHRvbi13ZWF2ZQ-schema-2 in seo-inventory-raw.json
/collection/twilight-orange-cotton-weave,app/(site)/collection/[slug]/page.tsx | lib/seo/json-ld.ts,Organization,root.publisher.@type,From The Trunk,,,,,,@type | name | logo,no,no,yes,uncertain,,page-L2NvbGxlY3Rpb24vdHdpbGlnaHQtb3JhbmdlLWNvdHRvbi13ZWF2ZQ-schema-2 in seo-inventory-raw.json
/collection/twilight-orange-cotton-weave,app/(site)/collection/[slug]/page.tsx | lib/seo/json-ld.ts,Product,root.@type,Twilight Orange Cotton Weave,"There is a particular magic in the moments just before nightfall,  when the sky holds its breath between blazing orange and the deep arrival of black, and the last light catches everything it touches in gold. This cotton saree was made in that spirit. Its body moves between a rich, burning orange and a grounding black, while golden flowers bloom across the weave like embers refusing to die out, each motif a quiet act of devotion by the hand that made it.",@context | @type | productID | sku | name | description | image | brand | category | additionalProperty | offers | itemCondition | material,@type | price | priceCurrency | availability | url | seller,,,@type | name,no,no,yes,yes,,page-L2NvbGxlY3Rpb24vdHdpbGlnaHQtb3JhbmdlLWNvdHRvbi13ZWF2ZQ-schema-3 in seo-inventory-raw.json
/collection/twilight-orange-cotton-weave,app/(site)/collection/[slug]/page.tsx | lib/seo/json-ld.ts,Brand,root.brand.@type,Twilight Orange Cotton Weave,"There is a particular magic in the moments just before nightfall,  when the sky holds its breath between blazing orange and the deep arrival of black, and the last light catches everything it touches in gold. This cotton saree was made in that spirit. Its body moves between a rich, burning orange and a grounding black, while golden flowers bloom across the weave like embers refusing to die out, each motif a quiet act of devotion by the hand that made it.",@context | @type | productID | sku | name | description | image | brand | category | additionalProperty | offers | itemCondition | material,@type | price | priceCurrency | availability | url | seller,,,@type | name,no,no,yes,yes,,page-L2NvbGxlY3Rpb24vdHdpbGlnaHQtb3JhbmdlLWNvdHRvbi13ZWF2ZQ-schema-3 in seo-inventory-raw.json
/collection/twilight-orange-cotton-weave,app/(site)/collection/[slug]/page.tsx | lib/seo/json-ld.ts,PropertyValue,root.additionalProperty[0].@type,Twilight Orange Cotton Weave,"There is a particular magic in the moments just before nightfall,  when the sky holds its breath between blazing orange and the deep arrival of black, and the last light catches everything it touches in gold. This cotton saree was made in that spirit. Its body moves between a rich, burning orange and a grounding black, while golden flowers bloom across the weave like embers refusing to die out, each motif a quiet act of devotion by the hand that made it.",@context | @type | productID | sku | name | description | image | brand | category | additionalProperty | offers | itemCondition | material,@type | price | priceCurrency | availability | url | seller,,,@type | name,no,no,yes,yes,,page-L2NvbGxlY3Rpb24vdHdpbGlnaHQtb3JhbmdlLWNvdHRvbi13ZWF2ZQ-schema-3 in seo-inventory-raw.json
/collection/twilight-orange-cotton-weave,app/(site)/collection/[slug]/page.tsx | lib/seo/json-ld.ts,PropertyValue,root.additionalProperty[1].@type,Twilight Orange Cotton Weave,"There is a particular magic in the moments just before nightfall,  when the sky holds its breath between blazing orange and the deep arrival of black, and the last light catches everything it touches in gold. This cotton saree was made in that spirit. Its body moves between a rich, burning orange and a grounding black, while golden flowers bloom across the weave like embers refusing to die out, each motif a quiet act of devotion by the hand that made it.",@context | @type | productID | sku | name | description | image | brand | category | additionalProperty | offers | itemCondition | material,@type | price | priceCurrency | availability | url | seller,,,@type | name,no,no,yes,yes,,page-L2NvbGxlY3Rpb24vdHdpbGlnaHQtb3JhbmdlLWNvdHRvbi13ZWF2ZQ-schema-3 in seo-inventory-raw.json
/collection/twilight-orange-cotton-weave,app/(site)/collection/[slug]/page.tsx | lib/seo/json-ld.ts,Offer,root.offers.@type,Twilight Orange Cotton Weave,"There is a particular magic in the moments just before nightfall,  when the sky holds its breath between blazing orange and the deep arrival of black, and the last light catches everything it touches in gold. This cotton saree was made in that spirit. Its body moves between a rich, burning orange and a grounding black, while golden flowers bloom across the weave like embers refusing to die out, each motif a quiet act of devotion by the hand that made it.",@context | @type | productID | sku | name | description | image | brand | category | additionalProperty | offers | itemCondition | material,@type | price | priceCurrency | availability | url | seller,,,@type | name,no,no,yes,yes,,page-L2NvbGxlY3Rpb24vdHdpbGlnaHQtb3JhbmdlLWNvdHRvbi13ZWF2ZQ-schema-3 in seo-inventory-raw.json
/collection/twilight-orange-cotton-weave,app/(site)/collection/[slug]/page.tsx | lib/seo/json-ld.ts,Organization,root.offers.seller.@type,Twilight Orange Cotton Weave,"There is a particular magic in the moments just before nightfall,  when the sky holds its breath between blazing orange and the deep arrival of black, and the last light catches everything it touches in gold. This cotton saree was made in that spirit. Its body moves between a rich, burning orange and a grounding black, while golden flowers bloom across the weave like embers refusing to die out, each motif a quiet act of devotion by the hand that made it.",@context | @type | productID | sku | name | description | image | brand | category | additionalProperty | offers | itemCondition | material,@type | price | priceCurrency | availability | url | seller,,,@type | name,no,no,yes,yes,,page-L2NvbGxlY3Rpb24vdHdpbGlnaHQtb3JhbmdlLWNvdHRvbi13ZWF2ZQ-schema-3 in seo-inventory-raw.json
/collection/twilight-orange-cotton-weave,app/(site)/collection/[slug]/page.tsx | lib/seo/json-ld.ts,BreadcrumbList,root.@type,,,,,@context | @type | itemListElement,,,no,no,yes,uncertain,,page-L2NvbGxlY3Rpb24vdHdpbGlnaHQtb3JhbmdlLWNvdHRvbi13ZWF2ZQ-schema-4 in seo-inventory-raw.json
/collection/twilight-orange-cotton-weave,app/(site)/collection/[slug]/page.tsx | lib/seo/json-ld.ts,ListItem,root.itemListElement[0].@type,,,,,@context | @type | itemListElement,,,no,no,yes,uncertain,,page-L2NvbGxlY3Rpb24vdHdpbGlnaHQtb3JhbmdlLWNvdHRvbi13ZWF2ZQ-schema-4 in seo-inventory-raw.json
/collection/twilight-orange-cotton-weave,app/(site)/collection/[slug]/page.tsx | lib/seo/json-ld.ts,ListItem,root.itemListElement[1].@type,,,,,@context | @type | itemListElement,,,no,no,yes,uncertain,,page-L2NvbGxlY3Rpb24vdHdpbGlnaHQtb3JhbmdlLWNvdHRvbi13ZWF2ZQ-schema-4 in seo-inventory-raw.json
/collection/twilight-orange-cotton-weave,app/(site)/collection/[slug]/page.tsx | lib/seo/json-ld.ts,ListItem,root.itemListElement[2].@type,,,,,@context | @type | itemListElement,,,no,no,yes,uncertain,,page-L2NvbGxlY3Rpb24vdHdpbGlnaHQtb3JhbmdlLWNvdHRvbi13ZWF2ZQ-schema-4 in seo-inventory-raw.json
/collection/lime-and-gold-cotton-classic,app/(site)/collection/[slug]/page.tsx | lib/seo/json-ld.ts,OnlineStore,root.@type,From The Trunk,"Curated collection of authenticated, pre-loved luxury sarees with provenance.",,,,,@context | @type | name | url | logo | email | sameAs | description | contactPoint,no,no,yes,uncertain,,page-L2NvbGxlY3Rpb24vbGltZS1hbmQtZ29sZC1jb3R0b24tY2xhc3NpYw-schema-1 in seo-inventory-raw.json
/collection/lime-and-gold-cotton-classic,app/(site)/collection/[slug]/page.tsx | lib/seo/json-ld.ts,ContactPoint,root.contactPoint.@type,From The Trunk,"Curated collection of authenticated, pre-loved luxury sarees with provenance.",,,,,@context | @type | name | url | logo | email | sameAs | description | contactPoint,no,no,yes,uncertain,,page-L2NvbGxlY3Rpb24vbGltZS1hbmQtZ29sZC1jb3R0b24tY2xhc3NpYw-schema-1 in seo-inventory-raw.json
/collection/lime-and-gold-cotton-classic,app/(site)/collection/[slug]/page.tsx | lib/seo/json-ld.ts,WebSite,root.@type,From The Trunk,,,,,,@type | name | logo,no,no,yes,uncertain,,page-L2NvbGxlY3Rpb24vbGltZS1hbmQtZ29sZC1jb3R0b24tY2xhc3NpYw-schema-2 in seo-inventory-raw.json
/collection/lime-and-gold-cotton-classic,app/(site)/collection/[slug]/page.tsx | lib/seo/json-ld.ts,Organization,root.publisher.@type,From The Trunk,,,,,,@type | name | logo,no,no,yes,uncertain,,page-L2NvbGxlY3Rpb24vbGltZS1hbmQtZ29sZC1jb3R0b24tY2xhc3NpYw-schema-2 in seo-inventory-raw.json
/collection/lime-and-gold-cotton-classic,app/(site)/collection/[slug]/page.tsx | lib/seo/json-ld.ts,Product,root.@type,Lime and Gold Cotton Classic,"There is a generosity to lime green,  it gives light freely, lifts a room, turns heads without trying. This cotton saree carries that quality in its very weave, its body a vivid, sun-caught green that recalls fresh mango leaves and the first flush of monsoon. Against it, the borders are composed and grounding: deep green flanking gold, a frame that steadies the brightness and lends the whole piece a quiet architectural beauty.
Pre-loved and thoughtfully preserved, this saree arrives ready to be lived in again draped, admired, and passed on in its own good time to whoever next falls for the particular joy of lime green kissed with gold. Pre-loved and thoughtfully preserved, this saree arrives ready to be lived in again draped, admired, and passed on in its own good time to whoever next falls for the particular joy of lime green kissed with gold.",@context | @type | productID | sku | name | description | image | brand | category | additionalProperty | offers | itemCondition | material,@type | price | priceCurrency | availability | url | seller,,,@type | name,no,no,yes,yes,,page-L2NvbGxlY3Rpb24vbGltZS1hbmQtZ29sZC1jb3R0b24tY2xhc3NpYw-schema-3 in seo-inventory-raw.json
/collection/lime-and-gold-cotton-classic,app/(site)/collection/[slug]/page.tsx | lib/seo/json-ld.ts,Brand,root.brand.@type,Lime and Gold Cotton Classic,"There is a generosity to lime green,  it gives light freely, lifts a room, turns heads without trying. This cotton saree carries that quality in its very weave, its body a vivid, sun-caught green that recalls fresh mango leaves and the first flush of monsoon. Against it, the borders are composed and grounding: deep green flanking gold, a frame that steadies the brightness and lends the whole piece a quiet architectural beauty.
Pre-loved and thoughtfully preserved, this saree arrives ready to be lived in again draped, admired, and passed on in its own good time to whoever next falls for the particular joy of lime green kissed with gold. Pre-loved and thoughtfully preserved, this saree arrives ready to be lived in again draped, admired, and passed on in its own good time to whoever next falls for the particular joy of lime green kissed with gold.",@context | @type | productID | sku | name | description | image | brand | category | additionalProperty | offers | itemCondition | material,@type | price | priceCurrency | availability | url | seller,,,@type | name,no,no,yes,yes,,page-L2NvbGxlY3Rpb24vbGltZS1hbmQtZ29sZC1jb3R0b24tY2xhc3NpYw-schema-3 in seo-inventory-raw.json
/collection/lime-and-gold-cotton-classic,app/(site)/collection/[slug]/page.tsx | lib/seo/json-ld.ts,PropertyValue,root.additionalProperty[0].@type,Lime and Gold Cotton Classic,"There is a generosity to lime green,  it gives light freely, lifts a room, turns heads without trying. This cotton saree carries that quality in its very weave, its body a vivid, sun-caught green that recalls fresh mango leaves and the first flush of monsoon. Against it, the borders are composed and grounding: deep green flanking gold, a frame that steadies the brightness and lends the whole piece a quiet architectural beauty.
Pre-loved and thoughtfully preserved, this saree arrives ready to be lived in again draped, admired, and passed on in its own good time to whoever next falls for the particular joy of lime green kissed with gold. Pre-loved and thoughtfully preserved, this saree arrives ready to be lived in again draped, admired, and passed on in its own good time to whoever next falls for the particular joy of lime green kissed with gold.",@context | @type | productID | sku | name | description | image | brand | category | additionalProperty | offers | itemCondition | material,@type | price | priceCurrency | availability | url | seller,,,@type | name,no,no,yes,yes,,page-L2NvbGxlY3Rpb24vbGltZS1hbmQtZ29sZC1jb3R0b24tY2xhc3NpYw-schema-3 in seo-inventory-raw.json
/collection/lime-and-gold-cotton-classic,app/(site)/collection/[slug]/page.tsx | lib/seo/json-ld.ts,PropertyValue,root.additionalProperty[1].@type,Lime and Gold Cotton Classic,"There is a generosity to lime green,  it gives light freely, lifts a room, turns heads without trying. This cotton saree carries that quality in its very weave, its body a vivid, sun-caught green that recalls fresh mango leaves and the first flush of monsoon. Against it, the borders are composed and grounding: deep green flanking gold, a frame that steadies the brightness and lends the whole piece a quiet architectural beauty.
Pre-loved and thoughtfully preserved, this saree arrives ready to be lived in again draped, admired, and passed on in its own good time to whoever next falls for the particular joy of lime green kissed with gold. Pre-loved and thoughtfully preserved, this saree arrives ready to be lived in again draped, admired, and passed on in its own good time to whoever next falls for the particular joy of lime green kissed with gold.",@context | @type | productID | sku | name | description | image | brand | category | additionalProperty | offers | itemCondition | material,@type | price | priceCurrency | availability | url | seller,,,@type | name,no,no,yes,yes,,page-L2NvbGxlY3Rpb24vbGltZS1hbmQtZ29sZC1jb3R0b24tY2xhc3NpYw-schema-3 in seo-inventory-raw.json
/collection/lime-and-gold-cotton-classic,app/(site)/collection/[slug]/page.tsx | lib/seo/json-ld.ts,Offer,root.offers.@type,Lime and Gold Cotton Classic,"There is a generosity to lime green,  it gives light freely, lifts a room, turns heads without trying. This cotton saree carries that quality in its very weave, its body a vivid, sun-caught green that recalls fresh mango leaves and the first flush of monsoon. Against it, the borders are composed and grounding: deep green flanking gold, a frame that steadies the brightness and lends the whole piece a quiet architectural beauty.
Pre-loved and thoughtfully preserved, this saree arrives ready to be lived in again draped, admired, and passed on in its own good time to whoever next falls for the particular joy of lime green kissed with gold. Pre-loved and thoughtfully preserved, this saree arrives ready to be lived in again draped, admired, and passed on in its own good time to whoever next falls for the particular joy of lime green kissed with gold.",@context | @type | productID | sku | name | description | image | brand | category | additionalProperty | offers | itemCondition | material,@type | price | priceCurrency | availability | url | seller,,,@type | name,no,no,yes,yes,,page-L2NvbGxlY3Rpb24vbGltZS1hbmQtZ29sZC1jb3R0b24tY2xhc3NpYw-schema-3 in seo-inventory-raw.json
/collection/lime-and-gold-cotton-classic,app/(site)/collection/[slug]/page.tsx | lib/seo/json-ld.ts,Organization,root.offers.seller.@type,Lime and Gold Cotton Classic,"There is a generosity to lime green,  it gives light freely, lifts a room, turns heads without trying. This cotton saree carries that quality in its very weave, its body a vivid, sun-caught green that recalls fresh mango leaves and the first flush of monsoon. Against it, the borders are composed and grounding: deep green flanking gold, a frame that steadies the brightness and lends the whole piece a quiet architectural beauty.
Pre-loved and thoughtfully preserved, this saree arrives ready to be lived in again draped, admired, and passed on in its own good time to whoever next falls for the particular joy of lime green kissed with gold. Pre-loved and thoughtfully preserved, this saree arrives ready to be lived in again draped, admired, and passed on in its own good time to whoever next falls for the particular joy of lime green kissed with gold.",@context | @type | productID | sku | name | description | image | brand | category | additionalProperty | offers | itemCondition | material,@type | price | priceCurrency | availability | url | seller,,,@type | name,no,no,yes,yes,,page-L2NvbGxlY3Rpb24vbGltZS1hbmQtZ29sZC1jb3R0b24tY2xhc3NpYw-schema-3 in seo-inventory-raw.json
/collection/lime-and-gold-cotton-classic,app/(site)/collection/[slug]/page.tsx | lib/seo/json-ld.ts,BreadcrumbList,root.@type,,,,,@context | @type | itemListElement,,,no,no,yes,uncertain,,page-L2NvbGxlY3Rpb24vbGltZS1hbmQtZ29sZC1jb3R0b24tY2xhc3NpYw-schema-4 in seo-inventory-raw.json
/collection/lime-and-gold-cotton-classic,app/(site)/collection/[slug]/page.tsx | lib/seo/json-ld.ts,ListItem,root.itemListElement[0].@type,,,,,@context | @type | itemListElement,,,no,no,yes,uncertain,,page-L2NvbGxlY3Rpb24vbGltZS1hbmQtZ29sZC1jb3R0b24tY2xhc3NpYw-schema-4 in seo-inventory-raw.json
/collection/lime-and-gold-cotton-classic,app/(site)/collection/[slug]/page.tsx | lib/seo/json-ld.ts,ListItem,root.itemListElement[1].@type,,,,,@context | @type | itemListElement,,,no,no,yes,uncertain,,page-L2NvbGxlY3Rpb24vbGltZS1hbmQtZ29sZC1jb3R0b24tY2xhc3NpYw-schema-4 in seo-inventory-raw.json
/collection/lime-and-gold-cotton-classic,app/(site)/collection/[slug]/page.tsx | lib/seo/json-ld.ts,ListItem,root.itemListElement[2].@type,,,,,@context | @type | itemListElement,,,no,no,yes,uncertain,,page-L2NvbGxlY3Rpb24vbGltZS1hbmQtZ29sZC1jb3R0b24tY2xhc3NpYw-schema-4 in seo-inventory-raw.json
/collection/midnight-tribe-gold-border-cotton,app/(site)/collection/[slug]/page.tsx | lib/seo/json-ld.ts,OnlineStore,root.@type,From The Trunk,"Curated collection of authenticated, pre-loved luxury sarees with provenance.",,,,,@context | @type | name | url | logo | email | sameAs | description | contactPoint,no,no,yes,uncertain,,page-L2NvbGxlY3Rpb24vbWlkbmlnaHQtdHJpYmUtZ29sZC1ib3JkZXItY290dG9u-schema-1 in seo-inventory-raw.json
/collection/midnight-tribe-gold-border-cotton,app/(site)/collection/[slug]/page.tsx | lib/seo/json-ld.ts,ContactPoint,root.contactPoint.@type,From The Trunk,"Curated collection of authenticated, pre-loved luxury sarees with provenance.",,,,,@context | @type | name | url | logo | email | sameAs | description | contactPoint,no,no,yes,uncertain,,page-L2NvbGxlY3Rpb24vbWlkbmlnaHQtdHJpYmUtZ29sZC1ib3JkZXItY290dG9u-schema-1 in seo-inventory-raw.json
/collection/midnight-tribe-gold-border-cotton,app/(site)/collection/[slug]/page.tsx | lib/seo/json-ld.ts,WebSite,root.@type,From The Trunk,,,,,,@type | name | logo,no,no,yes,uncertain,,page-L2NvbGxlY3Rpb24vbWlkbmlnaHQtdHJpYmUtZ29sZC1ib3JkZXItY290dG9u-schema-2 in seo-inventory-raw.json
/collection/midnight-tribe-gold-border-cotton,app/(site)/collection/[slug]/page.tsx | lib/seo/json-ld.ts,Organization,root.publisher.@type,From The Trunk,,,,,,@type | name | logo,no,no,yes,uncertain,,page-L2NvbGxlY3Rpb24vbWlkbmlnaHQtdHJpYmUtZ29sZC1ib3JkZXItY290dG9u-schema-2 in seo-inventory-raw.json
/collection/midnight-tribe-gold-border-cotton,app/(site)/collection/[slug]/page.tsx | lib/seo/json-ld.ts,Product,root.@type,Midnight Tribe Gold Border Cotton,"The borders, rendered in a dull, antique gold, are the perfect counterpoint neither flashy nor shy, but burnished, like something worn smooth by time and touch. This restrained gold anchors the saree's drama without competing with the tribal motifs, allowing the eye to travel freely across the cloth and discover new details with every glance. It is the kind of border that improves with age, deepening in character as the cotton itself softens. 
Pre-loved and carefully preserved, it arrives carrying the weight of its own story, ready to become part of yours.",@context | @type | productID | sku | name | description | image | brand | category | additionalProperty | offers | itemCondition | material,@type | price | priceCurrency | availability | url | seller,,,@type | name,no,no,yes,yes,,page-L2NvbGxlY3Rpb24vbWlkbmlnaHQtdHJpYmUtZ29sZC1ib3JkZXItY290dG9u-schema-3 in seo-inventory-raw.json
/collection/midnight-tribe-gold-border-cotton,app/(site)/collection/[slug]/page.tsx | lib/seo/json-ld.ts,Brand,root.brand.@type,Midnight Tribe Gold Border Cotton,"The borders, rendered in a dull, antique gold, are the perfect counterpoint neither flashy nor shy, but burnished, like something worn smooth by time and touch. This restrained gold anchors the saree's drama without competing with the tribal motifs, allowing the eye to travel freely across the cloth and discover new details with every glance. It is the kind of border that improves with age, deepening in character as the cotton itself softens. 
Pre-loved and carefully preserved, it arrives carrying the weight of its own story, ready to become part of yours.",@context | @type | productID | sku | name | description | image | brand | category | additionalProperty | offers | itemCondition | material,@type | price | priceCurrency | availability | url | seller,,,@type | name,no,no,yes,yes,,page-L2NvbGxlY3Rpb24vbWlkbmlnaHQtdHJpYmUtZ29sZC1ib3JkZXItY290dG9u-schema-3 in seo-inventory-raw.json
/collection/midnight-tribe-gold-border-cotton,app/(site)/collection/[slug]/page.tsx | lib/seo/json-ld.ts,PropertyValue,root.additionalProperty[0].@type,Midnight Tribe Gold Border Cotton,"The borders, rendered in a dull, antique gold, are the perfect counterpoint neither flashy nor shy, but burnished, like something worn smooth by time and touch. This restrained gold anchors the saree's drama without competing with the tribal motifs, allowing the eye to travel freely across the cloth and discover new details with every glance. It is the kind of border that improves with age, deepening in character as the cotton itself softens. 
Pre-loved and carefully preserved, it arrives carrying the weight of its own story, ready to become part of yours.",@context | @type | productID | sku | name | description | image | brand | category | additionalProperty | offers | itemCondition | material,@type | price | priceCurrency | availability | url | seller,,,@type | name,no,no,yes,yes,,page-L2NvbGxlY3Rpb24vbWlkbmlnaHQtdHJpYmUtZ29sZC1ib3JkZXItY290dG9u-schema-3 in seo-inventory-raw.json
/collection/midnight-tribe-gold-border-cotton,app/(site)/collection/[slug]/page.tsx | lib/seo/json-ld.ts,PropertyValue,root.additionalProperty[1].@type,Midnight Tribe Gold Border Cotton,"The borders, rendered in a dull, antique gold, are the perfect counterpoint neither flashy nor shy, but burnished, like something worn smooth by time and touch. This restrained gold anchors the saree's drama without competing with the tribal motifs, allowing the eye to travel freely across the cloth and discover new details with every glance. It is the kind of border that improves with age, deepening in character as the cotton itself softens. 
Pre-loved and carefully preserved, it arrives carrying the weight of its own story, ready to become part of yours.",@context | @type | productID | sku | name | description | image | brand | category | additionalProperty | offers | itemCondition | material,@type | price | priceCurrency | availability | url | seller,,,@type | name,no,no,yes,yes,,page-L2NvbGxlY3Rpb24vbWlkbmlnaHQtdHJpYmUtZ29sZC1ib3JkZXItY290dG9u-schema-3 in seo-inventory-raw.json
/collection/midnight-tribe-gold-border-cotton,app/(site)/collection/[slug]/page.tsx | lib/seo/json-ld.ts,Offer,root.offers.@type,Midnight Tribe Gold Border Cotton,"The borders, rendered in a dull, antique gold, are the perfect counterpoint neither flashy nor shy, but burnished, like something worn smooth by time and touch. This restrained gold anchors the saree's drama without competing with the tribal motifs, allowing the eye to travel freely across the cloth and discover new details with every glance. It is the kind of border that improves with age, deepening in character as the cotton itself softens. 
Pre-loved and carefully preserved, it arrives carrying the weight of its own story, ready to become part of yours.",@context | @type | productID | sku | name | description | image | brand | category | additionalProperty | offers | itemCondition | material,@type | price | priceCurrency | availability | url | seller,,,@type | name,no,no,yes,yes,,page-L2NvbGxlY3Rpb24vbWlkbmlnaHQtdHJpYmUtZ29sZC1ib3JkZXItY290dG9u-schema-3 in seo-inventory-raw.json
/collection/midnight-tribe-gold-border-cotton,app/(site)/collection/[slug]/page.tsx | lib/seo/json-ld.ts,Organization,root.offers.seller.@type,Midnight Tribe Gold Border Cotton,"The borders, rendered in a dull, antique gold, are the perfect counterpoint neither flashy nor shy, but burnished, like something worn smooth by time and touch. This restrained gold anchors the saree's drama without competing with the tribal motifs, allowing the eye to travel freely across the cloth and discover new details with every glance. It is the kind of border that improves with age, deepening in character as the cotton itself softens. 
Pre-loved and carefully preserved, it arrives carrying the weight of its own story, ready to become part of yours.",@context | @type | productID | sku | name | description | image | brand | category | additionalProperty | offers | itemCondition | material,@type | price | priceCurrency | availability | url | seller,,,@type | name,no,no,yes,yes,,page-L2NvbGxlY3Rpb24vbWlkbmlnaHQtdHJpYmUtZ29sZC1ib3JkZXItY290dG9u-schema-3 in seo-inventory-raw.json
/collection/midnight-tribe-gold-border-cotton,app/(site)/collection/[slug]/page.tsx | lib/seo/json-ld.ts,BreadcrumbList,root.@type,,,,,@context | @type | itemListElement,,,no,no,yes,uncertain,,page-L2NvbGxlY3Rpb24vbWlkbmlnaHQtdHJpYmUtZ29sZC1ib3JkZXItY290dG9u-schema-4 in seo-inventory-raw.json
/collection/midnight-tribe-gold-border-cotton,app/(site)/collection/[slug]/page.tsx | lib/seo/json-ld.ts,ListItem,root.itemListElement[0].@type,,,,,@context | @type | itemListElement,,,no,no,yes,uncertain,,page-L2NvbGxlY3Rpb24vbWlkbmlnaHQtdHJpYmUtZ29sZC1ib3JkZXItY290dG9u-schema-4 in seo-inventory-raw.json
/collection/midnight-tribe-gold-border-cotton,app/(site)/collection/[slug]/page.tsx | lib/seo/json-ld.ts,ListItem,root.itemListElement[1].@type,,,,,@context | @type | itemListElement,,,no,no,yes,uncertain,,page-L2NvbGxlY3Rpb24vbWlkbmlnaHQtdHJpYmUtZ29sZC1ib3JkZXItY290dG9u-schema-4 in seo-inventory-raw.json
/collection/midnight-tribe-gold-border-cotton,app/(site)/collection/[slug]/page.tsx | lib/seo/json-ld.ts,ListItem,root.itemListElement[2].@type,,,,,@context | @type | itemListElement,,,no,no,yes,uncertain,,page-L2NvbGxlY3Rpb24vbWlkbmlnaHQtdHJpYmUtZ29sZC1ib3JkZXItY290dG9u-schema-4 in seo-inventory-raw.json
/collection/autumn-ember-golden-leaf-cotton,app/(site)/collection/[slug]/page.tsx | lib/seo/json-ld.ts,OnlineStore,root.@type,From The Trunk,"Curated collection of authenticated, pre-loved luxury sarees with provenance.",,,,,@context | @type | name | url | logo | email | sameAs | description | contactPoint,no,no,yes,uncertain,,page-L2NvbGxlY3Rpb24vYXV0dW1uLWVtYmVyLWdvbGRlbi1sZWFmLWNvdHRvbg-schema-1 in seo-inventory-raw.json
/collection/autumn-ember-golden-leaf-cotton,app/(site)/collection/[slug]/page.tsx | lib/seo/json-ld.ts,ContactPoint,root.contactPoint.@type,From The Trunk,"Curated collection of authenticated, pre-loved luxury sarees with provenance.",,,,,@context | @type | name | url | logo | email | sameAs | description | contactPoint,no,no,yes,uncertain,,page-L2NvbGxlY3Rpb24vYXV0dW1uLWVtYmVyLWdvbGRlbi1sZWFmLWNvdHRvbg-schema-1 in seo-inventory-raw.json
/collection/autumn-ember-golden-leaf-cotton,app/(site)/collection/[slug]/page.tsx | lib/seo/json-ld.ts,WebSite,root.@type,From The Trunk,,,,,,@type | name | logo,no,no,yes,uncertain,,page-L2NvbGxlY3Rpb24vYXV0dW1uLWVtYmVyLWdvbGRlbi1sZWFmLWNvdHRvbg-schema-2 in seo-inventory-raw.json
/collection/autumn-ember-golden-leaf-cotton,app/(site)/collection/[slug]/page.tsx | lib/seo/json-ld.ts,Organization,root.publisher.@type,From The Trunk,,,,,,@type | name | logo,no,no,yes,uncertain,,page-L2NvbGxlY3Rpb24vYXV0dW1uLWVtYmVyLWdvbGRlbi1sZWFmLWNvdHRvbg-schema-2 in seo-inventory-raw.json
/collection/autumn-ember-golden-leaf-cotton,app/(site)/collection/[slug]/page.tsx | lib/seo/json-ld.ts,Product,root.@type,Autumn Ember Golden Leaf Cotton,"There are colours that belong to a particular time of day, a particular turn of season and this cotton saree belongs entirely to autumn. Its body moves through a warm, earthy spectrum of orange, red, and brown, the tones shifting like embers in a dying fire or the last leaves clinging to an October branch. It is the kind of colour that feels familiar and rare at once, rooted in the earth and lit from within. Woven in breathable cotton that drapes with quiet ease, this saree is as well suited to a festive afternoon as it is to a contemplative morning. Pre-loved and brought forward with care, it carries its season within it and will bring that warmth wherever it is next taken.",@context | @type | productID | sku | name | description | image | brand | category | additionalProperty | offers | itemCondition | material,@type | price | priceCurrency | availability | url | seller,,,@type | name,no,no,yes,yes,,page-L2NvbGxlY3Rpb24vYXV0dW1uLWVtYmVyLWdvbGRlbi1sZWFmLWNvdHRvbg-schema-3 in seo-inventory-raw.json
/collection/autumn-ember-golden-leaf-cotton,app/(site)/collection/[slug]/page.tsx | lib/seo/json-ld.ts,Brand,root.brand.@type,Autumn Ember Golden Leaf Cotton,"There are colours that belong to a particular time of day, a particular turn of season and this cotton saree belongs entirely to autumn. Its body moves through a warm, earthy spectrum of orange, red, and brown, the tones shifting like embers in a dying fire or the last leaves clinging to an October branch. It is the kind of colour that feels familiar and rare at once, rooted in the earth and lit from within. Woven in breathable cotton that drapes with quiet ease, this saree is as well suited to a festive afternoon as it is to a contemplative morning. Pre-loved and brought forward with care, it carries its season within it and will bring that warmth wherever it is next taken.",@context | @type | productID | sku | name | description | image | brand | category | additionalProperty | offers | itemCondition | material,@type | price | priceCurrency | availability | url | seller,,,@type | name,no,no,yes,yes,,page-L2NvbGxlY3Rpb24vYXV0dW1uLWVtYmVyLWdvbGRlbi1sZWFmLWNvdHRvbg-schema-3 in seo-inventory-raw.json
/collection/autumn-ember-golden-leaf-cotton,app/(site)/collection/[slug]/page.tsx | lib/seo/json-ld.ts,PropertyValue,root.additionalProperty[0].@type,Autumn Ember Golden Leaf Cotton,"There are colours that belong to a particular time of day, a particular turn of season and this cotton saree belongs entirely to autumn. Its body moves through a warm, earthy spectrum of orange, red, and brown, the tones shifting like embers in a dying fire or the last leaves clinging to an October branch. It is the kind of colour that feels familiar and rare at once, rooted in the earth and lit from within. Woven in breathable cotton that drapes with quiet ease, this saree is as well suited to a festive afternoon as it is to a contemplative morning. Pre-loved and brought forward with care, it carries its season within it and will bring that warmth wherever it is next taken.",@context | @type | productID | sku | name | description | image | brand | category | additionalProperty | offers | itemCondition | material,@type | price | priceCurrency | availability | url | seller,,,@type | name,no,no,yes,yes,,page-L2NvbGxlY3Rpb24vYXV0dW1uLWVtYmVyLWdvbGRlbi1sZWFmLWNvdHRvbg-schema-3 in seo-inventory-raw.json
/collection/autumn-ember-golden-leaf-cotton,app/(site)/collection/[slug]/page.tsx | lib/seo/json-ld.ts,PropertyValue,root.additionalProperty[1].@type,Autumn Ember Golden Leaf Cotton,"There are colours that belong to a particular time of day, a particular turn of season and this cotton saree belongs entirely to autumn. Its body moves through a warm, earthy spectrum of orange, red, and brown, the tones shifting like embers in a dying fire or the last leaves clinging to an October branch. It is the kind of colour that feels familiar and rare at once, rooted in the earth and lit from within. Woven in breathable cotton that drapes with quiet ease, this saree is as well suited to a festive afternoon as it is to a contemplative morning. Pre-loved and brought forward with care, it carries its season within it and will bring that warmth wherever it is next taken.",@context | @type | productID | sku | name | description | image | brand | category | additionalProperty | offers | itemCondition | material,@type | price | priceCurrency | availability | url | seller,,,@type | name,no,no,yes,yes,,page-L2NvbGxlY3Rpb24vYXV0dW1uLWVtYmVyLWdvbGRlbi1sZWFmLWNvdHRvbg-schema-3 in seo-inventory-raw.json
/collection/autumn-ember-golden-leaf-cotton,app/(site)/collection/[slug]/page.tsx | lib/seo/json-ld.ts,Offer,root.offers.@type,Autumn Ember Golden Leaf Cotton,"There are colours that belong to a particular time of day, a particular turn of season and this cotton saree belongs entirely to autumn. Its body moves through a warm, earthy spectrum of orange, red, and brown, the tones shifting like embers in a dying fire or the last leaves clinging to an October branch. It is the kind of colour that feels familiar and rare at once, rooted in the earth and lit from within. Woven in breathable cotton that drapes with quiet ease, this saree is as well suited to a festive afternoon as it is to a contemplative morning. Pre-loved and brought forward with care, it carries its season within it and will bring that warmth wherever it is next taken.",@context | @type | productID | sku | name | description | image | brand | category | additionalProperty | offers | itemCondition | material,@type | price | priceCurrency | availability | url | seller,,,@type | name,no,no,yes,yes,,page-L2NvbGxlY3Rpb24vYXV0dW1uLWVtYmVyLWdvbGRlbi1sZWFmLWNvdHRvbg-schema-3 in seo-inventory-raw.json
/collection/autumn-ember-golden-leaf-cotton,app/(site)/collection/[slug]/page.tsx | lib/seo/json-ld.ts,Organization,root.offers.seller.@type,Autumn Ember Golden Leaf Cotton,"There are colours that belong to a particular time of day, a particular turn of season and this cotton saree belongs entirely to autumn. Its body moves through a warm, earthy spectrum of orange, red, and brown, the tones shifting like embers in a dying fire or the last leaves clinging to an October branch. It is the kind of colour that feels familiar and rare at once, rooted in the earth and lit from within. Woven in breathable cotton that drapes with quiet ease, this saree is as well suited to a festive afternoon as it is to a contemplative morning. Pre-loved and brought forward with care, it carries its season within it and will bring that warmth wherever it is next taken.",@context | @type | productID | sku | name | description | image | brand | category | additionalProperty | offers | itemCondition | material,@type | price | priceCurrency | availability | url | seller,,,@type | name,no,no,yes,yes,,page-L2NvbGxlY3Rpb24vYXV0dW1uLWVtYmVyLWdvbGRlbi1sZWFmLWNvdHRvbg-schema-3 in seo-inventory-raw.json
/collection/autumn-ember-golden-leaf-cotton,app/(site)/collection/[slug]/page.tsx | lib/seo/json-ld.ts,BreadcrumbList,root.@type,,,,,@context | @type | itemListElement,,,no,no,yes,uncertain,,page-L2NvbGxlY3Rpb24vYXV0dW1uLWVtYmVyLWdvbGRlbi1sZWFmLWNvdHRvbg-schema-4 in seo-inventory-raw.json
/collection/autumn-ember-golden-leaf-cotton,app/(site)/collection/[slug]/page.tsx | lib/seo/json-ld.ts,ListItem,root.itemListElement[0].@type,,,,,@context | @type | itemListElement,,,no,no,yes,uncertain,,page-L2NvbGxlY3Rpb24vYXV0dW1uLWVtYmVyLWdvbGRlbi1sZWFmLWNvdHRvbg-schema-4 in seo-inventory-raw.json
/collection/autumn-ember-golden-leaf-cotton,app/(site)/collection/[slug]/page.tsx | lib/seo/json-ld.ts,ListItem,root.itemListElement[1].@type,,,,,@context | @type | itemListElement,,,no,no,yes,uncertain,,page-L2NvbGxlY3Rpb24vYXV0dW1uLWVtYmVyLWdvbGRlbi1sZWFmLWNvdHRvbg-schema-4 in seo-inventory-raw.json
/collection/autumn-ember-golden-leaf-cotton,app/(site)/collection/[slug]/page.tsx | lib/seo/json-ld.ts,ListItem,root.itemListElement[2].@type,,,,,@context | @type | itemListElement,,,no,no,yes,uncertain,,page-L2NvbGxlY3Rpb24vYXV0dW1uLWVtYmVyLWdvbGRlbi1sZWFmLWNvdHRvbg-schema-4 in seo-inventory-raw.json
/collection/orange-blossom-cotton-weave,app/(site)/collection/[slug]/page.tsx | lib/seo/json-ld.ts,OnlineStore,root.@type,From The Trunk,"Curated collection of authenticated, pre-loved luxury sarees with provenance.",,,,,@context | @type | name | url | logo | email | sameAs | description | contactPoint,no,no,yes,uncertain,,page-L2NvbGxlY3Rpb24vb3JhbmdlLWJsb3Nzb20tY290dG9uLXdlYXZl-schema-1 in seo-inventory-raw.json
/collection/orange-blossom-cotton-weave,app/(site)/collection/[slug]/page.tsx | lib/seo/json-ld.ts,ContactPoint,root.contactPoint.@type,From The Trunk,"Curated collection of authenticated, pre-loved luxury sarees with provenance.",,,,,@context | @type | name | url | logo | email | sameAs | description | contactPoint,no,no,yes,uncertain,,page-L2NvbGxlY3Rpb24vb3JhbmdlLWJsb3Nzb20tY290dG9uLXdlYXZl-schema-1 in seo-inventory-raw.json
/collection/orange-blossom-cotton-weave,app/(site)/collection/[slug]/page.tsx | lib/seo/json-ld.ts,WebSite,root.@type,From The Trunk,,,,,,@type | name | logo,no,no,yes,uncertain,,page-L2NvbGxlY3Rpb24vb3JhbmdlLWJsb3Nzb20tY290dG9uLXdlYXZl-schema-2 in seo-inventory-raw.json
/collection/orange-blossom-cotton-weave,app/(site)/collection/[slug]/page.tsx | lib/seo/json-ld.ts,Organization,root.publisher.@type,From The Trunk,,,,,,@type | name | logo,no,no,yes,uncertain,,page-L2NvbGxlY3Rpb24vb3JhbmdlLWJsb3Nzb20tY290dG9uLXdlYXZl-schema-2 in seo-inventory-raw.json
/collection/orange-blossom-cotton-weave,app/(site)/collection/[slug]/page.tsx | lib/seo/json-ld.ts,Product,root.@type,Orange Blossom Cotton Weave,"Orange, in the Indian textile imagination, has never been a quiet colour. It is the colour of marigold garlands strung across temple doors, of turmeric pounded fresh for a wedding morning, of the sun at its most generous and unhesitating. This cotton saree wears that orange with full confidence, a warm, luminous ground that seems to hold light rather than merely reflect it.  Across its body, flowers bloom with the easy abundance of a well-tended garden in full season.
Pre-loved and preserved with care, it arrives ready to bloom again in a new wardrobe, on a new day, for whoever next chooses to wear something that remembers joy.",@context | @type | productID | sku | name | description | image | brand | category | additionalProperty | offers | itemCondition | material,@type | price | priceCurrency | availability | url | seller,,,@type | name,no,no,yes,yes,,page-L2NvbGxlY3Rpb24vb3JhbmdlLWJsb3Nzb20tY290dG9uLXdlYXZl-schema-3 in seo-inventory-raw.json
/collection/orange-blossom-cotton-weave,app/(site)/collection/[slug]/page.tsx | lib/seo/json-ld.ts,Brand,root.brand.@type,Orange Blossom Cotton Weave,"Orange, in the Indian textile imagination, has never been a quiet colour. It is the colour of marigold garlands strung across temple doors, of turmeric pounded fresh for a wedding morning, of the sun at its most generous and unhesitating. This cotton saree wears that orange with full confidence, a warm, luminous ground that seems to hold light rather than merely reflect it.  Across its body, flowers bloom with the easy abundance of a well-tended garden in full season.
Pre-loved and preserved with care, it arrives ready to bloom again in a new wardrobe, on a new day, for whoever next chooses to wear something that remembers joy.",@context | @type | productID | sku | name | description | image | brand | category | additionalProperty | offers | itemCondition | material,@type | price | priceCurrency | availability | url | seller,,,@type | name,no,no,yes,yes,,page-L2NvbGxlY3Rpb24vb3JhbmdlLWJsb3Nzb20tY290dG9uLXdlYXZl-schema-3 in seo-inventory-raw.json
/collection/orange-blossom-cotton-weave,app/(site)/collection/[slug]/page.tsx | lib/seo/json-ld.ts,PropertyValue,root.additionalProperty[0].@type,Orange Blossom Cotton Weave,"Orange, in the Indian textile imagination, has never been a quiet colour. It is the colour of marigold garlands strung across temple doors, of turmeric pounded fresh for a wedding morning, of the sun at its most generous and unhesitating. This cotton saree wears that orange with full confidence, a warm, luminous ground that seems to hold light rather than merely reflect it.  Across its body, flowers bloom with the easy abundance of a well-tended garden in full season.
Pre-loved and preserved with care, it arrives ready to bloom again in a new wardrobe, on a new day, for whoever next chooses to wear something that remembers joy.",@context | @type | productID | sku | name | description | image | brand | category | additionalProperty | offers | itemCondition | material,@type | price | priceCurrency | availability | url | seller,,,@type | name,no,no,yes,yes,,page-L2NvbGxlY3Rpb24vb3JhbmdlLWJsb3Nzb20tY290dG9uLXdlYXZl-schema-3 in seo-inventory-raw.json
/collection/orange-blossom-cotton-weave,app/(site)/collection/[slug]/page.tsx | lib/seo/json-ld.ts,PropertyValue,root.additionalProperty[1].@type,Orange Blossom Cotton Weave,"Orange, in the Indian textile imagination, has never been a quiet colour. It is the colour of marigold garlands strung across temple doors, of turmeric pounded fresh for a wedding morning, of the sun at its most generous and unhesitating. This cotton saree wears that orange with full confidence, a warm, luminous ground that seems to hold light rather than merely reflect it.  Across its body, flowers bloom with the easy abundance of a well-tended garden in full season.
Pre-loved and preserved with care, it arrives ready to bloom again in a new wardrobe, on a new day, for whoever next chooses to wear something that remembers joy.",@context | @type | productID | sku | name | description | image | brand | category | additionalProperty | offers | itemCondition | material,@type | price | priceCurrency | availability | url | seller,,,@type | name,no,no,yes,yes,,page-L2NvbGxlY3Rpb24vb3JhbmdlLWJsb3Nzb20tY290dG9uLXdlYXZl-schema-3 in seo-inventory-raw.json
/collection/orange-blossom-cotton-weave,app/(site)/collection/[slug]/page.tsx | lib/seo/json-ld.ts,Offer,root.offers.@type,Orange Blossom Cotton Weave,"Orange, in the Indian textile imagination, has never been a quiet colour. It is the colour of marigold garlands strung across temple doors, of turmeric pounded fresh for a wedding morning, of the sun at its most generous and unhesitating. This cotton saree wears that orange with full confidence, a warm, luminous ground that seems to hold light rather than merely reflect it.  Across its body, flowers bloom with the easy abundance of a well-tended garden in full season.
Pre-loved and preserved with care, it arrives ready to bloom again in a new wardrobe, on a new day, for whoever next chooses to wear something that remembers joy.",@context | @type | productID | sku | name | description | image | brand | category | additionalProperty | offers | itemCondition | material,@type | price | priceCurrency | availability | url | seller,,,@type | name,no,no,yes,yes,,page-L2NvbGxlY3Rpb24vb3JhbmdlLWJsb3Nzb20tY290dG9uLXdlYXZl-schema-3 in seo-inventory-raw.json
/collection/orange-blossom-cotton-weave,app/(site)/collection/[slug]/page.tsx | lib/seo/json-ld.ts,Organization,root.offers.seller.@type,Orange Blossom Cotton Weave,"Orange, in the Indian textile imagination, has never been a quiet colour. It is the colour of marigold garlands strung across temple doors, of turmeric pounded fresh for a wedding morning, of the sun at its most generous and unhesitating. This cotton saree wears that orange with full confidence, a warm, luminous ground that seems to hold light rather than merely reflect it.  Across its body, flowers bloom with the easy abundance of a well-tended garden in full season.
Pre-loved and preserved with care, it arrives ready to bloom again in a new wardrobe, on a new day, for whoever next chooses to wear something that remembers joy.",@context | @type | productID | sku | name | description | image | brand | category | additionalProperty | offers | itemCondition | material,@type | price | priceCurrency | availability | url | seller,,,@type | name,no,no,yes,yes,,page-L2NvbGxlY3Rpb24vb3JhbmdlLWJsb3Nzb20tY290dG9uLXdlYXZl-schema-3 in seo-inventory-raw.json
/collection/orange-blossom-cotton-weave,app/(site)/collection/[slug]/page.tsx | lib/seo/json-ld.ts,BreadcrumbList,root.@type,,,,,@context | @type | itemListElement,,,no,no,yes,uncertain,,page-L2NvbGxlY3Rpb24vb3JhbmdlLWJsb3Nzb20tY290dG9uLXdlYXZl-schema-4 in seo-inventory-raw.json
/collection/orange-blossom-cotton-weave,app/(site)/collection/[slug]/page.tsx | lib/seo/json-ld.ts,ListItem,root.itemListElement[0].@type,,,,,@context | @type | itemListElement,,,no,no,yes,uncertain,,page-L2NvbGxlY3Rpb24vb3JhbmdlLWJsb3Nzb20tY290dG9uLXdlYXZl-schema-4 in seo-inventory-raw.json
/collection/orange-blossom-cotton-weave,app/(site)/collection/[slug]/page.tsx | lib/seo/json-ld.ts,ListItem,root.itemListElement[1].@type,,,,,@context | @type | itemListElement,,,no,no,yes,uncertain,,page-L2NvbGxlY3Rpb24vb3JhbmdlLWJsb3Nzb20tY290dG9uLXdlYXZl-schema-4 in seo-inventory-raw.json
/collection/orange-blossom-cotton-weave,app/(site)/collection/[slug]/page.tsx | lib/seo/json-ld.ts,ListItem,root.itemListElement[2].@type,,,,,@context | @type | itemListElement,,,no,no,yes,uncertain,,page-L2NvbGxlY3Rpb24vb3JhbmdlLWJsb3Nzb20tY290dG9uLXdlYXZl-schema-4 in seo-inventory-raw.json
/collection/midnight-kesari-cotton-drape,app/(site)/collection/[slug]/page.tsx | lib/seo/json-ld.ts,OnlineStore,root.@type,From The Trunk,"Curated collection of authenticated, pre-loved luxury sarees with provenance.",,,,,@context | @type | name | url | logo | email | sameAs | description | contactPoint,no,no,yes,uncertain,,page-L2NvbGxlY3Rpb24vbWlkbmlnaHQta2VzYXJpLWNvdHRvbi1kcmFwZQ-schema-1 in seo-inventory-raw.json
/collection/midnight-kesari-cotton-drape,app/(site)/collection/[slug]/page.tsx | lib/seo/json-ld.ts,ContactPoint,root.contactPoint.@type,From The Trunk,"Curated collection of authenticated, pre-loved luxury sarees with provenance.",,,,,@context | @type | name | url | logo | email | sameAs | description | contactPoint,no,no,yes,uncertain,,page-L2NvbGxlY3Rpb24vbWlkbmlnaHQta2VzYXJpLWNvdHRvbi1kcmFwZQ-schema-1 in seo-inventory-raw.json
/collection/midnight-kesari-cotton-drape,app/(site)/collection/[slug]/page.tsx | lib/seo/json-ld.ts,WebSite,root.@type,From The Trunk,,,,,,@type | name | logo,no,no,yes,uncertain,,page-L2NvbGxlY3Rpb24vbWlkbmlnaHQta2VzYXJpLWNvdHRvbi1kcmFwZQ-schema-2 in seo-inventory-raw.json
/collection/midnight-kesari-cotton-drape,app/(site)/collection/[slug]/page.tsx | lib/seo/json-ld.ts,Organization,root.publisher.@type,From The Trunk,,,,,,@type | name | logo,no,no,yes,uncertain,,page-L2NvbGxlY3Rpb24vbWlkbmlnaHQta2VzYXJpLWNvdHRvbi1kcmFwZQ-schema-2 in seo-inventory-raw.json
/collection/midnight-kesari-cotton-drape,app/(site)/collection/[slug]/page.tsx | lib/seo/json-ld.ts,Product,root.@type,Midnight Kesari Cotton Drape,"There is a moment just after sunset when the sky holds both darkness and the last ember of saffron light. This saree lives in that fleeting in-between a lightweight silk that pairs deep, inky tones with the warm glow of kesari, as though the weaver captured twilight itself in the warp and weft. Crafted in a fine, light silk that drapes with effortless grace, the fabric carries a quiet luminosity. The interplay of midnight and saffron hues suggests a piece born from a tradition where colour was never accidental each shade chosen with intention, each contrast designed to catch light and hold the eye. The hand of the silk is supple and airy, making it as comfortable as it is striking. This is a saree that has been cared for with reverence. Its lightweight body makes it ideal for warm evenings and celebrations where ease of movement matters as much as presence. Minor signs of a life well-lived only add to its character gentle reminders that beautiful things are meant to be worn, not just admired.",@context | @type | productID | sku | name | description | image | brand | category | additionalProperty | offers | itemCondition | material,@type | price | priceCurrency | availability | url | seller,,,@type | name,no,no,yes,yes,,page-L2NvbGxlY3Rpb24vbWlkbmlnaHQta2VzYXJpLWNvdHRvbi1kcmFwZQ-schema-3 in seo-inventory-raw.json
/collection/midnight-kesari-cotton-drape,app/(site)/collection/[slug]/page.tsx | lib/seo/json-ld.ts,Brand,root.brand.@type,Midnight Kesari Cotton Drape,"There is a moment just after sunset when the sky holds both darkness and the last ember of saffron light. This saree lives in that fleeting in-between a lightweight silk that pairs deep, inky tones with the warm glow of kesari, as though the weaver captured twilight itself in the warp and weft. Crafted in a fine, light silk that drapes with effortless grace, the fabric carries a quiet luminosity. The interplay of midnight and saffron hues suggests a piece born from a tradition where colour was never accidental each shade chosen with intention, each contrast designed to catch light and hold the eye. The hand of the silk is supple and airy, making it as comfortable as it is striking. This is a saree that has been cared for with reverence. Its lightweight body makes it ideal for warm evenings and celebrations where ease of movement matters as much as presence. Minor signs of a life well-lived only add to its character gentle reminders that beautiful things are meant to be worn, not just admired.",@context | @type | productID | sku | name | description | image | brand | category | additionalProperty | offers | itemCondition | material,@type | price | priceCurrency | availability | url | seller,,,@type | name,no,no,yes,yes,,page-L2NvbGxlY3Rpb24vbWlkbmlnaHQta2VzYXJpLWNvdHRvbi1kcmFwZQ-schema-3 in seo-inventory-raw.json
/collection/midnight-kesari-cotton-drape,app/(site)/collection/[slug]/page.tsx | lib/seo/json-ld.ts,PropertyValue,root.additionalProperty[0].@type,Midnight Kesari Cotton Drape,"There is a moment just after sunset when the sky holds both darkness and the last ember of saffron light. This saree lives in that fleeting in-between a lightweight silk that pairs deep, inky tones with the warm glow of kesari, as though the weaver captured twilight itself in the warp and weft. Crafted in a fine, light silk that drapes with effortless grace, the fabric carries a quiet luminosity. The interplay of midnight and saffron hues suggests a piece born from a tradition where colour was never accidental each shade chosen with intention, each contrast designed to catch light and hold the eye. The hand of the silk is supple and airy, making it as comfortable as it is striking. This is a saree that has been cared for with reverence. Its lightweight body makes it ideal for warm evenings and celebrations where ease of movement matters as much as presence. Minor signs of a life well-lived only add to its character gentle reminders that beautiful things are meant to be worn, not just admired.",@context | @type | productID | sku | name | description | image | brand | category | additionalProperty | offers | itemCondition | material,@type | price | priceCurrency | availability | url | seller,,,@type | name,no,no,yes,yes,,page-L2NvbGxlY3Rpb24vbWlkbmlnaHQta2VzYXJpLWNvdHRvbi1kcmFwZQ-schema-3 in seo-inventory-raw.json
/collection/midnight-kesari-cotton-drape,app/(site)/collection/[slug]/page.tsx | lib/seo/json-ld.ts,PropertyValue,root.additionalProperty[1].@type,Midnight Kesari Cotton Drape,"There is a moment just after sunset when the sky holds both darkness and the last ember of saffron light. This saree lives in that fleeting in-between a lightweight silk that pairs deep, inky tones with the warm glow of kesari, as though the weaver captured twilight itself in the warp and weft. Crafted in a fine, light silk that drapes with effortless grace, the fabric carries a quiet luminosity. The interplay of midnight and saffron hues suggests a piece born from a tradition where colour was never accidental each shade chosen with intention, each contrast designed to catch light and hold the eye. The hand of the silk is supple and airy, making it as comfortable as it is striking. This is a saree that has been cared for with reverence. Its lightweight body makes it ideal for warm evenings and celebrations where ease of movement matters as much as presence. Minor signs of a life well-lived only add to its character gentle reminders that beautiful things are meant to be worn, not just admired.",@context | @type | productID | sku | name | description | image | brand | category | additionalProperty | offers | itemCondition | material,@type | price | priceCurrency | availability | url | seller,,,@type | name,no,no,yes,yes,,page-L2NvbGxlY3Rpb24vbWlkbmlnaHQta2VzYXJpLWNvdHRvbi1kcmFwZQ-schema-3 in seo-inventory-raw.json
/collection/midnight-kesari-cotton-drape,app/(site)/collection/[slug]/page.tsx | lib/seo/json-ld.ts,Offer,root.offers.@type,Midnight Kesari Cotton Drape,"There is a moment just after sunset when the sky holds both darkness and the last ember of saffron light. This saree lives in that fleeting in-between a lightweight silk that pairs deep, inky tones with the warm glow of kesari, as though the weaver captured twilight itself in the warp and weft. Crafted in a fine, light silk that drapes with effortless grace, the fabric carries a quiet luminosity. The interplay of midnight and saffron hues suggests a piece born from a tradition where colour was never accidental each shade chosen with intention, each contrast designed to catch light and hold the eye. The hand of the silk is supple and airy, making it as comfortable as it is striking. This is a saree that has been cared for with reverence. Its lightweight body makes it ideal for warm evenings and celebrations where ease of movement matters as much as presence. Minor signs of a life well-lived only add to its character gentle reminders that beautiful things are meant to be worn, not just admired.",@context | @type | productID | sku | name | description | image | brand | category | additionalProperty | offers | itemCondition | material,@type | price | priceCurrency | availability | url | seller,,,@type | name,no,no,yes,yes,,page-L2NvbGxlY3Rpb24vbWlkbmlnaHQta2VzYXJpLWNvdHRvbi1kcmFwZQ-schema-3 in seo-inventory-raw.json
/collection/midnight-kesari-cotton-drape,app/(site)/collection/[slug]/page.tsx | lib/seo/json-ld.ts,Organization,root.offers.seller.@type,Midnight Kesari Cotton Drape,"There is a moment just after sunset when the sky holds both darkness and the last ember of saffron light. This saree lives in that fleeting in-between a lightweight silk that pairs deep, inky tones with the warm glow of kesari, as though the weaver captured twilight itself in the warp and weft. Crafted in a fine, light silk that drapes with effortless grace, the fabric carries a quiet luminosity. The interplay of midnight and saffron hues suggests a piece born from a tradition where colour was never accidental each shade chosen with intention, each contrast designed to catch light and hold the eye. The hand of the silk is supple and airy, making it as comfortable as it is striking. This is a saree that has been cared for with reverence. Its lightweight body makes it ideal for warm evenings and celebrations where ease of movement matters as much as presence. Minor signs of a life well-lived only add to its character gentle reminders that beautiful things are meant to be worn, not just admired.",@context | @type | productID | sku | name | description | image | brand | category | additionalProperty | offers | itemCondition | material,@type | price | priceCurrency | availability | url | seller,,,@type | name,no,no,yes,yes,,page-L2NvbGxlY3Rpb24vbWlkbmlnaHQta2VzYXJpLWNvdHRvbi1kcmFwZQ-schema-3 in seo-inventory-raw.json
/collection/midnight-kesari-cotton-drape,app/(site)/collection/[slug]/page.tsx | lib/seo/json-ld.ts,BreadcrumbList,root.@type,,,,,@context | @type | itemListElement,,,no,no,yes,uncertain,,page-L2NvbGxlY3Rpb24vbWlkbmlnaHQta2VzYXJpLWNvdHRvbi1kcmFwZQ-schema-4 in seo-inventory-raw.json
/collection/midnight-kesari-cotton-drape,app/(site)/collection/[slug]/page.tsx | lib/seo/json-ld.ts,ListItem,root.itemListElement[0].@type,,,,,@context | @type | itemListElement,,,no,no,yes,uncertain,,page-L2NvbGxlY3Rpb24vbWlkbmlnaHQta2VzYXJpLWNvdHRvbi1kcmFwZQ-schema-4 in seo-inventory-raw.json
/collection/midnight-kesari-cotton-drape,app/(site)/collection/[slug]/page.tsx | lib/seo/json-ld.ts,ListItem,root.itemListElement[1].@type,,,,,@context | @type | itemListElement,,,no,no,yes,uncertain,,page-L2NvbGxlY3Rpb24vbWlkbmlnaHQta2VzYXJpLWNvdHRvbi1kcmFwZQ-schema-4 in seo-inventory-raw.json
/collection/midnight-kesari-cotton-drape,app/(site)/collection/[slug]/page.tsx | lib/seo/json-ld.ts,ListItem,root.itemListElement[2].@type,,,,,@context | @type | itemListElement,,,no,no,yes,uncertain,,page-L2NvbGxlY3Rpb24vbWlkbmlnaHQta2VzYXJpLWNvdHRvbi1kcmFwZQ-schema-4 in seo-inventory-raw.json
/collection/blush-green-handwoven-cotton-drape,app/(site)/collection/[slug]/page.tsx | lib/seo/json-ld.ts,OnlineStore,root.@type,From The Trunk,"Curated collection of authenticated, pre-loved luxury sarees with provenance.",,,,,@context | @type | name | url | logo | email | sameAs | description | contactPoint,no,no,yes,uncertain,,page-L2NvbGxlY3Rpb24vYmx1c2gtZ3JlZW4taGFuZHdvdmVuLWNvdHRvbi1kcmFwZQ-schema-1 in seo-inventory-raw.json
/collection/blush-green-handwoven-cotton-drape,app/(site)/collection/[slug]/page.tsx | lib/seo/json-ld.ts,ContactPoint,root.contactPoint.@type,From The Trunk,"Curated collection of authenticated, pre-loved luxury sarees with provenance.",,,,,@context | @type | name | url | logo | email | sameAs | description | contactPoint,no,no,yes,uncertain,,page-L2NvbGxlY3Rpb24vYmx1c2gtZ3JlZW4taGFuZHdvdmVuLWNvdHRvbi1kcmFwZQ-schema-1 in seo-inventory-raw.json
/collection/blush-green-handwoven-cotton-drape,app/(site)/collection/[slug]/page.tsx | lib/seo/json-ld.ts,WebSite,root.@type,From The Trunk,,,,,,@type | name | logo,no,no,yes,uncertain,,page-L2NvbGxlY3Rpb24vYmx1c2gtZ3JlZW4taGFuZHdvdmVuLWNvdHRvbi1kcmFwZQ-schema-2 in seo-inventory-raw.json
/collection/blush-green-handwoven-cotton-drape,app/(site)/collection/[slug]/page.tsx | lib/seo/json-ld.ts,Organization,root.publisher.@type,From The Trunk,,,,,,@type | name | logo,no,no,yes,uncertain,,page-L2NvbGxlY3Rpb24vYmx1c2gtZ3JlZW4taGFuZHdvdmVuLWNvdHRvbi1kcmFwZQ-schema-2 in seo-inventory-raw.json
/collection/blush-green-handwoven-cotton-drape,app/(site)/collection/[slug]/page.tsx | lib/seo/json-ld.ts,Product,root.@type,Blush green,"There is a green that exists just before the leaf fully opens pale, luminous, neither mint nor sage, holding the blush of something still becoming. This cotton saree is that green. Gentle in colour and honest in material, it carries the kind of quiet that only natural fibre can hold, settling into a drape that feels less like wearing and more like resting. Cotton of this weight and temperament has long been the fabric of considered daily life across the subcontinent. Breathable through the warmest months, softening with every wash, it rewards the wearer who returns to it season after season. This piece bears that same promise, a saree that improves with familiarity, that remembers the shape of the women who wore it before.",@context | @type | productID | sku | name | description | image | brand | category | additionalProperty | offers | itemCondition | material,@type | price | priceCurrency | availability | url | seller,,,@type | name,no,no,yes,yes,,page-L2NvbGxlY3Rpb24vYmx1c2gtZ3JlZW4taGFuZHdvdmVuLWNvdHRvbi1kcmFwZQ-schema-3 in seo-inventory-raw.json
/collection/blush-green-handwoven-cotton-drape,app/(site)/collection/[slug]/page.tsx | lib/seo/json-ld.ts,Brand,root.brand.@type,Blush green,"There is a green that exists just before the leaf fully opens pale, luminous, neither mint nor sage, holding the blush of something still becoming. This cotton saree is that green. Gentle in colour and honest in material, it carries the kind of quiet that only natural fibre can hold, settling into a drape that feels less like wearing and more like resting. Cotton of this weight and temperament has long been the fabric of considered daily life across the subcontinent. Breathable through the warmest months, softening with every wash, it rewards the wearer who returns to it season after season. This piece bears that same promise, a saree that improves with familiarity, that remembers the shape of the women who wore it before.",@context | @type | productID | sku | name | description | image | brand | category | additionalProperty | offers | itemCondition | material,@type | price | priceCurrency | availability | url | seller,,,@type | name,no,no,yes,yes,,page-L2NvbGxlY3Rpb24vYmx1c2gtZ3JlZW4taGFuZHdvdmVuLWNvdHRvbi1kcmFwZQ-schema-3 in seo-inventory-raw.json
/collection/blush-green-handwoven-cotton-drape,app/(site)/collection/[slug]/page.tsx | lib/seo/json-ld.ts,PropertyValue,root.additionalProperty[0].@type,Blush green,"There is a green that exists just before the leaf fully opens pale, luminous, neither mint nor sage, holding the blush of something still becoming. This cotton saree is that green. Gentle in colour and honest in material, it carries the kind of quiet that only natural fibre can hold, settling into a drape that feels less like wearing and more like resting. Cotton of this weight and temperament has long been the fabric of considered daily life across the subcontinent. Breathable through the warmest months, softening with every wash, it rewards the wearer who returns to it season after season. This piece bears that same promise, a saree that improves with familiarity, that remembers the shape of the women who wore it before.",@context | @type | productID | sku | name | description | image | brand | category | additionalProperty | offers | itemCondition | material,@type | price | priceCurrency | availability | url | seller,,,@type | name,no,no,yes,yes,,page-L2NvbGxlY3Rpb24vYmx1c2gtZ3JlZW4taGFuZHdvdmVuLWNvdHRvbi1kcmFwZQ-schema-3 in seo-inventory-raw.json
/collection/blush-green-handwoven-cotton-drape,app/(site)/collection/[slug]/page.tsx | lib/seo/json-ld.ts,PropertyValue,root.additionalProperty[1].@type,Blush green,"There is a green that exists just before the leaf fully opens pale, luminous, neither mint nor sage, holding the blush of something still becoming. This cotton saree is that green. Gentle in colour and honest in material, it carries the kind of quiet that only natural fibre can hold, settling into a drape that feels less like wearing and more like resting. Cotton of this weight and temperament has long been the fabric of considered daily life across the subcontinent. Breathable through the warmest months, softening with every wash, it rewards the wearer who returns to it season after season. This piece bears that same promise, a saree that improves with familiarity, that remembers the shape of the women who wore it before.",@context | @type | productID | sku | name | description | image | brand | category | additionalProperty | offers | itemCondition | material,@type | price | priceCurrency | availability | url | seller,,,@type | name,no,no,yes,yes,,page-L2NvbGxlY3Rpb24vYmx1c2gtZ3JlZW4taGFuZHdvdmVuLWNvdHRvbi1kcmFwZQ-schema-3 in seo-inventory-raw.json
/collection/blush-green-handwoven-cotton-drape,app/(site)/collection/[slug]/page.tsx | lib/seo/json-ld.ts,Offer,root.offers.@type,Blush green,"There is a green that exists just before the leaf fully opens pale, luminous, neither mint nor sage, holding the blush of something still becoming. This cotton saree is that green. Gentle in colour and honest in material, it carries the kind of quiet that only natural fibre can hold, settling into a drape that feels less like wearing and more like resting. Cotton of this weight and temperament has long been the fabric of considered daily life across the subcontinent. Breathable through the warmest months, softening with every wash, it rewards the wearer who returns to it season after season. This piece bears that same promise, a saree that improves with familiarity, that remembers the shape of the women who wore it before.",@context | @type | productID | sku | name | description | image | brand | category | additionalProperty | offers | itemCondition | material,@type | price | priceCurrency | availability | url | seller,,,@type | name,no,no,yes,yes,,page-L2NvbGxlY3Rpb24vYmx1c2gtZ3JlZW4taGFuZHdvdmVuLWNvdHRvbi1kcmFwZQ-schema-3 in seo-inventory-raw.json
/collection/blush-green-handwoven-cotton-drape,app/(site)/collection/[slug]/page.tsx | lib/seo/json-ld.ts,Organization,root.offers.seller.@type,Blush green,"There is a green that exists just before the leaf fully opens pale, luminous, neither mint nor sage, holding the blush of something still becoming. This cotton saree is that green. Gentle in colour and honest in material, it carries the kind of quiet that only natural fibre can hold, settling into a drape that feels less like wearing and more like resting. Cotton of this weight and temperament has long been the fabric of considered daily life across the subcontinent. Breathable through the warmest months, softening with every wash, it rewards the wearer who returns to it season after season. This piece bears that same promise, a saree that improves with familiarity, that remembers the shape of the women who wore it before.",@context | @type | productID | sku | name | description | image | brand | category | additionalProperty | offers | itemCondition | material,@type | price | priceCurrency | availability | url | seller,,,@type | name,no,no,yes,yes,,page-L2NvbGxlY3Rpb24vYmx1c2gtZ3JlZW4taGFuZHdvdmVuLWNvdHRvbi1kcmFwZQ-schema-3 in seo-inventory-raw.json
/collection/blush-green-handwoven-cotton-drape,app/(site)/collection/[slug]/page.tsx | lib/seo/json-ld.ts,BreadcrumbList,root.@type,,,,,@context | @type | itemListElement,,,no,no,yes,uncertain,,page-L2NvbGxlY3Rpb24vYmx1c2gtZ3JlZW4taGFuZHdvdmVuLWNvdHRvbi1kcmFwZQ-schema-4 in seo-inventory-raw.json
/collection/blush-green-handwoven-cotton-drape,app/(site)/collection/[slug]/page.tsx | lib/seo/json-ld.ts,ListItem,root.itemListElement[0].@type,,,,,@context | @type | itemListElement,,,no,no,yes,uncertain,,page-L2NvbGxlY3Rpb24vYmx1c2gtZ3JlZW4taGFuZHdvdmVuLWNvdHRvbi1kcmFwZQ-schema-4 in seo-inventory-raw.json
/collection/blush-green-handwoven-cotton-drape,app/(site)/collection/[slug]/page.tsx | lib/seo/json-ld.ts,ListItem,root.itemListElement[1].@type,,,,,@context | @type | itemListElement,,,no,no,yes,uncertain,,page-L2NvbGxlY3Rpb24vYmx1c2gtZ3JlZW4taGFuZHdvdmVuLWNvdHRvbi1kcmFwZQ-schema-4 in seo-inventory-raw.json
/collection/blush-green-handwoven-cotton-drape,app/(site)/collection/[slug]/page.tsx | lib/seo/json-ld.ts,ListItem,root.itemListElement[2].@type,,,,,@context | @type | itemListElement,,,no,no,yes,uncertain,,page-L2NvbGxlY3Rpb24vYmx1c2gtZ3JlZW4taGFuZHdvdmVuLWNvdHRvbi1kcmFwZQ-schema-4 in seo-inventory-raw.json
/collection/brown-kapi-cotton-black-line-border,app/(site)/collection/[slug]/page.tsx | lib/seo/json-ld.ts,OnlineStore,root.@type,From The Trunk,"Curated collection of authenticated, pre-loved luxury sarees with provenance.",,,,,@context | @type | name | url | logo | email | sameAs | description | contactPoint,no,no,yes,uncertain,,page-L2NvbGxlY3Rpb24vYnJvd24ta2FwaS1jb3R0b24tYmxhY2stbGluZS1ib3JkZXI-schema-1 in seo-inventory-raw.json
/collection/brown-kapi-cotton-black-line-border,app/(site)/collection/[slug]/page.tsx | lib/seo/json-ld.ts,ContactPoint,root.contactPoint.@type,From The Trunk,"Curated collection of authenticated, pre-loved luxury sarees with provenance.",,,,,@context | @type | name | url | logo | email | sameAs | description | contactPoint,no,no,yes,uncertain,,page-L2NvbGxlY3Rpb24vYnJvd24ta2FwaS1jb3R0b24tYmxhY2stbGluZS1ib3JkZXI-schema-1 in seo-inventory-raw.json
/collection/brown-kapi-cotton-black-line-border,app/(site)/collection/[slug]/page.tsx | lib/seo/json-ld.ts,WebSite,root.@type,From The Trunk,,,,,,@type | name | logo,no,no,yes,uncertain,,page-L2NvbGxlY3Rpb24vYnJvd24ta2FwaS1jb3R0b24tYmxhY2stbGluZS1ib3JkZXI-schema-2 in seo-inventory-raw.json
/collection/brown-kapi-cotton-black-line-border,app/(site)/collection/[slug]/page.tsx | lib/seo/json-ld.ts,Organization,root.publisher.@type,From The Trunk,,,,,,@type | name | logo,no,no,yes,uncertain,,page-L2NvbGxlY3Rpb24vYnJvd24ta2FwaS1jb3R0b24tYmxhY2stbGluZS1ib3JkZXI-schema-2 in seo-inventory-raw.json
/collection/brown-kapi-cotton-black-line-border,app/(site)/collection/[slug]/page.tsx | lib/seo/json-ld.ts,Product,root.@type,Brown Kapi Cotton,"Kapi - the warm, toasted brown of freshly brewed filter coffee  is one of those colours that needs no embellishment to make a statement. It is grounded, familiar, and deeply South Indian in its sensibility. This cotton saree wears that shade with confidence, its handwoven body carrying the subtle texture and gentle irregularities that only natural cotton can offer. 
This piece carries that lived-in honesty,  a saree that has been chosen, used, and loved.",@context | @type | productID | sku | name | description | image | brand | category | additionalProperty | offers | itemCondition | material,@type | price | priceCurrency | availability | url | seller,,,@type | name,no,no,yes,yes,,page-L2NvbGxlY3Rpb24vYnJvd24ta2FwaS1jb3R0b24tYmxhY2stbGluZS1ib3JkZXI-schema-3 in seo-inventory-raw.json
/collection/brown-kapi-cotton-black-line-border,app/(site)/collection/[slug]/page.tsx | lib/seo/json-ld.ts,Brand,root.brand.@type,Brown Kapi Cotton,"Kapi - the warm, toasted brown of freshly brewed filter coffee  is one of those colours that needs no embellishment to make a statement. It is grounded, familiar, and deeply South Indian in its sensibility. This cotton saree wears that shade with confidence, its handwoven body carrying the subtle texture and gentle irregularities that only natural cotton can offer. 
This piece carries that lived-in honesty,  a saree that has been chosen, used, and loved.",@context | @type | productID | sku | name | description | image | brand | category | additionalProperty | offers | itemCondition | material,@type | price | priceCurrency | availability | url | seller,,,@type | name,no,no,yes,yes,,page-L2NvbGxlY3Rpb24vYnJvd24ta2FwaS1jb3R0b24tYmxhY2stbGluZS1ib3JkZXI-schema-3 in seo-inventory-raw.json
/collection/brown-kapi-cotton-black-line-border,app/(site)/collection/[slug]/page.tsx | lib/seo/json-ld.ts,PropertyValue,root.additionalProperty[0].@type,Brown Kapi Cotton,"Kapi - the warm, toasted brown of freshly brewed filter coffee  is one of those colours that needs no embellishment to make a statement. It is grounded, familiar, and deeply South Indian in its sensibility. This cotton saree wears that shade with confidence, its handwoven body carrying the subtle texture and gentle irregularities that only natural cotton can offer. 
This piece carries that lived-in honesty,  a saree that has been chosen, used, and loved.",@context | @type | productID | sku | name | description | image | brand | category | additionalProperty | offers | itemCondition | material,@type | price | priceCurrency | availability | url | seller,,,@type | name,no,no,yes,yes,,page-L2NvbGxlY3Rpb24vYnJvd24ta2FwaS1jb3R0b24tYmxhY2stbGluZS1ib3JkZXI-schema-3 in seo-inventory-raw.json
/collection/brown-kapi-cotton-black-line-border,app/(site)/collection/[slug]/page.tsx | lib/seo/json-ld.ts,PropertyValue,root.additionalProperty[1].@type,Brown Kapi Cotton,"Kapi - the warm, toasted brown of freshly brewed filter coffee  is one of those colours that needs no embellishment to make a statement. It is grounded, familiar, and deeply South Indian in its sensibility. This cotton saree wears that shade with confidence, its handwoven body carrying the subtle texture and gentle irregularities that only natural cotton can offer. 
This piece carries that lived-in honesty,  a saree that has been chosen, used, and loved.",@context | @type | productID | sku | name | description | image | brand | category | additionalProperty | offers | itemCondition | material,@type | price | priceCurrency | availability | url | seller,,,@type | name,no,no,yes,yes,,page-L2NvbGxlY3Rpb24vYnJvd24ta2FwaS1jb3R0b24tYmxhY2stbGluZS1ib3JkZXI-schema-3 in seo-inventory-raw.json
/collection/brown-kapi-cotton-black-line-border,app/(site)/collection/[slug]/page.tsx | lib/seo/json-ld.ts,Offer,root.offers.@type,Brown Kapi Cotton,"Kapi - the warm, toasted brown of freshly brewed filter coffee  is one of those colours that needs no embellishment to make a statement. It is grounded, familiar, and deeply South Indian in its sensibility. This cotton saree wears that shade with confidence, its handwoven body carrying the subtle texture and gentle irregularities that only natural cotton can offer. 
This piece carries that lived-in honesty,  a saree that has been chosen, used, and loved.",@context | @type | productID | sku | name | description | image | brand | category | additionalProperty | offers | itemCondition | material,@type | price | priceCurrency | availability | url | seller,,,@type | name,no,no,yes,yes,,page-L2NvbGxlY3Rpb24vYnJvd24ta2FwaS1jb3R0b24tYmxhY2stbGluZS1ib3JkZXI-schema-3 in seo-inventory-raw.json
/collection/brown-kapi-cotton-black-line-border,app/(site)/collection/[slug]/page.tsx | lib/seo/json-ld.ts,Organization,root.offers.seller.@type,Brown Kapi Cotton,"Kapi - the warm, toasted brown of freshly brewed filter coffee  is one of those colours that needs no embellishment to make a statement. It is grounded, familiar, and deeply South Indian in its sensibility. This cotton saree wears that shade with confidence, its handwoven body carrying the subtle texture and gentle irregularities that only natural cotton can offer. 
This piece carries that lived-in honesty,  a saree that has been chosen, used, and loved.",@context | @type | productID | sku | name | description | image | brand | category | additionalProperty | offers | itemCondition | material,@type | price | priceCurrency | availability | url | seller,,,@type | name,no,no,yes,yes,,page-L2NvbGxlY3Rpb24vYnJvd24ta2FwaS1jb3R0b24tYmxhY2stbGluZS1ib3JkZXI-schema-3 in seo-inventory-raw.json
/collection/brown-kapi-cotton-black-line-border,app/(site)/collection/[slug]/page.tsx | lib/seo/json-ld.ts,BreadcrumbList,root.@type,,,,,@context | @type | itemListElement,,,no,no,yes,uncertain,,page-L2NvbGxlY3Rpb24vYnJvd24ta2FwaS1jb3R0b24tYmxhY2stbGluZS1ib3JkZXI-schema-4 in seo-inventory-raw.json
/collection/brown-kapi-cotton-black-line-border,app/(site)/collection/[slug]/page.tsx | lib/seo/json-ld.ts,ListItem,root.itemListElement[0].@type,,,,,@context | @type | itemListElement,,,no,no,yes,uncertain,,page-L2NvbGxlY3Rpb24vYnJvd24ta2FwaS1jb3R0b24tYmxhY2stbGluZS1ib3JkZXI-schema-4 in seo-inventory-raw.json
/collection/brown-kapi-cotton-black-line-border,app/(site)/collection/[slug]/page.tsx | lib/seo/json-ld.ts,ListItem,root.itemListElement[1].@type,,,,,@context | @type | itemListElement,,,no,no,yes,uncertain,,page-L2NvbGxlY3Rpb24vYnJvd24ta2FwaS1jb3R0b24tYmxhY2stbGluZS1ib3JkZXI-schema-4 in seo-inventory-raw.json
/collection/brown-kapi-cotton-black-line-border,app/(site)/collection/[slug]/page.tsx | lib/seo/json-ld.ts,ListItem,root.itemListElement[2].@type,,,,,@context | @type | itemListElement,,,no,no,yes,uncertain,,page-L2NvbGxlY3Rpb24vYnJvd24ta2FwaS1jb3R0b24tYmxhY2stbGluZS1ib3JkZXI-schema-4 in seo-inventory-raw.json
/collection/brown-and-mustard-light-silk,app/(site)/collection/[slug]/page.tsx | lib/seo/json-ld.ts,OnlineStore,root.@type,From The Trunk,"Curated collection of authenticated, pre-loved luxury sarees with provenance.",,,,,@context | @type | name | url | logo | email | sameAs | description | contactPoint,no,no,yes,uncertain,,page-L2NvbGxlY3Rpb24vYnJvd24tYW5kLW11c3RhcmQtbGlnaHQtc2lsaw-schema-1 in seo-inventory-raw.json
/collection/brown-and-mustard-light-silk,app/(site)/collection/[slug]/page.tsx | lib/seo/json-ld.ts,ContactPoint,root.contactPoint.@type,From The Trunk,"Curated collection of authenticated, pre-loved luxury sarees with provenance.",,,,,@context | @type | name | url | logo | email | sameAs | description | contactPoint,no,no,yes,uncertain,,page-L2NvbGxlY3Rpb24vYnJvd24tYW5kLW11c3RhcmQtbGlnaHQtc2lsaw-schema-1 in seo-inventory-raw.json
/collection/brown-and-mustard-light-silk,app/(site)/collection/[slug]/page.tsx | lib/seo/json-ld.ts,WebSite,root.@type,From The Trunk,,,,,,@type | name | logo,no,no,yes,uncertain,,page-L2NvbGxlY3Rpb24vYnJvd24tYW5kLW11c3RhcmQtbGlnaHQtc2lsaw-schema-2 in seo-inventory-raw.json
/collection/brown-and-mustard-light-silk,app/(site)/collection/[slug]/page.tsx | lib/seo/json-ld.ts,Organization,root.publisher.@type,From The Trunk,,,,,,@type | name | logo,no,no,yes,uncertain,,page-L2NvbGxlY3Rpb24vYnJvd24tYW5kLW11c3RhcmQtbGlnaHQtc2lsaw-schema-2 in seo-inventory-raw.json
/collection/brown-and-mustard-light-silk,app/(site)/collection/[slug]/page.tsx | lib/seo/json-ld.ts,Product,root.@type,Brown and Mustard light Silk,"There is a particular warmth to the pairing of brown and mustard colours drawn from the earth itself, from turmeric grounds and dried leaves, from the palette of an Indian autumn. This light silk saree carries both in quiet harmony, its warp and weft holding a conversation between the deep and the golden that feels timeless rather than fashionable.",@context | @type | productID | sku | name | description | image | brand | category | additionalProperty | offers | itemCondition | material,@type | price | priceCurrency | availability | url | seller,,,@type | name,no,no,yes,yes,,page-L2NvbGxlY3Rpb24vYnJvd24tYW5kLW11c3RhcmQtbGlnaHQtc2lsaw-schema-3 in seo-inventory-raw.json
/collection/brown-and-mustard-light-silk,app/(site)/collection/[slug]/page.tsx | lib/seo/json-ld.ts,Brand,root.brand.@type,Brown and Mustard light Silk,"There is a particular warmth to the pairing of brown and mustard colours drawn from the earth itself, from turmeric grounds and dried leaves, from the palette of an Indian autumn. This light silk saree carries both in quiet harmony, its warp and weft holding a conversation between the deep and the golden that feels timeless rather than fashionable.",@context | @type | productID | sku | name | description | image | brand | category | additionalProperty | offers | itemCondition | material,@type | price | priceCurrency | availability | url | seller,,,@type | name,no,no,yes,yes,,page-L2NvbGxlY3Rpb24vYnJvd24tYW5kLW11c3RhcmQtbGlnaHQtc2lsaw-schema-3 in seo-inventory-raw.json
/collection/brown-and-mustard-light-silk,app/(site)/collection/[slug]/page.tsx | lib/seo/json-ld.ts,PropertyValue,root.additionalProperty[0].@type,Brown and Mustard light Silk,"There is a particular warmth to the pairing of brown and mustard colours drawn from the earth itself, from turmeric grounds and dried leaves, from the palette of an Indian autumn. This light silk saree carries both in quiet harmony, its warp and weft holding a conversation between the deep and the golden that feels timeless rather than fashionable.",@context | @type | productID | sku | name | description | image | brand | category | additionalProperty | offers | itemCondition | material,@type | price | priceCurrency | availability | url | seller,,,@type | name,no,no,yes,yes,,page-L2NvbGxlY3Rpb24vYnJvd24tYW5kLW11c3RhcmQtbGlnaHQtc2lsaw-schema-3 in seo-inventory-raw.json
/collection/brown-and-mustard-light-silk,app/(site)/collection/[slug]/page.tsx | lib/seo/json-ld.ts,PropertyValue,root.additionalProperty[1].@type,Brown and Mustard light Silk,"There is a particular warmth to the pairing of brown and mustard colours drawn from the earth itself, from turmeric grounds and dried leaves, from the palette of an Indian autumn. This light silk saree carries both in quiet harmony, its warp and weft holding a conversation between the deep and the golden that feels timeless rather than fashionable.",@context | @type | productID | sku | name | description | image | brand | category | additionalProperty | offers | itemCondition | material,@type | price | priceCurrency | availability | url | seller,,,@type | name,no,no,yes,yes,,page-L2NvbGxlY3Rpb24vYnJvd24tYW5kLW11c3RhcmQtbGlnaHQtc2lsaw-schema-3 in seo-inventory-raw.json
/collection/brown-and-mustard-light-silk,app/(site)/collection/[slug]/page.tsx | lib/seo/json-ld.ts,Offer,root.offers.@type,Brown and Mustard light Silk,"There is a particular warmth to the pairing of brown and mustard colours drawn from the earth itself, from turmeric grounds and dried leaves, from the palette of an Indian autumn. This light silk saree carries both in quiet harmony, its warp and weft holding a conversation between the deep and the golden that feels timeless rather than fashionable.",@context | @type | productID | sku | name | description | image | brand | category | additionalProperty | offers | itemCondition | material,@type | price | priceCurrency | availability | url | seller,,,@type | name,no,no,yes,yes,,page-L2NvbGxlY3Rpb24vYnJvd24tYW5kLW11c3RhcmQtbGlnaHQtc2lsaw-schema-3 in seo-inventory-raw.json
/collection/brown-and-mustard-light-silk,app/(site)/collection/[slug]/page.tsx | lib/seo/json-ld.ts,Organization,root.offers.seller.@type,Brown and Mustard light Silk,"There is a particular warmth to the pairing of brown and mustard colours drawn from the earth itself, from turmeric grounds and dried leaves, from the palette of an Indian autumn. This light silk saree carries both in quiet harmony, its warp and weft holding a conversation between the deep and the golden that feels timeless rather than fashionable.",@context | @type | productID | sku | name | description | image | brand | category | additionalProperty | offers | itemCondition | material,@type | price | priceCurrency | availability | url | seller,,,@type | name,no,no,yes,yes,,page-L2NvbGxlY3Rpb24vYnJvd24tYW5kLW11c3RhcmQtbGlnaHQtc2lsaw-schema-3 in seo-inventory-raw.json
/collection/brown-and-mustard-light-silk,app/(site)/collection/[slug]/page.tsx | lib/seo/json-ld.ts,BreadcrumbList,root.@type,,,,,@context | @type | itemListElement,,,no,no,yes,uncertain,,page-L2NvbGxlY3Rpb24vYnJvd24tYW5kLW11c3RhcmQtbGlnaHQtc2lsaw-schema-4 in seo-inventory-raw.json
/collection/brown-and-mustard-light-silk,app/(site)/collection/[slug]/page.tsx | lib/seo/json-ld.ts,ListItem,root.itemListElement[0].@type,,,,,@context | @type | itemListElement,,,no,no,yes,uncertain,,page-L2NvbGxlY3Rpb24vYnJvd24tYW5kLW11c3RhcmQtbGlnaHQtc2lsaw-schema-4 in seo-inventory-raw.json
/collection/brown-and-mustard-light-silk,app/(site)/collection/[slug]/page.tsx | lib/seo/json-ld.ts,ListItem,root.itemListElement[1].@type,,,,,@context | @type | itemListElement,,,no,no,yes,uncertain,,page-L2NvbGxlY3Rpb24vYnJvd24tYW5kLW11c3RhcmQtbGlnaHQtc2lsaw-schema-4 in seo-inventory-raw.json
/collection/brown-and-mustard-light-silk,app/(site)/collection/[slug]/page.tsx | lib/seo/json-ld.ts,ListItem,root.itemListElement[2].@type,,,,,@context | @type | itemListElement,,,no,no,yes,uncertain,,page-L2NvbGxlY3Rpb24vYnJvd24tYW5kLW11c3RhcmQtbGlnaHQtc2lsaw-schema-4 in seo-inventory-raw.json
/collection/kesari-sunset-chiffon-saree,app/(site)/collection/[slug]/page.tsx | lib/seo/json-ld.ts,OnlineStore,root.@type,From The Trunk,"Curated collection of authenticated, pre-loved luxury sarees with provenance.",,,,,@context | @type | name | url | logo | email | sameAs | description | contactPoint,no,no,yes,uncertain,,page-L2NvbGxlY3Rpb24va2VzYXJpLXN1bnNldC1jaGlmZm9uLXNhcmVl-schema-1 in seo-inventory-raw.json
/collection/kesari-sunset-chiffon-saree,app/(site)/collection/[slug]/page.tsx | lib/seo/json-ld.ts,ContactPoint,root.contactPoint.@type,From The Trunk,"Curated collection of authenticated, pre-loved luxury sarees with provenance.",,,,,@context | @type | name | url | logo | email | sameAs | description | contactPoint,no,no,yes,uncertain,,page-L2NvbGxlY3Rpb24va2VzYXJpLXN1bnNldC1jaGlmZm9uLXNhcmVl-schema-1 in seo-inventory-raw.json
/collection/kesari-sunset-chiffon-saree,app/(site)/collection/[slug]/page.tsx | lib/seo/json-ld.ts,WebSite,root.@type,From The Trunk,,,,,,@type | name | logo,no,no,yes,uncertain,,page-L2NvbGxlY3Rpb24va2VzYXJpLXN1bnNldC1jaGlmZm9uLXNhcmVl-schema-2 in seo-inventory-raw.json
/collection/kesari-sunset-chiffon-saree,app/(site)/collection/[slug]/page.tsx | lib/seo/json-ld.ts,Organization,root.publisher.@type,From The Trunk,,,,,,@type | name | logo,no,no,yes,uncertain,,page-L2NvbGxlY3Rpb24va2VzYXJpLXN1bnNldC1jaGlmZm9uLXNhcmVl-schema-2 in seo-inventory-raw.json
/collection/kesari-sunset-chiffon-saree,app/(site)/collection/[slug]/page.tsx | lib/seo/json-ld.ts,Product,root.@type,Kesari Sunset Chiffon Saree,"There is a particular shade of kesari  neither quite orange nor gold that belongs to temple marigolds at dusk and to the last embers of an evening sky. This chiffon saree carries that exact warmth, its sheer fabric catching the light with a glow that feels almost lit from within. The drape is featherlight, as chiffon should be, falling in soft, fluid folds that move with quiet grace.

The fabric speaks of an era when chiffon sarees were the chosen companion for evening gatherings and intimate celebrations elegant without effort, striking without weight. Its kesari hue suggests it was likely selected with intention, perhaps for a festive occasion or a ceremony where the wearer wished to carry the warmth of tradition in a modern silhouette.

This piece appears to be in gently pre-loved condition, its chiffon retaining its characteristic softness and translucence. Any subtle signs of its previous life only speak to the occasions it has already graced adding character to a textile that was always meant to be lived in, not locked away.",@context | @type | productID | sku | name | description | image | brand | category | additionalProperty | offers | itemCondition | material,@type | price | priceCurrency | availability | url | seller,,,@type | name,no,no,yes,yes,,page-L2NvbGxlY3Rpb24va2VzYXJpLXN1bnNldC1jaGlmZm9uLXNhcmVl-schema-3 in seo-inventory-raw.json
/collection/kesari-sunset-chiffon-saree,app/(site)/collection/[slug]/page.tsx | lib/seo/json-ld.ts,Brand,root.brand.@type,Kesari Sunset Chiffon Saree,"There is a particular shade of kesari  neither quite orange nor gold that belongs to temple marigolds at dusk and to the last embers of an evening sky. This chiffon saree carries that exact warmth, its sheer fabric catching the light with a glow that feels almost lit from within. The drape is featherlight, as chiffon should be, falling in soft, fluid folds that move with quiet grace.

The fabric speaks of an era when chiffon sarees were the chosen companion for evening gatherings and intimate celebrations elegant without effort, striking without weight. Its kesari hue suggests it was likely selected with intention, perhaps for a festive occasion or a ceremony where the wearer wished to carry the warmth of tradition in a modern silhouette.

This piece appears to be in gently pre-loved condition, its chiffon retaining its characteristic softness and translucence. Any subtle signs of its previous life only speak to the occasions it has already graced adding character to a textile that was always meant to be lived in, not locked away.",@context | @type | productID | sku | name | description | image | brand | category | additionalProperty | offers | itemCondition | material,@type | price | priceCurrency | availability | url | seller,,,@type | name,no,no,yes,yes,,page-L2NvbGxlY3Rpb24va2VzYXJpLXN1bnNldC1jaGlmZm9uLXNhcmVl-schema-3 in seo-inventory-raw.json
/collection/kesari-sunset-chiffon-saree,app/(site)/collection/[slug]/page.tsx | lib/seo/json-ld.ts,PropertyValue,root.additionalProperty[0].@type,Kesari Sunset Chiffon Saree,"There is a particular shade of kesari  neither quite orange nor gold that belongs to temple marigolds at dusk and to the last embers of an evening sky. This chiffon saree carries that exact warmth, its sheer fabric catching the light with a glow that feels almost lit from within. The drape is featherlight, as chiffon should be, falling in soft, fluid folds that move with quiet grace.

The fabric speaks of an era when chiffon sarees were the chosen companion for evening gatherings and intimate celebrations elegant without effort, striking without weight. Its kesari hue suggests it was likely selected with intention, perhaps for a festive occasion or a ceremony where the wearer wished to carry the warmth of tradition in a modern silhouette.

This piece appears to be in gently pre-loved condition, its chiffon retaining its characteristic softness and translucence. Any subtle signs of its previous life only speak to the occasions it has already graced adding character to a textile that was always meant to be lived in, not locked away.",@context | @type | productID | sku | name | description | image | brand | category | additionalProperty | offers | itemCondition | material,@type | price | priceCurrency | availability | url | seller,,,@type | name,no,no,yes,yes,,page-L2NvbGxlY3Rpb24va2VzYXJpLXN1bnNldC1jaGlmZm9uLXNhcmVl-schema-3 in seo-inventory-raw.json
/collection/kesari-sunset-chiffon-saree,app/(site)/collection/[slug]/page.tsx | lib/seo/json-ld.ts,PropertyValue,root.additionalProperty[1].@type,Kesari Sunset Chiffon Saree,"There is a particular shade of kesari  neither quite orange nor gold that belongs to temple marigolds at dusk and to the last embers of an evening sky. This chiffon saree carries that exact warmth, its sheer fabric catching the light with a glow that feels almost lit from within. The drape is featherlight, as chiffon should be, falling in soft, fluid folds that move with quiet grace.

The fabric speaks of an era when chiffon sarees were the chosen companion for evening gatherings and intimate celebrations elegant without effort, striking without weight. Its kesari hue suggests it was likely selected with intention, perhaps for a festive occasion or a ceremony where the wearer wished to carry the warmth of tradition in a modern silhouette.

This piece appears to be in gently pre-loved condition, its chiffon retaining its characteristic softness and translucence. Any subtle signs of its previous life only speak to the occasions it has already graced adding character to a textile that was always meant to be lived in, not locked away.",@context | @type | productID | sku | name | description | image | brand | category | additionalProperty | offers | itemCondition | material,@type | price | priceCurrency | availability | url | seller,,,@type | name,no,no,yes,yes,,page-L2NvbGxlY3Rpb24va2VzYXJpLXN1bnNldC1jaGlmZm9uLXNhcmVl-schema-3 in seo-inventory-raw.json
/collection/kesari-sunset-chiffon-saree,app/(site)/collection/[slug]/page.tsx | lib/seo/json-ld.ts,Offer,root.offers.@type,Kesari Sunset Chiffon Saree,"There is a particular shade of kesari  neither quite orange nor gold that belongs to temple marigolds at dusk and to the last embers of an evening sky. This chiffon saree carries that exact warmth, its sheer fabric catching the light with a glow that feels almost lit from within. The drape is featherlight, as chiffon should be, falling in soft, fluid folds that move with quiet grace.

The fabric speaks of an era when chiffon sarees were the chosen companion for evening gatherings and intimate celebrations elegant without effort, striking without weight. Its kesari hue suggests it was likely selected with intention, perhaps for a festive occasion or a ceremony where the wearer wished to carry the warmth of tradition in a modern silhouette.

This piece appears to be in gently pre-loved condition, its chiffon retaining its characteristic softness and translucence. Any subtle signs of its previous life only speak to the occasions it has already graced adding character to a textile that was always meant to be lived in, not locked away.",@context | @type | productID | sku | name | description | image | brand | category | additionalProperty | offers | itemCondition | material,@type | price | priceCurrency | availability | url | seller,,,@type | name,no,no,yes,yes,,page-L2NvbGxlY3Rpb24va2VzYXJpLXN1bnNldC1jaGlmZm9uLXNhcmVl-schema-3 in seo-inventory-raw.json
/collection/kesari-sunset-chiffon-saree,app/(site)/collection/[slug]/page.tsx | lib/seo/json-ld.ts,Organization,root.offers.seller.@type,Kesari Sunset Chiffon Saree,"There is a particular shade of kesari  neither quite orange nor gold that belongs to temple marigolds at dusk and to the last embers of an evening sky. This chiffon saree carries that exact warmth, its sheer fabric catching the light with a glow that feels almost lit from within. The drape is featherlight, as chiffon should be, falling in soft, fluid folds that move with quiet grace.

The fabric speaks of an era when chiffon sarees were the chosen companion for evening gatherings and intimate celebrations elegant without effort, striking without weight. Its kesari hue suggests it was likely selected with intention, perhaps for a festive occasion or a ceremony where the wearer wished to carry the warmth of tradition in a modern silhouette.

This piece appears to be in gently pre-loved condition, its chiffon retaining its characteristic softness and translucence. Any subtle signs of its previous life only speak to the occasions it has already graced adding character to a textile that was always meant to be lived in, not locked away.",@context | @type | productID | sku | name | description | image | brand | category | additionalProperty | offers | itemCondition | material,@type | price | priceCurrency | availability | url | seller,,,@type | name,no,no,yes,yes,,page-L2NvbGxlY3Rpb24va2VzYXJpLXN1bnNldC1jaGlmZm9uLXNhcmVl-schema-3 in seo-inventory-raw.json
/collection/kesari-sunset-chiffon-saree,app/(site)/collection/[slug]/page.tsx | lib/seo/json-ld.ts,BreadcrumbList,root.@type,,,,,@context | @type | itemListElement,,,no,no,yes,uncertain,,page-L2NvbGxlY3Rpb24va2VzYXJpLXN1bnNldC1jaGlmZm9uLXNhcmVl-schema-4 in seo-inventory-raw.json
/collection/kesari-sunset-chiffon-saree,app/(site)/collection/[slug]/page.tsx | lib/seo/json-ld.ts,ListItem,root.itemListElement[0].@type,,,,,@context | @type | itemListElement,,,no,no,yes,uncertain,,page-L2NvbGxlY3Rpb24va2VzYXJpLXN1bnNldC1jaGlmZm9uLXNhcmVl-schema-4 in seo-inventory-raw.json
/collection/kesari-sunset-chiffon-saree,app/(site)/collection/[slug]/page.tsx | lib/seo/json-ld.ts,ListItem,root.itemListElement[1].@type,,,,,@context | @type | itemListElement,,,no,no,yes,uncertain,,page-L2NvbGxlY3Rpb24va2VzYXJpLXN1bnNldC1jaGlmZm9uLXNhcmVl-schema-4 in seo-inventory-raw.json
/collection/kesari-sunset-chiffon-saree,app/(site)/collection/[slug]/page.tsx | lib/seo/json-ld.ts,ListItem,root.itemListElement[2].@type,,,,,@context | @type | itemListElement,,,no,no,yes,uncertain,,page-L2NvbGxlY3Rpb24va2VzYXJpLXN1bnNldC1jaGlmZm9uLXNhcmVl-schema-4 in seo-inventory-raw.json
/collection/magenta-mist-chiffon-drape,app/(site)/collection/[slug]/page.tsx | lib/seo/json-ld.ts,OnlineStore,root.@type,From The Trunk,"Curated collection of authenticated, pre-loved luxury sarees with provenance.",,,,,@context | @type | name | url | logo | email | sameAs | description | contactPoint,no,no,yes,uncertain,,page-L2NvbGxlY3Rpb24vbWFnZW50YS1taXN0LWNoaWZmb24tZHJhcGU-schema-1 in seo-inventory-raw.json
/collection/magenta-mist-chiffon-drape,app/(site)/collection/[slug]/page.tsx | lib/seo/json-ld.ts,ContactPoint,root.contactPoint.@type,From The Trunk,"Curated collection of authenticated, pre-loved luxury sarees with provenance.",,,,,@context | @type | name | url | logo | email | sameAs | description | contactPoint,no,no,yes,uncertain,,page-L2NvbGxlY3Rpb24vbWFnZW50YS1taXN0LWNoaWZmb24tZHJhcGU-schema-1 in seo-inventory-raw.json
/collection/magenta-mist-chiffon-drape,app/(site)/collection/[slug]/page.tsx | lib/seo/json-ld.ts,WebSite,root.@type,From The Trunk,,,,,,@type | name | logo,no,no,yes,uncertain,,page-L2NvbGxlY3Rpb24vbWFnZW50YS1taXN0LWNoaWZmb24tZHJhcGU-schema-2 in seo-inventory-raw.json
/collection/magenta-mist-chiffon-drape,app/(site)/collection/[slug]/page.tsx | lib/seo/json-ld.ts,Organization,root.publisher.@type,From The Trunk,,,,,,@type | name | logo,no,no,yes,uncertain,,page-L2NvbGxlY3Rpb24vbWFnZW50YS1taXN0LWNoaWZmb24tZHJhcGU-schema-2 in seo-inventory-raw.json
/collection/magenta-mist-chiffon-drape,app/(site)/collection/[slug]/page.tsx | lib/seo/json-ld.ts,Product,root.@type,Magenta Mist Chiffon Drape,"There is a particular shade of magenta that seems to exist only in the folds of well-loved chiffon - vivid yet soft, commanding yet weightless. This saree carries that exact quality. Woven in a sheer, flowing chiffon, its jewel-toned magenta speaks of festive evenings, of gatherings where the fabric caught lamplight and moved like water with every step.

Chiffon has long been the fabric of effortless grace. Its delicate, open weave gives it that signature translucency and drape that few textiles can rival. This piece appears to be from a tradition of occasion-wear chiffons,  the kind that were carefully folded in tissue paper between wearings, brought out for celebrations that called for something luminous. The magenta hue, sometimes called rani pink in Indian textile parlance, suggests it was dyed with intention, chosen for its ability to flatter and announce joy.

Now arriving from a previous keeper's collection, this chiffon carries the quiet confidence of a saree that has been cherished. Its sheer body and fluid fall make it endlessly versatile equally at home with a minimalist blouse or with statement jewellery and a contrast border petticoat. A piece for anyone who understands that true elegance is often the lightest thing in the room.",@context | @type | productID | sku | name | description | image | brand | category | additionalProperty | offers | itemCondition | material,@type | price | priceCurrency | availability | url | seller,,,@type | name,no,no,yes,yes,,page-L2NvbGxlY3Rpb24vbWFnZW50YS1taXN0LWNoaWZmb24tZHJhcGU-schema-3 in seo-inventory-raw.json
/collection/magenta-mist-chiffon-drape,app/(site)/collection/[slug]/page.tsx | lib/seo/json-ld.ts,Brand,root.brand.@type,Magenta Mist Chiffon Drape,"There is a particular shade of magenta that seems to exist only in the folds of well-loved chiffon - vivid yet soft, commanding yet weightless. This saree carries that exact quality. Woven in a sheer, flowing chiffon, its jewel-toned magenta speaks of festive evenings, of gatherings where the fabric caught lamplight and moved like water with every step.

Chiffon has long been the fabric of effortless grace. Its delicate, open weave gives it that signature translucency and drape that few textiles can rival. This piece appears to be from a tradition of occasion-wear chiffons,  the kind that were carefully folded in tissue paper between wearings, brought out for celebrations that called for something luminous. The magenta hue, sometimes called rani pink in Indian textile parlance, suggests it was dyed with intention, chosen for its ability to flatter and announce joy.

Now arriving from a previous keeper's collection, this chiffon carries the quiet confidence of a saree that has been cherished. Its sheer body and fluid fall make it endlessly versatile equally at home with a minimalist blouse or with statement jewellery and a contrast border petticoat. A piece for anyone who understands that true elegance is often the lightest thing in the room.",@context | @type | productID | sku | name | description | image | brand | category | additionalProperty | offers | itemCondition | material,@type | price | priceCurrency | availability | url | seller,,,@type | name,no,no,yes,yes,,page-L2NvbGxlY3Rpb24vbWFnZW50YS1taXN0LWNoaWZmb24tZHJhcGU-schema-3 in seo-inventory-raw.json
/collection/magenta-mist-chiffon-drape,app/(site)/collection/[slug]/page.tsx | lib/seo/json-ld.ts,PropertyValue,root.additionalProperty[0].@type,Magenta Mist Chiffon Drape,"There is a particular shade of magenta that seems to exist only in the folds of well-loved chiffon - vivid yet soft, commanding yet weightless. This saree carries that exact quality. Woven in a sheer, flowing chiffon, its jewel-toned magenta speaks of festive evenings, of gatherings where the fabric caught lamplight and moved like water with every step.

Chiffon has long been the fabric of effortless grace. Its delicate, open weave gives it that signature translucency and drape that few textiles can rival. This piece appears to be from a tradition of occasion-wear chiffons,  the kind that were carefully folded in tissue paper between wearings, brought out for celebrations that called for something luminous. The magenta hue, sometimes called rani pink in Indian textile parlance, suggests it was dyed with intention, chosen for its ability to flatter and announce joy.

Now arriving from a previous keeper's collection, this chiffon carries the quiet confidence of a saree that has been cherished. Its sheer body and fluid fall make it endlessly versatile equally at home with a minimalist blouse or with statement jewellery and a contrast border petticoat. A piece for anyone who understands that true elegance is often the lightest thing in the room.",@context | @type | productID | sku | name | description | image | brand | category | additionalProperty | offers | itemCondition | material,@type | price | priceCurrency | availability | url | seller,,,@type | name,no,no,yes,yes,,page-L2NvbGxlY3Rpb24vbWFnZW50YS1taXN0LWNoaWZmb24tZHJhcGU-schema-3 in seo-inventory-raw.json
/collection/magenta-mist-chiffon-drape,app/(site)/collection/[slug]/page.tsx | lib/seo/json-ld.ts,PropertyValue,root.additionalProperty[1].@type,Magenta Mist Chiffon Drape,"There is a particular shade of magenta that seems to exist only in the folds of well-loved chiffon - vivid yet soft, commanding yet weightless. This saree carries that exact quality. Woven in a sheer, flowing chiffon, its jewel-toned magenta speaks of festive evenings, of gatherings where the fabric caught lamplight and moved like water with every step.

Chiffon has long been the fabric of effortless grace. Its delicate, open weave gives it that signature translucency and drape that few textiles can rival. This piece appears to be from a tradition of occasion-wear chiffons,  the kind that were carefully folded in tissue paper between wearings, brought out for celebrations that called for something luminous. The magenta hue, sometimes called rani pink in Indian textile parlance, suggests it was dyed with intention, chosen for its ability to flatter and announce joy.

Now arriving from a previous keeper's collection, this chiffon carries the quiet confidence of a saree that has been cherished. Its sheer body and fluid fall make it endlessly versatile equally at home with a minimalist blouse or with statement jewellery and a contrast border petticoat. A piece for anyone who understands that true elegance is often the lightest thing in the room.",@context | @type | productID | sku | name | description | image | brand | category | additionalProperty | offers | itemCondition | material,@type | price | priceCurrency | availability | url | seller,,,@type | name,no,no,yes,yes,,page-L2NvbGxlY3Rpb24vbWFnZW50YS1taXN0LWNoaWZmb24tZHJhcGU-schema-3 in seo-inventory-raw.json
/collection/magenta-mist-chiffon-drape,app/(site)/collection/[slug]/page.tsx | lib/seo/json-ld.ts,Offer,root.offers.@type,Magenta Mist Chiffon Drape,"There is a particular shade of magenta that seems to exist only in the folds of well-loved chiffon - vivid yet soft, commanding yet weightless. This saree carries that exact quality. Woven in a sheer, flowing chiffon, its jewel-toned magenta speaks of festive evenings, of gatherings where the fabric caught lamplight and moved like water with every step.

Chiffon has long been the fabric of effortless grace. Its delicate, open weave gives it that signature translucency and drape that few textiles can rival. This piece appears to be from a tradition of occasion-wear chiffons,  the kind that were carefully folded in tissue paper between wearings, brought out for celebrations that called for something luminous. The magenta hue, sometimes called rani pink in Indian textile parlance, suggests it was dyed with intention, chosen for its ability to flatter and announce joy.

Now arriving from a previous keeper's collection, this chiffon carries the quiet confidence of a saree that has been cherished. Its sheer body and fluid fall make it endlessly versatile equally at home with a minimalist blouse or with statement jewellery and a contrast border petticoat. A piece for anyone who understands that true elegance is often the lightest thing in the room.",@context | @type | productID | sku | name | description | image | brand | category | additionalProperty | offers | itemCondition | material,@type | price | priceCurrency | availability | url | seller,,,@type | name,no,no,yes,yes,,page-L2NvbGxlY3Rpb24vbWFnZW50YS1taXN0LWNoaWZmb24tZHJhcGU-schema-3 in seo-inventory-raw.json
/collection/magenta-mist-chiffon-drape,app/(site)/collection/[slug]/page.tsx | lib/seo/json-ld.ts,Organization,root.offers.seller.@type,Magenta Mist Chiffon Drape,"There is a particular shade of magenta that seems to exist only in the folds of well-loved chiffon - vivid yet soft, commanding yet weightless. This saree carries that exact quality. Woven in a sheer, flowing chiffon, its jewel-toned magenta speaks of festive evenings, of gatherings where the fabric caught lamplight and moved like water with every step.

Chiffon has long been the fabric of effortless grace. Its delicate, open weave gives it that signature translucency and drape that few textiles can rival. This piece appears to be from a tradition of occasion-wear chiffons,  the kind that were carefully folded in tissue paper between wearings, brought out for celebrations that called for something luminous. The magenta hue, sometimes called rani pink in Indian textile parlance, suggests it was dyed with intention, chosen for its ability to flatter and announce joy.

Now arriving from a previous keeper's collection, this chiffon carries the quiet confidence of a saree that has been cherished. Its sheer body and fluid fall make it endlessly versatile equally at home with a minimalist blouse or with statement jewellery and a contrast border petticoat. A piece for anyone who understands that true elegance is often the lightest thing in the room.",@context | @type | productID | sku | name | description | image | brand | category | additionalProperty | offers | itemCondition | material,@type | price | priceCurrency | availability | url | seller,,,@type | name,no,no,yes,yes,,page-L2NvbGxlY3Rpb24vbWFnZW50YS1taXN0LWNoaWZmb24tZHJhcGU-schema-3 in seo-inventory-raw.json
/collection/magenta-mist-chiffon-drape,app/(site)/collection/[slug]/page.tsx | lib/seo/json-ld.ts,BreadcrumbList,root.@type,,,,,@context | @type | itemListElement,,,no,no,yes,uncertain,,page-L2NvbGxlY3Rpb24vbWFnZW50YS1taXN0LWNoaWZmb24tZHJhcGU-schema-4 in seo-inventory-raw.json
/collection/magenta-mist-chiffon-drape,app/(site)/collection/[slug]/page.tsx | lib/seo/json-ld.ts,ListItem,root.itemListElement[0].@type,,,,,@context | @type | itemListElement,,,no,no,yes,uncertain,,page-L2NvbGxlY3Rpb24vbWFnZW50YS1taXN0LWNoaWZmb24tZHJhcGU-schema-4 in seo-inventory-raw.json
/collection/magenta-mist-chiffon-drape,app/(site)/collection/[slug]/page.tsx | lib/seo/json-ld.ts,ListItem,root.itemListElement[1].@type,,,,,@context | @type | itemListElement,,,no,no,yes,uncertain,,page-L2NvbGxlY3Rpb24vbWFnZW50YS1taXN0LWNoaWZmb24tZHJhcGU-schema-4 in seo-inventory-raw.json
/collection/magenta-mist-chiffon-drape,app/(site)/collection/[slug]/page.tsx | lib/seo/json-ld.ts,ListItem,root.itemListElement[2].@type,,,,,@context | @type | itemListElement,,,no,no,yes,uncertain,,page-L2NvbGxlY3Rpb24vbWFnZW50YS1taXN0LWNoaWZmb24tZHJhcGU-schema-4 in seo-inventory-raw.json
/collection/green-chiffon-with-fancy-border,app/(site)/collection/[slug]/page.tsx | lib/seo/json-ld.ts,OnlineStore,root.@type,From The Trunk,"Curated collection of authenticated, pre-loved luxury sarees with provenance.",,,,,@context | @type | name | url | logo | email | sameAs | description | contactPoint,no,no,yes,uncertain,,page-L2NvbGxlY3Rpb24vZ3JlZW4tY2hpZmZvbi13aXRoLWZhbmN5LWJvcmRlcg-schema-1 in seo-inventory-raw.json
/collection/green-chiffon-with-fancy-border,app/(site)/collection/[slug]/page.tsx | lib/seo/json-ld.ts,ContactPoint,root.contactPoint.@type,From The Trunk,"Curated collection of authenticated, pre-loved luxury sarees with provenance.",,,,,@context | @type | name | url | logo | email | sameAs | description | contactPoint,no,no,yes,uncertain,,page-L2NvbGxlY3Rpb24vZ3JlZW4tY2hpZmZvbi13aXRoLWZhbmN5LWJvcmRlcg-schema-1 in seo-inventory-raw.json
/collection/green-chiffon-with-fancy-border,app/(site)/collection/[slug]/page.tsx | lib/seo/json-ld.ts,WebSite,root.@type,From The Trunk,,,,,,@type | name | logo,no,no,yes,uncertain,,page-L2NvbGxlY3Rpb24vZ3JlZW4tY2hpZmZvbi13aXRoLWZhbmN5LWJvcmRlcg-schema-2 in seo-inventory-raw.json
/collection/green-chiffon-with-fancy-border,app/(site)/collection/[slug]/page.tsx | lib/seo/json-ld.ts,Organization,root.publisher.@type,From The Trunk,,,,,,@type | name | logo,no,no,yes,uncertain,,page-L2NvbGxlY3Rpb24vZ3JlZW4tY2hpZmZvbi13aXRoLWZhbmN5LWJvcmRlcg-schema-2 in seo-inventory-raw.json
/collection/green-chiffon-with-fancy-border,app/(site)/collection/[slug]/page.tsx | lib/seo/json-ld.ts,Product,root.@type,Mint Chiffon Garden Border Saree,"Some sarees carry the lightness of a breeze and the quiet beauty of a garden in full bloom. This green chiffon is one such piece  its soft, airy weave rendered in a shade of green that speaks of fresh leaves and dappled shade. It is the kind of saree that moves with the wearer, never demanding attention but always drawing it.  The border is its crowning detail: a floral pattern worked along the selvedge with a precision that speaks to a practiced hand.
This piece carries that same sensibility: understated, feminine, and built to last far beyond a single season.",@context | @type | productID | sku | name | description | image | brand | category | additionalProperty | offers | itemCondition | material,@type | price | priceCurrency | availability | url | seller,,,@type | name,no,no,yes,yes,,page-L2NvbGxlY3Rpb24vZ3JlZW4tY2hpZmZvbi13aXRoLWZhbmN5LWJvcmRlcg-schema-3 in seo-inventory-raw.json
/collection/green-chiffon-with-fancy-border,app/(site)/collection/[slug]/page.tsx | lib/seo/json-ld.ts,Brand,root.brand.@type,Mint Chiffon Garden Border Saree,"Some sarees carry the lightness of a breeze and the quiet beauty of a garden in full bloom. This green chiffon is one such piece  its soft, airy weave rendered in a shade of green that speaks of fresh leaves and dappled shade. It is the kind of saree that moves with the wearer, never demanding attention but always drawing it.  The border is its crowning detail: a floral pattern worked along the selvedge with a precision that speaks to a practiced hand.
This piece carries that same sensibility: understated, feminine, and built to last far beyond a single season.",@context | @type | productID | sku | name | description | image | brand | category | additionalProperty | offers | itemCondition | material,@type | price | priceCurrency | availability | url | seller,,,@type | name,no,no,yes,yes,,page-L2NvbGxlY3Rpb24vZ3JlZW4tY2hpZmZvbi13aXRoLWZhbmN5LWJvcmRlcg-schema-3 in seo-inventory-raw.json
/collection/green-chiffon-with-fancy-border,app/(site)/collection/[slug]/page.tsx | lib/seo/json-ld.ts,PropertyValue,root.additionalProperty[0].@type,Mint Chiffon Garden Border Saree,"Some sarees carry the lightness of a breeze and the quiet beauty of a garden in full bloom. This green chiffon is one such piece  its soft, airy weave rendered in a shade of green that speaks of fresh leaves and dappled shade. It is the kind of saree that moves with the wearer, never demanding attention but always drawing it.  The border is its crowning detail: a floral pattern worked along the selvedge with a precision that speaks to a practiced hand.
This piece carries that same sensibility: understated, feminine, and built to last far beyond a single season.",@context | @type | productID | sku | name | description | image | brand | category | additionalProperty | offers | itemCondition | material,@type | price | priceCurrency | availability | url | seller,,,@type | name,no,no,yes,yes,,page-L2NvbGxlY3Rpb24vZ3JlZW4tY2hpZmZvbi13aXRoLWZhbmN5LWJvcmRlcg-schema-3 in seo-inventory-raw.json
/collection/green-chiffon-with-fancy-border,app/(site)/collection/[slug]/page.tsx | lib/seo/json-ld.ts,PropertyValue,root.additionalProperty[1].@type,Mint Chiffon Garden Border Saree,"Some sarees carry the lightness of a breeze and the quiet beauty of a garden in full bloom. This green chiffon is one such piece  its soft, airy weave rendered in a shade of green that speaks of fresh leaves and dappled shade. It is the kind of saree that moves with the wearer, never demanding attention but always drawing it.  The border is its crowning detail: a floral pattern worked along the selvedge with a precision that speaks to a practiced hand.
This piece carries that same sensibility: understated, feminine, and built to last far beyond a single season.",@context | @type | productID | sku | name | description | image | brand | category | additionalProperty | offers | itemCondition | material,@type | price | priceCurrency | availability | url | seller,,,@type | name,no,no,yes,yes,,page-L2NvbGxlY3Rpb24vZ3JlZW4tY2hpZmZvbi13aXRoLWZhbmN5LWJvcmRlcg-schema-3 in seo-inventory-raw.json
/collection/green-chiffon-with-fancy-border,app/(site)/collection/[slug]/page.tsx | lib/seo/json-ld.ts,Offer,root.offers.@type,Mint Chiffon Garden Border Saree,"Some sarees carry the lightness of a breeze and the quiet beauty of a garden in full bloom. This green chiffon is one such piece  its soft, airy weave rendered in a shade of green that speaks of fresh leaves and dappled shade. It is the kind of saree that moves with the wearer, never demanding attention but always drawing it.  The border is its crowning detail: a floral pattern worked along the selvedge with a precision that speaks to a practiced hand.
This piece carries that same sensibility: understated, feminine, and built to last far beyond a single season.",@context | @type | productID | sku | name | description | image | brand | category | additionalProperty | offers | itemCondition | material,@type | price | priceCurrency | availability | url | seller,,,@type | name,no,no,yes,yes,,page-L2NvbGxlY3Rpb24vZ3JlZW4tY2hpZmZvbi13aXRoLWZhbmN5LWJvcmRlcg-schema-3 in seo-inventory-raw.json
/collection/green-chiffon-with-fancy-border,app/(site)/collection/[slug]/page.tsx | lib/seo/json-ld.ts,Organization,root.offers.seller.@type,Mint Chiffon Garden Border Saree,"Some sarees carry the lightness of a breeze and the quiet beauty of a garden in full bloom. This green chiffon is one such piece  its soft, airy weave rendered in a shade of green that speaks of fresh leaves and dappled shade. It is the kind of saree that moves with the wearer, never demanding attention but always drawing it.  The border is its crowning detail: a floral pattern worked along the selvedge with a precision that speaks to a practiced hand.
This piece carries that same sensibility: understated, feminine, and built to last far beyond a single season.",@context | @type | productID | sku | name | description | image | brand | category | additionalProperty | offers | itemCondition | material,@type | price | priceCurrency | availability | url | seller,,,@type | name,no,no,yes,yes,,page-L2NvbGxlY3Rpb24vZ3JlZW4tY2hpZmZvbi13aXRoLWZhbmN5LWJvcmRlcg-schema-3 in seo-inventory-raw.json
/collection/green-chiffon-with-fancy-border,app/(site)/collection/[slug]/page.tsx | lib/seo/json-ld.ts,BreadcrumbList,root.@type,,,,,@context | @type | itemListElement,,,no,no,yes,uncertain,,page-L2NvbGxlY3Rpb24vZ3JlZW4tY2hpZmZvbi13aXRoLWZhbmN5LWJvcmRlcg-schema-4 in seo-inventory-raw.json
/collection/green-chiffon-with-fancy-border,app/(site)/collection/[slug]/page.tsx | lib/seo/json-ld.ts,ListItem,root.itemListElement[0].@type,,,,,@context | @type | itemListElement,,,no,no,yes,uncertain,,page-L2NvbGxlY3Rpb24vZ3JlZW4tY2hpZmZvbi13aXRoLWZhbmN5LWJvcmRlcg-schema-4 in seo-inventory-raw.json
/collection/green-chiffon-with-fancy-border,app/(site)/collection/[slug]/page.tsx | lib/seo/json-ld.ts,ListItem,root.itemListElement[1].@type,,,,,@context | @type | itemListElement,,,no,no,yes,uncertain,,page-L2NvbGxlY3Rpb24vZ3JlZW4tY2hpZmZvbi13aXRoLWZhbmN5LWJvcmRlcg-schema-4 in seo-inventory-raw.json
/collection/green-chiffon-with-fancy-border,app/(site)/collection/[slug]/page.tsx | lib/seo/json-ld.ts,ListItem,root.itemListElement[2].@type,,,,,@context | @type | itemListElement,,,no,no,yes,uncertain,,page-L2NvbGxlY3Rpb24vZ3JlZW4tY2hpZmZvbi13aXRoLWZhbmN5LWJvcmRlcg-schema-4 in seo-inventory-raw.json
/collection/rani-pink-georgette-garden-party,app/(site)/collection/[slug]/page.tsx | lib/seo/json-ld.ts,OnlineStore,root.@type,From The Trunk,"Curated collection of authenticated, pre-loved luxury sarees with provenance.",,,,,@context | @type | name | url | logo | email | sameAs | description | contactPoint,no,no,yes,uncertain,,page-L2NvbGxlY3Rpb24vcmFuaS1waW5rLWdlb3JnZXR0ZS1nYXJkZW4tcGFydHk-schema-1 in seo-inventory-raw.json
/collection/rani-pink-georgette-garden-party,app/(site)/collection/[slug]/page.tsx | lib/seo/json-ld.ts,ContactPoint,root.contactPoint.@type,From The Trunk,"Curated collection of authenticated, pre-loved luxury sarees with provenance.",,,,,@context | @type | name | url | logo | email | sameAs | description | contactPoint,no,no,yes,uncertain,,page-L2NvbGxlY3Rpb24vcmFuaS1waW5rLWdlb3JnZXR0ZS1nYXJkZW4tcGFydHk-schema-1 in seo-inventory-raw.json
/collection/rani-pink-georgette-garden-party,app/(site)/collection/[slug]/page.tsx | lib/seo/json-ld.ts,WebSite,root.@type,From The Trunk,,,,,,@type | name | logo,no,no,yes,uncertain,,page-L2NvbGxlY3Rpb24vcmFuaS1waW5rLWdlb3JnZXR0ZS1nYXJkZW4tcGFydHk-schema-2 in seo-inventory-raw.json
/collection/rani-pink-georgette-garden-party,app/(site)/collection/[slug]/page.tsx | lib/seo/json-ld.ts,Organization,root.publisher.@type,From The Trunk,,,,,,@type | name | logo,no,no,yes,uncertain,,page-L2NvbGxlY3Rpb24vcmFuaS1waW5rLWdlb3JnZXR0ZS1nYXJkZW4tcGFydHk-schema-2 in seo-inventory-raw.json
/collection/rani-pink-georgette-garden-party,app/(site)/collection/[slug]/page.tsx | lib/seo/json-ld.ts,Product,root.@type,Rani Pink Georgette,"There is a particular shade of pink that belongs only to the subcontinent deeper than rose, bolder than magenta, and steeped in centuries of royal association. This rani pink georgette carries that unmistakable vibrancy, its sheer fabric catching the light with a fluid grace that only true georgette can offer. The crinkled texture of the weave lends it body without weight, making it a saree that moves beautifully with every step.

Georgette has long been the fabric of choice for occasions that call for effortless elegance  mehendis, festive gatherings, evening celebrations where one wants to feel adorned but never overdone. This piece appears to hail from a time when georgette sarees were treasured wardrobe staples, chosen with care and draped with intention. Its bold rani hue suggests it was likely reserved for joyful occasions, the kind of saree a woman reached for when she wanted to feel luminous.

The fabric remains in lovely condition, its colour still saturated and vivid  a testament to the quality of the original dye and the care with which it has been stored. Any gentle softening of the hand-feel only adds to its charm, giving it that lived-in warmth that new fabrics simply cannot replicate. This is a saree that has already been part of someone's story, and now waits quietly to become part of yours.",@context | @type | productID | sku | name | description | image | brand | category | additionalProperty | offers | itemCondition | material,@type | price | priceCurrency | availability | url | seller,,,@type | name,no,no,yes,yes,,page-L2NvbGxlY3Rpb24vcmFuaS1waW5rLWdlb3JnZXR0ZS1nYXJkZW4tcGFydHk-schema-3 in seo-inventory-raw.json
/collection/rani-pink-georgette-garden-party,app/(site)/collection/[slug]/page.tsx | lib/seo/json-ld.ts,Brand,root.brand.@type,Rani Pink Georgette,"There is a particular shade of pink that belongs only to the subcontinent deeper than rose, bolder than magenta, and steeped in centuries of royal association. This rani pink georgette carries that unmistakable vibrancy, its sheer fabric catching the light with a fluid grace that only true georgette can offer. The crinkled texture of the weave lends it body without weight, making it a saree that moves beautifully with every step.

Georgette has long been the fabric of choice for occasions that call for effortless elegance  mehendis, festive gatherings, evening celebrations where one wants to feel adorned but never overdone. This piece appears to hail from a time when georgette sarees were treasured wardrobe staples, chosen with care and draped with intention. Its bold rani hue suggests it was likely reserved for joyful occasions, the kind of saree a woman reached for when she wanted to feel luminous.

The fabric remains in lovely condition, its colour still saturated and vivid  a testament to the quality of the original dye and the care with which it has been stored. Any gentle softening of the hand-feel only adds to its charm, giving it that lived-in warmth that new fabrics simply cannot replicate. This is a saree that has already been part of someone's story, and now waits quietly to become part of yours.",@context | @type | productID | sku | name | description | image | brand | category | additionalProperty | offers | itemCondition | material,@type | price | priceCurrency | availability | url | seller,,,@type | name,no,no,yes,yes,,page-L2NvbGxlY3Rpb24vcmFuaS1waW5rLWdlb3JnZXR0ZS1nYXJkZW4tcGFydHk-schema-3 in seo-inventory-raw.json
/collection/rani-pink-georgette-garden-party,app/(site)/collection/[slug]/page.tsx | lib/seo/json-ld.ts,PropertyValue,root.additionalProperty[0].@type,Rani Pink Georgette,"There is a particular shade of pink that belongs only to the subcontinent deeper than rose, bolder than magenta, and steeped in centuries of royal association. This rani pink georgette carries that unmistakable vibrancy, its sheer fabric catching the light with a fluid grace that only true georgette can offer. The crinkled texture of the weave lends it body without weight, making it a saree that moves beautifully with every step.

Georgette has long been the fabric of choice for occasions that call for effortless elegance  mehendis, festive gatherings, evening celebrations where one wants to feel adorned but never overdone. This piece appears to hail from a time when georgette sarees were treasured wardrobe staples, chosen with care and draped with intention. Its bold rani hue suggests it was likely reserved for joyful occasions, the kind of saree a woman reached for when she wanted to feel luminous.

The fabric remains in lovely condition, its colour still saturated and vivid  a testament to the quality of the original dye and the care with which it has been stored. Any gentle softening of the hand-feel only adds to its charm, giving it that lived-in warmth that new fabrics simply cannot replicate. This is a saree that has already been part of someone's story, and now waits quietly to become part of yours.",@context | @type | productID | sku | name | description | image | brand | category | additionalProperty | offers | itemCondition | material,@type | price | priceCurrency | availability | url | seller,,,@type | name,no,no,yes,yes,,page-L2NvbGxlY3Rpb24vcmFuaS1waW5rLWdlb3JnZXR0ZS1nYXJkZW4tcGFydHk-schema-3 in seo-inventory-raw.json
/collection/rani-pink-georgette-garden-party,app/(site)/collection/[slug]/page.tsx | lib/seo/json-ld.ts,PropertyValue,root.additionalProperty[1].@type,Rani Pink Georgette,"There is a particular shade of pink that belongs only to the subcontinent deeper than rose, bolder than magenta, and steeped in centuries of royal association. This rani pink georgette carries that unmistakable vibrancy, its sheer fabric catching the light with a fluid grace that only true georgette can offer. The crinkled texture of the weave lends it body without weight, making it a saree that moves beautifully with every step.

Georgette has long been the fabric of choice for occasions that call for effortless elegance  mehendis, festive gatherings, evening celebrations where one wants to feel adorned but never overdone. This piece appears to hail from a time when georgette sarees were treasured wardrobe staples, chosen with care and draped with intention. Its bold rani hue suggests it was likely reserved for joyful occasions, the kind of saree a woman reached for when she wanted to feel luminous.

The fabric remains in lovely condition, its colour still saturated and vivid  a testament to the quality of the original dye and the care with which it has been stored. Any gentle softening of the hand-feel only adds to its charm, giving it that lived-in warmth that new fabrics simply cannot replicate. This is a saree that has already been part of someone's story, and now waits quietly to become part of yours.",@context | @type | productID | sku | name | description | image | brand | category | additionalProperty | offers | itemCondition | material,@type | price | priceCurrency | availability | url | seller,,,@type | name,no,no,yes,yes,,page-L2NvbGxlY3Rpb24vcmFuaS1waW5rLWdlb3JnZXR0ZS1nYXJkZW4tcGFydHk-schema-3 in seo-inventory-raw.json
/collection/rani-pink-georgette-garden-party,app/(site)/collection/[slug]/page.tsx | lib/seo/json-ld.ts,Offer,root.offers.@type,Rani Pink Georgette,"There is a particular shade of pink that belongs only to the subcontinent deeper than rose, bolder than magenta, and steeped in centuries of royal association. This rani pink georgette carries that unmistakable vibrancy, its sheer fabric catching the light with a fluid grace that only true georgette can offer. The crinkled texture of the weave lends it body without weight, making it a saree that moves beautifully with every step.

Georgette has long been the fabric of choice for occasions that call for effortless elegance  mehendis, festive gatherings, evening celebrations where one wants to feel adorned but never overdone. This piece appears to hail from a time when georgette sarees were treasured wardrobe staples, chosen with care and draped with intention. Its bold rani hue suggests it was likely reserved for joyful occasions, the kind of saree a woman reached for when she wanted to feel luminous.

The fabric remains in lovely condition, its colour still saturated and vivid  a testament to the quality of the original dye and the care with which it has been stored. Any gentle softening of the hand-feel only adds to its charm, giving it that lived-in warmth that new fabrics simply cannot replicate. This is a saree that has already been part of someone's story, and now waits quietly to become part of yours.",@context | @type | productID | sku | name | description | image | brand | category | additionalProperty | offers | itemCondition | material,@type | price | priceCurrency | availability | url | seller,,,@type | name,no,no,yes,yes,,page-L2NvbGxlY3Rpb24vcmFuaS1waW5rLWdlb3JnZXR0ZS1nYXJkZW4tcGFydHk-schema-3 in seo-inventory-raw.json
/collection/rani-pink-georgette-garden-party,app/(site)/collection/[slug]/page.tsx | lib/seo/json-ld.ts,Organization,root.offers.seller.@type,Rani Pink Georgette,"There is a particular shade of pink that belongs only to the subcontinent deeper than rose, bolder than magenta, and steeped in centuries of royal association. This rani pink georgette carries that unmistakable vibrancy, its sheer fabric catching the light with a fluid grace that only true georgette can offer. The crinkled texture of the weave lends it body without weight, making it a saree that moves beautifully with every step.

Georgette has long been the fabric of choice for occasions that call for effortless elegance  mehendis, festive gatherings, evening celebrations where one wants to feel adorned but never overdone. This piece appears to hail from a time when georgette sarees were treasured wardrobe staples, chosen with care and draped with intention. Its bold rani hue suggests it was likely reserved for joyful occasions, the kind of saree a woman reached for when she wanted to feel luminous.

The fabric remains in lovely condition, its colour still saturated and vivid  a testament to the quality of the original dye and the care with which it has been stored. Any gentle softening of the hand-feel only adds to its charm, giving it that lived-in warmth that new fabrics simply cannot replicate. This is a saree that has already been part of someone's story, and now waits quietly to become part of yours.",@context | @type | productID | sku | name | description | image | brand | category | additionalProperty | offers | itemCondition | material,@type | price | priceCurrency | availability | url | seller,,,@type | name,no,no,yes,yes,,page-L2NvbGxlY3Rpb24vcmFuaS1waW5rLWdlb3JnZXR0ZS1nYXJkZW4tcGFydHk-schema-3 in seo-inventory-raw.json
/collection/rani-pink-georgette-garden-party,app/(site)/collection/[slug]/page.tsx | lib/seo/json-ld.ts,BreadcrumbList,root.@type,,,,,@context | @type | itemListElement,,,no,no,yes,uncertain,,page-L2NvbGxlY3Rpb24vcmFuaS1waW5rLWdlb3JnZXR0ZS1nYXJkZW4tcGFydHk-schema-4 in seo-inventory-raw.json
/collection/rani-pink-georgette-garden-party,app/(site)/collection/[slug]/page.tsx | lib/seo/json-ld.ts,ListItem,root.itemListElement[0].@type,,,,,@context | @type | itemListElement,,,no,no,yes,uncertain,,page-L2NvbGxlY3Rpb24vcmFuaS1waW5rLWdlb3JnZXR0ZS1nYXJkZW4tcGFydHk-schema-4 in seo-inventory-raw.json
/collection/rani-pink-georgette-garden-party,app/(site)/collection/[slug]/page.tsx | lib/seo/json-ld.ts,ListItem,root.itemListElement[1].@type,,,,,@context | @type | itemListElement,,,no,no,yes,uncertain,,page-L2NvbGxlY3Rpb24vcmFuaS1waW5rLWdlb3JnZXR0ZS1nYXJkZW4tcGFydHk-schema-4 in seo-inventory-raw.json
/collection/rani-pink-georgette-garden-party,app/(site)/collection/[slug]/page.tsx | lib/seo/json-ld.ts,ListItem,root.itemListElement[2].@type,,,,,@context | @type | itemListElement,,,no,no,yes,uncertain,,page-L2NvbGxlY3Rpb24vcmFuaS1waW5rLWdlb3JnZXR0ZS1nYXJkZW4tcGFydHk-schema-4 in seo-inventory-raw.json
/collection/midnight-zari-georgette,app/(site)/collection/[slug]/page.tsx | lib/seo/json-ld.ts,OnlineStore,root.@type,From The Trunk,"Curated collection of authenticated, pre-loved luxury sarees with provenance.",,,,,@context | @type | name | url | logo | email | sameAs | description | contactPoint,no,no,yes,uncertain,,page-L2NvbGxlY3Rpb24vbWlkbmlnaHQtemFyaS1nZW9yZ2V0dGU-schema-1 in seo-inventory-raw.json
/collection/midnight-zari-georgette,app/(site)/collection/[slug]/page.tsx | lib/seo/json-ld.ts,ContactPoint,root.contactPoint.@type,From The Trunk,"Curated collection of authenticated, pre-loved luxury sarees with provenance.",,,,,@context | @type | name | url | logo | email | sameAs | description | contactPoint,no,no,yes,uncertain,,page-L2NvbGxlY3Rpb24vbWlkbmlnaHQtemFyaS1nZW9yZ2V0dGU-schema-1 in seo-inventory-raw.json
/collection/midnight-zari-georgette,app/(site)/collection/[slug]/page.tsx | lib/seo/json-ld.ts,WebSite,root.@type,From The Trunk,,,,,,@type | name | logo,no,no,yes,uncertain,,page-L2NvbGxlY3Rpb24vbWlkbmlnaHQtemFyaS1nZW9yZ2V0dGU-schema-2 in seo-inventory-raw.json
/collection/midnight-zari-georgette,app/(site)/collection/[slug]/page.tsx | lib/seo/json-ld.ts,Organization,root.publisher.@type,From The Trunk,,,,,,@type | name | logo,no,no,yes,uncertain,,page-L2NvbGxlY3Rpb24vbWlkbmlnaHQtemFyaS1nZW9yZ2V0dGU-schema-2 in seo-inventory-raw.json
/collection/midnight-zari-georgette,app/(site)/collection/[slug]/page.tsx | lib/seo/json-ld.ts,Product,root.@type,Midnight Gold Embroidered Georgette,"There are sarees that announce themselves with weight and grandeur, and then there are those that arrive like a whisper all movement, all grace. This black georgette belongs firmly to the latter. Its fabric falls with the effortless fluidity that only georgette offers: sheer enough to breathe, yet substantial enough to drape with intention. Against the deep black ground, every detail becomes a quiet event.

The zari work is what elevates this piece from simple to striking. Metallic threads trace their patterns along the border and pallu, catching light with each shift of the body  a glimmer here, a flash there, like city lights reflected on dark water. The interplay of matte black georgette and luminous gold zari creates a contrast that is both modern and timeless, equally at home at an evening gathering as it would be at a candlelit dinner.

Georgette has always been the fabric of women who move who don't sit still, who let their saree follow rather than lead. This piece carries that energy. It was likely draped for occasions that called for understated drama: cocktail evenings, receptions, celebrations where elegance was the dress code. Its previous keeper understood that sometimes the most powerful thing a saree can do is simply flow.

Now it waits in the trunk for someone who knows that black is never just black  it is depth, it is confidence, it is midnight made wearable.",@context | @type | productID | sku | name | description | image | brand | category | additionalProperty | offers | itemCondition | material,@type | price | priceCurrency | availability | url | seller,,,@type | name,no,no,yes,yes,,page-L2NvbGxlY3Rpb24vbWlkbmlnaHQtemFyaS1nZW9yZ2V0dGU-schema-3 in seo-inventory-raw.json
/collection/midnight-zari-georgette,app/(site)/collection/[slug]/page.tsx | lib/seo/json-ld.ts,Brand,root.brand.@type,Midnight Gold Embroidered Georgette,"There are sarees that announce themselves with weight and grandeur, and then there are those that arrive like a whisper all movement, all grace. This black georgette belongs firmly to the latter. Its fabric falls with the effortless fluidity that only georgette offers: sheer enough to breathe, yet substantial enough to drape with intention. Against the deep black ground, every detail becomes a quiet event.

The zari work is what elevates this piece from simple to striking. Metallic threads trace their patterns along the border and pallu, catching light with each shift of the body  a glimmer here, a flash there, like city lights reflected on dark water. The interplay of matte black georgette and luminous gold zari creates a contrast that is both modern and timeless, equally at home at an evening gathering as it would be at a candlelit dinner.

Georgette has always been the fabric of women who move who don't sit still, who let their saree follow rather than lead. This piece carries that energy. It was likely draped for occasions that called for understated drama: cocktail evenings, receptions, celebrations where elegance was the dress code. Its previous keeper understood that sometimes the most powerful thing a saree can do is simply flow.

Now it waits in the trunk for someone who knows that black is never just black  it is depth, it is confidence, it is midnight made wearable.",@context | @type | productID | sku | name | description | image | brand | category | additionalProperty | offers | itemCondition | material,@type | price | priceCurrency | availability | url | seller,,,@type | name,no,no,yes,yes,,page-L2NvbGxlY3Rpb24vbWlkbmlnaHQtemFyaS1nZW9yZ2V0dGU-schema-3 in seo-inventory-raw.json
/collection/midnight-zari-georgette,app/(site)/collection/[slug]/page.tsx | lib/seo/json-ld.ts,PropertyValue,root.additionalProperty[0].@type,Midnight Gold Embroidered Georgette,"There are sarees that announce themselves with weight and grandeur, and then there are those that arrive like a whisper all movement, all grace. This black georgette belongs firmly to the latter. Its fabric falls with the effortless fluidity that only georgette offers: sheer enough to breathe, yet substantial enough to drape with intention. Against the deep black ground, every detail becomes a quiet event.

The zari work is what elevates this piece from simple to striking. Metallic threads trace their patterns along the border and pallu, catching light with each shift of the body  a glimmer here, a flash there, like city lights reflected on dark water. The interplay of matte black georgette and luminous gold zari creates a contrast that is both modern and timeless, equally at home at an evening gathering as it would be at a candlelit dinner.

Georgette has always been the fabric of women who move who don't sit still, who let their saree follow rather than lead. This piece carries that energy. It was likely draped for occasions that called for understated drama: cocktail evenings, receptions, celebrations where elegance was the dress code. Its previous keeper understood that sometimes the most powerful thing a saree can do is simply flow.

Now it waits in the trunk for someone who knows that black is never just black  it is depth, it is confidence, it is midnight made wearable.",@context | @type | productID | sku | name | description | image | brand | category | additionalProperty | offers | itemCondition | material,@type | price | priceCurrency | availability | url | seller,,,@type | name,no,no,yes,yes,,page-L2NvbGxlY3Rpb24vbWlkbmlnaHQtemFyaS1nZW9yZ2V0dGU-schema-3 in seo-inventory-raw.json
/collection/midnight-zari-georgette,app/(site)/collection/[slug]/page.tsx | lib/seo/json-ld.ts,PropertyValue,root.additionalProperty[1].@type,Midnight Gold Embroidered Georgette,"There are sarees that announce themselves with weight and grandeur, and then there are those that arrive like a whisper all movement, all grace. This black georgette belongs firmly to the latter. Its fabric falls with the effortless fluidity that only georgette offers: sheer enough to breathe, yet substantial enough to drape with intention. Against the deep black ground, every detail becomes a quiet event.

The zari work is what elevates this piece from simple to striking. Metallic threads trace their patterns along the border and pallu, catching light with each shift of the body  a glimmer here, a flash there, like city lights reflected on dark water. The interplay of matte black georgette and luminous gold zari creates a contrast that is both modern and timeless, equally at home at an evening gathering as it would be at a candlelit dinner.

Georgette has always been the fabric of women who move who don't sit still, who let their saree follow rather than lead. This piece carries that energy. It was likely draped for occasions that called for understated drama: cocktail evenings, receptions, celebrations where elegance was the dress code. Its previous keeper understood that sometimes the most powerful thing a saree can do is simply flow.

Now it waits in the trunk for someone who knows that black is never just black  it is depth, it is confidence, it is midnight made wearable.",@context | @type | productID | sku | name | description | image | brand | category | additionalProperty | offers | itemCondition | material,@type | price | priceCurrency | availability | url | seller,,,@type | name,no,no,yes,yes,,page-L2NvbGxlY3Rpb24vbWlkbmlnaHQtemFyaS1nZW9yZ2V0dGU-schema-3 in seo-inventory-raw.json
/collection/midnight-zari-georgette,app/(site)/collection/[slug]/page.tsx | lib/seo/json-ld.ts,PropertyValue,root.additionalProperty[2].@type,Midnight Gold Embroidered Georgette,"There are sarees that announce themselves with weight and grandeur, and then there are those that arrive like a whisper all movement, all grace. This black georgette belongs firmly to the latter. Its fabric falls with the effortless fluidity that only georgette offers: sheer enough to breathe, yet substantial enough to drape with intention. Against the deep black ground, every detail becomes a quiet event.

The zari work is what elevates this piece from simple to striking. Metallic threads trace their patterns along the border and pallu, catching light with each shift of the body  a glimmer here, a flash there, like city lights reflected on dark water. The interplay of matte black georgette and luminous gold zari creates a contrast that is both modern and timeless, equally at home at an evening gathering as it would be at a candlelit dinner.

Georgette has always been the fabric of women who move who don't sit still, who let their saree follow rather than lead. This piece carries that energy. It was likely draped for occasions that called for understated drama: cocktail evenings, receptions, celebrations where elegance was the dress code. Its previous keeper understood that sometimes the most powerful thing a saree can do is simply flow.

Now it waits in the trunk for someone who knows that black is never just black  it is depth, it is confidence, it is midnight made wearable.",@context | @type | productID | sku | name | description | image | brand | category | additionalProperty | offers | itemCondition | material,@type | price | priceCurrency | availability | url | seller,,,@type | name,no,no,yes,yes,,page-L2NvbGxlY3Rpb24vbWlkbmlnaHQtemFyaS1nZW9yZ2V0dGU-schema-3 in seo-inventory-raw.json
/collection/midnight-zari-georgette,app/(site)/collection/[slug]/page.tsx | lib/seo/json-ld.ts,Offer,root.offers.@type,Midnight Gold Embroidered Georgette,"There are sarees that announce themselves with weight and grandeur, and then there are those that arrive like a whisper all movement, all grace. This black georgette belongs firmly to the latter. Its fabric falls with the effortless fluidity that only georgette offers: sheer enough to breathe, yet substantial enough to drape with intention. Against the deep black ground, every detail becomes a quiet event.

The zari work is what elevates this piece from simple to striking. Metallic threads trace their patterns along the border and pallu, catching light with each shift of the body  a glimmer here, a flash there, like city lights reflected on dark water. The interplay of matte black georgette and luminous gold zari creates a contrast that is both modern and timeless, equally at home at an evening gathering as it would be at a candlelit dinner.

Georgette has always been the fabric of women who move who don't sit still, who let their saree follow rather than lead. This piece carries that energy. It was likely draped for occasions that called for understated drama: cocktail evenings, receptions, celebrations where elegance was the dress code. Its previous keeper understood that sometimes the most powerful thing a saree can do is simply flow.

Now it waits in the trunk for someone who knows that black is never just black  it is depth, it is confidence, it is midnight made wearable.",@context | @type | productID | sku | name | description | image | brand | category | additionalProperty | offers | itemCondition | material,@type | price | priceCurrency | availability | url | seller,,,@type | name,no,no,yes,yes,,page-L2NvbGxlY3Rpb24vbWlkbmlnaHQtemFyaS1nZW9yZ2V0dGU-schema-3 in seo-inventory-raw.json
/collection/midnight-zari-georgette,app/(site)/collection/[slug]/page.tsx | lib/seo/json-ld.ts,Organization,root.offers.seller.@type,Midnight Gold Embroidered Georgette,"There are sarees that announce themselves with weight and grandeur, and then there are those that arrive like a whisper all movement, all grace. This black georgette belongs firmly to the latter. Its fabric falls with the effortless fluidity that only georgette offers: sheer enough to breathe, yet substantial enough to drape with intention. Against the deep black ground, every detail becomes a quiet event.

The zari work is what elevates this piece from simple to striking. Metallic threads trace their patterns along the border and pallu, catching light with each shift of the body  a glimmer here, a flash there, like city lights reflected on dark water. The interplay of matte black georgette and luminous gold zari creates a contrast that is both modern and timeless, equally at home at an evening gathering as it would be at a candlelit dinner.

Georgette has always been the fabric of women who move who don't sit still, who let their saree follow rather than lead. This piece carries that energy. It was likely draped for occasions that called for understated drama: cocktail evenings, receptions, celebrations where elegance was the dress code. Its previous keeper understood that sometimes the most powerful thing a saree can do is simply flow.

Now it waits in the trunk for someone who knows that black is never just black  it is depth, it is confidence, it is midnight made wearable.",@context | @type | productID | sku | name | description | image | brand | category | additionalProperty | offers | itemCondition | material,@type | price | priceCurrency | availability | url | seller,,,@type | name,no,no,yes,yes,,page-L2NvbGxlY3Rpb24vbWlkbmlnaHQtemFyaS1nZW9yZ2V0dGU-schema-3 in seo-inventory-raw.json
/collection/midnight-zari-georgette,app/(site)/collection/[slug]/page.tsx | lib/seo/json-ld.ts,BreadcrumbList,root.@type,,,,,@context | @type | itemListElement,,,no,no,yes,uncertain,,page-L2NvbGxlY3Rpb24vbWlkbmlnaHQtemFyaS1nZW9yZ2V0dGU-schema-4 in seo-inventory-raw.json
/collection/midnight-zari-georgette,app/(site)/collection/[slug]/page.tsx | lib/seo/json-ld.ts,ListItem,root.itemListElement[0].@type,,,,,@context | @type | itemListElement,,,no,no,yes,uncertain,,page-L2NvbGxlY3Rpb24vbWlkbmlnaHQtemFyaS1nZW9yZ2V0dGU-schema-4 in seo-inventory-raw.json
/collection/midnight-zari-georgette,app/(site)/collection/[slug]/page.tsx | lib/seo/json-ld.ts,ListItem,root.itemListElement[1].@type,,,,,@context | @type | itemListElement,,,no,no,yes,uncertain,,page-L2NvbGxlY3Rpb24vbWlkbmlnaHQtemFyaS1nZW9yZ2V0dGU-schema-4 in seo-inventory-raw.json
/collection/midnight-zari-georgette,app/(site)/collection/[slug]/page.tsx | lib/seo/json-ld.ts,ListItem,root.itemListElement[2].@type,,,,,@context | @type | itemListElement,,,no,no,yes,uncertain,,page-L2NvbGxlY3Rpb24vbWlkbmlnaHQtemFyaS1nZW9yZ2V0dGU-schema-4 in seo-inventory-raw.json
/collection/pressed-bloom-sheer-chiffon,app/(site)/collection/[slug]/page.tsx | lib/seo/json-ld.ts,OnlineStore,root.@type,From The Trunk,"Curated collection of authenticated, pre-loved luxury sarees with provenance.",,,,,@context | @type | name | url | logo | email | sameAs | description | contactPoint,no,no,yes,uncertain,,page-L2NvbGxlY3Rpb24vcHJlc3NlZC1ibG9vbS1zaGVlci1jaGlmZm9u-schema-1 in seo-inventory-raw.json
/collection/pressed-bloom-sheer-chiffon,app/(site)/collection/[slug]/page.tsx | lib/seo/json-ld.ts,ContactPoint,root.contactPoint.@type,From The Trunk,"Curated collection of authenticated, pre-loved luxury sarees with provenance.",,,,,@context | @type | name | url | logo | email | sameAs | description | contactPoint,no,no,yes,uncertain,,page-L2NvbGxlY3Rpb24vcHJlc3NlZC1ibG9vbS1zaGVlci1jaGlmZm9u-schema-1 in seo-inventory-raw.json
/collection/pressed-bloom-sheer-chiffon,app/(site)/collection/[slug]/page.tsx | lib/seo/json-ld.ts,WebSite,root.@type,From The Trunk,,,,,,@type | name | logo,no,no,yes,uncertain,,page-L2NvbGxlY3Rpb24vcHJlc3NlZC1ibG9vbS1zaGVlci1jaGlmZm9u-schema-2 in seo-inventory-raw.json
/collection/pressed-bloom-sheer-chiffon,app/(site)/collection/[slug]/page.tsx | lib/seo/json-ld.ts,Organization,root.publisher.@type,From The Trunk,,,,,,@type | name | logo,no,no,yes,uncertain,,page-L2NvbGxlY3Rpb24vcHJlc3NlZC1ibG9vbS1zaGVlci1jaGlmZm9u-schema-2 in seo-inventory-raw.json
/collection/pressed-bloom-sheer-chiffon,app/(site)/collection/[slug]/page.tsx | lib/seo/json-ld.ts,Product,root.@type,Pressed Bloom Sheer Chiffon,"There is something almost ephemeral about a chiffon saree the way it catches light, the way it moves like a whisper against the skin. This particular piece carries a scattered floral print across its sheer expanse, as though someone pressed wildflowers between its folds and let their memory seep into the fabric. The blooms appear to float across the drape, lending it a softness that feels at once romantic and unhurried.

Chiffon sarees rose to quiet prominence in the wardrobes of Indian women from the 1970s onward, favoured for their effortless grace at evening gatherings and intimate celebrations. This one, likely from that era, carries the hallmarks of a well-loved piece , a print sensibility that speaks to a time when floral motifs were rendered with restraint rather than repetition, and when the fabric itself was allowed to do much of the talking.

The pallu appears to carry a complementary border or motif arrangement, offering just enough weight and definition to anchor the airy drape. Pre-loved and gently carried through the years, this chiffon holds the quiet charm of a saree that has known celebrations  and is ready to know a few more.",@context | @type | productID | sku | name | description | image | brand | category | additionalProperty | offers | itemCondition | material,@type | price | priceCurrency | availability | url | seller,,,@type | name,no,no,yes,yes,,page-L2NvbGxlY3Rpb24vcHJlc3NlZC1ibG9vbS1zaGVlci1jaGlmZm9u-schema-3 in seo-inventory-raw.json
/collection/pressed-bloom-sheer-chiffon,app/(site)/collection/[slug]/page.tsx | lib/seo/json-ld.ts,Brand,root.brand.@type,Pressed Bloom Sheer Chiffon,"There is something almost ephemeral about a chiffon saree the way it catches light, the way it moves like a whisper against the skin. This particular piece carries a scattered floral print across its sheer expanse, as though someone pressed wildflowers between its folds and let their memory seep into the fabric. The blooms appear to float across the drape, lending it a softness that feels at once romantic and unhurried.

Chiffon sarees rose to quiet prominence in the wardrobes of Indian women from the 1970s onward, favoured for their effortless grace at evening gatherings and intimate celebrations. This one, likely from that era, carries the hallmarks of a well-loved piece , a print sensibility that speaks to a time when floral motifs were rendered with restraint rather than repetition, and when the fabric itself was allowed to do much of the talking.

The pallu appears to carry a complementary border or motif arrangement, offering just enough weight and definition to anchor the airy drape. Pre-loved and gently carried through the years, this chiffon holds the quiet charm of a saree that has known celebrations  and is ready to know a few more.",@context | @type | productID | sku | name | description | image | brand | category | additionalProperty | offers | itemCondition | material,@type | price | priceCurrency | availability | url | seller,,,@type | name,no,no,yes,yes,,page-L2NvbGxlY3Rpb24vcHJlc3NlZC1ibG9vbS1zaGVlci1jaGlmZm9u-schema-3 in seo-inventory-raw.json
/collection/pressed-bloom-sheer-chiffon,app/(site)/collection/[slug]/page.tsx | lib/seo/json-ld.ts,PropertyValue,root.additionalProperty[0].@type,Pressed Bloom Sheer Chiffon,"There is something almost ephemeral about a chiffon saree the way it catches light, the way it moves like a whisper against the skin. This particular piece carries a scattered floral print across its sheer expanse, as though someone pressed wildflowers between its folds and let their memory seep into the fabric. The blooms appear to float across the drape, lending it a softness that feels at once romantic and unhurried.

Chiffon sarees rose to quiet prominence in the wardrobes of Indian women from the 1970s onward, favoured for their effortless grace at evening gatherings and intimate celebrations. This one, likely from that era, carries the hallmarks of a well-loved piece , a print sensibility that speaks to a time when floral motifs were rendered with restraint rather than repetition, and when the fabric itself was allowed to do much of the talking.

The pallu appears to carry a complementary border or motif arrangement, offering just enough weight and definition to anchor the airy drape. Pre-loved and gently carried through the years, this chiffon holds the quiet charm of a saree that has known celebrations  and is ready to know a few more.",@context | @type | productID | sku | name | description | image | brand | category | additionalProperty | offers | itemCondition | material,@type | price | priceCurrency | availability | url | seller,,,@type | name,no,no,yes,yes,,page-L2NvbGxlY3Rpb24vcHJlc3NlZC1ibG9vbS1zaGVlci1jaGlmZm9u-schema-3 in seo-inventory-raw.json
/collection/pressed-bloom-sheer-chiffon,app/(site)/collection/[slug]/page.tsx | lib/seo/json-ld.ts,PropertyValue,root.additionalProperty[1].@type,Pressed Bloom Sheer Chiffon,"There is something almost ephemeral about a chiffon saree the way it catches light, the way it moves like a whisper against the skin. This particular piece carries a scattered floral print across its sheer expanse, as though someone pressed wildflowers between its folds and let their memory seep into the fabric. The blooms appear to float across the drape, lending it a softness that feels at once romantic and unhurried.

Chiffon sarees rose to quiet prominence in the wardrobes of Indian women from the 1970s onward, favoured for their effortless grace at evening gatherings and intimate celebrations. This one, likely from that era, carries the hallmarks of a well-loved piece , a print sensibility that speaks to a time when floral motifs were rendered with restraint rather than repetition, and when the fabric itself was allowed to do much of the talking.

The pallu appears to carry a complementary border or motif arrangement, offering just enough weight and definition to anchor the airy drape. Pre-loved and gently carried through the years, this chiffon holds the quiet charm of a saree that has known celebrations  and is ready to know a few more.",@context | @type | productID | sku | name | description | image | brand | category | additionalProperty | offers | itemCondition | material,@type | price | priceCurrency | availability | url | seller,,,@type | name,no,no,yes,yes,,page-L2NvbGxlY3Rpb24vcHJlc3NlZC1ibG9vbS1zaGVlci1jaGlmZm9u-schema-3 in seo-inventory-raw.json
/collection/pressed-bloom-sheer-chiffon,app/(site)/collection/[slug]/page.tsx | lib/seo/json-ld.ts,Offer,root.offers.@type,Pressed Bloom Sheer Chiffon,"There is something almost ephemeral about a chiffon saree the way it catches light, the way it moves like a whisper against the skin. This particular piece carries a scattered floral print across its sheer expanse, as though someone pressed wildflowers between its folds and let their memory seep into the fabric. The blooms appear to float across the drape, lending it a softness that feels at once romantic and unhurried.

Chiffon sarees rose to quiet prominence in the wardrobes of Indian women from the 1970s onward, favoured for their effortless grace at evening gatherings and intimate celebrations. This one, likely from that era, carries the hallmarks of a well-loved piece , a print sensibility that speaks to a time when floral motifs were rendered with restraint rather than repetition, and when the fabric itself was allowed to do much of the talking.

The pallu appears to carry a complementary border or motif arrangement, offering just enough weight and definition to anchor the airy drape. Pre-loved and gently carried through the years, this chiffon holds the quiet charm of a saree that has known celebrations  and is ready to know a few more.",@context | @type | productID | sku | name | description | image | brand | category | additionalProperty | offers | itemCondition | material,@type | price | priceCurrency | availability | url | seller,,,@type | name,no,no,yes,yes,,page-L2NvbGxlY3Rpb24vcHJlc3NlZC1ibG9vbS1zaGVlci1jaGlmZm9u-schema-3 in seo-inventory-raw.json
/collection/pressed-bloom-sheer-chiffon,app/(site)/collection/[slug]/page.tsx | lib/seo/json-ld.ts,Organization,root.offers.seller.@type,Pressed Bloom Sheer Chiffon,"There is something almost ephemeral about a chiffon saree the way it catches light, the way it moves like a whisper against the skin. This particular piece carries a scattered floral print across its sheer expanse, as though someone pressed wildflowers between its folds and let their memory seep into the fabric. The blooms appear to float across the drape, lending it a softness that feels at once romantic and unhurried.

Chiffon sarees rose to quiet prominence in the wardrobes of Indian women from the 1970s onward, favoured for their effortless grace at evening gatherings and intimate celebrations. This one, likely from that era, carries the hallmarks of a well-loved piece , a print sensibility that speaks to a time when floral motifs were rendered with restraint rather than repetition, and when the fabric itself was allowed to do much of the talking.

The pallu appears to carry a complementary border or motif arrangement, offering just enough weight and definition to anchor the airy drape. Pre-loved and gently carried through the years, this chiffon holds the quiet charm of a saree that has known celebrations  and is ready to know a few more.",@context | @type | productID | sku | name | description | image | brand | category | additionalProperty | offers | itemCondition | material,@type | price | priceCurrency | availability | url | seller,,,@type | name,no,no,yes,yes,,page-L2NvbGxlY3Rpb24vcHJlc3NlZC1ibG9vbS1zaGVlci1jaGlmZm9u-schema-3 in seo-inventory-raw.json
/collection/pressed-bloom-sheer-chiffon,app/(site)/collection/[slug]/page.tsx | lib/seo/json-ld.ts,BreadcrumbList,root.@type,,,,,@context | @type | itemListElement,,,no,no,yes,uncertain,,page-L2NvbGxlY3Rpb24vcHJlc3NlZC1ibG9vbS1zaGVlci1jaGlmZm9u-schema-4 in seo-inventory-raw.json
/collection/pressed-bloom-sheer-chiffon,app/(site)/collection/[slug]/page.tsx | lib/seo/json-ld.ts,ListItem,root.itemListElement[0].@type,,,,,@context | @type | itemListElement,,,no,no,yes,uncertain,,page-L2NvbGxlY3Rpb24vcHJlc3NlZC1ibG9vbS1zaGVlci1jaGlmZm9u-schema-4 in seo-inventory-raw.json
/collection/pressed-bloom-sheer-chiffon,app/(site)/collection/[slug]/page.tsx | lib/seo/json-ld.ts,ListItem,root.itemListElement[1].@type,,,,,@context | @type | itemListElement,,,no,no,yes,uncertain,,page-L2NvbGxlY3Rpb24vcHJlc3NlZC1ibG9vbS1zaGVlci1jaGlmZm9u-schema-4 in seo-inventory-raw.json
/collection/pressed-bloom-sheer-chiffon,app/(site)/collection/[slug]/page.tsx | lib/seo/json-ld.ts,ListItem,root.itemListElement[2].@type,,,,,@context | @type | itemListElement,,,no,no,yes,uncertain,,page-L2NvbGxlY3Rpb24vcHJlc3NlZC1ibG9vbS1zaGVlci1jaGlmZm9u-schema-4 in seo-inventory-raw.json
/collection/mayil-peacock-kanjivaram-mix,app/(site)/collection/[slug]/page.tsx | lib/seo/json-ld.ts,OnlineStore,root.@type,From The Trunk,"Curated collection of authenticated, pre-loved luxury sarees with provenance.",,,,,@context | @type | name | url | logo | email | sameAs | description | contactPoint,no,no,yes,uncertain,,page-L2NvbGxlY3Rpb24vbWF5aWwtcGVhY29jay1rYW5qaXZhcmFtLW1peA-schema-1 in seo-inventory-raw.json
/collection/mayil-peacock-kanjivaram-mix,app/(site)/collection/[slug]/page.tsx | lib/seo/json-ld.ts,ContactPoint,root.contactPoint.@type,From The Trunk,"Curated collection of authenticated, pre-loved luxury sarees with provenance.",,,,,@context | @type | name | url | logo | email | sameAs | description | contactPoint,no,no,yes,uncertain,,page-L2NvbGxlY3Rpb24vbWF5aWwtcGVhY29jay1rYW5qaXZhcmFtLW1peA-schema-1 in seo-inventory-raw.json
/collection/mayil-peacock-kanjivaram-mix,app/(site)/collection/[slug]/page.tsx | lib/seo/json-ld.ts,WebSite,root.@type,From The Trunk,,,,,,@type | name | logo,no,no,yes,uncertain,,page-L2NvbGxlY3Rpb24vbWF5aWwtcGVhY29jay1rYW5qaXZhcmFtLW1peA-schema-2 in seo-inventory-raw.json
/collection/mayil-peacock-kanjivaram-mix,app/(site)/collection/[slug]/page.tsx | lib/seo/json-ld.ts,Organization,root.publisher.@type,From The Trunk,,,,,,@type | name | logo,no,no,yes,uncertain,,page-L2NvbGxlY3Rpb24vbWF5aWwtcGVhY29jay1rYW5qaXZhcmFtLW1peA-schema-2 in seo-inventory-raw.json
/collection/mayil-peacock-kanjivaram-mix,app/(site)/collection/[slug]/page.tsx | lib/seo/json-ld.ts,Product,root.@type,MAYIL,"Named for the Tamil word for peacock, this Kanjivaram mix saree carries the unmistakable pride of South Indian handloom tradition. The peacock- a symbol of beauty, immortality, and divine grace has been a beloved motif in temple town weaving for centuries, and in this piece, it appears to take elegant form across the body and pallu, rendered in what is likely a rich interplay of zari and silk threads.

As a Kanjivaram mix, this saree bridges the grandeur of pure Kanjeevaram silk with the practicality of blended fibres  retaining the characteristic heft and lustre of the weave while offering a lighter, more forgiving drape. The contrast borders and pallu appear to feature traditional temple or peacock-inspired buttas, hallmarks of the looms of Kanchipuram and its surrounding weaving clusters.

This is a saree that carries ceremony in its folds the kind of piece that would have graced weddings, temple visits, or festive gatherings, acquiring a quiet patina of memory with each wearing. Its pre-loved journey only deepens its character, a testament to the enduring appeal of the mayil motif and the skilled hands that brought it to life on the loom.",@context | @type | productID | sku | name | description | image | brand | category | additionalProperty | offers | itemCondition | material,@type | price | priceCurrency | availability | url | seller,,,@type | name,no,no,yes,yes,,page-L2NvbGxlY3Rpb24vbWF5aWwtcGVhY29jay1rYW5qaXZhcmFtLW1peA-schema-3 in seo-inventory-raw.json
/collection/mayil-peacock-kanjivaram-mix,app/(site)/collection/[slug]/page.tsx | lib/seo/json-ld.ts,Brand,root.brand.@type,MAYIL,"Named for the Tamil word for peacock, this Kanjivaram mix saree carries the unmistakable pride of South Indian handloom tradition. The peacock- a symbol of beauty, immortality, and divine grace has been a beloved motif in temple town weaving for centuries, and in this piece, it appears to take elegant form across the body and pallu, rendered in what is likely a rich interplay of zari and silk threads.

As a Kanjivaram mix, this saree bridges the grandeur of pure Kanjeevaram silk with the practicality of blended fibres  retaining the characteristic heft and lustre of the weave while offering a lighter, more forgiving drape. The contrast borders and pallu appear to feature traditional temple or peacock-inspired buttas, hallmarks of the looms of Kanchipuram and its surrounding weaving clusters.

This is a saree that carries ceremony in its folds the kind of piece that would have graced weddings, temple visits, or festive gatherings, acquiring a quiet patina of memory with each wearing. Its pre-loved journey only deepens its character, a testament to the enduring appeal of the mayil motif and the skilled hands that brought it to life on the loom.",@context | @type | productID | sku | name | description | image | brand | category | additionalProperty | offers | itemCondition | material,@type | price | priceCurrency | availability | url | seller,,,@type | name,no,no,yes,yes,,page-L2NvbGxlY3Rpb24vbWF5aWwtcGVhY29jay1rYW5qaXZhcmFtLW1peA-schema-3 in seo-inventory-raw.json
/collection/mayil-peacock-kanjivaram-mix,app/(site)/collection/[slug]/page.tsx | lib/seo/json-ld.ts,PropertyValue,root.additionalProperty[0].@type,MAYIL,"Named for the Tamil word for peacock, this Kanjivaram mix saree carries the unmistakable pride of South Indian handloom tradition. The peacock- a symbol of beauty, immortality, and divine grace has been a beloved motif in temple town weaving for centuries, and in this piece, it appears to take elegant form across the body and pallu, rendered in what is likely a rich interplay of zari and silk threads.

As a Kanjivaram mix, this saree bridges the grandeur of pure Kanjeevaram silk with the practicality of blended fibres  retaining the characteristic heft and lustre of the weave while offering a lighter, more forgiving drape. The contrast borders and pallu appear to feature traditional temple or peacock-inspired buttas, hallmarks of the looms of Kanchipuram and its surrounding weaving clusters.

This is a saree that carries ceremony in its folds the kind of piece that would have graced weddings, temple visits, or festive gatherings, acquiring a quiet patina of memory with each wearing. Its pre-loved journey only deepens its character, a testament to the enduring appeal of the mayil motif and the skilled hands that brought it to life on the loom.",@context | @type | productID | sku | name | description | image | brand | category | additionalProperty | offers | itemCondition | material,@type | price | priceCurrency | availability | url | seller,,,@type | name,no,no,yes,yes,,page-L2NvbGxlY3Rpb24vbWF5aWwtcGVhY29jay1rYW5qaXZhcmFtLW1peA-schema-3 in seo-inventory-raw.json
/collection/mayil-peacock-kanjivaram-mix,app/(site)/collection/[slug]/page.tsx | lib/seo/json-ld.ts,PropertyValue,root.additionalProperty[1].@type,MAYIL,"Named for the Tamil word for peacock, this Kanjivaram mix saree carries the unmistakable pride of South Indian handloom tradition. The peacock- a symbol of beauty, immortality, and divine grace has been a beloved motif in temple town weaving for centuries, and in this piece, it appears to take elegant form across the body and pallu, rendered in what is likely a rich interplay of zari and silk threads.

As a Kanjivaram mix, this saree bridges the grandeur of pure Kanjeevaram silk with the practicality of blended fibres  retaining the characteristic heft and lustre of the weave while offering a lighter, more forgiving drape. The contrast borders and pallu appear to feature traditional temple or peacock-inspired buttas, hallmarks of the looms of Kanchipuram and its surrounding weaving clusters.

This is a saree that carries ceremony in its folds the kind of piece that would have graced weddings, temple visits, or festive gatherings, acquiring a quiet patina of memory with each wearing. Its pre-loved journey only deepens its character, a testament to the enduring appeal of the mayil motif and the skilled hands that brought it to life on the loom.",@context | @type | productID | sku | name | description | image | brand | category | additionalProperty | offers | itemCondition | material,@type | price | priceCurrency | availability | url | seller,,,@type | name,no,no,yes,yes,,page-L2NvbGxlY3Rpb24vbWF5aWwtcGVhY29jay1rYW5qaXZhcmFtLW1peA-schema-3 in seo-inventory-raw.json
/collection/mayil-peacock-kanjivaram-mix,app/(site)/collection/[slug]/page.tsx | lib/seo/json-ld.ts,PropertyValue,root.additionalProperty[2].@type,MAYIL,"Named for the Tamil word for peacock, this Kanjivaram mix saree carries the unmistakable pride of South Indian handloom tradition. The peacock- a symbol of beauty, immortality, and divine grace has been a beloved motif in temple town weaving for centuries, and in this piece, it appears to take elegant form across the body and pallu, rendered in what is likely a rich interplay of zari and silk threads.

As a Kanjivaram mix, this saree bridges the grandeur of pure Kanjeevaram silk with the practicality of blended fibres  retaining the characteristic heft and lustre of the weave while offering a lighter, more forgiving drape. The contrast borders and pallu appear to feature traditional temple or peacock-inspired buttas, hallmarks of the looms of Kanchipuram and its surrounding weaving clusters.

This is a saree that carries ceremony in its folds the kind of piece that would have graced weddings, temple visits, or festive gatherings, acquiring a quiet patina of memory with each wearing. Its pre-loved journey only deepens its character, a testament to the enduring appeal of the mayil motif and the skilled hands that brought it to life on the loom.",@context | @type | productID | sku | name | description | image | brand | category | additionalProperty | offers | itemCondition | material,@type | price | priceCurrency | availability | url | seller,,,@type | name,no,no,yes,yes,,page-L2NvbGxlY3Rpb24vbWF5aWwtcGVhY29jay1rYW5qaXZhcmFtLW1peA-schema-3 in seo-inventory-raw.json
/collection/mayil-peacock-kanjivaram-mix,app/(site)/collection/[slug]/page.tsx | lib/seo/json-ld.ts,Offer,root.offers.@type,MAYIL,"Named for the Tamil word for peacock, this Kanjivaram mix saree carries the unmistakable pride of South Indian handloom tradition. The peacock- a symbol of beauty, immortality, and divine grace has been a beloved motif in temple town weaving for centuries, and in this piece, it appears to take elegant form across the body and pallu, rendered in what is likely a rich interplay of zari and silk threads.

As a Kanjivaram mix, this saree bridges the grandeur of pure Kanjeevaram silk with the practicality of blended fibres  retaining the characteristic heft and lustre of the weave while offering a lighter, more forgiving drape. The contrast borders and pallu appear to feature traditional temple or peacock-inspired buttas, hallmarks of the looms of Kanchipuram and its surrounding weaving clusters.

This is a saree that carries ceremony in its folds the kind of piece that would have graced weddings, temple visits, or festive gatherings, acquiring a quiet patina of memory with each wearing. Its pre-loved journey only deepens its character, a testament to the enduring appeal of the mayil motif and the skilled hands that brought it to life on the loom.",@context | @type | productID | sku | name | description | image | brand | category | additionalProperty | offers | itemCondition | material,@type | price | priceCurrency | availability | url | seller,,,@type | name,no,no,yes,yes,,page-L2NvbGxlY3Rpb24vbWF5aWwtcGVhY29jay1rYW5qaXZhcmFtLW1peA-schema-3 in seo-inventory-raw.json
/collection/mayil-peacock-kanjivaram-mix,app/(site)/collection/[slug]/page.tsx | lib/seo/json-ld.ts,Organization,root.offers.seller.@type,MAYIL,"Named for the Tamil word for peacock, this Kanjivaram mix saree carries the unmistakable pride of South Indian handloom tradition. The peacock- a symbol of beauty, immortality, and divine grace has been a beloved motif in temple town weaving for centuries, and in this piece, it appears to take elegant form across the body and pallu, rendered in what is likely a rich interplay of zari and silk threads.

As a Kanjivaram mix, this saree bridges the grandeur of pure Kanjeevaram silk with the practicality of blended fibres  retaining the characteristic heft and lustre of the weave while offering a lighter, more forgiving drape. The contrast borders and pallu appear to feature traditional temple or peacock-inspired buttas, hallmarks of the looms of Kanchipuram and its surrounding weaving clusters.

This is a saree that carries ceremony in its folds the kind of piece that would have graced weddings, temple visits, or festive gatherings, acquiring a quiet patina of memory with each wearing. Its pre-loved journey only deepens its character, a testament to the enduring appeal of the mayil motif and the skilled hands that brought it to life on the loom.",@context | @type | productID | sku | name | description | image | brand | category | additionalProperty | offers | itemCondition | material,@type | price | priceCurrency | availability | url | seller,,,@type | name,no,no,yes,yes,,page-L2NvbGxlY3Rpb24vbWF5aWwtcGVhY29jay1rYW5qaXZhcmFtLW1peA-schema-3 in seo-inventory-raw.json
/collection/mayil-peacock-kanjivaram-mix,app/(site)/collection/[slug]/page.tsx | lib/seo/json-ld.ts,BreadcrumbList,root.@type,,,,,@context | @type | itemListElement,,,no,no,yes,uncertain,,page-L2NvbGxlY3Rpb24vbWF5aWwtcGVhY29jay1rYW5qaXZhcmFtLW1peA-schema-4 in seo-inventory-raw.json
/collection/mayil-peacock-kanjivaram-mix,app/(site)/collection/[slug]/page.tsx | lib/seo/json-ld.ts,ListItem,root.itemListElement[0].@type,,,,,@context | @type | itemListElement,,,no,no,yes,uncertain,,page-L2NvbGxlY3Rpb24vbWF5aWwtcGVhY29jay1rYW5qaXZhcmFtLW1peA-schema-4 in seo-inventory-raw.json
/collection/mayil-peacock-kanjivaram-mix,app/(site)/collection/[slug]/page.tsx | lib/seo/json-ld.ts,ListItem,root.itemListElement[1].@type,,,,,@context | @type | itemListElement,,,no,no,yes,uncertain,,page-L2NvbGxlY3Rpb24vbWF5aWwtcGVhY29jay1rYW5qaXZhcmFtLW1peA-schema-4 in seo-inventory-raw.json
/collection/mayil-peacock-kanjivaram-mix,app/(site)/collection/[slug]/page.tsx | lib/seo/json-ld.ts,ListItem,root.itemListElement[2].@type,,,,,@context | @type | itemListElement,,,no,no,yes,uncertain,,page-L2NvbGxlY3Rpb24vbWF5aWwtcGVhY29jay1rYW5qaXZhcmFtLW1peA-schema-4 in seo-inventory-raw.json
/collection/burnt-orange-temple-border-kanjivaram,app/(site)/collection/[slug]/page.tsx | lib/seo/json-ld.ts,OnlineStore,root.@type,From The Trunk,"Curated collection of authenticated, pre-loved luxury sarees with provenance.",,,,,@context | @type | name | url | logo | email | sameAs | description | contactPoint,no,no,yes,uncertain,,page-L2NvbGxlY3Rpb24vYnVybnQtb3JhbmdlLXRlbXBsZS1ib3JkZXIta2Fuaml2YXJhbQ-schema-1 in seo-inventory-raw.json
/collection/burnt-orange-temple-border-kanjivaram,app/(site)/collection/[slug]/page.tsx | lib/seo/json-ld.ts,ContactPoint,root.contactPoint.@type,From The Trunk,"Curated collection of authenticated, pre-loved luxury sarees with provenance.",,,,,@context | @type | name | url | logo | email | sameAs | description | contactPoint,no,no,yes,uncertain,,page-L2NvbGxlY3Rpb24vYnVybnQtb3JhbmdlLXRlbXBsZS1ib3JkZXIta2Fuaml2YXJhbQ-schema-1 in seo-inventory-raw.json
/collection/burnt-orange-temple-border-kanjivaram,app/(site)/collection/[slug]/page.tsx | lib/seo/json-ld.ts,WebSite,root.@type,From The Trunk,,,,,,@type | name | logo,no,no,yes,uncertain,,page-L2NvbGxlY3Rpb24vYnVybnQtb3JhbmdlLXRlbXBsZS1ib3JkZXIta2Fuaml2YXJhbQ-schema-2 in seo-inventory-raw.json
/collection/burnt-orange-temple-border-kanjivaram,app/(site)/collection/[slug]/page.tsx | lib/seo/json-ld.ts,Organization,root.publisher.@type,From The Trunk,,,,,,@type | name | logo,no,no,yes,uncertain,,page-L2NvbGxlY3Rpb24vYnVybnQtb3JhbmdlLXRlbXBsZS1ib3JkZXIta2Fuaml2YXJhbQ-schema-2 in seo-inventory-raw.json
/collection/burnt-orange-temple-border-kanjivaram,app/(site)/collection/[slug]/page.tsx | lib/seo/json-ld.ts,Product,root.@type,Kanchipuram Burnt Orange Heirloom Silk,"She arrived from the silk-weaving heartland of Kanchipuram, where generations of master weavers have sat at handlooms threading stories into pure mulberry silk. This Kanjivaram drapes in a rich burnt orange , a colour that evokes temple lamps at dusk, turmeric-stained thresholds, and the last blaze of a South Indian sunset. The body appears to carry classic motifs woven with precision, each repeat a testament to the weaver's discipline and artistry.

Her borders, likely edged with contrasting zari work, anchor the saree with the weight and grandeur that only a true Kanjivaram can offer. The pallu is where the narrative reaches its crescendo  an expanse of gold zari interlaced with traditional temple or floral motifs that have been part of the Kanchipuram vocabulary for centuries. The interplay of the burnt orange silk against gleaming gold zari creates a warmth that is both regal and deeply rooted in South Indian tradition.

This is a saree that has been cherished the kind that was likely reserved for auspicious occasions, weddings, and temple visits. Its previous custodian understood its value, and it now seeks a new chapter in the hands of someone who appreciates the quiet power of a handwoven Kanjivaram. A piece like this doesn't follow trends; it transcends them.",@context | @type | productID | sku | name | description | image | brand | category | additionalProperty | offers | itemCondition | material,@type | price | priceCurrency | availability | url | seller,,,@type | name,no,no,yes,yes,,page-L2NvbGxlY3Rpb24vYnVybnQtb3JhbmdlLXRlbXBsZS1ib3JkZXIta2Fuaml2YXJhbQ-schema-3 in seo-inventory-raw.json
/collection/burnt-orange-temple-border-kanjivaram,app/(site)/collection/[slug]/page.tsx | lib/seo/json-ld.ts,Brand,root.brand.@type,Kanchipuram Burnt Orange Heirloom Silk,"She arrived from the silk-weaving heartland of Kanchipuram, where generations of master weavers have sat at handlooms threading stories into pure mulberry silk. This Kanjivaram drapes in a rich burnt orange , a colour that evokes temple lamps at dusk, turmeric-stained thresholds, and the last blaze of a South Indian sunset. The body appears to carry classic motifs woven with precision, each repeat a testament to the weaver's discipline and artistry.

Her borders, likely edged with contrasting zari work, anchor the saree with the weight and grandeur that only a true Kanjivaram can offer. The pallu is where the narrative reaches its crescendo  an expanse of gold zari interlaced with traditional temple or floral motifs that have been part of the Kanchipuram vocabulary for centuries. The interplay of the burnt orange silk against gleaming gold zari creates a warmth that is both regal and deeply rooted in South Indian tradition.

This is a saree that has been cherished the kind that was likely reserved for auspicious occasions, weddings, and temple visits. Its previous custodian understood its value, and it now seeks a new chapter in the hands of someone who appreciates the quiet power of a handwoven Kanjivaram. A piece like this doesn't follow trends; it transcends them.",@context | @type | productID | sku | name | description | image | brand | category | additionalProperty | offers | itemCondition | material,@type | price | priceCurrency | availability | url | seller,,,@type | name,no,no,yes,yes,,page-L2NvbGxlY3Rpb24vYnVybnQtb3JhbmdlLXRlbXBsZS1ib3JkZXIta2Fuaml2YXJhbQ-schema-3 in seo-inventory-raw.json
/collection/burnt-orange-temple-border-kanjivaram,app/(site)/collection/[slug]/page.tsx | lib/seo/json-ld.ts,PropertyValue,root.additionalProperty[0].@type,Kanchipuram Burnt Orange Heirloom Silk,"She arrived from the silk-weaving heartland of Kanchipuram, where generations of master weavers have sat at handlooms threading stories into pure mulberry silk. This Kanjivaram drapes in a rich burnt orange , a colour that evokes temple lamps at dusk, turmeric-stained thresholds, and the last blaze of a South Indian sunset. The body appears to carry classic motifs woven with precision, each repeat a testament to the weaver's discipline and artistry.

Her borders, likely edged with contrasting zari work, anchor the saree with the weight and grandeur that only a true Kanjivaram can offer. The pallu is where the narrative reaches its crescendo  an expanse of gold zari interlaced with traditional temple or floral motifs that have been part of the Kanchipuram vocabulary for centuries. The interplay of the burnt orange silk against gleaming gold zari creates a warmth that is both regal and deeply rooted in South Indian tradition.

This is a saree that has been cherished the kind that was likely reserved for auspicious occasions, weddings, and temple visits. Its previous custodian understood its value, and it now seeks a new chapter in the hands of someone who appreciates the quiet power of a handwoven Kanjivaram. A piece like this doesn't follow trends; it transcends them.",@context | @type | productID | sku | name | description | image | brand | category | additionalProperty | offers | itemCondition | material,@type | price | priceCurrency | availability | url | seller,,,@type | name,no,no,yes,yes,,page-L2NvbGxlY3Rpb24vYnVybnQtb3JhbmdlLXRlbXBsZS1ib3JkZXIta2Fuaml2YXJhbQ-schema-3 in seo-inventory-raw.json
/collection/burnt-orange-temple-border-kanjivaram,app/(site)/collection/[slug]/page.tsx | lib/seo/json-ld.ts,PropertyValue,root.additionalProperty[1].@type,Kanchipuram Burnt Orange Heirloom Silk,"She arrived from the silk-weaving heartland of Kanchipuram, where generations of master weavers have sat at handlooms threading stories into pure mulberry silk. This Kanjivaram drapes in a rich burnt orange , a colour that evokes temple lamps at dusk, turmeric-stained thresholds, and the last blaze of a South Indian sunset. The body appears to carry classic motifs woven with precision, each repeat a testament to the weaver's discipline and artistry.

Her borders, likely edged with contrasting zari work, anchor the saree with the weight and grandeur that only a true Kanjivaram can offer. The pallu is where the narrative reaches its crescendo  an expanse of gold zari interlaced with traditional temple or floral motifs that have been part of the Kanchipuram vocabulary for centuries. The interplay of the burnt orange silk against gleaming gold zari creates a warmth that is both regal and deeply rooted in South Indian tradition.

This is a saree that has been cherished the kind that was likely reserved for auspicious occasions, weddings, and temple visits. Its previous custodian understood its value, and it now seeks a new chapter in the hands of someone who appreciates the quiet power of a handwoven Kanjivaram. A piece like this doesn't follow trends; it transcends them.",@context | @type | productID | sku | name | description | image | brand | category | additionalProperty | offers | itemCondition | material,@type | price | priceCurrency | availability | url | seller,,,@type | name,no,no,yes,yes,,page-L2NvbGxlY3Rpb24vYnVybnQtb3JhbmdlLXRlbXBsZS1ib3JkZXIta2Fuaml2YXJhbQ-schema-3 in seo-inventory-raw.json
/collection/burnt-orange-temple-border-kanjivaram,app/(site)/collection/[slug]/page.tsx | lib/seo/json-ld.ts,PropertyValue,root.additionalProperty[2].@type,Kanchipuram Burnt Orange Heirloom Silk,"She arrived from the silk-weaving heartland of Kanchipuram, where generations of master weavers have sat at handlooms threading stories into pure mulberry silk. This Kanjivaram drapes in a rich burnt orange , a colour that evokes temple lamps at dusk, turmeric-stained thresholds, and the last blaze of a South Indian sunset. The body appears to carry classic motifs woven with precision, each repeat a testament to the weaver's discipline and artistry.

Her borders, likely edged with contrasting zari work, anchor the saree with the weight and grandeur that only a true Kanjivaram can offer. The pallu is where the narrative reaches its crescendo  an expanse of gold zari interlaced with traditional temple or floral motifs that have been part of the Kanchipuram vocabulary for centuries. The interplay of the burnt orange silk against gleaming gold zari creates a warmth that is both regal and deeply rooted in South Indian tradition.

This is a saree that has been cherished the kind that was likely reserved for auspicious occasions, weddings, and temple visits. Its previous custodian understood its value, and it now seeks a new chapter in the hands of someone who appreciates the quiet power of a handwoven Kanjivaram. A piece like this doesn't follow trends; it transcends them.",@context | @type | productID | sku | name | description | image | brand | category | additionalProperty | offers | itemCondition | material,@type | price | priceCurrency | availability | url | seller,,,@type | name,no,no,yes,yes,,page-L2NvbGxlY3Rpb24vYnVybnQtb3JhbmdlLXRlbXBsZS1ib3JkZXIta2Fuaml2YXJhbQ-schema-3 in seo-inventory-raw.json
/collection/burnt-orange-temple-border-kanjivaram,app/(site)/collection/[slug]/page.tsx | lib/seo/json-ld.ts,Offer,root.offers.@type,Kanchipuram Burnt Orange Heirloom Silk,"She arrived from the silk-weaving heartland of Kanchipuram, where generations of master weavers have sat at handlooms threading stories into pure mulberry silk. This Kanjivaram drapes in a rich burnt orange , a colour that evokes temple lamps at dusk, turmeric-stained thresholds, and the last blaze of a South Indian sunset. The body appears to carry classic motifs woven with precision, each repeat a testament to the weaver's discipline and artistry.

Her borders, likely edged with contrasting zari work, anchor the saree with the weight and grandeur that only a true Kanjivaram can offer. The pallu is where the narrative reaches its crescendo  an expanse of gold zari interlaced with traditional temple or floral motifs that have been part of the Kanchipuram vocabulary for centuries. The interplay of the burnt orange silk against gleaming gold zari creates a warmth that is both regal and deeply rooted in South Indian tradition.

This is a saree that has been cherished the kind that was likely reserved for auspicious occasions, weddings, and temple visits. Its previous custodian understood its value, and it now seeks a new chapter in the hands of someone who appreciates the quiet power of a handwoven Kanjivaram. A piece like this doesn't follow trends; it transcends them.",@context | @type | productID | sku | name | description | image | brand | category | additionalProperty | offers | itemCondition | material,@type | price | priceCurrency | availability | url | seller,,,@type | name,no,no,yes,yes,,page-L2NvbGxlY3Rpb24vYnVybnQtb3JhbmdlLXRlbXBsZS1ib3JkZXIta2Fuaml2YXJhbQ-schema-3 in seo-inventory-raw.json
/collection/burnt-orange-temple-border-kanjivaram,app/(site)/collection/[slug]/page.tsx | lib/seo/json-ld.ts,Organization,root.offers.seller.@type,Kanchipuram Burnt Orange Heirloom Silk,"She arrived from the silk-weaving heartland of Kanchipuram, where generations of master weavers have sat at handlooms threading stories into pure mulberry silk. This Kanjivaram drapes in a rich burnt orange , a colour that evokes temple lamps at dusk, turmeric-stained thresholds, and the last blaze of a South Indian sunset. The body appears to carry classic motifs woven with precision, each repeat a testament to the weaver's discipline and artistry.

Her borders, likely edged with contrasting zari work, anchor the saree with the weight and grandeur that only a true Kanjivaram can offer. The pallu is where the narrative reaches its crescendo  an expanse of gold zari interlaced with traditional temple or floral motifs that have been part of the Kanchipuram vocabulary for centuries. The interplay of the burnt orange silk against gleaming gold zari creates a warmth that is both regal and deeply rooted in South Indian tradition.

This is a saree that has been cherished the kind that was likely reserved for auspicious occasions, weddings, and temple visits. Its previous custodian understood its value, and it now seeks a new chapter in the hands of someone who appreciates the quiet power of a handwoven Kanjivaram. A piece like this doesn't follow trends; it transcends them.",@context | @type | productID | sku | name | description | image | brand | category | additionalProperty | offers | itemCondition | material,@type | price | priceCurrency | availability | url | seller,,,@type | name,no,no,yes,yes,,page-L2NvbGxlY3Rpb24vYnVybnQtb3JhbmdlLXRlbXBsZS1ib3JkZXIta2Fuaml2YXJhbQ-schema-3 in seo-inventory-raw.json
/collection/burnt-orange-temple-border-kanjivaram,app/(site)/collection/[slug]/page.tsx | lib/seo/json-ld.ts,BreadcrumbList,root.@type,,,,,@context | @type | itemListElement,,,no,no,yes,uncertain,,page-L2NvbGxlY3Rpb24vYnVybnQtb3JhbmdlLXRlbXBsZS1ib3JkZXIta2Fuaml2YXJhbQ-schema-4 in seo-inventory-raw.json
/collection/burnt-orange-temple-border-kanjivaram,app/(site)/collection/[slug]/page.tsx | lib/seo/json-ld.ts,ListItem,root.itemListElement[0].@type,,,,,@context | @type | itemListElement,,,no,no,yes,uncertain,,page-L2NvbGxlY3Rpb24vYnVybnQtb3JhbmdlLXRlbXBsZS1ib3JkZXIta2Fuaml2YXJhbQ-schema-4 in seo-inventory-raw.json
/collection/burnt-orange-temple-border-kanjivaram,app/(site)/collection/[slug]/page.tsx | lib/seo/json-ld.ts,ListItem,root.itemListElement[1].@type,,,,,@context | @type | itemListElement,,,no,no,yes,uncertain,,page-L2NvbGxlY3Rpb24vYnVybnQtb3JhbmdlLXRlbXBsZS1ib3JkZXIta2Fuaml2YXJhbQ-schema-4 in seo-inventory-raw.json
/collection/burnt-orange-temple-border-kanjivaram,app/(site)/collection/[slug]/page.tsx | lib/seo/json-ld.ts,ListItem,root.itemListElement[2].@type,,,,,@context | @type | itemListElement,,,no,no,yes,uncertain,,page-L2NvbGxlY3Rpb24vYnVybnQtb3JhbmdlLXRlbXBsZS1ib3JkZXIta2Fuaml2YXJhbQ-schema-4 in seo-inventory-raw.json
/collection/semmanjal-turmeric-gold-kanjeevaram,app/(site)/collection/[slug]/page.tsx | lib/seo/json-ld.ts,OnlineStore,root.@type,From The Trunk,"Curated collection of authenticated, pre-loved luxury sarees with provenance.",,,,,@context | @type | name | url | logo | email | sameAs | description | contactPoint,no,no,yes,uncertain,,page-L2NvbGxlY3Rpb24vc2VtbWFuamFsLXR1cm1lcmljLWdvbGQta2FuamVldmFyYW0-schema-1 in seo-inventory-raw.json
/collection/semmanjal-turmeric-gold-kanjeevaram,app/(site)/collection/[slug]/page.tsx | lib/seo/json-ld.ts,ContactPoint,root.contactPoint.@type,From The Trunk,"Curated collection of authenticated, pre-loved luxury sarees with provenance.",,,,,@context | @type | name | url | logo | email | sameAs | description | contactPoint,no,no,yes,uncertain,,page-L2NvbGxlY3Rpb24vc2VtbWFuamFsLXR1cm1lcmljLWdvbGQta2FuamVldmFyYW0-schema-1 in seo-inventory-raw.json
/collection/semmanjal-turmeric-gold-kanjeevaram,app/(site)/collection/[slug]/page.tsx | lib/seo/json-ld.ts,WebSite,root.@type,From The Trunk,,,,,,@type | name | logo,no,no,yes,uncertain,,page-L2NvbGxlY3Rpb24vc2VtbWFuamFsLXR1cm1lcmljLWdvbGQta2FuamVldmFyYW0-schema-2 in seo-inventory-raw.json
/collection/semmanjal-turmeric-gold-kanjeevaram,app/(site)/collection/[slug]/page.tsx | lib/seo/json-ld.ts,Organization,root.publisher.@type,From The Trunk,,,,,,@type | name | logo,no,no,yes,uncertain,,page-L2NvbGxlY3Rpb24vc2VtbWFuamFsLXR1cm1lcmljLWdvbGQta2FuamVldmFyYW0-schema-2 in seo-inventory-raw.json
/collection/semmanjal-turmeric-gold-kanjeevaram,app/(site)/collection/[slug]/page.tsx | lib/seo/json-ld.ts,Product,root.@type,Semmanjal kanjivaram,"There is a colour in the Tamil weaving lexicon that holds the warmth of auspicious mornings semmanjal, the deep turmeric yellow that has graced bridal trousseaux and temple offerings for generations. This Kanjivaram silk carries that exact hue: rich, luminous, and steeped in tradition. The body of the saree glows with the unmistakable warmth of pure mulberry silk dyed in shades of haldi gold, a colour that deepens beautifully under natural light.

The zari work speaks of Kanchipuram's finest handloom traditions, with contrast borders and a pallu that anchor the golden expanse with structured elegance. Each motif woven into the silk likely traditional buttis or temple-inspired geometrics reflects the disciplined artistry of weavers who have inherited their craft across generations. The selvedge and the weight of the drape confirm the hallmarks of an authentic Kanchipuram handloom.

This saree appears to be in pre-loved condition, carrying its years with grace. Any subtle signs of wear only speak to the life it has already lived draped for celebrations, folded with care, and now ready to begin a new chapter. At its original value of ₹10,000 and offered here at ₹5,000, it represents not just a beautiful textile but an honest piece of heritage at a remarkable value.",@context | @type | productID | sku | name | description | image | brand | category | additionalProperty | offers | itemCondition | material,@type | price | priceCurrency | availability | url | seller,,,@type | name,no,no,yes,yes,,page-L2NvbGxlY3Rpb24vc2VtbWFuamFsLXR1cm1lcmljLWdvbGQta2FuamVldmFyYW0-schema-3 in seo-inventory-raw.json
/collection/semmanjal-turmeric-gold-kanjeevaram,app/(site)/collection/[slug]/page.tsx | lib/seo/json-ld.ts,Brand,root.brand.@type,Semmanjal kanjivaram,"There is a colour in the Tamil weaving lexicon that holds the warmth of auspicious mornings semmanjal, the deep turmeric yellow that has graced bridal trousseaux and temple offerings for generations. This Kanjivaram silk carries that exact hue: rich, luminous, and steeped in tradition. The body of the saree glows with the unmistakable warmth of pure mulberry silk dyed in shades of haldi gold, a colour that deepens beautifully under natural light.

The zari work speaks of Kanchipuram's finest handloom traditions, with contrast borders and a pallu that anchor the golden expanse with structured elegance. Each motif woven into the silk likely traditional buttis or temple-inspired geometrics reflects the disciplined artistry of weavers who have inherited their craft across generations. The selvedge and the weight of the drape confirm the hallmarks of an authentic Kanchipuram handloom.

This saree appears to be in pre-loved condition, carrying its years with grace. Any subtle signs of wear only speak to the life it has already lived draped for celebrations, folded with care, and now ready to begin a new chapter. At its original value of ₹10,000 and offered here at ₹5,000, it represents not just a beautiful textile but an honest piece of heritage at a remarkable value.",@context | @type | productID | sku | name | description | image | brand | category | additionalProperty | offers | itemCondition | material,@type | price | priceCurrency | availability | url | seller,,,@type | name,no,no,yes,yes,,page-L2NvbGxlY3Rpb24vc2VtbWFuamFsLXR1cm1lcmljLWdvbGQta2FuamVldmFyYW0-schema-3 in seo-inventory-raw.json
/collection/semmanjal-turmeric-gold-kanjeevaram,app/(site)/collection/[slug]/page.tsx | lib/seo/json-ld.ts,PropertyValue,root.additionalProperty[0].@type,Semmanjal kanjivaram,"There is a colour in the Tamil weaving lexicon that holds the warmth of auspicious mornings semmanjal, the deep turmeric yellow that has graced bridal trousseaux and temple offerings for generations. This Kanjivaram silk carries that exact hue: rich, luminous, and steeped in tradition. The body of the saree glows with the unmistakable warmth of pure mulberry silk dyed in shades of haldi gold, a colour that deepens beautifully under natural light.

The zari work speaks of Kanchipuram's finest handloom traditions, with contrast borders and a pallu that anchor the golden expanse with structured elegance. Each motif woven into the silk likely traditional buttis or temple-inspired geometrics reflects the disciplined artistry of weavers who have inherited their craft across generations. The selvedge and the weight of the drape confirm the hallmarks of an authentic Kanchipuram handloom.

This saree appears to be in pre-loved condition, carrying its years with grace. Any subtle signs of wear only speak to the life it has already lived draped for celebrations, folded with care, and now ready to begin a new chapter. At its original value of ₹10,000 and offered here at ₹5,000, it represents not just a beautiful textile but an honest piece of heritage at a remarkable value.",@context | @type | productID | sku | name | description | image | brand | category | additionalProperty | offers | itemCondition | material,@type | price | priceCurrency | availability | url | seller,,,@type | name,no,no,yes,yes,,page-L2NvbGxlY3Rpb24vc2VtbWFuamFsLXR1cm1lcmljLWdvbGQta2FuamVldmFyYW0-schema-3 in seo-inventory-raw.json
/collection/semmanjal-turmeric-gold-kanjeevaram,app/(site)/collection/[slug]/page.tsx | lib/seo/json-ld.ts,PropertyValue,root.additionalProperty[1].@type,Semmanjal kanjivaram,"There is a colour in the Tamil weaving lexicon that holds the warmth of auspicious mornings semmanjal, the deep turmeric yellow that has graced bridal trousseaux and temple offerings for generations. This Kanjivaram silk carries that exact hue: rich, luminous, and steeped in tradition. The body of the saree glows with the unmistakable warmth of pure mulberry silk dyed in shades of haldi gold, a colour that deepens beautifully under natural light.

The zari work speaks of Kanchipuram's finest handloom traditions, with contrast borders and a pallu that anchor the golden expanse with structured elegance. Each motif woven into the silk likely traditional buttis or temple-inspired geometrics reflects the disciplined artistry of weavers who have inherited their craft across generations. The selvedge and the weight of the drape confirm the hallmarks of an authentic Kanchipuram handloom.

This saree appears to be in pre-loved condition, carrying its years with grace. Any subtle signs of wear only speak to the life it has already lived draped for celebrations, folded with care, and now ready to begin a new chapter. At its original value of ₹10,000 and offered here at ₹5,000, it represents not just a beautiful textile but an honest piece of heritage at a remarkable value.",@context | @type | productID | sku | name | description | image | brand | category | additionalProperty | offers | itemCondition | material,@type | price | priceCurrency | availability | url | seller,,,@type | name,no,no,yes,yes,,page-L2NvbGxlY3Rpb24vc2VtbWFuamFsLXR1cm1lcmljLWdvbGQta2FuamVldmFyYW0-schema-3 in seo-inventory-raw.json
/collection/semmanjal-turmeric-gold-kanjeevaram,app/(site)/collection/[slug]/page.tsx | lib/seo/json-ld.ts,PropertyValue,root.additionalProperty[2].@type,Semmanjal kanjivaram,"There is a colour in the Tamil weaving lexicon that holds the warmth of auspicious mornings semmanjal, the deep turmeric yellow that has graced bridal trousseaux and temple offerings for generations. This Kanjivaram silk carries that exact hue: rich, luminous, and steeped in tradition. The body of the saree glows with the unmistakable warmth of pure mulberry silk dyed in shades of haldi gold, a colour that deepens beautifully under natural light.

The zari work speaks of Kanchipuram's finest handloom traditions, with contrast borders and a pallu that anchor the golden expanse with structured elegance. Each motif woven into the silk likely traditional buttis or temple-inspired geometrics reflects the disciplined artistry of weavers who have inherited their craft across generations. The selvedge and the weight of the drape confirm the hallmarks of an authentic Kanchipuram handloom.

This saree appears to be in pre-loved condition, carrying its years with grace. Any subtle signs of wear only speak to the life it has already lived draped for celebrations, folded with care, and now ready to begin a new chapter. At its original value of ₹10,000 and offered here at ₹5,000, it represents not just a beautiful textile but an honest piece of heritage at a remarkable value.",@context | @type | productID | sku | name | description | image | brand | category | additionalProperty | offers | itemCondition | material,@type | price | priceCurrency | availability | url | seller,,,@type | name,no,no,yes,yes,,page-L2NvbGxlY3Rpb24vc2VtbWFuamFsLXR1cm1lcmljLWdvbGQta2FuamVldmFyYW0-schema-3 in seo-inventory-raw.json
/collection/semmanjal-turmeric-gold-kanjeevaram,app/(site)/collection/[slug]/page.tsx | lib/seo/json-ld.ts,Offer,root.offers.@type,Semmanjal kanjivaram,"There is a colour in the Tamil weaving lexicon that holds the warmth of auspicious mornings semmanjal, the deep turmeric yellow that has graced bridal trousseaux and temple offerings for generations. This Kanjivaram silk carries that exact hue: rich, luminous, and steeped in tradition. The body of the saree glows with the unmistakable warmth of pure mulberry silk dyed in shades of haldi gold, a colour that deepens beautifully under natural light.

The zari work speaks of Kanchipuram's finest handloom traditions, with contrast borders and a pallu that anchor the golden expanse with structured elegance. Each motif woven into the silk likely traditional buttis or temple-inspired geometrics reflects the disciplined artistry of weavers who have inherited their craft across generations. The selvedge and the weight of the drape confirm the hallmarks of an authentic Kanchipuram handloom.

This saree appears to be in pre-loved condition, carrying its years with grace. Any subtle signs of wear only speak to the life it has already lived draped for celebrations, folded with care, and now ready to begin a new chapter. At its original value of ₹10,000 and offered here at ₹5,000, it represents not just a beautiful textile but an honest piece of heritage at a remarkable value.",@context | @type | productID | sku | name | description | image | brand | category | additionalProperty | offers | itemCondition | material,@type | price | priceCurrency | availability | url | seller,,,@type | name,no,no,yes,yes,,page-L2NvbGxlY3Rpb24vc2VtbWFuamFsLXR1cm1lcmljLWdvbGQta2FuamVldmFyYW0-schema-3 in seo-inventory-raw.json
/collection/semmanjal-turmeric-gold-kanjeevaram,app/(site)/collection/[slug]/page.tsx | lib/seo/json-ld.ts,Organization,root.offers.seller.@type,Semmanjal kanjivaram,"There is a colour in the Tamil weaving lexicon that holds the warmth of auspicious mornings semmanjal, the deep turmeric yellow that has graced bridal trousseaux and temple offerings for generations. This Kanjivaram silk carries that exact hue: rich, luminous, and steeped in tradition. The body of the saree glows with the unmistakable warmth of pure mulberry silk dyed in shades of haldi gold, a colour that deepens beautifully under natural light.

The zari work speaks of Kanchipuram's finest handloom traditions, with contrast borders and a pallu that anchor the golden expanse with structured elegance. Each motif woven into the silk likely traditional buttis or temple-inspired geometrics reflects the disciplined artistry of weavers who have inherited their craft across generations. The selvedge and the weight of the drape confirm the hallmarks of an authentic Kanchipuram handloom.

This saree appears to be in pre-loved condition, carrying its years with grace. Any subtle signs of wear only speak to the life it has already lived draped for celebrations, folded with care, and now ready to begin a new chapter. At its original value of ₹10,000 and offered here at ₹5,000, it represents not just a beautiful textile but an honest piece of heritage at a remarkable value.",@context | @type | productID | sku | name | description | image | brand | category | additionalProperty | offers | itemCondition | material,@type | price | priceCurrency | availability | url | seller,,,@type | name,no,no,yes,yes,,page-L2NvbGxlY3Rpb24vc2VtbWFuamFsLXR1cm1lcmljLWdvbGQta2FuamVldmFyYW0-schema-3 in seo-inventory-raw.json
/collection/semmanjal-turmeric-gold-kanjeevaram,app/(site)/collection/[slug]/page.tsx | lib/seo/json-ld.ts,BreadcrumbList,root.@type,,,,,@context | @type | itemListElement,,,no,no,yes,uncertain,,page-L2NvbGxlY3Rpb24vc2VtbWFuamFsLXR1cm1lcmljLWdvbGQta2FuamVldmFyYW0-schema-4 in seo-inventory-raw.json
/collection/semmanjal-turmeric-gold-kanjeevaram,app/(site)/collection/[slug]/page.tsx | lib/seo/json-ld.ts,ListItem,root.itemListElement[0].@type,,,,,@context | @type | itemListElement,,,no,no,yes,uncertain,,page-L2NvbGxlY3Rpb24vc2VtbWFuamFsLXR1cm1lcmljLWdvbGQta2FuamVldmFyYW0-schema-4 in seo-inventory-raw.json
/collection/semmanjal-turmeric-gold-kanjeevaram,app/(site)/collection/[slug]/page.tsx | lib/seo/json-ld.ts,ListItem,root.itemListElement[1].@type,,,,,@context | @type | itemListElement,,,no,no,yes,uncertain,,page-L2NvbGxlY3Rpb24vc2VtbWFuamFsLXR1cm1lcmljLWdvbGQta2FuamVldmFyYW0-schema-4 in seo-inventory-raw.json
/collection/semmanjal-turmeric-gold-kanjeevaram,app/(site)/collection/[slug]/page.tsx | lib/seo/json-ld.ts,ListItem,root.itemListElement[2].@type,,,,,@context | @type | itemListElement,,,no,no,yes,uncertain,,page-L2NvbGxlY3Rpb24vc2VtbWFuamFsLXR1cm1lcmljLWdvbGQta2FuamVldmFyYW0-schema-4 in seo-inventory-raw.json
/collection/thangam-golden-weave-kanjivaram,app/(site)/collection/[slug]/page.tsx | lib/seo/json-ld.ts,OnlineStore,root.@type,From The Trunk,"Curated collection of authenticated, pre-loved luxury sarees with provenance.",,,,,@context | @type | name | url | logo | email | sameAs | description | contactPoint,no,no,yes,uncertain,,page-L2NvbGxlY3Rpb24vdGhhbmdhbS1nb2xkZW4td2VhdmUta2Fuaml2YXJhbQ-schema-1 in seo-inventory-raw.json
/collection/thangam-golden-weave-kanjivaram,app/(site)/collection/[slug]/page.tsx | lib/seo/json-ld.ts,ContactPoint,root.contactPoint.@type,From The Trunk,"Curated collection of authenticated, pre-loved luxury sarees with provenance.",,,,,@context | @type | name | url | logo | email | sameAs | description | contactPoint,no,no,yes,uncertain,,page-L2NvbGxlY3Rpb24vdGhhbmdhbS1nb2xkZW4td2VhdmUta2Fuaml2YXJhbQ-schema-1 in seo-inventory-raw.json
/collection/thangam-golden-weave-kanjivaram,app/(site)/collection/[slug]/page.tsx | lib/seo/json-ld.ts,WebSite,root.@type,From The Trunk,,,,,,@type | name | logo,no,no,yes,uncertain,,page-L2NvbGxlY3Rpb24vdGhhbmdhbS1nb2xkZW4td2VhdmUta2Fuaml2YXJhbQ-schema-2 in seo-inventory-raw.json
/collection/thangam-golden-weave-kanjivaram,app/(site)/collection/[slug]/page.tsx | lib/seo/json-ld.ts,Organization,root.publisher.@type,From The Trunk,,,,,,@type | name | logo,no,no,yes,uncertain,,page-L2NvbGxlY3Rpb24vdGhhbmdhbS1nb2xkZW4td2VhdmUta2Fuaml2YXJhbQ-schema-2 in seo-inventory-raw.json
/collection/thangam-golden-weave-kanjivaram,app/(site)/collection/[slug]/page.tsx | lib/seo/json-ld.ts,Product,root.@type,Thangam Golden Weave Kanjivaram,"There is a reason the old Tamil word for gold became a name whispered with affection Thangam, the precious one. The saree speaks the unmistakable language of traditional South Indian weaving: a rich, luminous body complemented by contrast borders that frame the drape with architectural precision.

The pallu is where this piece truly announces itself, a generous expanse of zari work featuring classic temple or floral motifs, the kind that catch light and memory in equal measure. The selvedge is intact, the weave tight and assured, hallmarks of a saree made with patience on a pitloom rather than haste on a powerloom. Every inch reflects the discipline of a craft that treats silk not as fabric, but as a canvas for devotion.

Priced at a fraction of its original value, this Thangam is a rare opportunity to own a piece of Kanchipuram's living heritage. Whether draped for a wedding, a temple visit, or simply to honour the art of handloom, it carries the weight  both literal and emotional  of something made to last lifetimes. Minor signs of a previous life, if any, only confirm its authenticity as a saree that has already been loved.",@context | @type | productID | sku | name | description | image | brand | category | additionalProperty | offers | itemCondition | material,@type | price | priceCurrency | availability | url | seller,,,@type | name,no,no,yes,yes,,page-L2NvbGxlY3Rpb24vdGhhbmdhbS1nb2xkZW4td2VhdmUta2Fuaml2YXJhbQ-schema-3 in seo-inventory-raw.json
/collection/thangam-golden-weave-kanjivaram,app/(site)/collection/[slug]/page.tsx | lib/seo/json-ld.ts,Brand,root.brand.@type,Thangam Golden Weave Kanjivaram,"There is a reason the old Tamil word for gold became a name whispered with affection Thangam, the precious one. The saree speaks the unmistakable language of traditional South Indian weaving: a rich, luminous body complemented by contrast borders that frame the drape with architectural precision.

The pallu is where this piece truly announces itself, a generous expanse of zari work featuring classic temple or floral motifs, the kind that catch light and memory in equal measure. The selvedge is intact, the weave tight and assured, hallmarks of a saree made with patience on a pitloom rather than haste on a powerloom. Every inch reflects the discipline of a craft that treats silk not as fabric, but as a canvas for devotion.

Priced at a fraction of its original value, this Thangam is a rare opportunity to own a piece of Kanchipuram's living heritage. Whether draped for a wedding, a temple visit, or simply to honour the art of handloom, it carries the weight  both literal and emotional  of something made to last lifetimes. Minor signs of a previous life, if any, only confirm its authenticity as a saree that has already been loved.",@context | @type | productID | sku | name | description | image | brand | category | additionalProperty | offers | itemCondition | material,@type | price | priceCurrency | availability | url | seller,,,@type | name,no,no,yes,yes,,page-L2NvbGxlY3Rpb24vdGhhbmdhbS1nb2xkZW4td2VhdmUta2Fuaml2YXJhbQ-schema-3 in seo-inventory-raw.json
/collection/thangam-golden-weave-kanjivaram,app/(site)/collection/[slug]/page.tsx | lib/seo/json-ld.ts,PropertyValue,root.additionalProperty[0].@type,Thangam Golden Weave Kanjivaram,"There is a reason the old Tamil word for gold became a name whispered with affection Thangam, the precious one. The saree speaks the unmistakable language of traditional South Indian weaving: a rich, luminous body complemented by contrast borders that frame the drape with architectural precision.

The pallu is where this piece truly announces itself, a generous expanse of zari work featuring classic temple or floral motifs, the kind that catch light and memory in equal measure. The selvedge is intact, the weave tight and assured, hallmarks of a saree made with patience on a pitloom rather than haste on a powerloom. Every inch reflects the discipline of a craft that treats silk not as fabric, but as a canvas for devotion.

Priced at a fraction of its original value, this Thangam is a rare opportunity to own a piece of Kanchipuram's living heritage. Whether draped for a wedding, a temple visit, or simply to honour the art of handloom, it carries the weight  both literal and emotional  of something made to last lifetimes. Minor signs of a previous life, if any, only confirm its authenticity as a saree that has already been loved.",@context | @type | productID | sku | name | description | image | brand | category | additionalProperty | offers | itemCondition | material,@type | price | priceCurrency | availability | url | seller,,,@type | name,no,no,yes,yes,,page-L2NvbGxlY3Rpb24vdGhhbmdhbS1nb2xkZW4td2VhdmUta2Fuaml2YXJhbQ-schema-3 in seo-inventory-raw.json
/collection/thangam-golden-weave-kanjivaram,app/(site)/collection/[slug]/page.tsx | lib/seo/json-ld.ts,PropertyValue,root.additionalProperty[1].@type,Thangam Golden Weave Kanjivaram,"There is a reason the old Tamil word for gold became a name whispered with affection Thangam, the precious one. The saree speaks the unmistakable language of traditional South Indian weaving: a rich, luminous body complemented by contrast borders that frame the drape with architectural precision.

The pallu is where this piece truly announces itself, a generous expanse of zari work featuring classic temple or floral motifs, the kind that catch light and memory in equal measure. The selvedge is intact, the weave tight and assured, hallmarks of a saree made with patience on a pitloom rather than haste on a powerloom. Every inch reflects the discipline of a craft that treats silk not as fabric, but as a canvas for devotion.

Priced at a fraction of its original value, this Thangam is a rare opportunity to own a piece of Kanchipuram's living heritage. Whether draped for a wedding, a temple visit, or simply to honour the art of handloom, it carries the weight  both literal and emotional  of something made to last lifetimes. Minor signs of a previous life, if any, only confirm its authenticity as a saree that has already been loved.",@context | @type | productID | sku | name | description | image | brand | category | additionalProperty | offers | itemCondition | material,@type | price | priceCurrency | availability | url | seller,,,@type | name,no,no,yes,yes,,page-L2NvbGxlY3Rpb24vdGhhbmdhbS1nb2xkZW4td2VhdmUta2Fuaml2YXJhbQ-schema-3 in seo-inventory-raw.json
/collection/thangam-golden-weave-kanjivaram,app/(site)/collection/[slug]/page.tsx | lib/seo/json-ld.ts,PropertyValue,root.additionalProperty[2].@type,Thangam Golden Weave Kanjivaram,"There is a reason the old Tamil word for gold became a name whispered with affection Thangam, the precious one. The saree speaks the unmistakable language of traditional South Indian weaving: a rich, luminous body complemented by contrast borders that frame the drape with architectural precision.

The pallu is where this piece truly announces itself, a generous expanse of zari work featuring classic temple or floral motifs, the kind that catch light and memory in equal measure. The selvedge is intact, the weave tight and assured, hallmarks of a saree made with patience on a pitloom rather than haste on a powerloom. Every inch reflects the discipline of a craft that treats silk not as fabric, but as a canvas for devotion.

Priced at a fraction of its original value, this Thangam is a rare opportunity to own a piece of Kanchipuram's living heritage. Whether draped for a wedding, a temple visit, or simply to honour the art of handloom, it carries the weight  both literal and emotional  of something made to last lifetimes. Minor signs of a previous life, if any, only confirm its authenticity as a saree that has already been loved.",@context | @type | productID | sku | name | description | image | brand | category | additionalProperty | offers | itemCondition | material,@type | price | priceCurrency | availability | url | seller,,,@type | name,no,no,yes,yes,,page-L2NvbGxlY3Rpb24vdGhhbmdhbS1nb2xkZW4td2VhdmUta2Fuaml2YXJhbQ-schema-3 in seo-inventory-raw.json
/collection/thangam-golden-weave-kanjivaram,app/(site)/collection/[slug]/page.tsx | lib/seo/json-ld.ts,Offer,root.offers.@type,Thangam Golden Weave Kanjivaram,"There is a reason the old Tamil word for gold became a name whispered with affection Thangam, the precious one. The saree speaks the unmistakable language of traditional South Indian weaving: a rich, luminous body complemented by contrast borders that frame the drape with architectural precision.

The pallu is where this piece truly announces itself, a generous expanse of zari work featuring classic temple or floral motifs, the kind that catch light and memory in equal measure. The selvedge is intact, the weave tight and assured, hallmarks of a saree made with patience on a pitloom rather than haste on a powerloom. Every inch reflects the discipline of a craft that treats silk not as fabric, but as a canvas for devotion.

Priced at a fraction of its original value, this Thangam is a rare opportunity to own a piece of Kanchipuram's living heritage. Whether draped for a wedding, a temple visit, or simply to honour the art of handloom, it carries the weight  both literal and emotional  of something made to last lifetimes. Minor signs of a previous life, if any, only confirm its authenticity as a saree that has already been loved.",@context | @type | productID | sku | name | description | image | brand | category | additionalProperty | offers | itemCondition | material,@type | price | priceCurrency | availability | url | seller,,,@type | name,no,no,yes,yes,,page-L2NvbGxlY3Rpb24vdGhhbmdhbS1nb2xkZW4td2VhdmUta2Fuaml2YXJhbQ-schema-3 in seo-inventory-raw.json
/collection/thangam-golden-weave-kanjivaram,app/(site)/collection/[slug]/page.tsx | lib/seo/json-ld.ts,Organization,root.offers.seller.@type,Thangam Golden Weave Kanjivaram,"There is a reason the old Tamil word for gold became a name whispered with affection Thangam, the precious one. The saree speaks the unmistakable language of traditional South Indian weaving: a rich, luminous body complemented by contrast borders that frame the drape with architectural precision.

The pallu is where this piece truly announces itself, a generous expanse of zari work featuring classic temple or floral motifs, the kind that catch light and memory in equal measure. The selvedge is intact, the weave tight and assured, hallmarks of a saree made with patience on a pitloom rather than haste on a powerloom. Every inch reflects the discipline of a craft that treats silk not as fabric, but as a canvas for devotion.

Priced at a fraction of its original value, this Thangam is a rare opportunity to own a piece of Kanchipuram's living heritage. Whether draped for a wedding, a temple visit, or simply to honour the art of handloom, it carries the weight  both literal and emotional  of something made to last lifetimes. Minor signs of a previous life, if any, only confirm its authenticity as a saree that has already been loved.",@context | @type | productID | sku | name | description | image | brand | category | additionalProperty | offers | itemCondition | material,@type | price | priceCurrency | availability | url | seller,,,@type | name,no,no,yes,yes,,page-L2NvbGxlY3Rpb24vdGhhbmdhbS1nb2xkZW4td2VhdmUta2Fuaml2YXJhbQ-schema-3 in seo-inventory-raw.json
/collection/thangam-golden-weave-kanjivaram,app/(site)/collection/[slug]/page.tsx | lib/seo/json-ld.ts,BreadcrumbList,root.@type,,,,,@context | @type | itemListElement,,,no,no,yes,uncertain,,page-L2NvbGxlY3Rpb24vdGhhbmdhbS1nb2xkZW4td2VhdmUta2Fuaml2YXJhbQ-schema-4 in seo-inventory-raw.json
/collection/thangam-golden-weave-kanjivaram,app/(site)/collection/[slug]/page.tsx | lib/seo/json-ld.ts,ListItem,root.itemListElement[0].@type,,,,,@context | @type | itemListElement,,,no,no,yes,uncertain,,page-L2NvbGxlY3Rpb24vdGhhbmdhbS1nb2xkZW4td2VhdmUta2Fuaml2YXJhbQ-schema-4 in seo-inventory-raw.json
/collection/thangam-golden-weave-kanjivaram,app/(site)/collection/[slug]/page.tsx | lib/seo/json-ld.ts,ListItem,root.itemListElement[1].@type,,,,,@context | @type | itemListElement,,,no,no,yes,uncertain,,page-L2NvbGxlY3Rpb24vdGhhbmdhbS1nb2xkZW4td2VhdmUta2Fuaml2YXJhbQ-schema-4 in seo-inventory-raw.json
/collection/thangam-golden-weave-kanjivaram,app/(site)/collection/[slug]/page.tsx | lib/seo/json-ld.ts,ListItem,root.itemListElement[2].@type,,,,,@context | @type | itemListElement,,,no,no,yes,uncertain,,page-L2NvbGxlY3Rpb24vdGhhbmdhbS1nb2xkZW4td2VhdmUta2Fuaml2YXJhbQ-schema-4 in seo-inventory-raw.json
/collection/violet-bloom-cotton-drape,app/(site)/collection/[slug]/page.tsx | lib/seo/json-ld.ts,OnlineStore,root.@type,From The Trunk,"Curated collection of authenticated, pre-loved luxury sarees with provenance.",,,,,@context | @type | name | url | logo | email | sameAs | description | contactPoint,no,no,yes,uncertain,,page-L2NvbGxlY3Rpb24vdmlvbGV0LWJsb29tLWNvdHRvbi1kcmFwZQ-schema-1 in seo-inventory-raw.json
/collection/violet-bloom-cotton-drape,app/(site)/collection/[slug]/page.tsx | lib/seo/json-ld.ts,ContactPoint,root.contactPoint.@type,From The Trunk,"Curated collection of authenticated, pre-loved luxury sarees with provenance.",,,,,@context | @type | name | url | logo | email | sameAs | description | contactPoint,no,no,yes,uncertain,,page-L2NvbGxlY3Rpb24vdmlvbGV0LWJsb29tLWNvdHRvbi1kcmFwZQ-schema-1 in seo-inventory-raw.json
/collection/violet-bloom-cotton-drape,app/(site)/collection/[slug]/page.tsx | lib/seo/json-ld.ts,WebSite,root.@type,From The Trunk,,,,,,@type | name | logo,no,no,yes,uncertain,,page-L2NvbGxlY3Rpb24vdmlvbGV0LWJsb29tLWNvdHRvbi1kcmFwZQ-schema-2 in seo-inventory-raw.json
/collection/violet-bloom-cotton-drape,app/(site)/collection/[slug]/page.tsx | lib/seo/json-ld.ts,Organization,root.publisher.@type,From The Trunk,,,,,,@type | name | logo,no,no,yes,uncertain,,page-L2NvbGxlY3Rpb24vdmlvbGV0LWJsb29tLWNvdHRvbi1kcmFwZQ-schema-2 in seo-inventory-raw.json
/collection/violet-bloom-cotton-drape,app/(site)/collection/[slug]/page.tsx | lib/seo/json-ld.ts,Product,root.@type,Violet Bloom Cotton Drape,"The blue border arrives as a gentle surprise, a cooler tone that does not clash but converses, edged with flowers that feel hand-drawn rather than mechanical. These are not the bold, ceremonial motifs of a bridal loom but something more intimate: small blooms that repeat along the selvedge with the easy rhythm of a daily practice, like the act of drawing a kolam at the threshold each morning. Cotton of this quality has a particular honesty about it. It softens with washing, deepens in character with wear, and holds the shape of the body that chooses it.
Violet Cotton Beauty is a saree for the woman who knows that grace does not require silk. It asks only to be worn, to move, to be part of a day worth remembering.",@context | @type | productID | sku | name | description | image | brand | category | additionalProperty | offers | itemCondition | material,@type | price | priceCurrency | availability | url | seller,,,@type | name,no,no,yes,yes,,page-L2NvbGxlY3Rpb24vdmlvbGV0LWJsb29tLWNvdHRvbi1kcmFwZQ-schema-3 in seo-inventory-raw.json
/collection/violet-bloom-cotton-drape,app/(site)/collection/[slug]/page.tsx | lib/seo/json-ld.ts,Brand,root.brand.@type,Violet Bloom Cotton Drape,"The blue border arrives as a gentle surprise, a cooler tone that does not clash but converses, edged with flowers that feel hand-drawn rather than mechanical. These are not the bold, ceremonial motifs of a bridal loom but something more intimate: small blooms that repeat along the selvedge with the easy rhythm of a daily practice, like the act of drawing a kolam at the threshold each morning. Cotton of this quality has a particular honesty about it. It softens with washing, deepens in character with wear, and holds the shape of the body that chooses it.
Violet Cotton Beauty is a saree for the woman who knows that grace does not require silk. It asks only to be worn, to move, to be part of a day worth remembering.",@context | @type | productID | sku | name | description | image | brand | category | additionalProperty | offers | itemCondition | material,@type | price | priceCurrency | availability | url | seller,,,@type | name,no,no,yes,yes,,page-L2NvbGxlY3Rpb24vdmlvbGV0LWJsb29tLWNvdHRvbi1kcmFwZQ-schema-3 in seo-inventory-raw.json
/collection/violet-bloom-cotton-drape,app/(site)/collection/[slug]/page.tsx | lib/seo/json-ld.ts,PropertyValue,root.additionalProperty[0].@type,Violet Bloom Cotton Drape,"The blue border arrives as a gentle surprise, a cooler tone that does not clash but converses, edged with flowers that feel hand-drawn rather than mechanical. These are not the bold, ceremonial motifs of a bridal loom but something more intimate: small blooms that repeat along the selvedge with the easy rhythm of a daily practice, like the act of drawing a kolam at the threshold each morning. Cotton of this quality has a particular honesty about it. It softens with washing, deepens in character with wear, and holds the shape of the body that chooses it.
Violet Cotton Beauty is a saree for the woman who knows that grace does not require silk. It asks only to be worn, to move, to be part of a day worth remembering.",@context | @type | productID | sku | name | description | image | brand | category | additionalProperty | offers | itemCondition | material,@type | price | priceCurrency | availability | url | seller,,,@type | name,no,no,yes,yes,,page-L2NvbGxlY3Rpb24vdmlvbGV0LWJsb29tLWNvdHRvbi1kcmFwZQ-schema-3 in seo-inventory-raw.json
/collection/violet-bloom-cotton-drape,app/(site)/collection/[slug]/page.tsx | lib/seo/json-ld.ts,PropertyValue,root.additionalProperty[1].@type,Violet Bloom Cotton Drape,"The blue border arrives as a gentle surprise, a cooler tone that does not clash but converses, edged with flowers that feel hand-drawn rather than mechanical. These are not the bold, ceremonial motifs of a bridal loom but something more intimate: small blooms that repeat along the selvedge with the easy rhythm of a daily practice, like the act of drawing a kolam at the threshold each morning. Cotton of this quality has a particular honesty about it. It softens with washing, deepens in character with wear, and holds the shape of the body that chooses it.
Violet Cotton Beauty is a saree for the woman who knows that grace does not require silk. It asks only to be worn, to move, to be part of a day worth remembering.",@context | @type | productID | sku | name | description | image | brand | category | additionalProperty | offers | itemCondition | material,@type | price | priceCurrency | availability | url | seller,,,@type | name,no,no,yes,yes,,page-L2NvbGxlY3Rpb24vdmlvbGV0LWJsb29tLWNvdHRvbi1kcmFwZQ-schema-3 in seo-inventory-raw.json
/collection/violet-bloom-cotton-drape,app/(site)/collection/[slug]/page.tsx | lib/seo/json-ld.ts,Offer,root.offers.@type,Violet Bloom Cotton Drape,"The blue border arrives as a gentle surprise, a cooler tone that does not clash but converses, edged with flowers that feel hand-drawn rather than mechanical. These are not the bold, ceremonial motifs of a bridal loom but something more intimate: small blooms that repeat along the selvedge with the easy rhythm of a daily practice, like the act of drawing a kolam at the threshold each morning. Cotton of this quality has a particular honesty about it. It softens with washing, deepens in character with wear, and holds the shape of the body that chooses it.
Violet Cotton Beauty is a saree for the woman who knows that grace does not require silk. It asks only to be worn, to move, to be part of a day worth remembering.",@context | @type | productID | sku | name | description | image | brand | category | additionalProperty | offers | itemCondition | material,@type | price | priceCurrency | availability | url | seller,,,@type | name,no,no,yes,yes,,page-L2NvbGxlY3Rpb24vdmlvbGV0LWJsb29tLWNvdHRvbi1kcmFwZQ-schema-3 in seo-inventory-raw.json
/collection/violet-bloom-cotton-drape,app/(site)/collection/[slug]/page.tsx | lib/seo/json-ld.ts,Organization,root.offers.seller.@type,Violet Bloom Cotton Drape,"The blue border arrives as a gentle surprise, a cooler tone that does not clash but converses, edged with flowers that feel hand-drawn rather than mechanical. These are not the bold, ceremonial motifs of a bridal loom but something more intimate: small blooms that repeat along the selvedge with the easy rhythm of a daily practice, like the act of drawing a kolam at the threshold each morning. Cotton of this quality has a particular honesty about it. It softens with washing, deepens in character with wear, and holds the shape of the body that chooses it.
Violet Cotton Beauty is a saree for the woman who knows that grace does not require silk. It asks only to be worn, to move, to be part of a day worth remembering.",@context | @type | productID | sku | name | description | image | brand | category | additionalProperty | offers | itemCondition | material,@type | price | priceCurrency | availability | url | seller,,,@type | name,no,no,yes,yes,,page-L2NvbGxlY3Rpb24vdmlvbGV0LWJsb29tLWNvdHRvbi1kcmFwZQ-schema-3 in seo-inventory-raw.json
/collection/violet-bloom-cotton-drape,app/(site)/collection/[slug]/page.tsx | lib/seo/json-ld.ts,BreadcrumbList,root.@type,,,,,@context | @type | itemListElement,,,no,no,yes,uncertain,,page-L2NvbGxlY3Rpb24vdmlvbGV0LWJsb29tLWNvdHRvbi1kcmFwZQ-schema-4 in seo-inventory-raw.json
/collection/violet-bloom-cotton-drape,app/(site)/collection/[slug]/page.tsx | lib/seo/json-ld.ts,ListItem,root.itemListElement[0].@type,,,,,@context | @type | itemListElement,,,no,no,yes,uncertain,,page-L2NvbGxlY3Rpb24vdmlvbGV0LWJsb29tLWNvdHRvbi1kcmFwZQ-schema-4 in seo-inventory-raw.json
/collection/violet-bloom-cotton-drape,app/(site)/collection/[slug]/page.tsx | lib/seo/json-ld.ts,ListItem,root.itemListElement[1].@type,,,,,@context | @type | itemListElement,,,no,no,yes,uncertain,,page-L2NvbGxlY3Rpb24vdmlvbGV0LWJsb29tLWNvdHRvbi1kcmFwZQ-schema-4 in seo-inventory-raw.json
/collection/violet-bloom-cotton-drape,app/(site)/collection/[slug]/page.tsx | lib/seo/json-ld.ts,ListItem,root.itemListElement[2].@type,,,,,@context | @type | itemListElement,,,no,no,yes,uncertain,,page-L2NvbGxlY3Rpb24vdmlvbGV0LWJsb29tLWNvdHRvbi1kcmFwZQ-schema-4 in seo-inventory-raw.json
/collection/moss-green-lightweight-silk-selai,app/(site)/collection/[slug]/page.tsx | lib/seo/json-ld.ts,OnlineStore,root.@type,From The Trunk,"Curated collection of authenticated, pre-loved luxury sarees with provenance.",,,,,@context | @type | name | url | logo | email | sameAs | description | contactPoint,no,no,yes,uncertain,,page-L2NvbGxlY3Rpb24vbW9zcy1ncmVlbi1saWdodHdlaWdodC1zaWxrLXNlbGFp-schema-1 in seo-inventory-raw.json
/collection/moss-green-lightweight-silk-selai,app/(site)/collection/[slug]/page.tsx | lib/seo/json-ld.ts,ContactPoint,root.contactPoint.@type,From The Trunk,"Curated collection of authenticated, pre-loved luxury sarees with provenance.",,,,,@context | @type | name | url | logo | email | sameAs | description | contactPoint,no,no,yes,uncertain,,page-L2NvbGxlY3Rpb24vbW9zcy1ncmVlbi1saWdodHdlaWdodC1zaWxrLXNlbGFp-schema-1 in seo-inventory-raw.json
/collection/moss-green-lightweight-silk-selai,app/(site)/collection/[slug]/page.tsx | lib/seo/json-ld.ts,WebSite,root.@type,From The Trunk,,,,,,@type | name | logo,no,no,yes,uncertain,,page-L2NvbGxlY3Rpb24vbW9zcy1ncmVlbi1saWdodHdlaWdodC1zaWxrLXNlbGFp-schema-2 in seo-inventory-raw.json
/collection/moss-green-lightweight-silk-selai,app/(site)/collection/[slug]/page.tsx | lib/seo/json-ld.ts,Organization,root.publisher.@type,From The Trunk,,,,,,@type | name | logo,no,no,yes,uncertain,,page-L2NvbGxlY3Rpb24vbW9zcy1ncmVlbi1saWdodHdlaWdodC1zaWxrLXNlbGFp-schema-2 in seo-inventory-raw.json
/collection/moss-green-lightweight-silk-selai,app/(site)/collection/[slug]/page.tsx | lib/seo/json-ld.ts,Product,root.@type,Soft Girl Selai Green,"There is a particular shade of green that belongs not to emeralds or forests, but to the first tender leaves of monsoon  gentle, unhurried, alive. This soft silk selai carries that very colour in its warp and weft, a green that feels whispered rather than declared. Light enough to float through a warm afternoon, yet woven with the quiet assurance that only handloom silk possesses.

The selai a style cherished for its ease of drape and everyday elegance finds beautiful expression here. The silk is fine and breathable, with a subtle hand-feel that speaks of quality yarn and patient craftsmanship. Its body is supple rather than stiff, making it the kind of saree one reaches for instinctively, whether for a morning pooja or an intimate gathering. The pallu and borders appear to carry understated detailing, allowing the luminous green to remain the undisputed star.

This piece appears to be in lovely pre-loved condition, carrying the softness that comes only from having been worn and cared for.",@context | @type | productID | sku | name | description | image | brand | category | additionalProperty | offers | itemCondition | material,@type | price | priceCurrency | availability | url | seller,,,@type | name,no,no,yes,yes,,page-L2NvbGxlY3Rpb24vbW9zcy1ncmVlbi1saWdodHdlaWdodC1zaWxrLXNlbGFp-schema-3 in seo-inventory-raw.json
/collection/moss-green-lightweight-silk-selai,app/(site)/collection/[slug]/page.tsx | lib/seo/json-ld.ts,Brand,root.brand.@type,Soft Girl Selai Green,"There is a particular shade of green that belongs not to emeralds or forests, but to the first tender leaves of monsoon  gentle, unhurried, alive. This soft silk selai carries that very colour in its warp and weft, a green that feels whispered rather than declared. Light enough to float through a warm afternoon, yet woven with the quiet assurance that only handloom silk possesses.

The selai a style cherished for its ease of drape and everyday elegance finds beautiful expression here. The silk is fine and breathable, with a subtle hand-feel that speaks of quality yarn and patient craftsmanship. Its body is supple rather than stiff, making it the kind of saree one reaches for instinctively, whether for a morning pooja or an intimate gathering. The pallu and borders appear to carry understated detailing, allowing the luminous green to remain the undisputed star.

This piece appears to be in lovely pre-loved condition, carrying the softness that comes only from having been worn and cared for.",@context | @type | productID | sku | name | description | image | brand | category | additionalProperty | offers | itemCondition | material,@type | price | priceCurrency | availability | url | seller,,,@type | name,no,no,yes,yes,,page-L2NvbGxlY3Rpb24vbW9zcy1ncmVlbi1saWdodHdlaWdodC1zaWxrLXNlbGFp-schema-3 in seo-inventory-raw.json
/collection/moss-green-lightweight-silk-selai,app/(site)/collection/[slug]/page.tsx | lib/seo/json-ld.ts,PropertyValue,root.additionalProperty[0].@type,Soft Girl Selai Green,"There is a particular shade of green that belongs not to emeralds or forests, but to the first tender leaves of monsoon  gentle, unhurried, alive. This soft silk selai carries that very colour in its warp and weft, a green that feels whispered rather than declared. Light enough to float through a warm afternoon, yet woven with the quiet assurance that only handloom silk possesses.

The selai a style cherished for its ease of drape and everyday elegance finds beautiful expression here. The silk is fine and breathable, with a subtle hand-feel that speaks of quality yarn and patient craftsmanship. Its body is supple rather than stiff, making it the kind of saree one reaches for instinctively, whether for a morning pooja or an intimate gathering. The pallu and borders appear to carry understated detailing, allowing the luminous green to remain the undisputed star.

This piece appears to be in lovely pre-loved condition, carrying the softness that comes only from having been worn and cared for.",@context | @type | productID | sku | name | description | image | brand | category | additionalProperty | offers | itemCondition | material,@type | price | priceCurrency | availability | url | seller,,,@type | name,no,no,yes,yes,,page-L2NvbGxlY3Rpb24vbW9zcy1ncmVlbi1saWdodHdlaWdodC1zaWxrLXNlbGFp-schema-3 in seo-inventory-raw.json
/collection/moss-green-lightweight-silk-selai,app/(site)/collection/[slug]/page.tsx | lib/seo/json-ld.ts,PropertyValue,root.additionalProperty[1].@type,Soft Girl Selai Green,"There is a particular shade of green that belongs not to emeralds or forests, but to the first tender leaves of monsoon  gentle, unhurried, alive. This soft silk selai carries that very colour in its warp and weft, a green that feels whispered rather than declared. Light enough to float through a warm afternoon, yet woven with the quiet assurance that only handloom silk possesses.

The selai a style cherished for its ease of drape and everyday elegance finds beautiful expression here. The silk is fine and breathable, with a subtle hand-feel that speaks of quality yarn and patient craftsmanship. Its body is supple rather than stiff, making it the kind of saree one reaches for instinctively, whether for a morning pooja or an intimate gathering. The pallu and borders appear to carry understated detailing, allowing the luminous green to remain the undisputed star.

This piece appears to be in lovely pre-loved condition, carrying the softness that comes only from having been worn and cared for.",@context | @type | productID | sku | name | description | image | brand | category | additionalProperty | offers | itemCondition | material,@type | price | priceCurrency | availability | url | seller,,,@type | name,no,no,yes,yes,,page-L2NvbGxlY3Rpb24vbW9zcy1ncmVlbi1saWdodHdlaWdodC1zaWxrLXNlbGFp-schema-3 in seo-inventory-raw.json
/collection/moss-green-lightweight-silk-selai,app/(site)/collection/[slug]/page.tsx | lib/seo/json-ld.ts,PropertyValue,root.additionalProperty[2].@type,Soft Girl Selai Green,"There is a particular shade of green that belongs not to emeralds or forests, but to the first tender leaves of monsoon  gentle, unhurried, alive. This soft silk selai carries that very colour in its warp and weft, a green that feels whispered rather than declared. Light enough to float through a warm afternoon, yet woven with the quiet assurance that only handloom silk possesses.

The selai a style cherished for its ease of drape and everyday elegance finds beautiful expression here. The silk is fine and breathable, with a subtle hand-feel that speaks of quality yarn and patient craftsmanship. Its body is supple rather than stiff, making it the kind of saree one reaches for instinctively, whether for a morning pooja or an intimate gathering. The pallu and borders appear to carry understated detailing, allowing the luminous green to remain the undisputed star.

This piece appears to be in lovely pre-loved condition, carrying the softness that comes only from having been worn and cared for.",@context | @type | productID | sku | name | description | image | brand | category | additionalProperty | offers | itemCondition | material,@type | price | priceCurrency | availability | url | seller,,,@type | name,no,no,yes,yes,,page-L2NvbGxlY3Rpb24vbW9zcy1ncmVlbi1saWdodHdlaWdodC1zaWxrLXNlbGFp-schema-3 in seo-inventory-raw.json
/collection/moss-green-lightweight-silk-selai,app/(site)/collection/[slug]/page.tsx | lib/seo/json-ld.ts,Offer,root.offers.@type,Soft Girl Selai Green,"There is a particular shade of green that belongs not to emeralds or forests, but to the first tender leaves of monsoon  gentle, unhurried, alive. This soft silk selai carries that very colour in its warp and weft, a green that feels whispered rather than declared. Light enough to float through a warm afternoon, yet woven with the quiet assurance that only handloom silk possesses.

The selai a style cherished for its ease of drape and everyday elegance finds beautiful expression here. The silk is fine and breathable, with a subtle hand-feel that speaks of quality yarn and patient craftsmanship. Its body is supple rather than stiff, making it the kind of saree one reaches for instinctively, whether for a morning pooja or an intimate gathering. The pallu and borders appear to carry understated detailing, allowing the luminous green to remain the undisputed star.

This piece appears to be in lovely pre-loved condition, carrying the softness that comes only from having been worn and cared for.",@context | @type | productID | sku | name | description | image | brand | category | additionalProperty | offers | itemCondition | material,@type | price | priceCurrency | availability | url | seller,,,@type | name,no,no,yes,yes,,page-L2NvbGxlY3Rpb24vbW9zcy1ncmVlbi1saWdodHdlaWdodC1zaWxrLXNlbGFp-schema-3 in seo-inventory-raw.json
/collection/moss-green-lightweight-silk-selai,app/(site)/collection/[slug]/page.tsx | lib/seo/json-ld.ts,Organization,root.offers.seller.@type,Soft Girl Selai Green,"There is a particular shade of green that belongs not to emeralds or forests, but to the first tender leaves of monsoon  gentle, unhurried, alive. This soft silk selai carries that very colour in its warp and weft, a green that feels whispered rather than declared. Light enough to float through a warm afternoon, yet woven with the quiet assurance that only handloom silk possesses.

The selai a style cherished for its ease of drape and everyday elegance finds beautiful expression here. The silk is fine and breathable, with a subtle hand-feel that speaks of quality yarn and patient craftsmanship. Its body is supple rather than stiff, making it the kind of saree one reaches for instinctively, whether for a morning pooja or an intimate gathering. The pallu and borders appear to carry understated detailing, allowing the luminous green to remain the undisputed star.

This piece appears to be in lovely pre-loved condition, carrying the softness that comes only from having been worn and cared for.",@context | @type | productID | sku | name | description | image | brand | category | additionalProperty | offers | itemCondition | material,@type | price | priceCurrency | availability | url | seller,,,@type | name,no,no,yes,yes,,page-L2NvbGxlY3Rpb24vbW9zcy1ncmVlbi1saWdodHdlaWdodC1zaWxrLXNlbGFp-schema-3 in seo-inventory-raw.json
/collection/moss-green-lightweight-silk-selai,app/(site)/collection/[slug]/page.tsx | lib/seo/json-ld.ts,BreadcrumbList,root.@type,,,,,@context | @type | itemListElement,,,no,no,yes,uncertain,,page-L2NvbGxlY3Rpb24vbW9zcy1ncmVlbi1saWdodHdlaWdodC1zaWxrLXNlbGFp-schema-4 in seo-inventory-raw.json
/collection/moss-green-lightweight-silk-selai,app/(site)/collection/[slug]/page.tsx | lib/seo/json-ld.ts,ListItem,root.itemListElement[0].@type,,,,,@context | @type | itemListElement,,,no,no,yes,uncertain,,page-L2NvbGxlY3Rpb24vbW9zcy1ncmVlbi1saWdodHdlaWdodC1zaWxrLXNlbGFp-schema-4 in seo-inventory-raw.json
/collection/moss-green-lightweight-silk-selai,app/(site)/collection/[slug]/page.tsx | lib/seo/json-ld.ts,ListItem,root.itemListElement[1].@type,,,,,@context | @type | itemListElement,,,no,no,yes,uncertain,,page-L2NvbGxlY3Rpb24vbW9zcy1ncmVlbi1saWdodHdlaWdodC1zaWxrLXNlbGFp-schema-4 in seo-inventory-raw.json
/collection/moss-green-lightweight-silk-selai,app/(site)/collection/[slug]/page.tsx | lib/seo/json-ld.ts,ListItem,root.itemListElement[2].@type,,,,,@context | @type | itemListElement,,,no,no,yes,uncertain,,page-L2NvbGxlY3Rpb24vbW9zcy1ncmVlbi1saWdodHdlaWdodC1zaWxrLXNlbGFp-schema-4 in seo-inventory-raw.json
/collection/heritage-zari-border-kanjivaram,app/(site)/collection/[slug]/page.tsx | lib/seo/json-ld.ts,OnlineStore,root.@type,From The Trunk,"Curated collection of authenticated, pre-loved luxury sarees with provenance.",,,,,@context | @type | name | url | logo | email | sameAs | description | contactPoint,no,no,yes,uncertain,,page-L2NvbGxlY3Rpb24vaGVyaXRhZ2UtemFyaS1ib3JkZXIta2Fuaml2YXJhbQ-schema-1 in seo-inventory-raw.json
/collection/heritage-zari-border-kanjivaram,app/(site)/collection/[slug]/page.tsx | lib/seo/json-ld.ts,ContactPoint,root.contactPoint.@type,From The Trunk,"Curated collection of authenticated, pre-loved luxury sarees with provenance.",,,,,@context | @type | name | url | logo | email | sameAs | description | contactPoint,no,no,yes,uncertain,,page-L2NvbGxlY3Rpb24vaGVyaXRhZ2UtemFyaS1ib3JkZXIta2Fuaml2YXJhbQ-schema-1 in seo-inventory-raw.json
/collection/heritage-zari-border-kanjivaram,app/(site)/collection/[slug]/page.tsx | lib/seo/json-ld.ts,WebSite,root.@type,From The Trunk,,,,,,@type | name | logo,no,no,yes,uncertain,,page-L2NvbGxlY3Rpb24vaGVyaXRhZ2UtemFyaS1ib3JkZXIta2Fuaml2YXJhbQ-schema-2 in seo-inventory-raw.json
/collection/heritage-zari-border-kanjivaram,app/(site)/collection/[slug]/page.tsx | lib/seo/json-ld.ts,Organization,root.publisher.@type,From The Trunk,,,,,,@type | name | logo,no,no,yes,uncertain,,page-L2NvbGxlY3Rpb24vaGVyaXRhZ2UtemFyaS1ib3JkZXIta2Fuaml2YXJhbQ-schema-2 in seo-inventory-raw.json
/collection/heritage-zari-border-kanjivaram,app/(site)/collection/[slug]/page.tsx | lib/seo/json-ld.ts,Product,root.@type,Classic Gold Weave Kanjivaram,"This Kanjivaram silk carries the unmistakable weight and lustre that only the looms of Tamil Nadu's temple towns can produce. Woven in the traditional korvai technique where the body and border are interlocked by hand  it speaks to a craft that has remained largely unchanged for centuries. The zari work, likely pure gold or silver-dipped, catches light with that characteristic warmth that distinguishes authentic Kanjivaram from its imitators.

The pallu appears richly detailed, with motifs that draw from the region's deep well of temple architecture and sacred geometry. Each thread in the warp and weft has been placed with intention, a quiet testament to the weaver's patience and the patron's discerning eye. The selvedge remains intact, and the silk retains much of its original body signs of a saree that was treasured and stored with care.

This piece likely dates to an era when Kanjivarams were acquired not as purchases but as investments passed between generations, worn for weddings and temple visits, folded in sandalwood and turmeric. The minor traces of time it may carry are not flaws but footnotes in a longer story. It awaits its next chapter.",@context | @type | productID | sku | name | description | image | brand | category | additionalProperty | offers | itemCondition | material,@type | price | priceCurrency | availability | url | seller,,,@type | name,no,no,yes,yes,,page-L2NvbGxlY3Rpb24vaGVyaXRhZ2UtemFyaS1ib3JkZXIta2Fuaml2YXJhbQ-schema-3 in seo-inventory-raw.json
/collection/heritage-zari-border-kanjivaram,app/(site)/collection/[slug]/page.tsx | lib/seo/json-ld.ts,Brand,root.brand.@type,Classic Gold Weave Kanjivaram,"This Kanjivaram silk carries the unmistakable weight and lustre that only the looms of Tamil Nadu's temple towns can produce. Woven in the traditional korvai technique where the body and border are interlocked by hand  it speaks to a craft that has remained largely unchanged for centuries. The zari work, likely pure gold or silver-dipped, catches light with that characteristic warmth that distinguishes authentic Kanjivaram from its imitators.

The pallu appears richly detailed, with motifs that draw from the region's deep well of temple architecture and sacred geometry. Each thread in the warp and weft has been placed with intention, a quiet testament to the weaver's patience and the patron's discerning eye. The selvedge remains intact, and the silk retains much of its original body signs of a saree that was treasured and stored with care.

This piece likely dates to an era when Kanjivarams were acquired not as purchases but as investments passed between generations, worn for weddings and temple visits, folded in sandalwood and turmeric. The minor traces of time it may carry are not flaws but footnotes in a longer story. It awaits its next chapter.",@context | @type | productID | sku | name | description | image | brand | category | additionalProperty | offers | itemCondition | material,@type | price | priceCurrency | availability | url | seller,,,@type | name,no,no,yes,yes,,page-L2NvbGxlY3Rpb24vaGVyaXRhZ2UtemFyaS1ib3JkZXIta2Fuaml2YXJhbQ-schema-3 in seo-inventory-raw.json
/collection/heritage-zari-border-kanjivaram,app/(site)/collection/[slug]/page.tsx | lib/seo/json-ld.ts,PropertyValue,root.additionalProperty[0].@type,Classic Gold Weave Kanjivaram,"This Kanjivaram silk carries the unmistakable weight and lustre that only the looms of Tamil Nadu's temple towns can produce. Woven in the traditional korvai technique where the body and border are interlocked by hand  it speaks to a craft that has remained largely unchanged for centuries. The zari work, likely pure gold or silver-dipped, catches light with that characteristic warmth that distinguishes authentic Kanjivaram from its imitators.

The pallu appears richly detailed, with motifs that draw from the region's deep well of temple architecture and sacred geometry. Each thread in the warp and weft has been placed with intention, a quiet testament to the weaver's patience and the patron's discerning eye. The selvedge remains intact, and the silk retains much of its original body signs of a saree that was treasured and stored with care.

This piece likely dates to an era when Kanjivarams were acquired not as purchases but as investments passed between generations, worn for weddings and temple visits, folded in sandalwood and turmeric. The minor traces of time it may carry are not flaws but footnotes in a longer story. It awaits its next chapter.",@context | @type | productID | sku | name | description | image | brand | category | additionalProperty | offers | itemCondition | material,@type | price | priceCurrency | availability | url | seller,,,@type | name,no,no,yes,yes,,page-L2NvbGxlY3Rpb24vaGVyaXRhZ2UtemFyaS1ib3JkZXIta2Fuaml2YXJhbQ-schema-3 in seo-inventory-raw.json
/collection/heritage-zari-border-kanjivaram,app/(site)/collection/[slug]/page.tsx | lib/seo/json-ld.ts,PropertyValue,root.additionalProperty[1].@type,Classic Gold Weave Kanjivaram,"This Kanjivaram silk carries the unmistakable weight and lustre that only the looms of Tamil Nadu's temple towns can produce. Woven in the traditional korvai technique where the body and border are interlocked by hand  it speaks to a craft that has remained largely unchanged for centuries. The zari work, likely pure gold or silver-dipped, catches light with that characteristic warmth that distinguishes authentic Kanjivaram from its imitators.

The pallu appears richly detailed, with motifs that draw from the region's deep well of temple architecture and sacred geometry. Each thread in the warp and weft has been placed with intention, a quiet testament to the weaver's patience and the patron's discerning eye. The selvedge remains intact, and the silk retains much of its original body signs of a saree that was treasured and stored with care.

This piece likely dates to an era when Kanjivarams were acquired not as purchases but as investments passed between generations, worn for weddings and temple visits, folded in sandalwood and turmeric. The minor traces of time it may carry are not flaws but footnotes in a longer story. It awaits its next chapter.",@context | @type | productID | sku | name | description | image | brand | category | additionalProperty | offers | itemCondition | material,@type | price | priceCurrency | availability | url | seller,,,@type | name,no,no,yes,yes,,page-L2NvbGxlY3Rpb24vaGVyaXRhZ2UtemFyaS1ib3JkZXIta2Fuaml2YXJhbQ-schema-3 in seo-inventory-raw.json
/collection/heritage-zari-border-kanjivaram,app/(site)/collection/[slug]/page.tsx | lib/seo/json-ld.ts,Offer,root.offers.@type,Classic Gold Weave Kanjivaram,"This Kanjivaram silk carries the unmistakable weight and lustre that only the looms of Tamil Nadu's temple towns can produce. Woven in the traditional korvai technique where the body and border are interlocked by hand  it speaks to a craft that has remained largely unchanged for centuries. The zari work, likely pure gold or silver-dipped, catches light with that characteristic warmth that distinguishes authentic Kanjivaram from its imitators.

The pallu appears richly detailed, with motifs that draw from the region's deep well of temple architecture and sacred geometry. Each thread in the warp and weft has been placed with intention, a quiet testament to the weaver's patience and the patron's discerning eye. The selvedge remains intact, and the silk retains much of its original body signs of a saree that was treasured and stored with care.

This piece likely dates to an era when Kanjivarams were acquired not as purchases but as investments passed between generations, worn for weddings and temple visits, folded in sandalwood and turmeric. The minor traces of time it may carry are not flaws but footnotes in a longer story. It awaits its next chapter.",@context | @type | productID | sku | name | description | image | brand | category | additionalProperty | offers | itemCondition | material,@type | price | priceCurrency | availability | url | seller,,,@type | name,no,no,yes,yes,,page-L2NvbGxlY3Rpb24vaGVyaXRhZ2UtemFyaS1ib3JkZXIta2Fuaml2YXJhbQ-schema-3 in seo-inventory-raw.json
/collection/heritage-zari-border-kanjivaram,app/(site)/collection/[slug]/page.tsx | lib/seo/json-ld.ts,Organization,root.offers.seller.@type,Classic Gold Weave Kanjivaram,"This Kanjivaram silk carries the unmistakable weight and lustre that only the looms of Tamil Nadu's temple towns can produce. Woven in the traditional korvai technique where the body and border are interlocked by hand  it speaks to a craft that has remained largely unchanged for centuries. The zari work, likely pure gold or silver-dipped, catches light with that characteristic warmth that distinguishes authentic Kanjivaram from its imitators.

The pallu appears richly detailed, with motifs that draw from the region's deep well of temple architecture and sacred geometry. Each thread in the warp and weft has been placed with intention, a quiet testament to the weaver's patience and the patron's discerning eye. The selvedge remains intact, and the silk retains much of its original body signs of a saree that was treasured and stored with care.

This piece likely dates to an era when Kanjivarams were acquired not as purchases but as investments passed between generations, worn for weddings and temple visits, folded in sandalwood and turmeric. The minor traces of time it may carry are not flaws but footnotes in a longer story. It awaits its next chapter.",@context | @type | productID | sku | name | description | image | brand | category | additionalProperty | offers | itemCondition | material,@type | price | priceCurrency | availability | url | seller,,,@type | name,no,no,yes,yes,,page-L2NvbGxlY3Rpb24vaGVyaXRhZ2UtemFyaS1ib3JkZXIta2Fuaml2YXJhbQ-schema-3 in seo-inventory-raw.json
/collection/heritage-zari-border-kanjivaram,app/(site)/collection/[slug]/page.tsx | lib/seo/json-ld.ts,BreadcrumbList,root.@type,,,,,@context | @type | itemListElement,,,no,no,yes,uncertain,,page-L2NvbGxlY3Rpb24vaGVyaXRhZ2UtemFyaS1ib3JkZXIta2Fuaml2YXJhbQ-schema-4 in seo-inventory-raw.json
/collection/heritage-zari-border-kanjivaram,app/(site)/collection/[slug]/page.tsx | lib/seo/json-ld.ts,ListItem,root.itemListElement[0].@type,,,,,@context | @type | itemListElement,,,no,no,yes,uncertain,,page-L2NvbGxlY3Rpb24vaGVyaXRhZ2UtemFyaS1ib3JkZXIta2Fuaml2YXJhbQ-schema-4 in seo-inventory-raw.json
/collection/heritage-zari-border-kanjivaram,app/(site)/collection/[slug]/page.tsx | lib/seo/json-ld.ts,ListItem,root.itemListElement[1].@type,,,,,@context | @type | itemListElement,,,no,no,yes,uncertain,,page-L2NvbGxlY3Rpb24vaGVyaXRhZ2UtemFyaS1ib3JkZXIta2Fuaml2YXJhbQ-schema-4 in seo-inventory-raw.json
/collection/heritage-zari-border-kanjivaram,app/(site)/collection/[slug]/page.tsx | lib/seo/json-ld.ts,ListItem,root.itemListElement[2].@type,,,,,@context | @type | itemListElement,,,no,no,yes,uncertain,,page-L2NvbGxlY3Rpb24vaGVyaXRhZ2UtemFyaS1ib3JkZXIta2Fuaml2YXJhbQ-schema-4 in seo-inventory-raw.json
/collection/nava-pazham-kanjeevaram-silk,app/(site)/collection/[slug]/page.tsx | lib/seo/json-ld.ts,OnlineStore,root.@type,From The Trunk,"Curated collection of authenticated, pre-loved luxury sarees with provenance.",,,,,@context | @type | name | url | logo | email | sameAs | description | contactPoint,no,no,yes,uncertain,,page-L2NvbGxlY3Rpb24vbmF2YS1wYXpoYW0ta2FuamVldmFyYW0tc2lsaw-schema-1 in seo-inventory-raw.json
/collection/nava-pazham-kanjeevaram-silk,app/(site)/collection/[slug]/page.tsx | lib/seo/json-ld.ts,ContactPoint,root.contactPoint.@type,From The Trunk,"Curated collection of authenticated, pre-loved luxury sarees with provenance.",,,,,@context | @type | name | url | logo | email | sameAs | description | contactPoint,no,no,yes,uncertain,,page-L2NvbGxlY3Rpb24vbmF2YS1wYXpoYW0ta2FuamVldmFyYW0tc2lsaw-schema-1 in seo-inventory-raw.json
/collection/nava-pazham-kanjeevaram-silk,app/(site)/collection/[slug]/page.tsx | lib/seo/json-ld.ts,WebSite,root.@type,From The Trunk,,,,,,@type | name | logo,no,no,yes,uncertain,,page-L2NvbGxlY3Rpb24vbmF2YS1wYXpoYW0ta2FuamVldmFyYW0tc2lsaw-schema-2 in seo-inventory-raw.json
/collection/nava-pazham-kanjeevaram-silk,app/(site)/collection/[slug]/page.tsx | lib/seo/json-ld.ts,Organization,root.publisher.@type,From The Trunk,,,,,,@type | name | logo,no,no,yes,uncertain,,page-L2NvbGxlY3Rpb24vbmF2YS1wYXpoYW0ta2FuamVldmFyYW0tc2lsaw-schema-2 in seo-inventory-raw.json
/collection/nava-pazham-kanjeevaram-silk,app/(site)/collection/[slug]/page.tsx | lib/seo/json-ld.ts,Product,root.@type,Nava Pazham,"Among the most revered motifs in the Kanchipuram weaving tradition, the Nava Pazham or nine sacred fruits carries centuries of symbolism woven into every inch of silk. Each fruit in the repertoire, from the mango and banana to the pomegranate and jackfruit, represents abundance, fertility, and divine blessing. This saree bears that storied vocabulary across its body and pallu, a testament to the weaver's deep knowledge of the classical design canon.

Woven in pure mulberry silk with traditional zari work, this Kanjeevaram carries the unmistakable weight and drape that only handloom Kanchipuram silk can offer. The fruit motifs are rendered with care each one distinct, each one placed with the rhythmic precision that marks a skilled hand at the loom. The selvedge is intact and the zari retains its warmth, suggesting this piece was treasured and stored with intention.

This is a saree that was likely reserved for auspicious occasions temple visits, harvest celebrations, family milestones. It carries the quiet gravitas of a textile that has witnessed life's most meaningful moments, and now waits to be part of new ones.",@context | @type | productID | sku | name | description | image | brand | category | additionalProperty | offers | itemCondition | material,@type | price | priceCurrency | availability | url | seller,,,@type | name,no,no,yes,yes,,page-L2NvbGxlY3Rpb24vbmF2YS1wYXpoYW0ta2FuamVldmFyYW0tc2lsaw-schema-3 in seo-inventory-raw.json
/collection/nava-pazham-kanjeevaram-silk,app/(site)/collection/[slug]/page.tsx | lib/seo/json-ld.ts,Brand,root.brand.@type,Nava Pazham,"Among the most revered motifs in the Kanchipuram weaving tradition, the Nava Pazham or nine sacred fruits carries centuries of symbolism woven into every inch of silk. Each fruit in the repertoire, from the mango and banana to the pomegranate and jackfruit, represents abundance, fertility, and divine blessing. This saree bears that storied vocabulary across its body and pallu, a testament to the weaver's deep knowledge of the classical design canon.

Woven in pure mulberry silk with traditional zari work, this Kanjeevaram carries the unmistakable weight and drape that only handloom Kanchipuram silk can offer. The fruit motifs are rendered with care each one distinct, each one placed with the rhythmic precision that marks a skilled hand at the loom. The selvedge is intact and the zari retains its warmth, suggesting this piece was treasured and stored with intention.

This is a saree that was likely reserved for auspicious occasions temple visits, harvest celebrations, family milestones. It carries the quiet gravitas of a textile that has witnessed life's most meaningful moments, and now waits to be part of new ones.",@context | @type | productID | sku | name | description | image | brand | category | additionalProperty | offers | itemCondition | material,@type | price | priceCurrency | availability | url | seller,,,@type | name,no,no,yes,yes,,page-L2NvbGxlY3Rpb24vbmF2YS1wYXpoYW0ta2FuamVldmFyYW0tc2lsaw-schema-3 in seo-inventory-raw.json
/collection/nava-pazham-kanjeevaram-silk,app/(site)/collection/[slug]/page.tsx | lib/seo/json-ld.ts,PropertyValue,root.additionalProperty[0].@type,Nava Pazham,"Among the most revered motifs in the Kanchipuram weaving tradition, the Nava Pazham or nine sacred fruits carries centuries of symbolism woven into every inch of silk. Each fruit in the repertoire, from the mango and banana to the pomegranate and jackfruit, represents abundance, fertility, and divine blessing. This saree bears that storied vocabulary across its body and pallu, a testament to the weaver's deep knowledge of the classical design canon.

Woven in pure mulberry silk with traditional zari work, this Kanjeevaram carries the unmistakable weight and drape that only handloom Kanchipuram silk can offer. The fruit motifs are rendered with care each one distinct, each one placed with the rhythmic precision that marks a skilled hand at the loom. The selvedge is intact and the zari retains its warmth, suggesting this piece was treasured and stored with intention.

This is a saree that was likely reserved for auspicious occasions temple visits, harvest celebrations, family milestones. It carries the quiet gravitas of a textile that has witnessed life's most meaningful moments, and now waits to be part of new ones.",@context | @type | productID | sku | name | description | image | brand | category | additionalProperty | offers | itemCondition | material,@type | price | priceCurrency | availability | url | seller,,,@type | name,no,no,yes,yes,,page-L2NvbGxlY3Rpb24vbmF2YS1wYXpoYW0ta2FuamVldmFyYW0tc2lsaw-schema-3 in seo-inventory-raw.json
/collection/nava-pazham-kanjeevaram-silk,app/(site)/collection/[slug]/page.tsx | lib/seo/json-ld.ts,PropertyValue,root.additionalProperty[1].@type,Nava Pazham,"Among the most revered motifs in the Kanchipuram weaving tradition, the Nava Pazham or nine sacred fruits carries centuries of symbolism woven into every inch of silk. Each fruit in the repertoire, from the mango and banana to the pomegranate and jackfruit, represents abundance, fertility, and divine blessing. This saree bears that storied vocabulary across its body and pallu, a testament to the weaver's deep knowledge of the classical design canon.

Woven in pure mulberry silk with traditional zari work, this Kanjeevaram carries the unmistakable weight and drape that only handloom Kanchipuram silk can offer. The fruit motifs are rendered with care each one distinct, each one placed with the rhythmic precision that marks a skilled hand at the loom. The selvedge is intact and the zari retains its warmth, suggesting this piece was treasured and stored with intention.

This is a saree that was likely reserved for auspicious occasions temple visits, harvest celebrations, family milestones. It carries the quiet gravitas of a textile that has witnessed life's most meaningful moments, and now waits to be part of new ones.",@context | @type | productID | sku | name | description | image | brand | category | additionalProperty | offers | itemCondition | material,@type | price | priceCurrency | availability | url | seller,,,@type | name,no,no,yes,yes,,page-L2NvbGxlY3Rpb24vbmF2YS1wYXpoYW0ta2FuamVldmFyYW0tc2lsaw-schema-3 in seo-inventory-raw.json
/collection/nava-pazham-kanjeevaram-silk,app/(site)/collection/[slug]/page.tsx | lib/seo/json-ld.ts,PropertyValue,root.additionalProperty[2].@type,Nava Pazham,"Among the most revered motifs in the Kanchipuram weaving tradition, the Nava Pazham or nine sacred fruits carries centuries of symbolism woven into every inch of silk. Each fruit in the repertoire, from the mango and banana to the pomegranate and jackfruit, represents abundance, fertility, and divine blessing. This saree bears that storied vocabulary across its body and pallu, a testament to the weaver's deep knowledge of the classical design canon.

Woven in pure mulberry silk with traditional zari work, this Kanjeevaram carries the unmistakable weight and drape that only handloom Kanchipuram silk can offer. The fruit motifs are rendered with care each one distinct, each one placed with the rhythmic precision that marks a skilled hand at the loom. The selvedge is intact and the zari retains its warmth, suggesting this piece was treasured and stored with intention.

This is a saree that was likely reserved for auspicious occasions temple visits, harvest celebrations, family milestones. It carries the quiet gravitas of a textile that has witnessed life's most meaningful moments, and now waits to be part of new ones.",@context | @type | productID | sku | name | description | image | brand | category | additionalProperty | offers | itemCondition | material,@type | price | priceCurrency | availability | url | seller,,,@type | name,no,no,yes,yes,,page-L2NvbGxlY3Rpb24vbmF2YS1wYXpoYW0ta2FuamVldmFyYW0tc2lsaw-schema-3 in seo-inventory-raw.json
/collection/nava-pazham-kanjeevaram-silk,app/(site)/collection/[slug]/page.tsx | lib/seo/json-ld.ts,Offer,root.offers.@type,Nava Pazham,"Among the most revered motifs in the Kanchipuram weaving tradition, the Nava Pazham or nine sacred fruits carries centuries of symbolism woven into every inch of silk. Each fruit in the repertoire, from the mango and banana to the pomegranate and jackfruit, represents abundance, fertility, and divine blessing. This saree bears that storied vocabulary across its body and pallu, a testament to the weaver's deep knowledge of the classical design canon.

Woven in pure mulberry silk with traditional zari work, this Kanjeevaram carries the unmistakable weight and drape that only handloom Kanchipuram silk can offer. The fruit motifs are rendered with care each one distinct, each one placed with the rhythmic precision that marks a skilled hand at the loom. The selvedge is intact and the zari retains its warmth, suggesting this piece was treasured and stored with intention.

This is a saree that was likely reserved for auspicious occasions temple visits, harvest celebrations, family milestones. It carries the quiet gravitas of a textile that has witnessed life's most meaningful moments, and now waits to be part of new ones.",@context | @type | productID | sku | name | description | image | brand | category | additionalProperty | offers | itemCondition | material,@type | price | priceCurrency | availability | url | seller,,,@type | name,no,no,yes,yes,,page-L2NvbGxlY3Rpb24vbmF2YS1wYXpoYW0ta2FuamVldmFyYW0tc2lsaw-schema-3 in seo-inventory-raw.json
/collection/nava-pazham-kanjeevaram-silk,app/(site)/collection/[slug]/page.tsx | lib/seo/json-ld.ts,Organization,root.offers.seller.@type,Nava Pazham,"Among the most revered motifs in the Kanchipuram weaving tradition, the Nava Pazham or nine sacred fruits carries centuries of symbolism woven into every inch of silk. Each fruit in the repertoire, from the mango and banana to the pomegranate and jackfruit, represents abundance, fertility, and divine blessing. This saree bears that storied vocabulary across its body and pallu, a testament to the weaver's deep knowledge of the classical design canon.

Woven in pure mulberry silk with traditional zari work, this Kanjeevaram carries the unmistakable weight and drape that only handloom Kanchipuram silk can offer. The fruit motifs are rendered with care each one distinct, each one placed with the rhythmic precision that marks a skilled hand at the loom. The selvedge is intact and the zari retains its warmth, suggesting this piece was treasured and stored with intention.

This is a saree that was likely reserved for auspicious occasions temple visits, harvest celebrations, family milestones. It carries the quiet gravitas of a textile that has witnessed life's most meaningful moments, and now waits to be part of new ones.",@context | @type | productID | sku | name | description | image | brand | category | additionalProperty | offers | itemCondition | material,@type | price | priceCurrency | availability | url | seller,,,@type | name,no,no,yes,yes,,page-L2NvbGxlY3Rpb24vbmF2YS1wYXpoYW0ta2FuamVldmFyYW0tc2lsaw-schema-3 in seo-inventory-raw.json
/collection/nava-pazham-kanjeevaram-silk,app/(site)/collection/[slug]/page.tsx | lib/seo/json-ld.ts,BreadcrumbList,root.@type,,,,,@context | @type | itemListElement,,,no,no,yes,uncertain,,page-L2NvbGxlY3Rpb24vbmF2YS1wYXpoYW0ta2FuamVldmFyYW0tc2lsaw-schema-4 in seo-inventory-raw.json
/collection/nava-pazham-kanjeevaram-silk,app/(site)/collection/[slug]/page.tsx | lib/seo/json-ld.ts,ListItem,root.itemListElement[0].@type,,,,,@context | @type | itemListElement,,,no,no,yes,uncertain,,page-L2NvbGxlY3Rpb24vbmF2YS1wYXpoYW0ta2FuamVldmFyYW0tc2lsaw-schema-4 in seo-inventory-raw.json
/collection/nava-pazham-kanjeevaram-silk,app/(site)/collection/[slug]/page.tsx | lib/seo/json-ld.ts,ListItem,root.itemListElement[1].@type,,,,,@context | @type | itemListElement,,,no,no,yes,uncertain,,page-L2NvbGxlY3Rpb24vbmF2YS1wYXpoYW0ta2FuamVldmFyYW0tc2lsaw-schema-4 in seo-inventory-raw.json
/collection/nava-pazham-kanjeevaram-silk,app/(site)/collection/[slug]/page.tsx | lib/seo/json-ld.ts,ListItem,root.itemListElement[2].@type,,,,,@context | @type | itemListElement,,,no,no,yes,uncertain,,page-L2NvbGxlY3Rpb24vbmF2YS1wYXpoYW0ta2FuamVldmFyYW0tc2lsaw-schema-4 in seo-inventory-raw.json
/collection/nila-blue-gold-zari-silk,app/(site)/collection/[slug]/page.tsx | lib/seo/json-ld.ts,OnlineStore,root.@type,From The Trunk,"Curated collection of authenticated, pre-loved luxury sarees with provenance.",,,,,@context | @type | name | url | logo | email | sameAs | description | contactPoint,no,no,yes,uncertain,,page-L2NvbGxlY3Rpb24vbmlsYS1ibHVlLWdvbGQtemFyaS1zaWxr-schema-1 in seo-inventory-raw.json
/collection/nila-blue-gold-zari-silk,app/(site)/collection/[slug]/page.tsx | lib/seo/json-ld.ts,ContactPoint,root.contactPoint.@type,From The Trunk,"Curated collection of authenticated, pre-loved luxury sarees with provenance.",,,,,@context | @type | name | url | logo | email | sameAs | description | contactPoint,no,no,yes,uncertain,,page-L2NvbGxlY3Rpb24vbmlsYS1ibHVlLWdvbGQtemFyaS1zaWxr-schema-1 in seo-inventory-raw.json
/collection/nila-blue-gold-zari-silk,app/(site)/collection/[slug]/page.tsx | lib/seo/json-ld.ts,WebSite,root.@type,From The Trunk,,,,,,@type | name | logo,no,no,yes,uncertain,,page-L2NvbGxlY3Rpb24vbmlsYS1ibHVlLWdvbGQtemFyaS1zaWxr-schema-2 in seo-inventory-raw.json
/collection/nila-blue-gold-zari-silk,app/(site)/collection/[slug]/page.tsx | lib/seo/json-ld.ts,Organization,root.publisher.@type,From The Trunk,,,,,,@type | name | logo,no,no,yes,uncertain,,page-L2NvbGxlY3Rpb24vbmlsYS1ibHVlLWdvbGQtemFyaS1zaWxr-schema-2 in seo-inventory-raw.json
/collection/nila-blue-gold-zari-silk,app/(site)/collection/[slug]/page.tsx | lib/seo/json-ld.ts,Product,root.@type,Nila Blue Gold Zari Silk,"Blue Nila carries that intention still. This is a saree that has known careful hands. Folded away after the puja, brought out again only when the occasion asked for it. It holds that intention still, the kind of restraint that speaks of taste refined over years, of a wardrobe curated with patience rather than impulse. Blue Nila arrives now ready to continue its story.",@context | @type | productID | sku | name | description | image | brand | category | additionalProperty | offers | itemCondition | material,@type | price | priceCurrency | availability | url | seller,,,@type | name,no,no,yes,yes,,page-L2NvbGxlY3Rpb24vbmlsYS1ibHVlLWdvbGQtemFyaS1zaWxr-schema-3 in seo-inventory-raw.json
/collection/nila-blue-gold-zari-silk,app/(site)/collection/[slug]/page.tsx | lib/seo/json-ld.ts,Brand,root.brand.@type,Nila Blue Gold Zari Silk,"Blue Nila carries that intention still. This is a saree that has known careful hands. Folded away after the puja, brought out again only when the occasion asked for it. It holds that intention still, the kind of restraint that speaks of taste refined over years, of a wardrobe curated with patience rather than impulse. Blue Nila arrives now ready to continue its story.",@context | @type | productID | sku | name | description | image | brand | category | additionalProperty | offers | itemCondition | material,@type | price | priceCurrency | availability | url | seller,,,@type | name,no,no,yes,yes,,page-L2NvbGxlY3Rpb24vbmlsYS1ibHVlLWdvbGQtemFyaS1zaWxr-schema-3 in seo-inventory-raw.json
/collection/nila-blue-gold-zari-silk,app/(site)/collection/[slug]/page.tsx | lib/seo/json-ld.ts,PropertyValue,root.additionalProperty[0].@type,Nila Blue Gold Zari Silk,"Blue Nila carries that intention still. This is a saree that has known careful hands. Folded away after the puja, brought out again only when the occasion asked for it. It holds that intention still, the kind of restraint that speaks of taste refined over years, of a wardrobe curated with patience rather than impulse. Blue Nila arrives now ready to continue its story.",@context | @type | productID | sku | name | description | image | brand | category | additionalProperty | offers | itemCondition | material,@type | price | priceCurrency | availability | url | seller,,,@type | name,no,no,yes,yes,,page-L2NvbGxlY3Rpb24vbmlsYS1ibHVlLWdvbGQtemFyaS1zaWxr-schema-3 in seo-inventory-raw.json
/collection/nila-blue-gold-zari-silk,app/(site)/collection/[slug]/page.tsx | lib/seo/json-ld.ts,PropertyValue,root.additionalProperty[1].@type,Nila Blue Gold Zari Silk,"Blue Nila carries that intention still. This is a saree that has known careful hands. Folded away after the puja, brought out again only when the occasion asked for it. It holds that intention still, the kind of restraint that speaks of taste refined over years, of a wardrobe curated with patience rather than impulse. Blue Nila arrives now ready to continue its story.",@context | @type | productID | sku | name | description | image | brand | category | additionalProperty | offers | itemCondition | material,@type | price | priceCurrency | availability | url | seller,,,@type | name,no,no,yes,yes,,page-L2NvbGxlY3Rpb24vbmlsYS1ibHVlLWdvbGQtemFyaS1zaWxr-schema-3 in seo-inventory-raw.json
/collection/nila-blue-gold-zari-silk,app/(site)/collection/[slug]/page.tsx | lib/seo/json-ld.ts,Offer,root.offers.@type,Nila Blue Gold Zari Silk,"Blue Nila carries that intention still. This is a saree that has known careful hands. Folded away after the puja, brought out again only when the occasion asked for it. It holds that intention still, the kind of restraint that speaks of taste refined over years, of a wardrobe curated with patience rather than impulse. Blue Nila arrives now ready to continue its story.",@context | @type | productID | sku | name | description | image | brand | category | additionalProperty | offers | itemCondition | material,@type | price | priceCurrency | availability | url | seller,,,@type | name,no,no,yes,yes,,page-L2NvbGxlY3Rpb24vbmlsYS1ibHVlLWdvbGQtemFyaS1zaWxr-schema-3 in seo-inventory-raw.json
/collection/nila-blue-gold-zari-silk,app/(site)/collection/[slug]/page.tsx | lib/seo/json-ld.ts,Organization,root.offers.seller.@type,Nila Blue Gold Zari Silk,"Blue Nila carries that intention still. This is a saree that has known careful hands. Folded away after the puja, brought out again only when the occasion asked for it. It holds that intention still, the kind of restraint that speaks of taste refined over years, of a wardrobe curated with patience rather than impulse. Blue Nila arrives now ready to continue its story.",@context | @type | productID | sku | name | description | image | brand | category | additionalProperty | offers | itemCondition | material,@type | price | priceCurrency | availability | url | seller,,,@type | name,no,no,yes,yes,,page-L2NvbGxlY3Rpb24vbmlsYS1ibHVlLWdvbGQtemFyaS1zaWxr-schema-3 in seo-inventory-raw.json
/collection/nila-blue-gold-zari-silk,app/(site)/collection/[slug]/page.tsx | lib/seo/json-ld.ts,BreadcrumbList,root.@type,,,,,@context | @type | itemListElement,,,no,no,yes,uncertain,,page-L2NvbGxlY3Rpb24vbmlsYS1ibHVlLWdvbGQtemFyaS1zaWxr-schema-4 in seo-inventory-raw.json
/collection/nila-blue-gold-zari-silk,app/(site)/collection/[slug]/page.tsx | lib/seo/json-ld.ts,ListItem,root.itemListElement[0].@type,,,,,@context | @type | itemListElement,,,no,no,yes,uncertain,,page-L2NvbGxlY3Rpb24vbmlsYS1ibHVlLWdvbGQtemFyaS1zaWxr-schema-4 in seo-inventory-raw.json
/collection/nila-blue-gold-zari-silk,app/(site)/collection/[slug]/page.tsx | lib/seo/json-ld.ts,ListItem,root.itemListElement[1].@type,,,,,@context | @type | itemListElement,,,no,no,yes,uncertain,,page-L2NvbGxlY3Rpb24vbmlsYS1ibHVlLWdvbGQtemFyaS1zaWxr-schema-4 in seo-inventory-raw.json
/collection/nila-blue-gold-zari-silk,app/(site)/collection/[slug]/page.tsx | lib/seo/json-ld.ts,ListItem,root.itemListElement[2].@type,,,,,@context | @type | itemListElement,,,no,no,yes,uncertain,,page-L2NvbGxlY3Rpb24vbmlsYS1ibHVlLWdvbGQtemFyaS1zaWxr-schema-4 in seo-inventory-raw.json
/collection/colorful-vintage-kanjeevaram,app/(site)/collection/[slug]/page.tsx | lib/seo/json-ld.ts,OnlineStore,root.@type,From The Trunk,"Curated collection of authenticated, pre-loved luxury sarees with provenance.",,,,,@context | @type | name | url | logo | email | sameAs | description | contactPoint,no,no,yes,uncertain,,page-L2NvbGxlY3Rpb24vY29sb3JmdWwtdmludGFnZS1rYW5qZWV2YXJhbQ-schema-1 in seo-inventory-raw.json
/collection/colorful-vintage-kanjeevaram,app/(site)/collection/[slug]/page.tsx | lib/seo/json-ld.ts,ContactPoint,root.contactPoint.@type,From The Trunk,"Curated collection of authenticated, pre-loved luxury sarees with provenance.",,,,,@context | @type | name | url | logo | email | sameAs | description | contactPoint,no,no,yes,uncertain,,page-L2NvbGxlY3Rpb24vY29sb3JmdWwtdmludGFnZS1rYW5qZWV2YXJhbQ-schema-1 in seo-inventory-raw.json
/collection/colorful-vintage-kanjeevaram,app/(site)/collection/[slug]/page.tsx | lib/seo/json-ld.ts,WebSite,root.@type,From The Trunk,,,,,,@type | name | logo,no,no,yes,uncertain,,page-L2NvbGxlY3Rpb24vY29sb3JmdWwtdmludGFnZS1rYW5qZWV2YXJhbQ-schema-2 in seo-inventory-raw.json
/collection/colorful-vintage-kanjeevaram,app/(site)/collection/[slug]/page.tsx | lib/seo/json-ld.ts,Organization,root.publisher.@type,From The Trunk,,,,,,@type | name | logo,no,no,yes,uncertain,,page-L2NvbGxlY3Rpb24vY29sb3JmdWwtdmludGFnZS1rYW5qZWV2YXJhbQ-schema-2 in seo-inventory-raw.json
/collection/colorful-vintage-kanjeevaram,app/(site)/collection/[slug]/page.tsx | lib/seo/json-ld.ts,Product,root.@type,Colorful Vintage Kanjeevaram,"A vintage canvas, dipped in sunset hues. The Kanjeevaram, a fabric that remembers weddings, mornings at the prayer room, and quiet afternoons under the fan.

This piece is a vintage colourful Kanjeevaram saree from our collection, with gold zari embroidery and fine gold accent details, as if someone captured the entire sunset and turned it into a drape.",@context | @type | productID | sku | name | description | image | brand | category | additionalProperty | offers | itemCondition | material,@type | price | priceCurrency | availability | url | seller,,,@type | name,no,no,yes,yes,,page-L2NvbGxlY3Rpb24vY29sb3JmdWwtdmludGFnZS1rYW5qZWV2YXJhbQ-schema-3 in seo-inventory-raw.json
/collection/colorful-vintage-kanjeevaram,app/(site)/collection/[slug]/page.tsx | lib/seo/json-ld.ts,Brand,root.brand.@type,Colorful Vintage Kanjeevaram,"A vintage canvas, dipped in sunset hues. The Kanjeevaram, a fabric that remembers weddings, mornings at the prayer room, and quiet afternoons under the fan.

This piece is a vintage colourful Kanjeevaram saree from our collection, with gold zari embroidery and fine gold accent details, as if someone captured the entire sunset and turned it into a drape.",@context | @type | productID | sku | name | description | image | brand | category | additionalProperty | offers | itemCondition | material,@type | price | priceCurrency | availability | url | seller,,,@type | name,no,no,yes,yes,,page-L2NvbGxlY3Rpb24vY29sb3JmdWwtdmludGFnZS1rYW5qZWV2YXJhbQ-schema-3 in seo-inventory-raw.json
/collection/colorful-vintage-kanjeevaram,app/(site)/collection/[slug]/page.tsx | lib/seo/json-ld.ts,PropertyValue,root.additionalProperty[0].@type,Colorful Vintage Kanjeevaram,"A vintage canvas, dipped in sunset hues. The Kanjeevaram, a fabric that remembers weddings, mornings at the prayer room, and quiet afternoons under the fan.

This piece is a vintage colourful Kanjeevaram saree from our collection, with gold zari embroidery and fine gold accent details, as if someone captured the entire sunset and turned it into a drape.",@context | @type | productID | sku | name | description | image | brand | category | additionalProperty | offers | itemCondition | material,@type | price | priceCurrency | availability | url | seller,,,@type | name,no,no,yes,yes,,page-L2NvbGxlY3Rpb24vY29sb3JmdWwtdmludGFnZS1rYW5qZWV2YXJhbQ-schema-3 in seo-inventory-raw.json
/collection/colorful-vintage-kanjeevaram,app/(site)/collection/[slug]/page.tsx | lib/seo/json-ld.ts,PropertyValue,root.additionalProperty[1].@type,Colorful Vintage Kanjeevaram,"A vintage canvas, dipped in sunset hues. The Kanjeevaram, a fabric that remembers weddings, mornings at the prayer room, and quiet afternoons under the fan.

This piece is a vintage colourful Kanjeevaram saree from our collection, with gold zari embroidery and fine gold accent details, as if someone captured the entire sunset and turned it into a drape.",@context | @type | productID | sku | name | description | image | brand | category | additionalProperty | offers | itemCondition | material,@type | price | priceCurrency | availability | url | seller,,,@type | name,no,no,yes,yes,,page-L2NvbGxlY3Rpb24vY29sb3JmdWwtdmludGFnZS1rYW5qZWV2YXJhbQ-schema-3 in seo-inventory-raw.json
/collection/colorful-vintage-kanjeevaram,app/(site)/collection/[slug]/page.tsx | lib/seo/json-ld.ts,Offer,root.offers.@type,Colorful Vintage Kanjeevaram,"A vintage canvas, dipped in sunset hues. The Kanjeevaram, a fabric that remembers weddings, mornings at the prayer room, and quiet afternoons under the fan.

This piece is a vintage colourful Kanjeevaram saree from our collection, with gold zari embroidery and fine gold accent details, as if someone captured the entire sunset and turned it into a drape.",@context | @type | productID | sku | name | description | image | brand | category | additionalProperty | offers | itemCondition | material,@type | price | priceCurrency | availability | url | seller,,,@type | name,no,no,yes,yes,,page-L2NvbGxlY3Rpb24vY29sb3JmdWwtdmludGFnZS1rYW5qZWV2YXJhbQ-schema-3 in seo-inventory-raw.json
/collection/colorful-vintage-kanjeevaram,app/(site)/collection/[slug]/page.tsx | lib/seo/json-ld.ts,Organization,root.offers.seller.@type,Colorful Vintage Kanjeevaram,"A vintage canvas, dipped in sunset hues. The Kanjeevaram, a fabric that remembers weddings, mornings at the prayer room, and quiet afternoons under the fan.

This piece is a vintage colourful Kanjeevaram saree from our collection, with gold zari embroidery and fine gold accent details, as if someone captured the entire sunset and turned it into a drape.",@context | @type | productID | sku | name | description | image | brand | category | additionalProperty | offers | itemCondition | material,@type | price | priceCurrency | availability | url | seller,,,@type | name,no,no,yes,yes,,page-L2NvbGxlY3Rpb24vY29sb3JmdWwtdmludGFnZS1rYW5qZWV2YXJhbQ-schema-3 in seo-inventory-raw.json
/collection/colorful-vintage-kanjeevaram,app/(site)/collection/[slug]/page.tsx | lib/seo/json-ld.ts,BreadcrumbList,root.@type,,,,,@context | @type | itemListElement,,,no,no,yes,uncertain,,page-L2NvbGxlY3Rpb24vY29sb3JmdWwtdmludGFnZS1rYW5qZWV2YXJhbQ-schema-4 in seo-inventory-raw.json
/collection/colorful-vintage-kanjeevaram,app/(site)/collection/[slug]/page.tsx | lib/seo/json-ld.ts,ListItem,root.itemListElement[0].@type,,,,,@context | @type | itemListElement,,,no,no,yes,uncertain,,page-L2NvbGxlY3Rpb24vY29sb3JmdWwtdmludGFnZS1rYW5qZWV2YXJhbQ-schema-4 in seo-inventory-raw.json
/collection/colorful-vintage-kanjeevaram,app/(site)/collection/[slug]/page.tsx | lib/seo/json-ld.ts,ListItem,root.itemListElement[1].@type,,,,,@context | @type | itemListElement,,,no,no,yes,uncertain,,page-L2NvbGxlY3Rpb24vY29sb3JmdWwtdmludGFnZS1rYW5qZWV2YXJhbQ-schema-4 in seo-inventory-raw.json
/collection/colorful-vintage-kanjeevaram,app/(site)/collection/[slug]/page.tsx | lib/seo/json-ld.ts,ListItem,root.itemListElement[2].@type,,,,,@context | @type | itemListElement,,,no,no,yes,uncertain,,page-L2NvbGxlY3Rpb24vY29sb3JmdWwtdmludGFnZS1rYW5qZWV2YXJhbQ-schema-4 in seo-inventory-raw.json
/collection/gulabi-kota-cotton,app/(site)/collection/[slug]/page.tsx | lib/seo/json-ld.ts,OnlineStore,root.@type,From The Trunk,"Curated collection of authenticated, pre-loved luxury sarees with provenance.",,,,,@context | @type | name | url | logo | email | sameAs | description | contactPoint,no,no,yes,uncertain,,page-L2NvbGxlY3Rpb24vZ3VsYWJpLWtvdGEtY290dG9u-schema-1 in seo-inventory-raw.json
/collection/gulabi-kota-cotton,app/(site)/collection/[slug]/page.tsx | lib/seo/json-ld.ts,ContactPoint,root.contactPoint.@type,From The Trunk,"Curated collection of authenticated, pre-loved luxury sarees with provenance.",,,,,@context | @type | name | url | logo | email | sameAs | description | contactPoint,no,no,yes,uncertain,,page-L2NvbGxlY3Rpb24vZ3VsYWJpLWtvdGEtY290dG9u-schema-1 in seo-inventory-raw.json
/collection/gulabi-kota-cotton,app/(site)/collection/[slug]/page.tsx | lib/seo/json-ld.ts,WebSite,root.@type,From The Trunk,,,,,,@type | name | logo,no,no,yes,uncertain,,page-L2NvbGxlY3Rpb24vZ3VsYWJpLWtvdGEtY290dG9u-schema-2 in seo-inventory-raw.json
/collection/gulabi-kota-cotton,app/(site)/collection/[slug]/page.tsx | lib/seo/json-ld.ts,Organization,root.publisher.@type,From The Trunk,,,,,,@type | name | logo,no,no,yes,uncertain,,page-L2NvbGxlY3Rpb24vZ3VsYWJpLWtvdGEtY290dG9u-schema-2 in seo-inventory-raw.json
/collection/gulabi-kota-cotton,app/(site)/collection/[slug]/page.tsx | lib/seo/json-ld.ts,Product,root.@type,Gulabi Kota Cotton,"Picture this: a gorgeous pink flower in a sun‑lit garden this saree is that, turned into something you can wear.
Perfect for garden parties, slow‑morning coffees, or simply walking into your day like you’re carrying a little celebration with you.

Light, breathable, and intricately patterned, it’s one of our personal favourites for everyday elegance.

Gulabi kota cotton, with a gold blouse that feels like a quiet highlight.

Fabric: kota cotton

Work: Intricate woven patterns

Blouse pairing: Gold blouse",@context | @type | productID | sku | name | description | image | brand | category | additionalProperty | offers | itemCondition | material,@type | price | priceCurrency | availability | url | seller,,,@type | name,no,no,yes,yes,,page-L2NvbGxlY3Rpb24vZ3VsYWJpLWtvdGEtY290dG9u-schema-3 in seo-inventory-raw.json
/collection/gulabi-kota-cotton,app/(site)/collection/[slug]/page.tsx | lib/seo/json-ld.ts,Brand,root.brand.@type,Gulabi Kota Cotton,"Picture this: a gorgeous pink flower in a sun‑lit garden this saree is that, turned into something you can wear.
Perfect for garden parties, slow‑morning coffees, or simply walking into your day like you’re carrying a little celebration with you.

Light, breathable, and intricately patterned, it’s one of our personal favourites for everyday elegance.

Gulabi kota cotton, with a gold blouse that feels like a quiet highlight.

Fabric: kota cotton

Work: Intricate woven patterns

Blouse pairing: Gold blouse",@context | @type | productID | sku | name | description | image | brand | category | additionalProperty | offers | itemCondition | material,@type | price | priceCurrency | availability | url | seller,,,@type | name,no,no,yes,yes,,page-L2NvbGxlY3Rpb24vZ3VsYWJpLWtvdGEtY290dG9u-schema-3 in seo-inventory-raw.json
/collection/gulabi-kota-cotton,app/(site)/collection/[slug]/page.tsx | lib/seo/json-ld.ts,PropertyValue,root.additionalProperty[0].@type,Gulabi Kota Cotton,"Picture this: a gorgeous pink flower in a sun‑lit garden this saree is that, turned into something you can wear.
Perfect for garden parties, slow‑morning coffees, or simply walking into your day like you’re carrying a little celebration with you.

Light, breathable, and intricately patterned, it’s one of our personal favourites for everyday elegance.

Gulabi kota cotton, with a gold blouse that feels like a quiet highlight.

Fabric: kota cotton

Work: Intricate woven patterns

Blouse pairing: Gold blouse",@context | @type | productID | sku | name | description | image | brand | category | additionalProperty | offers | itemCondition | material,@type | price | priceCurrency | availability | url | seller,,,@type | name,no,no,yes,yes,,page-L2NvbGxlY3Rpb24vZ3VsYWJpLWtvdGEtY290dG9u-schema-3 in seo-inventory-raw.json
/collection/gulabi-kota-cotton,app/(site)/collection/[slug]/page.tsx | lib/seo/json-ld.ts,PropertyValue,root.additionalProperty[1].@type,Gulabi Kota Cotton,"Picture this: a gorgeous pink flower in a sun‑lit garden this saree is that, turned into something you can wear.
Perfect for garden parties, slow‑morning coffees, or simply walking into your day like you’re carrying a little celebration with you.

Light, breathable, and intricately patterned, it’s one of our personal favourites for everyday elegance.

Gulabi kota cotton, with a gold blouse that feels like a quiet highlight.

Fabric: kota cotton

Work: Intricate woven patterns

Blouse pairing: Gold blouse",@context | @type | productID | sku | name | description | image | brand | category | additionalProperty | offers | itemCondition | material,@type | price | priceCurrency | availability | url | seller,,,@type | name,no,no,yes,yes,,page-L2NvbGxlY3Rpb24vZ3VsYWJpLWtvdGEtY290dG9u-schema-3 in seo-inventory-raw.json
/collection/gulabi-kota-cotton,app/(site)/collection/[slug]/page.tsx | lib/seo/json-ld.ts,Offer,root.offers.@type,Gulabi Kota Cotton,"Picture this: a gorgeous pink flower in a sun‑lit garden this saree is that, turned into something you can wear.
Perfect for garden parties, slow‑morning coffees, or simply walking into your day like you’re carrying a little celebration with you.

Light, breathable, and intricately patterned, it’s one of our personal favourites for everyday elegance.

Gulabi kota cotton, with a gold blouse that feels like a quiet highlight.

Fabric: kota cotton

Work: Intricate woven patterns

Blouse pairing: Gold blouse",@context | @type | productID | sku | name | description | image | brand | category | additionalProperty | offers | itemCondition | material,@type | price | priceCurrency | availability | url | seller,,,@type | name,no,no,yes,yes,,page-L2NvbGxlY3Rpb24vZ3VsYWJpLWtvdGEtY290dG9u-schema-3 in seo-inventory-raw.json
/collection/gulabi-kota-cotton,app/(site)/collection/[slug]/page.tsx | lib/seo/json-ld.ts,Organization,root.offers.seller.@type,Gulabi Kota Cotton,"Picture this: a gorgeous pink flower in a sun‑lit garden this saree is that, turned into something you can wear.
Perfect for garden parties, slow‑morning coffees, or simply walking into your day like you’re carrying a little celebration with you.

Light, breathable, and intricately patterned, it’s one of our personal favourites for everyday elegance.

Gulabi kota cotton, with a gold blouse that feels like a quiet highlight.

Fabric: kota cotton

Work: Intricate woven patterns

Blouse pairing: Gold blouse",@context | @type | productID | sku | name | description | image | brand | category | additionalProperty | offers | itemCondition | material,@type | price | priceCurrency | availability | url | seller,,,@type | name,no,no,yes,yes,,page-L2NvbGxlY3Rpb24vZ3VsYWJpLWtvdGEtY290dG9u-schema-3 in seo-inventory-raw.json
/collection/gulabi-kota-cotton,app/(site)/collection/[slug]/page.tsx | lib/seo/json-ld.ts,BreadcrumbList,root.@type,,,,,@context | @type | itemListElement,,,no,no,yes,uncertain,,page-L2NvbGxlY3Rpb24vZ3VsYWJpLWtvdGEtY290dG9u-schema-4 in seo-inventory-raw.json
/collection/gulabi-kota-cotton,app/(site)/collection/[slug]/page.tsx | lib/seo/json-ld.ts,ListItem,root.itemListElement[0].@type,,,,,@context | @type | itemListElement,,,no,no,yes,uncertain,,page-L2NvbGxlY3Rpb24vZ3VsYWJpLWtvdGEtY290dG9u-schema-4 in seo-inventory-raw.json
/collection/gulabi-kota-cotton,app/(site)/collection/[slug]/page.tsx | lib/seo/json-ld.ts,ListItem,root.itemListElement[1].@type,,,,,@context | @type | itemListElement,,,no,no,yes,uncertain,,page-L2NvbGxlY3Rpb24vZ3VsYWJpLWtvdGEtY290dG9u-schema-4 in seo-inventory-raw.json
/collection/gulabi-kota-cotton,app/(site)/collection/[slug]/page.tsx | lib/seo/json-ld.ts,ListItem,root.itemListElement[2].@type,,,,,@context | @type | itemListElement,,,no,no,yes,uncertain,,page-L2NvbGxlY3Rpb24vZ3VsYWJpLWtvdGEtY290dG9u-schema-4 in seo-inventory-raw.json
/collection/kempu-pachai-and-bandhani,app/(site)/collection/[slug]/page.tsx | lib/seo/json-ld.ts,OnlineStore,root.@type,From The Trunk,"Curated collection of authenticated, pre-loved luxury sarees with provenance.",,,,,@context | @type | name | url | logo | email | sameAs | description | contactPoint,no,no,yes,uncertain,,page-L2NvbGxlY3Rpb24va2VtcHUtcGFjaGFpLWFuZC1iYW5kaGFuaQ-schema-1 in seo-inventory-raw.json
/collection/kempu-pachai-and-bandhani,app/(site)/collection/[slug]/page.tsx | lib/seo/json-ld.ts,ContactPoint,root.contactPoint.@type,From The Trunk,"Curated collection of authenticated, pre-loved luxury sarees with provenance.",,,,,@context | @type | name | url | logo | email | sameAs | description | contactPoint,no,no,yes,uncertain,,page-L2NvbGxlY3Rpb24va2VtcHUtcGFjaGFpLWFuZC1iYW5kaGFuaQ-schema-1 in seo-inventory-raw.json
/collection/kempu-pachai-and-bandhani,app/(site)/collection/[slug]/page.tsx | lib/seo/json-ld.ts,WebSite,root.@type,From The Trunk,,,,,,@type | name | logo,no,no,yes,uncertain,,page-L2NvbGxlY3Rpb24va2VtcHUtcGFjaGFpLWFuZC1iYW5kaGFuaQ-schema-2 in seo-inventory-raw.json
/collection/kempu-pachai-and-bandhani,app/(site)/collection/[slug]/page.tsx | lib/seo/json-ld.ts,Organization,root.publisher.@type,From The Trunk,,,,,,@type | name | logo,no,no,yes,uncertain,,page-L2NvbGxlY3Rpb24va2VtcHUtcGFjaGFpLWFuZC1iYW5kaGFuaQ-schema-2 in seo-inventory-raw.json
/collection/kempu-pachai-and-bandhani,app/(site)/collection/[slug]/page.tsx | lib/seo/json-ld.ts,Product,root.@type,Kempu Pachai & Bandhani,"In the lexicon of Indian colour, Kempu the deep, auspicious red of temple vermillion and Pachai the lush, living green of new paddy are not merely shades. They are symbols, worn at thresholds of ceremony, carried in the memory of festivity and devotion. This bandhini saree holds both in its body, bound together by the ancient resist-dyeing hands of Rajasthani or Gujarati craftswomen, each tiny gathered knot tied with intention before the cloth ever met colour",@context | @type | productID | sku | name | description | image | brand | category | additionalProperty | offers | itemCondition | material,@type | price | priceCurrency | availability | url | seller,,,@type | name,no,no,yes,yes,,page-L2NvbGxlY3Rpb24va2VtcHUtcGFjaGFpLWFuZC1iYW5kaGFuaQ-schema-3 in seo-inventory-raw.json
/collection/kempu-pachai-and-bandhani,app/(site)/collection/[slug]/page.tsx | lib/seo/json-ld.ts,Brand,root.brand.@type,Kempu Pachai & Bandhani,"In the lexicon of Indian colour, Kempu the deep, auspicious red of temple vermillion and Pachai the lush, living green of new paddy are not merely shades. They are symbols, worn at thresholds of ceremony, carried in the memory of festivity and devotion. This bandhini saree holds both in its body, bound together by the ancient resist-dyeing hands of Rajasthani or Gujarati craftswomen, each tiny gathered knot tied with intention before the cloth ever met colour",@context | @type | productID | sku | name | description | image | brand | category | additionalProperty | offers | itemCondition | material,@type | price | priceCurrency | availability | url | seller,,,@type | name,no,no,yes,yes,,page-L2NvbGxlY3Rpb24va2VtcHUtcGFjaGFpLWFuZC1iYW5kaGFuaQ-schema-3 in seo-inventory-raw.json
/collection/kempu-pachai-and-bandhani,app/(site)/collection/[slug]/page.tsx | lib/seo/json-ld.ts,PropertyValue,root.additionalProperty[0].@type,Kempu Pachai & Bandhani,"In the lexicon of Indian colour, Kempu the deep, auspicious red of temple vermillion and Pachai the lush, living green of new paddy are not merely shades. They are symbols, worn at thresholds of ceremony, carried in the memory of festivity and devotion. This bandhini saree holds both in its body, bound together by the ancient resist-dyeing hands of Rajasthani or Gujarati craftswomen, each tiny gathered knot tied with intention before the cloth ever met colour",@context | @type | productID | sku | name | description | image | brand | category | additionalProperty | offers | itemCondition | material,@type | price | priceCurrency | availability | url | seller,,,@type | name,no,no,yes,yes,,page-L2NvbGxlY3Rpb24va2VtcHUtcGFjaGFpLWFuZC1iYW5kaGFuaQ-schema-3 in seo-inventory-raw.json
/collection/kempu-pachai-and-bandhani,app/(site)/collection/[slug]/page.tsx | lib/seo/json-ld.ts,PropertyValue,root.additionalProperty[1].@type,Kempu Pachai & Bandhani,"In the lexicon of Indian colour, Kempu the deep, auspicious red of temple vermillion and Pachai the lush, living green of new paddy are not merely shades. They are symbols, worn at thresholds of ceremony, carried in the memory of festivity and devotion. This bandhini saree holds both in its body, bound together by the ancient resist-dyeing hands of Rajasthani or Gujarati craftswomen, each tiny gathered knot tied with intention before the cloth ever met colour",@context | @type | productID | sku | name | description | image | brand | category | additionalProperty | offers | itemCondition | material,@type | price | priceCurrency | availability | url | seller,,,@type | name,no,no,yes,yes,,page-L2NvbGxlY3Rpb24va2VtcHUtcGFjaGFpLWFuZC1iYW5kaGFuaQ-schema-3 in seo-inventory-raw.json
/collection/kempu-pachai-and-bandhani,app/(site)/collection/[slug]/page.tsx | lib/seo/json-ld.ts,Offer,root.offers.@type,Kempu Pachai & Bandhani,"In the lexicon of Indian colour, Kempu the deep, auspicious red of temple vermillion and Pachai the lush, living green of new paddy are not merely shades. They are symbols, worn at thresholds of ceremony, carried in the memory of festivity and devotion. This bandhini saree holds both in its body, bound together by the ancient resist-dyeing hands of Rajasthani or Gujarati craftswomen, each tiny gathered knot tied with intention before the cloth ever met colour",@context | @type | productID | sku | name | description | image | brand | category | additionalProperty | offers | itemCondition | material,@type | price | priceCurrency | availability | url | seller,,,@type | name,no,no,yes,yes,,page-L2NvbGxlY3Rpb24va2VtcHUtcGFjaGFpLWFuZC1iYW5kaGFuaQ-schema-3 in seo-inventory-raw.json
/collection/kempu-pachai-and-bandhani,app/(site)/collection/[slug]/page.tsx | lib/seo/json-ld.ts,Organization,root.offers.seller.@type,Kempu Pachai & Bandhani,"In the lexicon of Indian colour, Kempu the deep, auspicious red of temple vermillion and Pachai the lush, living green of new paddy are not merely shades. They are symbols, worn at thresholds of ceremony, carried in the memory of festivity and devotion. This bandhini saree holds both in its body, bound together by the ancient resist-dyeing hands of Rajasthani or Gujarati craftswomen, each tiny gathered knot tied with intention before the cloth ever met colour",@context | @type | productID | sku | name | description | image | brand | category | additionalProperty | offers | itemCondition | material,@type | price | priceCurrency | availability | url | seller,,,@type | name,no,no,yes,yes,,page-L2NvbGxlY3Rpb24va2VtcHUtcGFjaGFpLWFuZC1iYW5kaGFuaQ-schema-3 in seo-inventory-raw.json
/collection/kempu-pachai-and-bandhani,app/(site)/collection/[slug]/page.tsx | lib/seo/json-ld.ts,BreadcrumbList,root.@type,,,,,@context | @type | itemListElement,,,no,no,yes,uncertain,,page-L2NvbGxlY3Rpb24va2VtcHUtcGFjaGFpLWFuZC1iYW5kaGFuaQ-schema-4 in seo-inventory-raw.json
/collection/kempu-pachai-and-bandhani,app/(site)/collection/[slug]/page.tsx | lib/seo/json-ld.ts,ListItem,root.itemListElement[0].@type,,,,,@context | @type | itemListElement,,,no,no,yes,uncertain,,page-L2NvbGxlY3Rpb24va2VtcHUtcGFjaGFpLWFuZC1iYW5kaGFuaQ-schema-4 in seo-inventory-raw.json
/collection/kempu-pachai-and-bandhani,app/(site)/collection/[slug]/page.tsx | lib/seo/json-ld.ts,ListItem,root.itemListElement[1].@type,,,,,@context | @type | itemListElement,,,no,no,yes,uncertain,,page-L2NvbGxlY3Rpb24va2VtcHUtcGFjaGFpLWFuZC1iYW5kaGFuaQ-schema-4 in seo-inventory-raw.json
/collection/kempu-pachai-and-bandhani,app/(site)/collection/[slug]/page.tsx | lib/seo/json-ld.ts,ListItem,root.itemListElement[2].@type,,,,,@context | @type | itemListElement,,,no,no,yes,uncertain,,page-L2NvbGxlY3Rpb24va2VtcHUtcGFjaGFpLWFuZC1iYW5kaGFuaQ-schema-4 in seo-inventory-raw.json
/collection/pachai-linen-golden-border-drape,app/(site)/collection/[slug]/page.tsx | lib/seo/json-ld.ts,OnlineStore,root.@type,From The Trunk,"Curated collection of authenticated, pre-loved luxury sarees with provenance.",,,,,@context | @type | name | url | logo | email | sameAs | description | contactPoint,no,no,yes,uncertain,,page-L2NvbGxlY3Rpb24vcGFjaGFpLWxpbmVuLWdvbGRlbi1ib3JkZXItZHJhcGU-schema-1 in seo-inventory-raw.json
/collection/pachai-linen-golden-border-drape,app/(site)/collection/[slug]/page.tsx | lib/seo/json-ld.ts,ContactPoint,root.contactPoint.@type,From The Trunk,"Curated collection of authenticated, pre-loved luxury sarees with provenance.",,,,,@context | @type | name | url | logo | email | sameAs | description | contactPoint,no,no,yes,uncertain,,page-L2NvbGxlY3Rpb24vcGFjaGFpLWxpbmVuLWdvbGRlbi1ib3JkZXItZHJhcGU-schema-1 in seo-inventory-raw.json
/collection/pachai-linen-golden-border-drape,app/(site)/collection/[slug]/page.tsx | lib/seo/json-ld.ts,WebSite,root.@type,From The Trunk,,,,,,@type | name | logo,no,no,yes,uncertain,,page-L2NvbGxlY3Rpb24vcGFjaGFpLWxpbmVuLWdvbGRlbi1ib3JkZXItZHJhcGU-schema-2 in seo-inventory-raw.json
/collection/pachai-linen-golden-border-drape,app/(site)/collection/[slug]/page.tsx | lib/seo/json-ld.ts,Organization,root.publisher.@type,From The Trunk,,,,,,@type | name | logo,no,no,yes,uncertain,,page-L2NvbGxlY3Rpb24vcGFjaGFpLWxpbmVuLWdvbGRlbi1ib3JkZXItZHJhcGU-schema-2 in seo-inventory-raw.json
/collection/pachai-linen-golden-border-drape,app/(site)/collection/[slug]/page.tsx | lib/seo/json-ld.ts,Product,root.@type,Pachai Linen Blend,"Some colours don't ask for attention, they simply hold it.  This emerald green linen‑blend saree that matches the calm you wish to surround yourself with. Light, easy, and breathable just perfect for your everyday wear. Not just a saree, but the kind of quiet luxury you reach for every morning.

Worn by a single owner and kept with evident care, this saree arrives in excellent condition its colour unfaded, its border intact, its story just beginning its next chapter.",@context | @type | productID | sku | name | description | image | brand | category | additionalProperty | offers | itemCondition | material,@type | price | priceCurrency | availability | url | seller,,,@type | name,no,no,yes,yes,,page-L2NvbGxlY3Rpb24vcGFjaGFpLWxpbmVuLWdvbGRlbi1ib3JkZXItZHJhcGU-schema-3 in seo-inventory-raw.json
/collection/pachai-linen-golden-border-drape,app/(site)/collection/[slug]/page.tsx | lib/seo/json-ld.ts,Brand,root.brand.@type,Pachai Linen Blend,"Some colours don't ask for attention, they simply hold it.  This emerald green linen‑blend saree that matches the calm you wish to surround yourself with. Light, easy, and breathable just perfect for your everyday wear. Not just a saree, but the kind of quiet luxury you reach for every morning.

Worn by a single owner and kept with evident care, this saree arrives in excellent condition its colour unfaded, its border intact, its story just beginning its next chapter.",@context | @type | productID | sku | name | description | image | brand | category | additionalProperty | offers | itemCondition | material,@type | price | priceCurrency | availability | url | seller,,,@type | name,no,no,yes,yes,,page-L2NvbGxlY3Rpb24vcGFjaGFpLWxpbmVuLWdvbGRlbi1ib3JkZXItZHJhcGU-schema-3 in seo-inventory-raw.json
/collection/pachai-linen-golden-border-drape,app/(site)/collection/[slug]/page.tsx | lib/seo/json-ld.ts,PropertyValue,root.additionalProperty[0].@type,Pachai Linen Blend,"Some colours don't ask for attention, they simply hold it.  This emerald green linen‑blend saree that matches the calm you wish to surround yourself with. Light, easy, and breathable just perfect for your everyday wear. Not just a saree, but the kind of quiet luxury you reach for every morning.

Worn by a single owner and kept with evident care, this saree arrives in excellent condition its colour unfaded, its border intact, its story just beginning its next chapter.",@context | @type | productID | sku | name | description | image | brand | category | additionalProperty | offers | itemCondition | material,@type | price | priceCurrency | availability | url | seller,,,@type | name,no,no,yes,yes,,page-L2NvbGxlY3Rpb24vcGFjaGFpLWxpbmVuLWdvbGRlbi1ib3JkZXItZHJhcGU-schema-3 in seo-inventory-raw.json
/collection/pachai-linen-golden-border-drape,app/(site)/collection/[slug]/page.tsx | lib/seo/json-ld.ts,PropertyValue,root.additionalProperty[1].@type,Pachai Linen Blend,"Some colours don't ask for attention, they simply hold it.  This emerald green linen‑blend saree that matches the calm you wish to surround yourself with. Light, easy, and breathable just perfect for your everyday wear. Not just a saree, but the kind of quiet luxury you reach for every morning.

Worn by a single owner and kept with evident care, this saree arrives in excellent condition its colour unfaded, its border intact, its story just beginning its next chapter.",@context | @type | productID | sku | name | description | image | brand | category | additionalProperty | offers | itemCondition | material,@type | price | priceCurrency | availability | url | seller,,,@type | name,no,no,yes,yes,,page-L2NvbGxlY3Rpb24vcGFjaGFpLWxpbmVuLWdvbGRlbi1ib3JkZXItZHJhcGU-schema-3 in seo-inventory-raw.json
/collection/pachai-linen-golden-border-drape,app/(site)/collection/[slug]/page.tsx | lib/seo/json-ld.ts,PropertyValue,root.additionalProperty[2].@type,Pachai Linen Blend,"Some colours don't ask for attention, they simply hold it.  This emerald green linen‑blend saree that matches the calm you wish to surround yourself with. Light, easy, and breathable just perfect for your everyday wear. Not just a saree, but the kind of quiet luxury you reach for every morning.

Worn by a single owner and kept with evident care, this saree arrives in excellent condition its colour unfaded, its border intact, its story just beginning its next chapter.",@context | @type | productID | sku | name | description | image | brand | category | additionalProperty | offers | itemCondition | material,@type | price | priceCurrency | availability | url | seller,,,@type | name,no,no,yes,yes,,page-L2NvbGxlY3Rpb24vcGFjaGFpLWxpbmVuLWdvbGRlbi1ib3JkZXItZHJhcGU-schema-3 in seo-inventory-raw.json
/collection/pachai-linen-golden-border-drape,app/(site)/collection/[slug]/page.tsx | lib/seo/json-ld.ts,Offer,root.offers.@type,Pachai Linen Blend,"Some colours don't ask for attention, they simply hold it.  This emerald green linen‑blend saree that matches the calm you wish to surround yourself with. Light, easy, and breathable just perfect for your everyday wear. Not just a saree, but the kind of quiet luxury you reach for every morning.

Worn by a single owner and kept with evident care, this saree arrives in excellent condition its colour unfaded, its border intact, its story just beginning its next chapter.",@context | @type | productID | sku | name | description | image | brand | category | additionalProperty | offers | itemCondition | material,@type | price | priceCurrency | availability | url | seller,,,@type | name,no,no,yes,yes,,page-L2NvbGxlY3Rpb24vcGFjaGFpLWxpbmVuLWdvbGRlbi1ib3JkZXItZHJhcGU-schema-3 in seo-inventory-raw.json
/collection/pachai-linen-golden-border-drape,app/(site)/collection/[slug]/page.tsx | lib/seo/json-ld.ts,Organization,root.offers.seller.@type,Pachai Linen Blend,"Some colours don't ask for attention, they simply hold it.  This emerald green linen‑blend saree that matches the calm you wish to surround yourself with. Light, easy, and breathable just perfect for your everyday wear. Not just a saree, but the kind of quiet luxury you reach for every morning.

Worn by a single owner and kept with evident care, this saree arrives in excellent condition its colour unfaded, its border intact, its story just beginning its next chapter.",@context | @type | productID | sku | name | description | image | brand | category | additionalProperty | offers | itemCondition | material,@type | price | priceCurrency | availability | url | seller,,,@type | name,no,no,yes,yes,,page-L2NvbGxlY3Rpb24vcGFjaGFpLWxpbmVuLWdvbGRlbi1ib3JkZXItZHJhcGU-schema-3 in seo-inventory-raw.json
/collection/pachai-linen-golden-border-drape,app/(site)/collection/[slug]/page.tsx | lib/seo/json-ld.ts,BreadcrumbList,root.@type,,,,,@context | @type | itemListElement,,,no,no,yes,uncertain,,page-L2NvbGxlY3Rpb24vcGFjaGFpLWxpbmVuLWdvbGRlbi1ib3JkZXItZHJhcGU-schema-4 in seo-inventory-raw.json
/collection/pachai-linen-golden-border-drape,app/(site)/collection/[slug]/page.tsx | lib/seo/json-ld.ts,ListItem,root.itemListElement[0].@type,,,,,@context | @type | itemListElement,,,no,no,yes,uncertain,,page-L2NvbGxlY3Rpb24vcGFjaGFpLWxpbmVuLWdvbGRlbi1ib3JkZXItZHJhcGU-schema-4 in seo-inventory-raw.json
/collection/pachai-linen-golden-border-drape,app/(site)/collection/[slug]/page.tsx | lib/seo/json-ld.ts,ListItem,root.itemListElement[1].@type,,,,,@context | @type | itemListElement,,,no,no,yes,uncertain,,page-L2NvbGxlY3Rpb24vcGFjaGFpLWxpbmVuLWdvbGRlbi1ib3JkZXItZHJhcGU-schema-4 in seo-inventory-raw.json
/collection/pachai-linen-golden-border-drape,app/(site)/collection/[slug]/page.tsx | lib/seo/json-ld.ts,ListItem,root.itemListElement[2].@type,,,,,@context | @type | itemListElement,,,no,no,yes,uncertain,,page-L2NvbGxlY3Rpb24vcGFjaGFpLWxpbmVuLWdvbGRlbi1ib3JkZXItZHJhcGU-schema-4 in seo-inventory-raw.json
/404,app/(site)/404/page.tsx,OnlineStore,root.@type,From The Trunk,"Curated collection of authenticated, pre-loved luxury sarees with provenance.",,,,,@context | @type | name | url | logo | email | sameAs | description | contactPoint,no,no,yes,uncertain,,page-LzQwNA-schema-1 in seo-inventory-raw.json
/404,app/(site)/404/page.tsx,ContactPoint,root.contactPoint.@type,From The Trunk,"Curated collection of authenticated, pre-loved luxury sarees with provenance.",,,,,@context | @type | name | url | logo | email | sameAs | description | contactPoint,no,no,yes,uncertain,,page-LzQwNA-schema-1 in seo-inventory-raw.json
/404,app/(site)/404/page.tsx,WebSite,root.@type,From The Trunk,,,,,,@type | name | logo,no,no,yes,uncertain,,page-LzQwNA-schema-2 in seo-inventory-raw.json
/404,app/(site)/404/page.tsx,Organization,root.publisher.@type,From The Trunk,,,,,,@type | name | logo,no,no,yes,uncertain,,page-LzQwNA-schema-2 in seo-inventory-raw.json
/account/addresses,app/(site)/account/sign-in/page.tsx,OnlineStore,root.@type,From The Trunk,"Curated collection of authenticated, pre-loved luxury sarees with provenance.",,,,,@context | @type | name | url | logo | email | sameAs | description | contactPoint,no,no,yes,uncertain,,page-L2FjY291bnQvYWRkcmVzc2Vz-schema-1 in seo-inventory-raw.json
/account/addresses,app/(site)/account/sign-in/page.tsx,ContactPoint,root.contactPoint.@type,From The Trunk,"Curated collection of authenticated, pre-loved luxury sarees with provenance.",,,,,@context | @type | name | url | logo | email | sameAs | description | contactPoint,no,no,yes,uncertain,,page-L2FjY291bnQvYWRkcmVzc2Vz-schema-1 in seo-inventory-raw.json
/account/addresses,app/(site)/account/sign-in/page.tsx,WebSite,root.@type,From The Trunk,,,,,,@type | name | logo,no,no,yes,uncertain,,page-L2FjY291bnQvYWRkcmVzc2Vz-schema-2 in seo-inventory-raw.json
/account/addresses,app/(site)/account/sign-in/page.tsx,Organization,root.publisher.@type,From The Trunk,,,,,,@type | name | logo,no,no,yes,uncertain,,page-L2FjY291bnQvYWRkcmVzc2Vz-schema-2 in seo-inventory-raw.json
/account/orders,app/(site)/account/sign-in/page.tsx,OnlineStore,root.@type,From The Trunk,"Curated collection of authenticated, pre-loved luxury sarees with provenance.",,,,,@context | @type | name | url | logo | email | sameAs | description | contactPoint,no,no,yes,uncertain,,page-L2FjY291bnQvb3JkZXJz-schema-1 in seo-inventory-raw.json
/account/orders,app/(site)/account/sign-in/page.tsx,ContactPoint,root.contactPoint.@type,From The Trunk,"Curated collection of authenticated, pre-loved luxury sarees with provenance.",,,,,@context | @type | name | url | logo | email | sameAs | description | contactPoint,no,no,yes,uncertain,,page-L2FjY291bnQvb3JkZXJz-schema-1 in seo-inventory-raw.json
/account/orders,app/(site)/account/sign-in/page.tsx,WebSite,root.@type,From The Trunk,,,,,,@type | name | logo,no,no,yes,uncertain,,page-L2FjY291bnQvb3JkZXJz-schema-2 in seo-inventory-raw.json
/account/orders,app/(site)/account/sign-in/page.tsx,Organization,root.publisher.@type,From The Trunk,,,,,,@type | name | logo,no,no,yes,uncertain,,page-L2FjY291bnQvb3JkZXJz-schema-2 in seo-inventory-raw.json
/account,app/(site)/account/page.tsx,OnlineStore,root.@type,From The Trunk,"Curated collection of authenticated, pre-loved luxury sarees with provenance.",,,,,@context | @type | name | url | logo | email | sameAs | description | contactPoint,no,no,yes,uncertain,,page-L2FjY291bnQ-schema-1 in seo-inventory-raw.json
/account,app/(site)/account/page.tsx,ContactPoint,root.contactPoint.@type,From The Trunk,"Curated collection of authenticated, pre-loved luxury sarees with provenance.",,,,,@context | @type | name | url | logo | email | sameAs | description | contactPoint,no,no,yes,uncertain,,page-L2FjY291bnQ-schema-1 in seo-inventory-raw.json
/account,app/(site)/account/page.tsx,WebSite,root.@type,From The Trunk,,,,,,@type | name | logo,no,no,yes,uncertain,,page-L2FjY291bnQ-schema-2 in seo-inventory-raw.json
/account,app/(site)/account/page.tsx,Organization,root.publisher.@type,From The Trunk,,,,,,@type | name | logo,no,no,yes,uncertain,,page-L2FjY291bnQ-schema-2 in seo-inventory-raw.json
/account/profile,app/(site)/account/sign-in/page.tsx,OnlineStore,root.@type,From The Trunk,"Curated collection of authenticated, pre-loved luxury sarees with provenance.",,,,,@context | @type | name | url | logo | email | sameAs | description | contactPoint,no,no,yes,uncertain,,page-L2FjY291bnQvcHJvZmlsZQ-schema-1 in seo-inventory-raw.json
/account/profile,app/(site)/account/sign-in/page.tsx,ContactPoint,root.contactPoint.@type,From The Trunk,"Curated collection of authenticated, pre-loved luxury sarees with provenance.",,,,,@context | @type | name | url | logo | email | sameAs | description | contactPoint,no,no,yes,uncertain,,page-L2FjY291bnQvcHJvZmlsZQ-schema-1 in seo-inventory-raw.json
/account/profile,app/(site)/account/sign-in/page.tsx,WebSite,root.@type,From The Trunk,,,,,,@type | name | logo,no,no,yes,uncertain,,page-L2FjY291bnQvcHJvZmlsZQ-schema-2 in seo-inventory-raw.json
/account/profile,app/(site)/account/sign-in/page.tsx,Organization,root.publisher.@type,From The Trunk,,,,,,@type | name | logo,no,no,yes,uncertain,,page-L2FjY291bnQvcHJvZmlsZQ-schema-2 in seo-inventory-raw.json
/account/profile/verify-email,app/(site)/account/sign-in/page.tsx,OnlineStore,root.@type,From The Trunk,"Curated collection of authenticated, pre-loved luxury sarees with provenance.",,,,,@context | @type | name | url | logo | email | sameAs | description | contactPoint,no,no,yes,uncertain,,page-L2FjY291bnQvcHJvZmlsZS92ZXJpZnktZW1haWw-schema-1 in seo-inventory-raw.json
/account/profile/verify-email,app/(site)/account/sign-in/page.tsx,ContactPoint,root.contactPoint.@type,From The Trunk,"Curated collection of authenticated, pre-loved luxury sarees with provenance.",,,,,@context | @type | name | url | logo | email | sameAs | description | contactPoint,no,no,yes,uncertain,,page-L2FjY291bnQvcHJvZmlsZS92ZXJpZnktZW1haWw-schema-1 in seo-inventory-raw.json
/account/profile/verify-email,app/(site)/account/sign-in/page.tsx,WebSite,root.@type,From The Trunk,,,,,,@type | name | logo,no,no,yes,uncertain,,page-L2FjY291bnQvcHJvZmlsZS92ZXJpZnktZW1haWw-schema-2 in seo-inventory-raw.json
/account/profile/verify-email,app/(site)/account/sign-in/page.tsx,Organization,root.publisher.@type,From The Trunk,,,,,,@type | name | logo,no,no,yes,uncertain,,page-L2FjY291bnQvcHJvZmlsZS92ZXJpZnktZW1haWw-schema-2 in seo-inventory-raw.json
/account/sign-in,app/(site)/account/sign-in/page.tsx,OnlineStore,root.@type,From The Trunk,"Curated collection of authenticated, pre-loved luxury sarees with provenance.",,,,,@context | @type | name | url | logo | email | sameAs | description | contactPoint,no,no,yes,uncertain,,page-L2FjY291bnQvc2lnbi1pbg-schema-1 in seo-inventory-raw.json
/account/sign-in,app/(site)/account/sign-in/page.tsx,ContactPoint,root.contactPoint.@type,From The Trunk,"Curated collection of authenticated, pre-loved luxury sarees with provenance.",,,,,@context | @type | name | url | logo | email | sameAs | description | contactPoint,no,no,yes,uncertain,,page-L2FjY291bnQvc2lnbi1pbg-schema-1 in seo-inventory-raw.json
/account/sign-in,app/(site)/account/sign-in/page.tsx,WebSite,root.@type,From The Trunk,,,,,,@type | name | logo,no,no,yes,uncertain,,page-L2FjY291bnQvc2lnbi1pbg-schema-2 in seo-inventory-raw.json
/account/sign-in,app/(site)/account/sign-in/page.tsx,Organization,root.publisher.@type,From The Trunk,,,,,,@type | name | logo,no,no,yes,uncertain,,page-L2FjY291bnQvc2lnbi1pbg-schema-2 in seo-inventory-raw.json
/account/sign-up,app/(site)/account/sign-up/page.tsx,OnlineStore,root.@type,From The Trunk,"Curated collection of authenticated, pre-loved luxury sarees with provenance.",,,,,@context | @type | name | url | logo | email | sameAs | description | contactPoint,no,no,yes,uncertain,,page-L2FjY291bnQvc2lnbi11cA-schema-1 in seo-inventory-raw.json
/account/sign-up,app/(site)/account/sign-up/page.tsx,ContactPoint,root.contactPoint.@type,From The Trunk,"Curated collection of authenticated, pre-loved luxury sarees with provenance.",,,,,@context | @type | name | url | logo | email | sameAs | description | contactPoint,no,no,yes,uncertain,,page-L2FjY291bnQvc2lnbi11cA-schema-1 in seo-inventory-raw.json
/account/sign-up,app/(site)/account/sign-up/page.tsx,WebSite,root.@type,From The Trunk,,,,,,@type | name | logo,no,no,yes,uncertain,,page-L2FjY291bnQvc2lnbi11cA-schema-2 in seo-inventory-raw.json
/account/sign-up,app/(site)/account/sign-up/page.tsx,Organization,root.publisher.@type,From The Trunk,,,,,,@type | name | logo,no,no,yes,uncertain,,page-L2FjY291bnQvc2lnbi11cA-schema-2 in seo-inventory-raw.json
/account/wishlist,app/(site)/account/sign-in/page.tsx,OnlineStore,root.@type,From The Trunk,"Curated collection of authenticated, pre-loved luxury sarees with provenance.",,,,,@context | @type | name | url | logo | email | sameAs | description | contactPoint,no,no,yes,uncertain,,page-L2FjY291bnQvd2lzaGxpc3Q-schema-1 in seo-inventory-raw.json
/account/wishlist,app/(site)/account/sign-in/page.tsx,ContactPoint,root.contactPoint.@type,From The Trunk,"Curated collection of authenticated, pre-loved luxury sarees with provenance.",,,,,@context | @type | name | url | logo | email | sameAs | description | contactPoint,no,no,yes,uncertain,,page-L2FjY291bnQvd2lzaGxpc3Q-schema-1 in seo-inventory-raw.json
/account/wishlist,app/(site)/account/sign-in/page.tsx,WebSite,root.@type,From The Trunk,,,,,,@type | name | logo,no,no,yes,uncertain,,page-L2FjY291bnQvd2lzaGxpc3Q-schema-2 in seo-inventory-raw.json
/account/wishlist,app/(site)/account/sign-in/page.tsx,Organization,root.publisher.@type,From The Trunk,,,,,,@type | name | logo,no,no,yes,uncertain,,page-L2FjY291bnQvd2lzaGxpc3Q-schema-2 in seo-inventory-raw.json
/cart,app/(site)/cart/page.tsx,OnlineStore,root.@type,From The Trunk,"Curated collection of authenticated, pre-loved luxury sarees with provenance.",,,,,@context | @type | name | url | logo | email | sameAs | description | contactPoint,no,no,yes,uncertain,,page-L2NhcnQ-schema-1 in seo-inventory-raw.json
/cart,app/(site)/cart/page.tsx,ContactPoint,root.contactPoint.@type,From The Trunk,"Curated collection of authenticated, pre-loved luxury sarees with provenance.",,,,,@context | @type | name | url | logo | email | sameAs | description | contactPoint,no,no,yes,uncertain,,page-L2NhcnQ-schema-1 in seo-inventory-raw.json
/cart,app/(site)/cart/page.tsx,WebSite,root.@type,From The Trunk,,,,,,@type | name | logo,no,no,yes,uncertain,,page-L2NhcnQ-schema-2 in seo-inventory-raw.json
/cart,app/(site)/cart/page.tsx,Organization,root.publisher.@type,From The Trunk,,,,,,@type | name | logo,no,no,yes,uncertain,,page-L2NhcnQ-schema-2 in seo-inventory-raw.json
/checkout/confirmation,app/(site)/checkout/confirmation/page.tsx,OnlineStore,root.@type,From The Trunk,"Curated collection of authenticated, pre-loved luxury sarees with provenance.",,,,,@context | @type | name | url | logo | email | sameAs | description | contactPoint,no,no,yes,uncertain,,page-L2NoZWNrb3V0L2NvbmZpcm1hdGlvbg-schema-1 in seo-inventory-raw.json
/checkout/confirmation,app/(site)/checkout/confirmation/page.tsx,ContactPoint,root.contactPoint.@type,From The Trunk,"Curated collection of authenticated, pre-loved luxury sarees with provenance.",,,,,@context | @type | name | url | logo | email | sameAs | description | contactPoint,no,no,yes,uncertain,,page-L2NoZWNrb3V0L2NvbmZpcm1hdGlvbg-schema-1 in seo-inventory-raw.json
/checkout/confirmation,app/(site)/checkout/confirmation/page.tsx,WebSite,root.@type,From The Trunk,,,,,,@type | name | logo,no,no,yes,uncertain,,page-L2NoZWNrb3V0L2NvbmZpcm1hdGlvbg-schema-2 in seo-inventory-raw.json
/checkout/confirmation,app/(site)/checkout/confirmation/page.tsx,Organization,root.publisher.@type,From The Trunk,,,,,,@type | name | logo,no,no,yes,uncertain,,page-L2NoZWNrb3V0L2NvbmZpcm1hdGlvbg-schema-2 in seo-inventory-raw.json
/checkout,app/(site)/checkout/page.tsx,OnlineStore,root.@type,From The Trunk,"Curated collection of authenticated, pre-loved luxury sarees with provenance.",,,,,@context | @type | name | url | logo | email | sameAs | description | contactPoint,no,no,yes,uncertain,,page-L2NoZWNrb3V0-schema-1 in seo-inventory-raw.json
/checkout,app/(site)/checkout/page.tsx,ContactPoint,root.contactPoint.@type,From The Trunk,"Curated collection of authenticated, pre-loved luxury sarees with provenance.",,,,,@context | @type | name | url | logo | email | sameAs | description | contactPoint,no,no,yes,uncertain,,page-L2NoZWNrb3V0-schema-1 in seo-inventory-raw.json
/checkout,app/(site)/checkout/page.tsx,WebSite,root.@type,From The Trunk,,,,,,@type | name | logo,no,no,yes,uncertain,,page-L2NoZWNrb3V0-schema-2 in seo-inventory-raw.json
/checkout,app/(site)/checkout/page.tsx,Organization,root.publisher.@type,From The Trunk,,,,,,@type | name | logo,no,no,yes,uncertain,,page-L2NoZWNrb3V0-schema-2 in seo-inventory-raw.json
/founders,app/(site)/our-team/page.tsx,OnlineStore,root.@type,From The Trunk,"Curated collection of authenticated, pre-loved luxury sarees with provenance.",,,,,@context | @type | name | url | logo | email | sameAs | description | contactPoint,no,no,yes,uncertain,,page-L2ZvdW5kZXJz-schema-1 in seo-inventory-raw.json
/founders,app/(site)/our-team/page.tsx,ContactPoint,root.contactPoint.@type,From The Trunk,"Curated collection of authenticated, pre-loved luxury sarees with provenance.",,,,,@context | @type | name | url | logo | email | sameAs | description | contactPoint,no,no,yes,uncertain,,page-L2ZvdW5kZXJz-schema-1 in seo-inventory-raw.json
/founders,app/(site)/our-team/page.tsx,WebSite,root.@type,From The Trunk,,,,,,@type | name | logo,no,no,yes,uncertain,,page-L2ZvdW5kZXJz-schema-2 in seo-inventory-raw.json
/founders,app/(site)/our-team/page.tsx,Organization,root.publisher.@type,From The Trunk,,,,,,@type | name | logo,no,no,yes,uncertain,,page-L2ZvdW5kZXJz-schema-2 in seo-inventory-raw.json
/privacy-policy,app/(site)/policies/[slug]/page.tsx,OnlineStore,root.@type,From The Trunk,"Curated collection of authenticated, pre-loved luxury sarees with provenance.",,,,,@context | @type | name | url | logo | email | sameAs | description | contactPoint,no,no,yes,uncertain,,page-L3ByaXZhY3ktcG9saWN5-schema-1 in seo-inventory-raw.json
/privacy-policy,app/(site)/policies/[slug]/page.tsx,ContactPoint,root.contactPoint.@type,From The Trunk,"Curated collection of authenticated, pre-loved luxury sarees with provenance.",,,,,@context | @type | name | url | logo | email | sameAs | description | contactPoint,no,no,yes,uncertain,,page-L3ByaXZhY3ktcG9saWN5-schema-1 in seo-inventory-raw.json
/privacy-policy,app/(site)/policies/[slug]/page.tsx,WebSite,root.@type,From The Trunk,,,,,,@type | name | logo,no,no,yes,uncertain,,page-L3ByaXZhY3ktcG9saWN5-schema-2 in seo-inventory-raw.json
/privacy-policy,app/(site)/policies/[slug]/page.tsx,Organization,root.publisher.@type,From The Trunk,,,,,,@type | name | logo,no,no,yes,uncertain,,page-L3ByaXZhY3ktcG9saWN5-schema-2 in seo-inventory-raw.json
/return-policy,app/(site)/policies/[slug]/page.tsx,OnlineStore,root.@type,From The Trunk,"Curated collection of authenticated, pre-loved luxury sarees with provenance.",,,,,@context | @type | name | url | logo | email | sameAs | description | contactPoint,no,no,yes,uncertain,,page-L3JldHVybi1wb2xpY3k-schema-1 in seo-inventory-raw.json
/return-policy,app/(site)/policies/[slug]/page.tsx,ContactPoint,root.contactPoint.@type,From The Trunk,"Curated collection of authenticated, pre-loved luxury sarees with provenance.",,,,,@context | @type | name | url | logo | email | sameAs | description | contactPoint,no,no,yes,uncertain,,page-L3JldHVybi1wb2xpY3k-schema-1 in seo-inventory-raw.json
/return-policy,app/(site)/policies/[slug]/page.tsx,WebSite,root.@type,From The Trunk,,,,,,@type | name | logo,no,no,yes,uncertain,,page-L3JldHVybi1wb2xpY3k-schema-2 in seo-inventory-raw.json
/return-policy,app/(site)/policies/[slug]/page.tsx,Organization,root.publisher.@type,From The Trunk,,,,,,@type | name | logo,no,no,yes,uncertain,,page-L3JldHVybi1wb2xpY3k-schema-2 in seo-inventory-raw.json
/search,app/(site)/search/page.tsx,OnlineStore,root.@type,From The Trunk,"Curated collection of authenticated, pre-loved luxury sarees with provenance.",,,,,@context | @type | name | url | logo | email | sameAs | description | contactPoint,no,no,yes,uncertain,,page-L3NlYXJjaA-schema-1 in seo-inventory-raw.json
/search,app/(site)/search/page.tsx,ContactPoint,root.contactPoint.@type,From The Trunk,"Curated collection of authenticated, pre-loved luxury sarees with provenance.",,,,,@context | @type | name | url | logo | email | sameAs | description | contactPoint,no,no,yes,uncertain,,page-L3NlYXJjaA-schema-1 in seo-inventory-raw.json
/search,app/(site)/search/page.tsx,WebSite,root.@type,From The Trunk,,,,,,@type | name | logo,no,no,yes,uncertain,,page-L3NlYXJjaA-schema-2 in seo-inventory-raw.json
/search,app/(site)/search/page.tsx,Organization,root.publisher.@type,From The Trunk,,,,,,@type | name | logo,no,no,yes,uncertain,,page-L3NlYXJjaA-schema-2 in seo-inventory-raw.json
/shipping-policy,app/(site)/policies/[slug]/page.tsx,OnlineStore,root.@type,From The Trunk,"Curated collection of authenticated, pre-loved luxury sarees with provenance.",,,,,@context | @type | name | url | logo | email | sameAs | description | contactPoint,no,no,yes,uncertain,,page-L3NoaXBwaW5nLXBvbGljeQ-schema-1 in seo-inventory-raw.json
/shipping-policy,app/(site)/policies/[slug]/page.tsx,ContactPoint,root.contactPoint.@type,From The Trunk,"Curated collection of authenticated, pre-loved luxury sarees with provenance.",,,,,@context | @type | name | url | logo | email | sameAs | description | contactPoint,no,no,yes,uncertain,,page-L3NoaXBwaW5nLXBvbGljeQ-schema-1 in seo-inventory-raw.json
/shipping-policy,app/(site)/policies/[slug]/page.tsx,WebSite,root.@type,From The Trunk,,,,,,@type | name | logo,no,no,yes,uncertain,,page-L3NoaXBwaW5nLXBvbGljeQ-schema-2 in seo-inventory-raw.json
/shipping-policy,app/(site)/policies/[slug]/page.tsx,Organization,root.publisher.@type,From The Trunk,,,,,,@type | name | logo,no,no,yes,uncertain,,page-L3NoaXBwaW5nLXBvbGljeQ-schema-2 in seo-inventory-raw.json
/terms-of-service,app/(site)/policies/[slug]/page.tsx,OnlineStore,root.@type,From The Trunk,"Curated collection of authenticated, pre-loved luxury sarees with provenance.",,,,,@context | @type | name | url | logo | email | sameAs | description | contactPoint,no,no,yes,uncertain,,page-L3Rlcm1zLW9mLXNlcnZpY2U-schema-1 in seo-inventory-raw.json
/terms-of-service,app/(site)/policies/[slug]/page.tsx,ContactPoint,root.contactPoint.@type,From The Trunk,"Curated collection of authenticated, pre-loved luxury sarees with provenance.",,,,,@context | @type | name | url | logo | email | sameAs | description | contactPoint,no,no,yes,uncertain,,page-L3Rlcm1zLW9mLXNlcnZpY2U-schema-1 in seo-inventory-raw.json
/terms-of-service,app/(site)/policies/[slug]/page.tsx,WebSite,root.@type,From The Trunk,,,,,,@type | name | logo,no,no,yes,uncertain,,page-L3Rlcm1zLW9mLXNlcnZpY2U-schema-2 in seo-inventory-raw.json
/terms-of-service,app/(site)/policies/[slug]/page.tsx,Organization,root.publisher.@type,From The Trunk,,,,,,@type | name | logo,no,no,yes,uncertain,,page-L3Rlcm1zLW9mLXNlcnZpY2U-schema-2 in seo-inventory-raw.json
/_global-error,app/(site)/[...slug]/page.tsx | lib/content/blocks/faq.tsx | lib/seo/json-ld.ts,OnlineStore,root.@type,From The Trunk,"Curated collection of authenticated, pre-loved luxury sarees with provenance.",,,,,@context | @type | name | url | logo | email | sameAs | description | contactPoint,no,no,yes,uncertain,,page-L19nbG9iYWwtZXJyb3I-schema-1 in seo-inventory-raw.json
/_global-error,app/(site)/[...slug]/page.tsx | lib/content/blocks/faq.tsx | lib/seo/json-ld.ts,ContactPoint,root.contactPoint.@type,From The Trunk,"Curated collection of authenticated, pre-loved luxury sarees with provenance.",,,,,@context | @type | name | url | logo | email | sameAs | description | contactPoint,no,no,yes,uncertain,,page-L19nbG9iYWwtZXJyb3I-schema-1 in seo-inventory-raw.json
/_global-error,app/(site)/[...slug]/page.tsx | lib/content/blocks/faq.tsx | lib/seo/json-ld.ts,WebSite,root.@type,From The Trunk,,,,,,@type | name | logo,no,no,yes,uncertain,,page-L19nbG9iYWwtZXJyb3I-schema-2 in seo-inventory-raw.json
/_global-error,app/(site)/[...slug]/page.tsx | lib/content/blocks/faq.tsx | lib/seo/json-ld.ts,Organization,root.publisher.@type,From The Trunk,,,,,,@type | name | logo,no,no,yes,uncertain,,page-L19nbG9iYWwtZXJyb3I-schema-2 in seo-inventory-raw.json
/collection/fabric/chiffon,app/(site)/collection/fabric/[fabric]/page.tsx | components/seo/keyword-product-landing-page.tsx | lib/seo/json-ld.ts,OnlineStore,root.@type,From The Trunk,"Curated collection of authenticated, pre-loved luxury sarees with provenance.",,,,,@context | @type | name | url | logo | email | sameAs | description | contactPoint,no,no,yes,uncertain,,page-L2NvbGxlY3Rpb24vZmFicmljL2NoaWZmb24-schema-1 in seo-inventory-raw.json
/collection/fabric/chiffon,app/(site)/collection/fabric/[fabric]/page.tsx | components/seo/keyword-product-landing-page.tsx | lib/seo/json-ld.ts,ContactPoint,root.contactPoint.@type,From The Trunk,"Curated collection of authenticated, pre-loved luxury sarees with provenance.",,,,,@context | @type | name | url | logo | email | sameAs | description | contactPoint,no,no,yes,uncertain,,page-L2NvbGxlY3Rpb24vZmFicmljL2NoaWZmb24-schema-1 in seo-inventory-raw.json
/collection/fabric/chiffon,app/(site)/collection/fabric/[fabric]/page.tsx | components/seo/keyword-product-landing-page.tsx | lib/seo/json-ld.ts,WebSite,root.@type,From The Trunk,,,,,,@type | name | logo,no,no,yes,uncertain,,page-L2NvbGxlY3Rpb24vZmFicmljL2NoaWZmb24-schema-2 in seo-inventory-raw.json
/collection/fabric/chiffon,app/(site)/collection/fabric/[fabric]/page.tsx | components/seo/keyword-product-landing-page.tsx | lib/seo/json-ld.ts,Organization,root.publisher.@type,From The Trunk,,,,,,@type | name | logo,no,no,yes,uncertain,,page-L2NvbGxlY3Rpb24vZmFicmljL2NoaWZmb24-schema-2 in seo-inventory-raw.json
/collection/fabric/chiffon,app/(site)/collection/fabric/[fabric]/page.tsx | components/seo/keyword-product-landing-page.tsx | lib/seo/json-ld.ts,BreadcrumbList,root.@type,,,,,@context | @type | itemListElement,,,no,no,yes,uncertain,,page-L2NvbGxlY3Rpb24vZmFicmljL2NoaWZmb24-schema-3 in seo-inventory-raw.json
/collection/fabric/chiffon,app/(site)/collection/fabric/[fabric]/page.tsx | components/seo/keyword-product-landing-page.tsx | lib/seo/json-ld.ts,ListItem,root.itemListElement[0].@type,,,,,@context | @type | itemListElement,,,no,no,yes,uncertain,,page-L2NvbGxlY3Rpb24vZmFicmljL2NoaWZmb24-schema-3 in seo-inventory-raw.json
/collection/fabric/chiffon,app/(site)/collection/fabric/[fabric]/page.tsx | components/seo/keyword-product-landing-page.tsx | lib/seo/json-ld.ts,ListItem,root.itemListElement[1].@type,,,,,@context | @type | itemListElement,,,no,no,yes,uncertain,,page-L2NvbGxlY3Rpb24vZmFicmljL2NoaWZmb24-schema-3 in seo-inventory-raw.json
/collection/fabric/chiffon,app/(site)/collection/fabric/[fabric]/page.tsx | components/seo/keyword-product-landing-page.tsx | lib/seo/json-ld.ts,ListItem,root.itemListElement[2].@type,,,,,@context | @type | itemListElement,,,no,no,yes,uncertain,,page-L2NvbGxlY3Rpb24vZmFicmljL2NoaWZmb24-schema-3 in seo-inventory-raw.json
/collection/fabric/chiffon,app/(site)/collection/fabric/[fabric]/page.tsx | components/seo/keyword-product-landing-page.tsx | lib/seo/json-ld.ts,FAQPage,root.@type,,,,,,@context | @type | mainEntity,,no,no,yes,yes - FAQ tests/source and rendered questions checked,,page-L2NvbGxlY3Rpb24vZmFicmljL2NoaWZmb24-schema-4 in seo-inventory-raw.json
/collection/fabric/chiffon,app/(site)/collection/fabric/[fabric]/page.tsx | components/seo/keyword-product-landing-page.tsx | lib/seo/json-ld.ts,Question,root.mainEntity[0].@type,,,,,,@context | @type | mainEntity,,no,no,yes,yes - FAQ tests/source and rendered questions checked,,page-L2NvbGxlY3Rpb24vZmFicmljL2NoaWZmb24-schema-4 in seo-inventory-raw.json
/collection/fabric/chiffon,app/(site)/collection/fabric/[fabric]/page.tsx | components/seo/keyword-product-landing-page.tsx | lib/seo/json-ld.ts,Answer,root.mainEntity[0].acceptedAnswer.@type,,,,,,@context | @type | mainEntity,,no,no,yes,yes - FAQ tests/source and rendered questions checked,,page-L2NvbGxlY3Rpb24vZmFicmljL2NoaWZmb24-schema-4 in seo-inventory-raw.json
/collection/fabric/chiffon,app/(site)/collection/fabric/[fabric]/page.tsx | components/seo/keyword-product-landing-page.tsx | lib/seo/json-ld.ts,ItemList,root.@type,,,,,,,,no,no,yes,uncertain,,page-L2NvbGxlY3Rpb24vZmFicmljL2NoaWZmb24-schema-5 in seo-inventory-raw.json
/collection/fabric/chiffon,app/(site)/collection/fabric/[fabric]/page.tsx | components/seo/keyword-product-landing-page.tsx | lib/seo/json-ld.ts,ListItem,root.itemListElement[0].@type,,,,,,,,no,no,yes,uncertain,,page-L2NvbGxlY3Rpb24vZmFicmljL2NoaWZmb24-schema-5 in seo-inventory-raw.json
/collection/fabric/chiffon,app/(site)/collection/fabric/[fabric]/page.tsx | components/seo/keyword-product-landing-page.tsx | lib/seo/json-ld.ts,ListItem,root.itemListElement[1].@type,,,,,,,,no,no,yes,uncertain,,page-L2NvbGxlY3Rpb24vZmFicmljL2NoaWZmb24-schema-5 in seo-inventory-raw.json
/collection/fabric/chiffon,app/(site)/collection/fabric/[fabric]/page.tsx | components/seo/keyword-product-landing-page.tsx | lib/seo/json-ld.ts,ListItem,root.itemListElement[2].@type,,,,,,,,no,no,yes,uncertain,,page-L2NvbGxlY3Rpb24vZmFicmljL2NoaWZmb24-schema-5 in seo-inventory-raw.json
/collection/fabric/chiffon,app/(site)/collection/fabric/[fabric]/page.tsx | components/seo/keyword-product-landing-page.tsx | lib/seo/json-ld.ts,ListItem,root.itemListElement[3].@type,,,,,,,,no,no,yes,uncertain,,page-L2NvbGxlY3Rpb24vZmFicmljL2NoaWZmb24-schema-5 in seo-inventory-raw.json
/collection/fabric/chiffon,app/(site)/collection/fabric/[fabric]/page.tsx | components/seo/keyword-product-landing-page.tsx | lib/seo/json-ld.ts,ListItem,root.itemListElement[4].@type,,,,,,,,no,no,yes,uncertain,,page-L2NvbGxlY3Rpb24vZmFicmljL2NoaWZmb24-schema-5 in seo-inventory-raw.json
/collection/fabric/georgette,app/(site)/collection/fabric/[fabric]/page.tsx | components/seo/keyword-product-landing-page.tsx | lib/seo/json-ld.ts,OnlineStore,root.@type,From The Trunk,"Curated collection of authenticated, pre-loved luxury sarees with provenance.",,,,,@context | @type | name | url | logo | email | sameAs | description | contactPoint,no,no,yes,uncertain,,page-L2NvbGxlY3Rpb24vZmFicmljL2dlb3JnZXR0ZQ-schema-1 in seo-inventory-raw.json
/collection/fabric/georgette,app/(site)/collection/fabric/[fabric]/page.tsx | components/seo/keyword-product-landing-page.tsx | lib/seo/json-ld.ts,ContactPoint,root.contactPoint.@type,From The Trunk,"Curated collection of authenticated, pre-loved luxury sarees with provenance.",,,,,@context | @type | name | url | logo | email | sameAs | description | contactPoint,no,no,yes,uncertain,,page-L2NvbGxlY3Rpb24vZmFicmljL2dlb3JnZXR0ZQ-schema-1 in seo-inventory-raw.json
/collection/fabric/georgette,app/(site)/collection/fabric/[fabric]/page.tsx | components/seo/keyword-product-landing-page.tsx | lib/seo/json-ld.ts,WebSite,root.@type,From The Trunk,,,,,,@type | name | logo,no,no,yes,uncertain,,page-L2NvbGxlY3Rpb24vZmFicmljL2dlb3JnZXR0ZQ-schema-2 in seo-inventory-raw.json
/collection/fabric/georgette,app/(site)/collection/fabric/[fabric]/page.tsx | components/seo/keyword-product-landing-page.tsx | lib/seo/json-ld.ts,Organization,root.publisher.@type,From The Trunk,,,,,,@type | name | logo,no,no,yes,uncertain,,page-L2NvbGxlY3Rpb24vZmFicmljL2dlb3JnZXR0ZQ-schema-2 in seo-inventory-raw.json
/collection/fabric/georgette,app/(site)/collection/fabric/[fabric]/page.tsx | components/seo/keyword-product-landing-page.tsx | lib/seo/json-ld.ts,BreadcrumbList,root.@type,,,,,@context | @type | itemListElement,,,no,no,yes,uncertain,,page-L2NvbGxlY3Rpb24vZmFicmljL2dlb3JnZXR0ZQ-schema-3 in seo-inventory-raw.json
/collection/fabric/georgette,app/(site)/collection/fabric/[fabric]/page.tsx | components/seo/keyword-product-landing-page.tsx | lib/seo/json-ld.ts,ListItem,root.itemListElement[0].@type,,,,,@context | @type | itemListElement,,,no,no,yes,uncertain,,page-L2NvbGxlY3Rpb24vZmFicmljL2dlb3JnZXR0ZQ-schema-3 in seo-inventory-raw.json
/collection/fabric/georgette,app/(site)/collection/fabric/[fabric]/page.tsx | components/seo/keyword-product-landing-page.tsx | lib/seo/json-ld.ts,ListItem,root.itemListElement[1].@type,,,,,@context | @type | itemListElement,,,no,no,yes,uncertain,,page-L2NvbGxlY3Rpb24vZmFicmljL2dlb3JnZXR0ZQ-schema-3 in seo-inventory-raw.json
/collection/fabric/georgette,app/(site)/collection/fabric/[fabric]/page.tsx | components/seo/keyword-product-landing-page.tsx | lib/seo/json-ld.ts,ListItem,root.itemListElement[2].@type,,,,,@context | @type | itemListElement,,,no,no,yes,uncertain,,page-L2NvbGxlY3Rpb24vZmFicmljL2dlb3JnZXR0ZQ-schema-3 in seo-inventory-raw.json
/collection/fabric/georgette,app/(site)/collection/fabric/[fabric]/page.tsx | components/seo/keyword-product-landing-page.tsx | lib/seo/json-ld.ts,FAQPage,root.@type,,,,,,@context | @type | mainEntity,,no,no,yes,yes - FAQ tests/source and rendered questions checked,,page-L2NvbGxlY3Rpb24vZmFicmljL2dlb3JnZXR0ZQ-schema-4 in seo-inventory-raw.json
/collection/fabric/georgette,app/(site)/collection/fabric/[fabric]/page.tsx | components/seo/keyword-product-landing-page.tsx | lib/seo/json-ld.ts,Question,root.mainEntity[0].@type,,,,,,@context | @type | mainEntity,,no,no,yes,yes - FAQ tests/source and rendered questions checked,,page-L2NvbGxlY3Rpb24vZmFicmljL2dlb3JnZXR0ZQ-schema-4 in seo-inventory-raw.json
/collection/fabric/georgette,app/(site)/collection/fabric/[fabric]/page.tsx | components/seo/keyword-product-landing-page.tsx | lib/seo/json-ld.ts,Answer,root.mainEntity[0].acceptedAnswer.@type,,,,,,@context | @type | mainEntity,,no,no,yes,yes - FAQ tests/source and rendered questions checked,,page-L2NvbGxlY3Rpb24vZmFicmljL2dlb3JnZXR0ZQ-schema-4 in seo-inventory-raw.json
/collection/fabric/georgette,app/(site)/collection/fabric/[fabric]/page.tsx | components/seo/keyword-product-landing-page.tsx | lib/seo/json-ld.ts,ItemList,root.@type,,,,,,,,no,no,yes,uncertain,,page-L2NvbGxlY3Rpb24vZmFicmljL2dlb3JnZXR0ZQ-schema-5 in seo-inventory-raw.json
/collection/fabric/georgette,app/(site)/collection/fabric/[fabric]/page.tsx | components/seo/keyword-product-landing-page.tsx | lib/seo/json-ld.ts,ListItem,root.itemListElement[0].@type,,,,,,,,no,no,yes,uncertain,,page-L2NvbGxlY3Rpb24vZmFicmljL2dlb3JnZXR0ZQ-schema-5 in seo-inventory-raw.json
/collection/fabric/georgette,app/(site)/collection/fabric/[fabric]/page.tsx | components/seo/keyword-product-landing-page.tsx | lib/seo/json-ld.ts,ListItem,root.itemListElement[1].@type,,,,,,,,no,no,yes,uncertain,,page-L2NvbGxlY3Rpb24vZmFicmljL2dlb3JnZXR0ZQ-schema-5 in seo-inventory-raw.json
/collection/fabric/georgette,app/(site)/collection/fabric/[fabric]/page.tsx | components/seo/keyword-product-landing-page.tsx | lib/seo/json-ld.ts,ListItem,root.itemListElement[2].@type,,,,,,,,no,no,yes,uncertain,,page-L2NvbGxlY3Rpb24vZmFicmljL2dlb3JnZXR0ZQ-schema-5 in seo-inventory-raw.json
/collection/fabric/georgette,app/(site)/collection/fabric/[fabric]/page.tsx | components/seo/keyword-product-landing-page.tsx | lib/seo/json-ld.ts,ListItem,root.itemListElement[3].@type,,,,,,,,no,no,yes,uncertain,,page-L2NvbGxlY3Rpb24vZmFicmljL2dlb3JnZXR0ZQ-schema-5 in seo-inventory-raw.json
/collection/fabric/kanjeevaram,app/(site)/collection/fabric/[fabric]/page.tsx | components/seo/keyword-product-landing-page.tsx | lib/seo/json-ld.ts,OnlineStore,root.@type,From The Trunk,"Curated collection of authenticated, pre-loved luxury sarees with provenance.",,,,,@context | @type | name | url | logo | email | sameAs | description | contactPoint,no,no,yes,uncertain,,page-L2NvbGxlY3Rpb24vZmFicmljL2thbmplZXZhcmFt-schema-1 in seo-inventory-raw.json
/collection/fabric/kanjeevaram,app/(site)/collection/fabric/[fabric]/page.tsx | components/seo/keyword-product-landing-page.tsx | lib/seo/json-ld.ts,ContactPoint,root.contactPoint.@type,From The Trunk,"Curated collection of authenticated, pre-loved luxury sarees with provenance.",,,,,@context | @type | name | url | logo | email | sameAs | description | contactPoint,no,no,yes,uncertain,,page-L2NvbGxlY3Rpb24vZmFicmljL2thbmplZXZhcmFt-schema-1 in seo-inventory-raw.json
/collection/fabric/kanjeevaram,app/(site)/collection/fabric/[fabric]/page.tsx | components/seo/keyword-product-landing-page.tsx | lib/seo/json-ld.ts,WebSite,root.@type,From The Trunk,,,,,,@type | name | logo,no,no,yes,uncertain,,page-L2NvbGxlY3Rpb24vZmFicmljL2thbmplZXZhcmFt-schema-2 in seo-inventory-raw.json
/collection/fabric/kanjeevaram,app/(site)/collection/fabric/[fabric]/page.tsx | components/seo/keyword-product-landing-page.tsx | lib/seo/json-ld.ts,Organization,root.publisher.@type,From The Trunk,,,,,,@type | name | logo,no,no,yes,uncertain,,page-L2NvbGxlY3Rpb24vZmFicmljL2thbmplZXZhcmFt-schema-2 in seo-inventory-raw.json
/collection/fabric/kanjeevaram,app/(site)/collection/fabric/[fabric]/page.tsx | components/seo/keyword-product-landing-page.tsx | lib/seo/json-ld.ts,BreadcrumbList,root.@type,,,,,@context | @type | itemListElement,,,no,no,yes,uncertain,,page-L2NvbGxlY3Rpb24vZmFicmljL2thbmplZXZhcmFt-schema-3 in seo-inventory-raw.json
/collection/fabric/kanjeevaram,app/(site)/collection/fabric/[fabric]/page.tsx | components/seo/keyword-product-landing-page.tsx | lib/seo/json-ld.ts,ListItem,root.itemListElement[0].@type,,,,,@context | @type | itemListElement,,,no,no,yes,uncertain,,page-L2NvbGxlY3Rpb24vZmFicmljL2thbmplZXZhcmFt-schema-3 in seo-inventory-raw.json
/collection/fabric/kanjeevaram,app/(site)/collection/fabric/[fabric]/page.tsx | components/seo/keyword-product-landing-page.tsx | lib/seo/json-ld.ts,ListItem,root.itemListElement[1].@type,,,,,@context | @type | itemListElement,,,no,no,yes,uncertain,,page-L2NvbGxlY3Rpb24vZmFicmljL2thbmplZXZhcmFt-schema-3 in seo-inventory-raw.json
/collection/fabric/kanjeevaram,app/(site)/collection/fabric/[fabric]/page.tsx | components/seo/keyword-product-landing-page.tsx | lib/seo/json-ld.ts,ListItem,root.itemListElement[2].@type,,,,,@context | @type | itemListElement,,,no,no,yes,uncertain,,page-L2NvbGxlY3Rpb24vZmFicmljL2thbmplZXZhcmFt-schema-3 in seo-inventory-raw.json
/collection/fabric/kanjeevaram,app/(site)/collection/fabric/[fabric]/page.tsx | components/seo/keyword-product-landing-page.tsx | lib/seo/json-ld.ts,FAQPage,root.@type,,,,,,@context | @type | mainEntity,,no,no,yes,yes - FAQ tests/source and rendered questions checked,,page-L2NvbGxlY3Rpb24vZmFicmljL2thbmplZXZhcmFt-schema-4 in seo-inventory-raw.json
/collection/fabric/kanjeevaram,app/(site)/collection/fabric/[fabric]/page.tsx | components/seo/keyword-product-landing-page.tsx | lib/seo/json-ld.ts,Question,root.mainEntity[0].@type,,,,,,@context | @type | mainEntity,,no,no,yes,yes - FAQ tests/source and rendered questions checked,,page-L2NvbGxlY3Rpb24vZmFicmljL2thbmplZXZhcmFt-schema-4 in seo-inventory-raw.json
/collection/fabric/kanjeevaram,app/(site)/collection/fabric/[fabric]/page.tsx | components/seo/keyword-product-landing-page.tsx | lib/seo/json-ld.ts,Answer,root.mainEntity[0].acceptedAnswer.@type,,,,,,@context | @type | mainEntity,,no,no,yes,yes - FAQ tests/source and rendered questions checked,,page-L2NvbGxlY3Rpb24vZmFicmljL2thbmplZXZhcmFt-schema-4 in seo-inventory-raw.json
/collection/occasion/festive,app/(site)/collection/occasion/[occasion]/page.tsx | components/seo/keyword-product-landing-page.tsx | lib/seo/json-ld.ts,OnlineStore,root.@type,From The Trunk,"Curated collection of authenticated, pre-loved luxury sarees with provenance.",,,,,@context | @type | name | url | logo | email | sameAs | description | contactPoint,no,no,yes,uncertain,,page-L2NvbGxlY3Rpb24vb2NjYXNpb24vZmVzdGl2ZQ-schema-1 in seo-inventory-raw.json
/collection/occasion/festive,app/(site)/collection/occasion/[occasion]/page.tsx | components/seo/keyword-product-landing-page.tsx | lib/seo/json-ld.ts,ContactPoint,root.contactPoint.@type,From The Trunk,"Curated collection of authenticated, pre-loved luxury sarees with provenance.",,,,,@context | @type | name | url | logo | email | sameAs | description | contactPoint,no,no,yes,uncertain,,page-L2NvbGxlY3Rpb24vb2NjYXNpb24vZmVzdGl2ZQ-schema-1 in seo-inventory-raw.json
/collection/occasion/festive,app/(site)/collection/occasion/[occasion]/page.tsx | components/seo/keyword-product-landing-page.tsx | lib/seo/json-ld.ts,WebSite,root.@type,From The Trunk,,,,,,@type | name | logo,no,no,yes,uncertain,,page-L2NvbGxlY3Rpb24vb2NjYXNpb24vZmVzdGl2ZQ-schema-2 in seo-inventory-raw.json
/collection/occasion/festive,app/(site)/collection/occasion/[occasion]/page.tsx | components/seo/keyword-product-landing-page.tsx | lib/seo/json-ld.ts,Organization,root.publisher.@type,From The Trunk,,,,,,@type | name | logo,no,no,yes,uncertain,,page-L2NvbGxlY3Rpb24vb2NjYXNpb24vZmVzdGl2ZQ-schema-2 in seo-inventory-raw.json
/collection/occasion/festive,app/(site)/collection/occasion/[occasion]/page.tsx | components/seo/keyword-product-landing-page.tsx | lib/seo/json-ld.ts,BreadcrumbList,root.@type,,,,,@context | @type | itemListElement,,,no,no,yes,uncertain,,page-L2NvbGxlY3Rpb24vb2NjYXNpb24vZmVzdGl2ZQ-schema-3 in seo-inventory-raw.json
/collection/occasion/festive,app/(site)/collection/occasion/[occasion]/page.tsx | components/seo/keyword-product-landing-page.tsx | lib/seo/json-ld.ts,ListItem,root.itemListElement[0].@type,,,,,@context | @type | itemListElement,,,no,no,yes,uncertain,,page-L2NvbGxlY3Rpb24vb2NjYXNpb24vZmVzdGl2ZQ-schema-3 in seo-inventory-raw.json
/collection/occasion/festive,app/(site)/collection/occasion/[occasion]/page.tsx | components/seo/keyword-product-landing-page.tsx | lib/seo/json-ld.ts,ListItem,root.itemListElement[1].@type,,,,,@context | @type | itemListElement,,,no,no,yes,uncertain,,page-L2NvbGxlY3Rpb24vb2NjYXNpb24vZmVzdGl2ZQ-schema-3 in seo-inventory-raw.json
/collection/occasion/festive,app/(site)/collection/occasion/[occasion]/page.tsx | components/seo/keyword-product-landing-page.tsx | lib/seo/json-ld.ts,ListItem,root.itemListElement[2].@type,,,,,@context | @type | itemListElement,,,no,no,yes,uncertain,,page-L2NvbGxlY3Rpb24vb2NjYXNpb24vZmVzdGl2ZQ-schema-3 in seo-inventory-raw.json
/collection/occasion/festive,app/(site)/collection/occasion/[occasion]/page.tsx | components/seo/keyword-product-landing-page.tsx | lib/seo/json-ld.ts,FAQPage,root.@type,,,,,,@context | @type | mainEntity,,no,no,yes,yes - FAQ tests/source and rendered questions checked,,page-L2NvbGxlY3Rpb24vb2NjYXNpb24vZmVzdGl2ZQ-schema-4 in seo-inventory-raw.json
/collection/occasion/festive,app/(site)/collection/occasion/[occasion]/page.tsx | components/seo/keyword-product-landing-page.tsx | lib/seo/json-ld.ts,Question,root.mainEntity[0].@type,,,,,,@context | @type | mainEntity,,no,no,yes,yes - FAQ tests/source and rendered questions checked,,page-L2NvbGxlY3Rpb24vb2NjYXNpb24vZmVzdGl2ZQ-schema-4 in seo-inventory-raw.json
/collection/occasion/festive,app/(site)/collection/occasion/[occasion]/page.tsx | components/seo/keyword-product-landing-page.tsx | lib/seo/json-ld.ts,Answer,root.mainEntity[0].acceptedAnswer.@type,,,,,,@context | @type | mainEntity,,no,no,yes,yes - FAQ tests/source and rendered questions checked,,page-L2NvbGxlY3Rpb24vb2NjYXNpb24vZmVzdGl2ZQ-schema-4 in seo-inventory-raw.json
/collection/occasion/festive,app/(site)/collection/occasion/[occasion]/page.tsx | components/seo/keyword-product-landing-page.tsx | lib/seo/json-ld.ts,Question,root.mainEntity[1].@type,,,,,,@context | @type | mainEntity,,no,no,yes,yes - FAQ tests/source and rendered questions checked,,page-L2NvbGxlY3Rpb24vb2NjYXNpb24vZmVzdGl2ZQ-schema-4 in seo-inventory-raw.json
/collection/occasion/festive,app/(site)/collection/occasion/[occasion]/page.tsx | components/seo/keyword-product-landing-page.tsx | lib/seo/json-ld.ts,Answer,root.mainEntity[1].acceptedAnswer.@type,,,,,,@context | @type | mainEntity,,no,no,yes,yes - FAQ tests/source and rendered questions checked,,page-L2NvbGxlY3Rpb24vb2NjYXNpb24vZmVzdGl2ZQ-schema-4 in seo-inventory-raw.json
/collection/occasion/wedding,app/(site)/collection/occasion/[occasion]/page.tsx | components/seo/keyword-product-landing-page.tsx | lib/seo/json-ld.ts,OnlineStore,root.@type,From The Trunk,"Curated collection of authenticated, pre-loved luxury sarees with provenance.",,,,,@context | @type | name | url | logo | email | sameAs | description | contactPoint,no,no,yes,uncertain,,page-L2NvbGxlY3Rpb24vb2NjYXNpb24vd2VkZGluZw-schema-1 in seo-inventory-raw.json
/collection/occasion/wedding,app/(site)/collection/occasion/[occasion]/page.tsx | components/seo/keyword-product-landing-page.tsx | lib/seo/json-ld.ts,ContactPoint,root.contactPoint.@type,From The Trunk,"Curated collection of authenticated, pre-loved luxury sarees with provenance.",,,,,@context | @type | name | url | logo | email | sameAs | description | contactPoint,no,no,yes,uncertain,,page-L2NvbGxlY3Rpb24vb2NjYXNpb24vd2VkZGluZw-schema-1 in seo-inventory-raw.json
/collection/occasion/wedding,app/(site)/collection/occasion/[occasion]/page.tsx | components/seo/keyword-product-landing-page.tsx | lib/seo/json-ld.ts,WebSite,root.@type,From The Trunk,,,,,,@type | name | logo,no,no,yes,uncertain,,page-L2NvbGxlY3Rpb24vb2NjYXNpb24vd2VkZGluZw-schema-2 in seo-inventory-raw.json
/collection/occasion/wedding,app/(site)/collection/occasion/[occasion]/page.tsx | components/seo/keyword-product-landing-page.tsx | lib/seo/json-ld.ts,Organization,root.publisher.@type,From The Trunk,,,,,,@type | name | logo,no,no,yes,uncertain,,page-L2NvbGxlY3Rpb24vb2NjYXNpb24vd2VkZGluZw-schema-2 in seo-inventory-raw.json
/collection/occasion/wedding,app/(site)/collection/occasion/[occasion]/page.tsx | components/seo/keyword-product-landing-page.tsx | lib/seo/json-ld.ts,BreadcrumbList,root.@type,,,,,@context | @type | itemListElement,,,no,no,yes,uncertain,,page-L2NvbGxlY3Rpb24vb2NjYXNpb24vd2VkZGluZw-schema-3 in seo-inventory-raw.json
/collection/occasion/wedding,app/(site)/collection/occasion/[occasion]/page.tsx | components/seo/keyword-product-landing-page.tsx | lib/seo/json-ld.ts,ListItem,root.itemListElement[0].@type,,,,,@context | @type | itemListElement,,,no,no,yes,uncertain,,page-L2NvbGxlY3Rpb24vb2NjYXNpb24vd2VkZGluZw-schema-3 in seo-inventory-raw.json
/collection/occasion/wedding,app/(site)/collection/occasion/[occasion]/page.tsx | components/seo/keyword-product-landing-page.tsx | lib/seo/json-ld.ts,ListItem,root.itemListElement[1].@type,,,,,@context | @type | itemListElement,,,no,no,yes,uncertain,,page-L2NvbGxlY3Rpb24vb2NjYXNpb24vd2VkZGluZw-schema-3 in seo-inventory-raw.json
/collection/occasion/wedding,app/(site)/collection/occasion/[occasion]/page.tsx | components/seo/keyword-product-landing-page.tsx | lib/seo/json-ld.ts,ListItem,root.itemListElement[2].@type,,,,,@context | @type | itemListElement,,,no,no,yes,uncertain,,page-L2NvbGxlY3Rpb24vb2NjYXNpb24vd2VkZGluZw-schema-3 in seo-inventory-raw.json
/collection/occasion/wedding,app/(site)/collection/occasion/[occasion]/page.tsx | components/seo/keyword-product-landing-page.tsx | lib/seo/json-ld.ts,FAQPage,root.@type,,,,,,@context | @type | mainEntity,,no,no,yes,yes - FAQ tests/source and rendered questions checked,,page-L2NvbGxlY3Rpb24vb2NjYXNpb24vd2VkZGluZw-schema-4 in seo-inventory-raw.json
/collection/occasion/wedding,app/(site)/collection/occasion/[occasion]/page.tsx | components/seo/keyword-product-landing-page.tsx | lib/seo/json-ld.ts,Question,root.mainEntity[0].@type,,,,,,@context | @type | mainEntity,,no,no,yes,yes - FAQ tests/source and rendered questions checked,,page-L2NvbGxlY3Rpb24vb2NjYXNpb24vd2VkZGluZw-schema-4 in seo-inventory-raw.json
/collection/occasion/wedding,app/(site)/collection/occasion/[occasion]/page.tsx | components/seo/keyword-product-landing-page.tsx | lib/seo/json-ld.ts,Answer,root.mainEntity[0].acceptedAnswer.@type,,,,,,@context | @type | mainEntity,,no,no,yes,yes - FAQ tests/source and rendered questions checked,,page-L2NvbGxlY3Rpb24vb2NjYXNpb24vd2VkZGluZw-schema-4 in seo-inventory-raw.json
/faq,app/(site)/faqs/page.tsx | lib/seo/json-ld.ts,OnlineStore,root.@type,From The Trunk,"Curated collection of authenticated, pre-loved luxury sarees with provenance.",,,,,@context | @type | name | url | logo | email | sameAs | description | contactPoint,no,no,yes,uncertain,,page-L2ZhcQ-schema-1 in seo-inventory-raw.json
/faq,app/(site)/faqs/page.tsx | lib/seo/json-ld.ts,ContactPoint,root.contactPoint.@type,From The Trunk,"Curated collection of authenticated, pre-loved luxury sarees with provenance.",,,,,@context | @type | name | url | logo | email | sameAs | description | contactPoint,no,no,yes,uncertain,,page-L2ZhcQ-schema-1 in seo-inventory-raw.json
/faq,app/(site)/faqs/page.tsx | lib/seo/json-ld.ts,WebSite,root.@type,From The Trunk,,,,,,@type | name | logo,no,no,yes,uncertain,,page-L2ZhcQ-schema-2 in seo-inventory-raw.json
/faq,app/(site)/faqs/page.tsx | lib/seo/json-ld.ts,Organization,root.publisher.@type,From The Trunk,,,,,,@type | name | logo,no,no,yes,uncertain,,page-L2ZhcQ-schema-2 in seo-inventory-raw.json
/faq,app/(site)/faqs/page.tsx | lib/seo/json-ld.ts,FAQPage,root.@type,,,,,,@context | @type | mainEntity,,no,no,yes,yes - FAQ tests/source and rendered questions checked,,page-L2ZhcQ-schema-3 in seo-inventory-raw.json
/faq,app/(site)/faqs/page.tsx | lib/seo/json-ld.ts,Question,root.mainEntity[0].@type,,,,,,@context | @type | mainEntity,,no,no,yes,yes - FAQ tests/source and rendered questions checked,,page-L2ZhcQ-schema-3 in seo-inventory-raw.json
/faq,app/(site)/faqs/page.tsx | lib/seo/json-ld.ts,Answer,root.mainEntity[0].acceptedAnswer.@type,,,,,,@context | @type | mainEntity,,no,no,yes,yes - FAQ tests/source and rendered questions checked,,page-L2ZhcQ-schema-3 in seo-inventory-raw.json
/faq,app/(site)/faqs/page.tsx | lib/seo/json-ld.ts,Question,root.mainEntity[1].@type,,,,,,@context | @type | mainEntity,,no,no,yes,yes - FAQ tests/source and rendered questions checked,,page-L2ZhcQ-schema-3 in seo-inventory-raw.json
/faq,app/(site)/faqs/page.tsx | lib/seo/json-ld.ts,Answer,root.mainEntity[1].acceptedAnswer.@type,,,,,,@context | @type | mainEntity,,no,no,yes,yes - FAQ tests/source and rendered questions checked,,page-L2ZhcQ-schema-3 in seo-inventory-raw.json
/faq,app/(site)/faqs/page.tsx | lib/seo/json-ld.ts,Question,root.mainEntity[2].@type,,,,,,@context | @type | mainEntity,,no,no,yes,yes - FAQ tests/source and rendered questions checked,,page-L2ZhcQ-schema-3 in seo-inventory-raw.json
/faq,app/(site)/faqs/page.tsx | lib/seo/json-ld.ts,Answer,root.mainEntity[2].acceptedAnswer.@type,,,,,,@context | @type | mainEntity,,no,no,yes,yes - FAQ tests/source and rendered questions checked,,page-L2ZhcQ-schema-3 in seo-inventory-raw.json
/faq,app/(site)/faqs/page.tsx | lib/seo/json-ld.ts,Question,root.mainEntity[3].@type,,,,,,@context | @type | mainEntity,,no,no,yes,yes - FAQ tests/source and rendered questions checked,,page-L2ZhcQ-schema-3 in seo-inventory-raw.json
/faq,app/(site)/faqs/page.tsx | lib/seo/json-ld.ts,Answer,root.mainEntity[3].acceptedAnswer.@type,,,,,,@context | @type | mainEntity,,no,no,yes,yes - FAQ tests/source and rendered questions checked,,page-L2ZhcQ-schema-3 in seo-inventory-raw.json
/faq,app/(site)/faqs/page.tsx | lib/seo/json-ld.ts,Question,root.mainEntity[4].@type,,,,,,@context | @type | mainEntity,,no,no,yes,yes - FAQ tests/source and rendered questions checked,,page-L2ZhcQ-schema-3 in seo-inventory-raw.json
/faq,app/(site)/faqs/page.tsx | lib/seo/json-ld.ts,Answer,root.mainEntity[4].acceptedAnswer.@type,,,,,,@context | @type | mainEntity,,no,no,yes,yes - FAQ tests/source and rendered questions checked,,page-L2ZhcQ-schema-3 in seo-inventory-raw.json
/faq,app/(site)/faqs/page.tsx | lib/seo/json-ld.ts,Question,root.mainEntity[5].@type,,,,,,@context | @type | mainEntity,,no,no,yes,yes - FAQ tests/source and rendered questions checked,,page-L2ZhcQ-schema-3 in seo-inventory-raw.json
/faq,app/(site)/faqs/page.tsx | lib/seo/json-ld.ts,Answer,root.mainEntity[5].acceptedAnswer.@type,,,,,,@context | @type | mainEntity,,no,no,yes,yes - FAQ tests/source and rendered questions checked,,page-L2ZhcQ-schema-3 in seo-inventory-raw.json
/faq,app/(site)/faqs/page.tsx | lib/seo/json-ld.ts,Question,root.mainEntity[6].@type,,,,,,@context | @type | mainEntity,,no,no,yes,yes - FAQ tests/source and rendered questions checked,,page-L2ZhcQ-schema-3 in seo-inventory-raw.json
/faq,app/(site)/faqs/page.tsx | lib/seo/json-ld.ts,Answer,root.mainEntity[6].acceptedAnswer.@type,,,,,,@context | @type | mainEntity,,no,no,yes,yes - FAQ tests/source and rendered questions checked,,page-L2ZhcQ-schema-3 in seo-inventory-raw.json
/faq,app/(site)/faqs/page.tsx | lib/seo/json-ld.ts,Question,root.mainEntity[7].@type,,,,,,@context | @type | mainEntity,,no,no,yes,yes - FAQ tests/source and rendered questions checked,,page-L2ZhcQ-schema-3 in seo-inventory-raw.json
/faq,app/(site)/faqs/page.tsx | lib/seo/json-ld.ts,Answer,root.mainEntity[7].acceptedAnswer.@type,,,,,,@context | @type | mainEntity,,no,no,yes,yes - FAQ tests/source and rendered questions checked,,page-L2ZhcQ-schema-3 in seo-inventory-raw.json
/faq,app/(site)/faqs/page.tsx | lib/seo/json-ld.ts,Question,root.mainEntity[8].@type,,,,,,@context | @type | mainEntity,,no,no,yes,yes - FAQ tests/source and rendered questions checked,,page-L2ZhcQ-schema-3 in seo-inventory-raw.json
/faq,app/(site)/faqs/page.tsx | lib/seo/json-ld.ts,Answer,root.mainEntity[8].acceptedAnswer.@type,,,,,,@context | @type | mainEntity,,no,no,yes,yes - FAQ tests/source and rendered questions checked,,page-L2ZhcQ-schema-3 in seo-inventory-raw.json
/faq,app/(site)/faqs/page.tsx | lib/seo/json-ld.ts,Question,root.mainEntity[9].@type,,,,,,@context | @type | mainEntity,,no,no,yes,yes - FAQ tests/source and rendered questions checked,,page-L2ZhcQ-schema-3 in seo-inventory-raw.json
/faq,app/(site)/faqs/page.tsx | lib/seo/json-ld.ts,Answer,root.mainEntity[9].acceptedAnswer.@type,,,,,,@context | @type | mainEntity,,no,no,yes,yes - FAQ tests/source and rendered questions checked,,page-L2ZhcQ-schema-3 in seo-inventory-raw.json
/faq,app/(site)/faqs/page.tsx | lib/seo/json-ld.ts,Question,root.mainEntity[10].@type,,,,,,@context | @type | mainEntity,,no,no,yes,yes - FAQ tests/source and rendered questions checked,,page-L2ZhcQ-schema-3 in seo-inventory-raw.json
/faq,app/(site)/faqs/page.tsx | lib/seo/json-ld.ts,Answer,root.mainEntity[10].acceptedAnswer.@type,,,,,,@context | @type | mainEntity,,no,no,yes,yes - FAQ tests/source and rendered questions checked,,page-L2ZhcQ-schema-3 in seo-inventory-raw.json
/faq,app/(site)/faqs/page.tsx | lib/seo/json-ld.ts,Question,root.mainEntity[11].@type,,,,,,@context | @type | mainEntity,,no,no,yes,yes - FAQ tests/source and rendered questions checked,,page-L2ZhcQ-schema-3 in seo-inventory-raw.json
/faq,app/(site)/faqs/page.tsx | lib/seo/json-ld.ts,Answer,root.mainEntity[11].acceptedAnswer.@type,,,,,,@context | @type | mainEntity,,no,no,yes,yes - FAQ tests/source and rendered questions checked,,page-L2ZhcQ-schema-3 in seo-inventory-raw.json
/faq,app/(site)/faqs/page.tsx | lib/seo/json-ld.ts,Question,root.mainEntity[12].@type,,,,,,@context | @type | mainEntity,,no,no,yes,yes - FAQ tests/source and rendered questions checked,,page-L2ZhcQ-schema-3 in seo-inventory-raw.json
/faq,app/(site)/faqs/page.tsx | lib/seo/json-ld.ts,Answer,root.mainEntity[12].acceptedAnswer.@type,,,,,,@context | @type | mainEntity,,no,no,yes,yes - FAQ tests/source and rendered questions checked,,page-L2ZhcQ-schema-3 in seo-inventory-raw.json
/faq,app/(site)/faqs/page.tsx | lib/seo/json-ld.ts,Question,root.mainEntity[13].@type,,,,,,@context | @type | mainEntity,,no,no,yes,yes - FAQ tests/source and rendered questions checked,,page-L2ZhcQ-schema-3 in seo-inventory-raw.json
/faq,app/(site)/faqs/page.tsx | lib/seo/json-ld.ts,Answer,root.mainEntity[13].acceptedAnswer.@type,,,,,,@context | @type | mainEntity,,no,no,yes,yes - FAQ tests/source and rendered questions checked,,page-L2ZhcQ-schema-3 in seo-inventory-raw.json
/faq,app/(site)/faqs/page.tsx | lib/seo/json-ld.ts,Question,root.mainEntity[14].@type,,,,,,@context | @type | mainEntity,,no,no,yes,yes - FAQ tests/source and rendered questions checked,,page-L2ZhcQ-schema-3 in seo-inventory-raw.json
/faq,app/(site)/faqs/page.tsx | lib/seo/json-ld.ts,Answer,root.mainEntity[14].acceptedAnswer.@type,,,,,,@context | @type | mainEntity,,no,no,yes,yes - FAQ tests/source and rendered questions checked,,page-L2ZhcQ-schema-3 in seo-inventory-raw.json
/faq,app/(site)/faqs/page.tsx | lib/seo/json-ld.ts,Question,root.mainEntity[15].@type,,,,,,@context | @type | mainEntity,,no,no,yes,yes - FAQ tests/source and rendered questions checked,,page-L2ZhcQ-schema-3 in seo-inventory-raw.json
/faq,app/(site)/faqs/page.tsx | lib/seo/json-ld.ts,Answer,root.mainEntity[15].acceptedAnswer.@type,,,,,,@context | @type | mainEntity,,no,no,yes,yes - FAQ tests/source and rendered questions checked,,page-L2ZhcQ-schema-3 in seo-inventory-raw.json
/about,app/(site)/our-story/page.tsx,OnlineStore,root.@type,From The Trunk,"Curated collection of authenticated, pre-loved luxury sarees with provenance.",,,,,@context | @type | name | url | logo | email | sameAs | description | contactPoint,no,no,yes,uncertain,,page-L2Fib3V0-schema-1 in seo-inventory-raw.json
/about,app/(site)/our-story/page.tsx,ContactPoint,root.contactPoint.@type,From The Trunk,"Curated collection of authenticated, pre-loved luxury sarees with provenance.",,,,,@context | @type | name | url | logo | email | sameAs | description | contactPoint,no,no,yes,uncertain,,page-L2Fib3V0-schema-1 in seo-inventory-raw.json
/about,app/(site)/our-story/page.tsx,WebSite,root.@type,From The Trunk,,,,,,@type | name | logo,no,no,yes,uncertain,,page-L2Fib3V0-schema-2 in seo-inventory-raw.json
/about,app/(site)/our-story/page.tsx,Organization,root.publisher.@type,From The Trunk,,,,,,@type | name | logo,no,no,yes,uncertain,,page-L2Fib3V0-schema-2 in seo-inventory-raw.json
/stories,app/(site)/our-story/page.tsx,OnlineStore,root.@type,From The Trunk,"Curated collection of authenticated, pre-loved luxury sarees with provenance.",,,,,@context | @type | name | url | logo | email | sameAs | description | contactPoint,no,no,yes,uncertain,,page-L3N0b3JpZXM-schema-1 in seo-inventory-raw.json
/stories,app/(site)/our-story/page.tsx,ContactPoint,root.contactPoint.@type,From The Trunk,"Curated collection of authenticated, pre-loved luxury sarees with provenance.",,,,,@context | @type | name | url | logo | email | sameAs | description | contactPoint,no,no,yes,uncertain,,page-L3N0b3JpZXM-schema-1 in seo-inventory-raw.json
/stories,app/(site)/our-story/page.tsx,WebSite,root.@type,From The Trunk,,,,,,@type | name | logo,no,no,yes,uncertain,,page-L3N0b3JpZXM-schema-2 in seo-inventory-raw.json
/stories,app/(site)/our-story/page.tsx,Organization,root.publisher.@type,From The Trunk,,,,,,@type | name | logo,no,no,yes,uncertain,,page-L3N0b3JpZXM-schema-2 in seo-inventory-raw.json
/search?q=silk,app/(site)/search/page.tsx,OnlineStore,root.@type,From The Trunk,"Curated collection of authenticated, pre-loved luxury sarees with provenance.",,,,,@context | @type | name | url | logo | email | sameAs | description | contactPoint,no,no,yes,uncertain,,page-L3NlYXJjaD9xPXNpbGs-schema-1 in seo-inventory-raw.json
/search?q=silk,app/(site)/search/page.tsx,ContactPoint,root.contactPoint.@type,From The Trunk,"Curated collection of authenticated, pre-loved luxury sarees with provenance.",,,,,@context | @type | name | url | logo | email | sameAs | description | contactPoint,no,no,yes,uncertain,,page-L3NlYXJjaD9xPXNpbGs-schema-1 in seo-inventory-raw.json
/search?q=silk,app/(site)/search/page.tsx,WebSite,root.@type,From The Trunk,,,,,,@type | name | logo,no,no,yes,uncertain,,page-L3NlYXJjaD9xPXNpbGs-schema-2 in seo-inventory-raw.json
/search?q=silk,app/(site)/search/page.tsx,Organization,root.publisher.@type,From The Trunk,,,,,,@type | name | logo,no,no,yes,uncertain,,page-L3NlYXJjaD9xPXNpbGs-schema-2 in seo-inventory-raw.json
/collection?fabric=silk,app/(site)/collection/page.tsx | lib/seo/json-ld.ts,OnlineStore,root.@type,From The Trunk,"Curated collection of authenticated, pre-loved luxury sarees with provenance.",,,,,@context | @type | name | url | logo | email | sameAs | description | contactPoint,no,no,yes,uncertain,,page-L2NvbGxlY3Rpb24_ZmFicmljPXNpbGs-schema-1 in seo-inventory-raw.json
/collection?fabric=silk,app/(site)/collection/page.tsx | lib/seo/json-ld.ts,ContactPoint,root.contactPoint.@type,From The Trunk,"Curated collection of authenticated, pre-loved luxury sarees with provenance.",,,,,@context | @type | name | url | logo | email | sameAs | description | contactPoint,no,no,yes,uncertain,,page-L2NvbGxlY3Rpb24_ZmFicmljPXNpbGs-schema-1 in seo-inventory-raw.json
/collection?fabric=silk,app/(site)/collection/page.tsx | lib/seo/json-ld.ts,WebSite,root.@type,From The Trunk,,,,,,@type | name | logo,no,no,yes,uncertain,,page-L2NvbGxlY3Rpb24_ZmFicmljPXNpbGs-schema-2 in seo-inventory-raw.json
/collection?fabric=silk,app/(site)/collection/page.tsx | lib/seo/json-ld.ts,Organization,root.publisher.@type,From The Trunk,,,,,,@type | name | logo,no,no,yes,uncertain,,page-L2NvbGxlY3Rpb24_ZmFicmljPXNpbGs-schema-2 in seo-inventory-raw.json
/collection?fabric=silk,app/(site)/collection/page.tsx | lib/seo/json-ld.ts,BreadcrumbList,root.@type,,,,,@context | @type | itemListElement,,,no,no,yes,uncertain,,page-L2NvbGxlY3Rpb24_ZmFicmljPXNpbGs-schema-3 in seo-inventory-raw.json
/collection?fabric=silk,app/(site)/collection/page.tsx | lib/seo/json-ld.ts,ListItem,root.itemListElement[0].@type,,,,,@context | @type | itemListElement,,,no,no,yes,uncertain,,page-L2NvbGxlY3Rpb24_ZmFicmljPXNpbGs-schema-3 in seo-inventory-raw.json
/collection?fabric=silk,app/(site)/collection/page.tsx | lib/seo/json-ld.ts,ListItem,root.itemListElement[1].@type,,,,,@context | @type | itemListElement,,,no,no,yes,uncertain,,page-L2NvbGxlY3Rpb24_ZmFicmljPXNpbGs-schema-3 in seo-inventory-raw.json
/collection?occasion=wedding,app/(site)/collection/page.tsx | lib/seo/json-ld.ts,OnlineStore,root.@type,From The Trunk,"Curated collection of authenticated, pre-loved luxury sarees with provenance.",,,,,@context | @type | name | url | logo | email | sameAs | description | contactPoint,no,no,yes,uncertain,,page-L2NvbGxlY3Rpb24_b2NjYXNpb249d2VkZGluZw-schema-1 in seo-inventory-raw.json
/collection?occasion=wedding,app/(site)/collection/page.tsx | lib/seo/json-ld.ts,ContactPoint,root.contactPoint.@type,From The Trunk,"Curated collection of authenticated, pre-loved luxury sarees with provenance.",,,,,@context | @type | name | url | logo | email | sameAs | description | contactPoint,no,no,yes,uncertain,,page-L2NvbGxlY3Rpb24_b2NjYXNpb249d2VkZGluZw-schema-1 in seo-inventory-raw.json
/collection?occasion=wedding,app/(site)/collection/page.tsx | lib/seo/json-ld.ts,WebSite,root.@type,From The Trunk,,,,,,@type | name | logo,no,no,yes,uncertain,,page-L2NvbGxlY3Rpb24_b2NjYXNpb249d2VkZGluZw-schema-2 in seo-inventory-raw.json
/collection?occasion=wedding,app/(site)/collection/page.tsx | lib/seo/json-ld.ts,Organization,root.publisher.@type,From The Trunk,,,,,,@type | name | logo,no,no,yes,uncertain,,page-L2NvbGxlY3Rpb24_b2NjYXNpb249d2VkZGluZw-schema-2 in seo-inventory-raw.json
/collection?occasion=wedding,app/(site)/collection/page.tsx | lib/seo/json-ld.ts,BreadcrumbList,root.@type,,,,,@context | @type | itemListElement,,,no,no,yes,uncertain,,page-L2NvbGxlY3Rpb24_b2NjYXNpb249d2VkZGluZw-schema-3 in seo-inventory-raw.json
/collection?occasion=wedding,app/(site)/collection/page.tsx | lib/seo/json-ld.ts,ListItem,root.itemListElement[0].@type,,,,,@context | @type | itemListElement,,,no,no,yes,uncertain,,page-L2NvbGxlY3Rpb24_b2NjYXNpb249d2VkZGluZw-schema-3 in seo-inventory-raw.json
/collection?occasion=wedding,app/(site)/collection/page.tsx | lib/seo/json-ld.ts,ListItem,root.itemListElement[1].@type,,,,,@context | @type | itemListElement,,,no,no,yes,uncertain,,page-L2NvbGxlY3Rpb24_b2NjYXNpb249d2VkZGluZw-schema-3 in seo-inventory-raw.json
/collection?tags=top-viewed,app/(site)/collection/page.tsx | lib/seo/json-ld.ts,OnlineStore,root.@type,From The Trunk,"Curated collection of authenticated, pre-loved luxury sarees with provenance.",,,,,@context | @type | name | url | logo | email | sameAs | description | contactPoint,no,no,yes,uncertain,,page-L2NvbGxlY3Rpb24_dGFncz10b3Atdmlld2Vk-schema-1 in seo-inventory-raw.json
/collection?tags=top-viewed,app/(site)/collection/page.tsx | lib/seo/json-ld.ts,ContactPoint,root.contactPoint.@type,From The Trunk,"Curated collection of authenticated, pre-loved luxury sarees with provenance.",,,,,@context | @type | name | url | logo | email | sameAs | description | contactPoint,no,no,yes,uncertain,,page-L2NvbGxlY3Rpb24_dGFncz10b3Atdmlld2Vk-schema-1 in seo-inventory-raw.json
/collection?tags=top-viewed,app/(site)/collection/page.tsx | lib/seo/json-ld.ts,WebSite,root.@type,From The Trunk,,,,,,@type | name | logo,no,no,yes,uncertain,,page-L2NvbGxlY3Rpb24_dGFncz10b3Atdmlld2Vk-schema-2 in seo-inventory-raw.json
/collection?tags=top-viewed,app/(site)/collection/page.tsx | lib/seo/json-ld.ts,Organization,root.publisher.@type,From The Trunk,,,,,,@type | name | logo,no,no,yes,uncertain,,page-L2NvbGxlY3Rpb24_dGFncz10b3Atdmlld2Vk-schema-2 in seo-inventory-raw.json
/collection?tags=top-viewed,app/(site)/collection/page.tsx | lib/seo/json-ld.ts,BreadcrumbList,root.@type,,,,,@context | @type | itemListElement,,,no,no,yes,uncertain,,page-L2NvbGxlY3Rpb24_dGFncz10b3Atdmlld2Vk-schema-3 in seo-inventory-raw.json
/collection?tags=top-viewed,app/(site)/collection/page.tsx | lib/seo/json-ld.ts,ListItem,root.itemListElement[0].@type,,,,,@context | @type | itemListElement,,,no,no,yes,uncertain,,page-L2NvbGxlY3Rpb24_dGFncz10b3Atdmlld2Vk-schema-3 in seo-inventory-raw.json
/collection?tags=top-viewed,app/(site)/collection/page.tsx | lib/seo/json-ld.ts,ListItem,root.itemListElement[1].@type,,,,,@context | @type | itemListElement,,,no,no,yes,uncertain,,page-L2NvbGxlY3Rpb24_dGFncz10b3Atdmlld2Vk-schema-3 in seo-inventory-raw.json
/collection?type=blouse,app/(site)/collection/page.tsx | lib/seo/json-ld.ts,OnlineStore,root.@type,From The Trunk,"Curated collection of authenticated, pre-loved luxury sarees with provenance.",,,,,@context | @type | name | url | logo | email | sameAs | description | contactPoint,no,no,yes,uncertain,,page-L2NvbGxlY3Rpb24_dHlwZT1ibG91c2U-schema-1 in seo-inventory-raw.json
/collection?type=blouse,app/(site)/collection/page.tsx | lib/seo/json-ld.ts,ContactPoint,root.contactPoint.@type,From The Trunk,"Curated collection of authenticated, pre-loved luxury sarees with provenance.",,,,,@context | @type | name | url | logo | email | sameAs | description | contactPoint,no,no,yes,uncertain,,page-L2NvbGxlY3Rpb24_dHlwZT1ibG91c2U-schema-1 in seo-inventory-raw.json
/collection?type=blouse,app/(site)/collection/page.tsx | lib/seo/json-ld.ts,WebSite,root.@type,From The Trunk,,,,,,@type | name | logo,no,no,yes,uncertain,,page-L2NvbGxlY3Rpb24_dHlwZT1ibG91c2U-schema-2 in seo-inventory-raw.json
/collection?type=blouse,app/(site)/collection/page.tsx | lib/seo/json-ld.ts,Organization,root.publisher.@type,From The Trunk,,,,,,@type | name | logo,no,no,yes,uncertain,,page-L2NvbGxlY3Rpb24_dHlwZT1ibG91c2U-schema-2 in seo-inventory-raw.json
/collection?type=blouse,app/(site)/collection/page.tsx | lib/seo/json-ld.ts,BreadcrumbList,root.@type,,,,,@context | @type | itemListElement,,,no,no,yes,uncertain,,page-L2NvbGxlY3Rpb24_dHlwZT1ibG91c2U-schema-3 in seo-inventory-raw.json
/collection?type=blouse,app/(site)/collection/page.tsx | lib/seo/json-ld.ts,ListItem,root.itemListElement[0].@type,,,,,@context | @type | itemListElement,,,no,no,yes,uncertain,,page-L2NvbGxlY3Rpb24_dHlwZT1ibG91c2U-schema-3 in seo-inventory-raw.json
/collection?type=blouse,app/(site)/collection/page.tsx | lib/seo/json-ld.ts,ListItem,root.itemListElement[1].@type,,,,,@context | @type | itemListElement,,,no,no,yes,uncertain,,page-L2NvbGxlY3Rpb24_dHlwZT1ibG91c2U-schema-3 in seo-inventory-raw.json
/collection?sort=price-asc,app/(site)/collection/page.tsx | lib/seo/json-ld.ts,OnlineStore,root.@type,From The Trunk,"Curated collection of authenticated, pre-loved luxury sarees with provenance.",,,,,@context | @type | name | url | logo | email | sameAs | description | contactPoint,no,no,yes,uncertain,,page-L2NvbGxlY3Rpb24_c29ydD1wcmljZS1hc2M-schema-1 in seo-inventory-raw.json
/collection?sort=price-asc,app/(site)/collection/page.tsx | lib/seo/json-ld.ts,ContactPoint,root.contactPoint.@type,From The Trunk,"Curated collection of authenticated, pre-loved luxury sarees with provenance.",,,,,@context | @type | name | url | logo | email | sameAs | description | contactPoint,no,no,yes,uncertain,,page-L2NvbGxlY3Rpb24_c29ydD1wcmljZS1hc2M-schema-1 in seo-inventory-raw.json
/collection?sort=price-asc,app/(site)/collection/page.tsx | lib/seo/json-ld.ts,WebSite,root.@type,From The Trunk,,,,,,@type | name | logo,no,no,yes,uncertain,,page-L2NvbGxlY3Rpb24_c29ydD1wcmljZS1hc2M-schema-2 in seo-inventory-raw.json
/collection?sort=price-asc,app/(site)/collection/page.tsx | lib/seo/json-ld.ts,Organization,root.publisher.@type,From The Trunk,,,,,,@type | name | logo,no,no,yes,uncertain,,page-L2NvbGxlY3Rpb24_c29ydD1wcmljZS1hc2M-schema-2 in seo-inventory-raw.json
/collection?sort=price-asc,app/(site)/collection/page.tsx | lib/seo/json-ld.ts,BreadcrumbList,root.@type,,,,,@context | @type | itemListElement,,,no,no,yes,uncertain,,page-L2NvbGxlY3Rpb24_c29ydD1wcmljZS1hc2M-schema-3 in seo-inventory-raw.json
/collection?sort=price-asc,app/(site)/collection/page.tsx | lib/seo/json-ld.ts,ListItem,root.itemListElement[0].@type,,,,,@context | @type | itemListElement,,,no,no,yes,uncertain,,page-L2NvbGxlY3Rpb24_c29ydD1wcmljZS1hc2M-schema-3 in seo-inventory-raw.json
/collection?sort=price-asc,app/(site)/collection/page.tsx | lib/seo/json-ld.ts,ListItem,root.itemListElement[1].@type,,,,,@context | @type | itemListElement,,,no,no,yes,uncertain,,page-L2NvbGxlY3Rpb24_c29ydD1wcmljZS1hc2M-schema-3 in seo-inventory-raw.json
/seo-audit-definitely-missing,app/(site)/[...slug]/page.tsx | lib/content/blocks/faq.tsx | lib/seo/json-ld.ts,OnlineStore,root.@type,From The Trunk,"Curated collection of authenticated, pre-loved luxury sarees with provenance.",,,,,@context | @type | name | url | logo | email | sameAs | description | contactPoint,no,no,yes,uncertain,,page-L3Nlby1hdWRpdC1kZWZpbml0ZWx5LW1pc3Npbmc-schema-1 in seo-inventory-raw.json
/seo-audit-definitely-missing,app/(site)/[...slug]/page.tsx | lib/content/blocks/faq.tsx | lib/seo/json-ld.ts,ContactPoint,root.contactPoint.@type,From The Trunk,"Curated collection of authenticated, pre-loved luxury sarees with provenance.",,,,,@context | @type | name | url | logo | email | sameAs | description | contactPoint,no,no,yes,uncertain,,page-L3Nlby1hdWRpdC1kZWZpbml0ZWx5LW1pc3Npbmc-schema-1 in seo-inventory-raw.json
/seo-audit-definitely-missing,app/(site)/[...slug]/page.tsx | lib/content/blocks/faq.tsx | lib/seo/json-ld.ts,WebSite,root.@type,From The Trunk,,,,,,@type | name | logo,no,no,yes,uncertain,,page-L3Nlby1hdWRpdC1kZWZpbml0ZWx5LW1pc3Npbmc-schema-2 in seo-inventory-raw.json
/seo-audit-definitely-missing,app/(site)/[...slug]/page.tsx | lib/content/blocks/faq.tsx | lib/seo/json-ld.ts,Organization,root.publisher.@type,From The Trunk,,,,,,@type | name | logo,no,no,yes,uncertain,,page-L3Nlby1hdWRpdC1kZWZpbml0ZWx5LW1pc3Npbmc-schema-2 in seo-inventory-raw.json
/admin,app/(site)/[...slug]/page.tsx | lib/content/blocks/faq.tsx | lib/seo/json-ld.ts,OnlineStore,root.@type,From The Trunk,"Curated collection of authenticated, pre-loved luxury sarees with provenance.",,,,,@context | @type | name | url | logo | email | sameAs | description | contactPoint,no,no,yes,uncertain,,page-L2FkbWlu-schema-1 in seo-inventory-raw.json
/admin,app/(site)/[...slug]/page.tsx | lib/content/blocks/faq.tsx | lib/seo/json-ld.ts,ContactPoint,root.contactPoint.@type,From The Trunk,"Curated collection of authenticated, pre-loved luxury sarees with provenance.",,,,,@context | @type | name | url | logo | email | sameAs | description | contactPoint,no,no,yes,uncertain,,page-L2FkbWlu-schema-1 in seo-inventory-raw.json
/admin,app/(site)/[...slug]/page.tsx | lib/content/blocks/faq.tsx | lib/seo/json-ld.ts,WebSite,root.@type,From The Trunk,,,,,,@type | name | logo,no,no,yes,uncertain,,page-L2FkbWlu-schema-2 in seo-inventory-raw.json
/admin,app/(site)/[...slug]/page.tsx | lib/content/blocks/faq.tsx | lib/seo/json-ld.ts,Organization,root.publisher.@type,From The Trunk,,,,,,@type | name | logo,no,no,yes,uncertain,,page-L2FkbWlu-schema-2 in seo-inventory-raw.json
/collection/stretchfit-blouse,app/(site)/collection/[slug]/page.tsx | lib/seo/json-ld.ts,OnlineStore,root.@type,From The Trunk,"Curated collection of authenticated, pre-loved luxury sarees with provenance.",,,,,@context | @type | name | url | logo | email | sameAs | description | contactPoint,no,no,yes,uncertain,,page-L2NvbGxlY3Rpb24vc3RyZXRjaGZpdC1ibG91c2U-schema-1 in seo-inventory-raw.json
/collection/stretchfit-blouse,app/(site)/collection/[slug]/page.tsx | lib/seo/json-ld.ts,ContactPoint,root.contactPoint.@type,From The Trunk,"Curated collection of authenticated, pre-loved luxury sarees with provenance.",,,,,@context | @type | name | url | logo | email | sameAs | description | contactPoint,no,no,yes,uncertain,,page-L2NvbGxlY3Rpb24vc3RyZXRjaGZpdC1ibG91c2U-schema-1 in seo-inventory-raw.json
/collection/stretchfit-blouse,app/(site)/collection/[slug]/page.tsx | lib/seo/json-ld.ts,WebSite,root.@type,From The Trunk,,,,,,@type | name | logo,no,no,yes,uncertain,,page-L2NvbGxlY3Rpb24vc3RyZXRjaGZpdC1ibG91c2U-schema-2 in seo-inventory-raw.json
/collection/stretchfit-blouse,app/(site)/collection/[slug]/page.tsx | lib/seo/json-ld.ts,Organization,root.publisher.@type,From The Trunk,,,,,,@type | name | logo,no,no,yes,uncertain,,page-L2NvbGxlY3Rpb24vc3RyZXRjaGZpdC1ibG91c2U-schema-2 in seo-inventory-raw.json
/collection/stretchfit-blouse,app/(site)/collection/[slug]/page.tsx | lib/seo/json-ld.ts,BreadcrumbList,root.@type,,,,,@context | @type | itemListElement,,,no,no,yes,uncertain,,page-L2NvbGxlY3Rpb24vc3RyZXRjaGZpdC1ibG91c2U-schema-3 in seo-inventory-raw.json
/collection/stretchfit-blouse,app/(site)/collection/[slug]/page.tsx | lib/seo/json-ld.ts,ListItem,root.itemListElement[0].@type,,,,,@context | @type | itemListElement,,,no,no,yes,uncertain,,page-L2NvbGxlY3Rpb24vc3RyZXRjaGZpdC1ibG91c2U-schema-3 in seo-inventory-raw.json
/collection/stretchfit-blouse,app/(site)/collection/[slug]/page.tsx | lib/seo/json-ld.ts,ListItem,root.itemListElement[1].@type,,,,,@context | @type | itemListElement,,,no,no,yes,uncertain,,page-L2NvbGxlY3Rpb24vc3RyZXRjaGZpdC1ibG91c2U-schema-3 in seo-inventory-raw.json
/collection/stretchfit-blouse,app/(site)/collection/[slug]/page.tsx | lib/seo/json-ld.ts,ListItem,root.itemListElement[2].@type,,,,,@context | @type | itemListElement,,,no,no,yes,uncertain,,page-L2NvbGxlY3Rpb24vc3RyZXRjaGZpdC1ibG91c2U-schema-3 in seo-inventory-raw.json
/collection/stretchfit-blouse-1,app/(site)/collection/[slug]/page.tsx | lib/seo/json-ld.ts,OnlineStore,root.@type,From The Trunk,"Curated collection of authenticated, pre-loved luxury sarees with provenance.",,,,,@context | @type | name | url | logo | email | sameAs | description | contactPoint,no,no,yes,uncertain,,page-L2NvbGxlY3Rpb24vc3RyZXRjaGZpdC1ibG91c2UtMQ-schema-1 in seo-inventory-raw.json
/collection/stretchfit-blouse-1,app/(site)/collection/[slug]/page.tsx | lib/seo/json-ld.ts,ContactPoint,root.contactPoint.@type,From The Trunk,"Curated collection of authenticated, pre-loved luxury sarees with provenance.",,,,,@context | @type | name | url | logo | email | sameAs | description | contactPoint,no,no,yes,uncertain,,page-L2NvbGxlY3Rpb24vc3RyZXRjaGZpdC1ibG91c2UtMQ-schema-1 in seo-inventory-raw.json
/collection/stretchfit-blouse-1,app/(site)/collection/[slug]/page.tsx | lib/seo/json-ld.ts,WebSite,root.@type,From The Trunk,,,,,,@type | name | logo,no,no,yes,uncertain,,page-L2NvbGxlY3Rpb24vc3RyZXRjaGZpdC1ibG91c2UtMQ-schema-2 in seo-inventory-raw.json
/collection/stretchfit-blouse-1,app/(site)/collection/[slug]/page.tsx | lib/seo/json-ld.ts,Organization,root.publisher.@type,From The Trunk,,,,,,@type | name | logo,no,no,yes,uncertain,,page-L2NvbGxlY3Rpb24vc3RyZXRjaGZpdC1ibG91c2UtMQ-schema-2 in seo-inventory-raw.json
/collection/stretchfit-blouse-1,app/(site)/collection/[slug]/page.tsx | lib/seo/json-ld.ts,BreadcrumbList,root.@type,,,,,@context | @type | itemListElement,,,no,no,yes,uncertain,,page-L2NvbGxlY3Rpb24vc3RyZXRjaGZpdC1ibG91c2UtMQ-schema-3 in seo-inventory-raw.json
/collection/stretchfit-blouse-1,app/(site)/collection/[slug]/page.tsx | lib/seo/json-ld.ts,ListItem,root.itemListElement[0].@type,,,,,@context | @type | itemListElement,,,no,no,yes,uncertain,,page-L2NvbGxlY3Rpb24vc3RyZXRjaGZpdC1ibG91c2UtMQ-schema-3 in seo-inventory-raw.json
/collection/stretchfit-blouse-1,app/(site)/collection/[slug]/page.tsx | lib/seo/json-ld.ts,ListItem,root.itemListElement[1].@type,,,,,@context | @type | itemListElement,,,no,no,yes,uncertain,,page-L2NvbGxlY3Rpb24vc3RyZXRjaGZpdC1ibG91c2UtMQ-schema-3 in seo-inventory-raw.json
/collection/stretchfit-blouse-1,app/(site)/collection/[slug]/page.tsx | lib/seo/json-ld.ts,ListItem,root.itemListElement[2].@type,,,,,@context | @type | itemListElement,,,no,no,yes,uncertain,,page-L2NvbGxlY3Rpb24vc3RyZXRjaGZpdC1ibG91c2UtMQ-schema-3 in seo-inventory-raw.json
/collection/sleeveless-cerise-pink-stretchfit-blouse,app/(site)/collection/[slug]/page.tsx | lib/seo/json-ld.ts,OnlineStore,root.@type,From The Trunk,"Curated collection of authenticated, pre-loved luxury sarees with provenance.",,,,,@context | @type | name | url | logo | email | sameAs | description | contactPoint,no,no,yes,uncertain,,page-L2NvbGxlY3Rpb24vc2xlZXZlbGVzcy1jZXJpc2UtcGluay1zdHJldGNoZml0LWJsb3VzZQ-schema-1 in seo-inventory-raw.json
/collection/sleeveless-cerise-pink-stretchfit-blouse,app/(site)/collection/[slug]/page.tsx | lib/seo/json-ld.ts,ContactPoint,root.contactPoint.@type,From The Trunk,"Curated collection of authenticated, pre-loved luxury sarees with provenance.",,,,,@context | @type | name | url | logo | email | sameAs | description | contactPoint,no,no,yes,uncertain,,page-L2NvbGxlY3Rpb24vc2xlZXZlbGVzcy1jZXJpc2UtcGluay1zdHJldGNoZml0LWJsb3VzZQ-schema-1 in seo-inventory-raw.json
/collection/sleeveless-cerise-pink-stretchfit-blouse,app/(site)/collection/[slug]/page.tsx | lib/seo/json-ld.ts,WebSite,root.@type,From The Trunk,,,,,,@type | name | logo,no,no,yes,uncertain,,page-L2NvbGxlY3Rpb24vc2xlZXZlbGVzcy1jZXJpc2UtcGluay1zdHJldGNoZml0LWJsb3VzZQ-schema-2 in seo-inventory-raw.json
/collection/sleeveless-cerise-pink-stretchfit-blouse,app/(site)/collection/[slug]/page.tsx | lib/seo/json-ld.ts,Organization,root.publisher.@type,From The Trunk,,,,,,@type | name | logo,no,no,yes,uncertain,,page-L2NvbGxlY3Rpb24vc2xlZXZlbGVzcy1jZXJpc2UtcGluay1zdHJldGNoZml0LWJsb3VzZQ-schema-2 in seo-inventory-raw.json
/collection/sleeveless-cerise-pink-stretchfit-blouse,app/(site)/collection/[slug]/page.tsx | lib/seo/json-ld.ts,BreadcrumbList,root.@type,,,,,@context | @type | itemListElement,,,no,no,yes,uncertain,,page-L2NvbGxlY3Rpb24vc2xlZXZlbGVzcy1jZXJpc2UtcGluay1zdHJldGNoZml0LWJsb3VzZQ-schema-3 in seo-inventory-raw.json
/collection/sleeveless-cerise-pink-stretchfit-blouse,app/(site)/collection/[slug]/page.tsx | lib/seo/json-ld.ts,ListItem,root.itemListElement[0].@type,,,,,@context | @type | itemListElement,,,no,no,yes,uncertain,,page-L2NvbGxlY3Rpb24vc2xlZXZlbGVzcy1jZXJpc2UtcGluay1zdHJldGNoZml0LWJsb3VzZQ-schema-3 in seo-inventory-raw.json
/collection/sleeveless-cerise-pink-stretchfit-blouse,app/(site)/collection/[slug]/page.tsx | lib/seo/json-ld.ts,ListItem,root.itemListElement[1].@type,,,,,@context | @type | itemListElement,,,no,no,yes,uncertain,,page-L2NvbGxlY3Rpb24vc2xlZXZlbGVzcy1jZXJpc2UtcGluay1zdHJldGNoZml0LWJsb3VzZQ-schema-3 in seo-inventory-raw.json
/collection/sleeveless-cerise-pink-stretchfit-blouse,app/(site)/collection/[slug]/page.tsx | lib/seo/json-ld.ts,ListItem,root.itemListElement[2].@type,,,,,@context | @type | itemListElement,,,no,no,yes,uncertain,,page-L2NvbGxlY3Rpb24vc2xlZXZlbGVzcy1jZXJpc2UtcGluay1zdHJldGNoZml0LWJsb3VzZQ-schema-3 in seo-inventory-raw.json
/collection/sleeveless-marigold-orange-stretchfit,app/(site)/collection/[slug]/page.tsx | lib/seo/json-ld.ts,OnlineStore,root.@type,From The Trunk,"Curated collection of authenticated, pre-loved luxury sarees with provenance.",,,,,@context | @type | name | url | logo | email | sameAs | description | contactPoint,no,no,yes,uncertain,,page-L2NvbGxlY3Rpb24vc2xlZXZlbGVzcy1tYXJpZ29sZC1vcmFuZ2Utc3RyZXRjaGZpdA-schema-1 in seo-inventory-raw.json
/collection/sleeveless-marigold-orange-stretchfit,app/(site)/collection/[slug]/page.tsx | lib/seo/json-ld.ts,ContactPoint,root.contactPoint.@type,From The Trunk,"Curated collection of authenticated, pre-loved luxury sarees with provenance.",,,,,@context | @type | name | url | logo | email | sameAs | description | contactPoint,no,no,yes,uncertain,,page-L2NvbGxlY3Rpb24vc2xlZXZlbGVzcy1tYXJpZ29sZC1vcmFuZ2Utc3RyZXRjaGZpdA-schema-1 in seo-inventory-raw.json
/collection/sleeveless-marigold-orange-stretchfit,app/(site)/collection/[slug]/page.tsx | lib/seo/json-ld.ts,WebSite,root.@type,From The Trunk,,,,,,@type | name | logo,no,no,yes,uncertain,,page-L2NvbGxlY3Rpb24vc2xlZXZlbGVzcy1tYXJpZ29sZC1vcmFuZ2Utc3RyZXRjaGZpdA-schema-2 in seo-inventory-raw.json
/collection/sleeveless-marigold-orange-stretchfit,app/(site)/collection/[slug]/page.tsx | lib/seo/json-ld.ts,Organization,root.publisher.@type,From The Trunk,,,,,,@type | name | logo,no,no,yes,uncertain,,page-L2NvbGxlY3Rpb24vc2xlZXZlbGVzcy1tYXJpZ29sZC1vcmFuZ2Utc3RyZXRjaGZpdA-schema-2 in seo-inventory-raw.json
/collection/sleeveless-marigold-orange-stretchfit,app/(site)/collection/[slug]/page.tsx | lib/seo/json-ld.ts,BreadcrumbList,root.@type,,,,,@context | @type | itemListElement,,,no,no,yes,uncertain,,page-L2NvbGxlY3Rpb24vc2xlZXZlbGVzcy1tYXJpZ29sZC1vcmFuZ2Utc3RyZXRjaGZpdA-schema-3 in seo-inventory-raw.json
/collection/sleeveless-marigold-orange-stretchfit,app/(site)/collection/[slug]/page.tsx | lib/seo/json-ld.ts,ListItem,root.itemListElement[0].@type,,,,,@context | @type | itemListElement,,,no,no,yes,uncertain,,page-L2NvbGxlY3Rpb24vc2xlZXZlbGVzcy1tYXJpZ29sZC1vcmFuZ2Utc3RyZXRjaGZpdA-schema-3 in seo-inventory-raw.json
/collection/sleeveless-marigold-orange-stretchfit,app/(site)/collection/[slug]/page.tsx | lib/seo/json-ld.ts,ListItem,root.itemListElement[1].@type,,,,,@context | @type | itemListElement,,,no,no,yes,uncertain,,page-L2NvbGxlY3Rpb24vc2xlZXZlbGVzcy1tYXJpZ29sZC1vcmFuZ2Utc3RyZXRjaGZpdA-schema-3 in seo-inventory-raw.json
/collection/sleeveless-marigold-orange-stretchfit,app/(site)/collection/[slug]/page.tsx | lib/seo/json-ld.ts,ListItem,root.itemListElement[2].@type,,,,,@context | @type | itemListElement,,,no,no,yes,uncertain,,page-L2NvbGxlY3Rpb24vc2xlZXZlbGVzcy1tYXJpZ29sZC1vcmFuZ2Utc3RyZXRjaGZpdA-schema-3 in seo-inventory-raw.json
/collection/sleeveless-black-stretchfit,app/(site)/collection/[slug]/page.tsx | lib/seo/json-ld.ts,OnlineStore,root.@type,From The Trunk,"Curated collection of authenticated, pre-loved luxury sarees with provenance.",,,,,@context | @type | name | url | logo | email | sameAs | description | contactPoint,no,no,yes,uncertain,,page-L2NvbGxlY3Rpb24vc2xlZXZlbGVzcy1ibGFjay1zdHJldGNoZml0-schema-1 in seo-inventory-raw.json
/collection/sleeveless-black-stretchfit,app/(site)/collection/[slug]/page.tsx | lib/seo/json-ld.ts,ContactPoint,root.contactPoint.@type,From The Trunk,"Curated collection of authenticated, pre-loved luxury sarees with provenance.",,,,,@context | @type | name | url | logo | email | sameAs | description | contactPoint,no,no,yes,uncertain,,page-L2NvbGxlY3Rpb24vc2xlZXZlbGVzcy1ibGFjay1zdHJldGNoZml0-schema-1 in seo-inventory-raw.json
/collection/sleeveless-black-stretchfit,app/(site)/collection/[slug]/page.tsx | lib/seo/json-ld.ts,WebSite,root.@type,From The Trunk,,,,,,@type | name | logo,no,no,yes,uncertain,,page-L2NvbGxlY3Rpb24vc2xlZXZlbGVzcy1ibGFjay1zdHJldGNoZml0-schema-2 in seo-inventory-raw.json
/collection/sleeveless-black-stretchfit,app/(site)/collection/[slug]/page.tsx | lib/seo/json-ld.ts,Organization,root.publisher.@type,From The Trunk,,,,,,@type | name | logo,no,no,yes,uncertain,,page-L2NvbGxlY3Rpb24vc2xlZXZlbGVzcy1ibGFjay1zdHJldGNoZml0-schema-2 in seo-inventory-raw.json
/collection/sleeveless-black-stretchfit,app/(site)/collection/[slug]/page.tsx | lib/seo/json-ld.ts,BreadcrumbList,root.@type,,,,,@context | @type | itemListElement,,,no,no,yes,uncertain,,page-L2NvbGxlY3Rpb24vc2xlZXZlbGVzcy1ibGFjay1zdHJldGNoZml0-schema-3 in seo-inventory-raw.json
/collection/sleeveless-black-stretchfit,app/(site)/collection/[slug]/page.tsx | lib/seo/json-ld.ts,ListItem,root.itemListElement[0].@type,,,,,@context | @type | itemListElement,,,no,no,yes,uncertain,,page-L2NvbGxlY3Rpb24vc2xlZXZlbGVzcy1ibGFjay1zdHJldGNoZml0-schema-3 in seo-inventory-raw.json
/collection/sleeveless-black-stretchfit,app/(site)/collection/[slug]/page.tsx | lib/seo/json-ld.ts,ListItem,root.itemListElement[1].@type,,,,,@context | @type | itemListElement,,,no,no,yes,uncertain,,page-L2NvbGxlY3Rpb24vc2xlZXZlbGVzcy1ibGFjay1zdHJldGNoZml0-schema-3 in seo-inventory-raw.json
/collection/sleeveless-black-stretchfit,app/(site)/collection/[slug]/page.tsx | lib/seo/json-ld.ts,ListItem,root.itemListElement[2].@type,,,,,@context | @type | itemListElement,,,no,no,yes,uncertain,,page-L2NvbGxlY3Rpb24vc2xlZXZlbGVzcy1ibGFjay1zdHJldGNoZml0-schema-3 in seo-inventory-raw.json
/collection/rose-vine-stripe-chiffon-saree,app/(site)/collection/[slug]/page.tsx | lib/seo/json-ld.ts,OnlineStore,root.@type,From The Trunk,"Curated collection of authenticated, pre-loved luxury sarees with provenance.",,,,,@context | @type | name | url | logo | email | sameAs | description | contactPoint,no,no,yes,uncertain,,page-L2NvbGxlY3Rpb24vcm9zZS12aW5lLXN0cmlwZS1jaGlmZm9uLXNhcmVl-schema-1 in seo-inventory-raw.json
/collection/rose-vine-stripe-chiffon-saree,app/(site)/collection/[slug]/page.tsx | lib/seo/json-ld.ts,ContactPoint,root.contactPoint.@type,From The Trunk,"Curated collection of authenticated, pre-loved luxury sarees with provenance.",,,,,@context | @type | name | url | logo | email | sameAs | description | contactPoint,no,no,yes,uncertain,,page-L2NvbGxlY3Rpb24vcm9zZS12aW5lLXN0cmlwZS1jaGlmZm9uLXNhcmVl-schema-1 in seo-inventory-raw.json
/collection/rose-vine-stripe-chiffon-saree,app/(site)/collection/[slug]/page.tsx | lib/seo/json-ld.ts,WebSite,root.@type,From The Trunk,,,,,,@type | name | logo,no,no,yes,uncertain,,page-L2NvbGxlY3Rpb24vcm9zZS12aW5lLXN0cmlwZS1jaGlmZm9uLXNhcmVl-schema-2 in seo-inventory-raw.json
/collection/rose-vine-stripe-chiffon-saree,app/(site)/collection/[slug]/page.tsx | lib/seo/json-ld.ts,Organization,root.publisher.@type,From The Trunk,,,,,,@type | name | logo,no,no,yes,uncertain,,page-L2NvbGxlY3Rpb24vcm9zZS12aW5lLXN0cmlwZS1jaGlmZm9uLXNhcmVl-schema-2 in seo-inventory-raw.json
/collection/rose-vine-stripe-chiffon-saree,app/(site)/collection/[slug]/page.tsx | lib/seo/json-ld.ts,Product,root.@type,Rose Vine Stripe Chiffon Saree,"Some sarees do not shout,  they hum. This pink chiffon, with its fine green stripes running the length of the weave like stems through a bed of peonies, belongs to that quieter school of beauty. The stripes are precise yet organic, their green carrying just enough depth to anchor the softness of the rose pink ground without competing with it. The result is a saree that feels simultaneously lush and restrained, a garden in fabric form.",@context | @type | productID | sku | name | description | image | brand | category | additionalProperty | offers | itemCondition | material,@type | price | priceCurrency | availability | url | seller,,,@type | name,no,no,yes,yes,,page-L2NvbGxlY3Rpb24vcm9zZS12aW5lLXN0cmlwZS1jaGlmZm9uLXNhcmVl-schema-3 in seo-inventory-raw.json
/collection/rose-vine-stripe-chiffon-saree,app/(site)/collection/[slug]/page.tsx | lib/seo/json-ld.ts,Brand,root.brand.@type,Rose Vine Stripe Chiffon Saree,"Some sarees do not shout,  they hum. This pink chiffon, with its fine green stripes running the length of the weave like stems through a bed of peonies, belongs to that quieter school of beauty. The stripes are precise yet organic, their green carrying just enough depth to anchor the softness of the rose pink ground without competing with it. The result is a saree that feels simultaneously lush and restrained, a garden in fabric form.",@context | @type | productID | sku | name | description | image | brand | category | additionalProperty | offers | itemCondition | material,@type | price | priceCurrency | availability | url | seller,,,@type | name,no,no,yes,yes,,page-L2NvbGxlY3Rpb24vcm9zZS12aW5lLXN0cmlwZS1jaGlmZm9uLXNhcmVl-schema-3 in seo-inventory-raw.json
/collection/rose-vine-stripe-chiffon-saree,app/(site)/collection/[slug]/page.tsx | lib/seo/json-ld.ts,PropertyValue,root.additionalProperty[0].@type,Rose Vine Stripe Chiffon Saree,"Some sarees do not shout,  they hum. This pink chiffon, with its fine green stripes running the length of the weave like stems through a bed of peonies, belongs to that quieter school of beauty. The stripes are precise yet organic, their green carrying just enough depth to anchor the softness of the rose pink ground without competing with it. The result is a saree that feels simultaneously lush and restrained, a garden in fabric form.",@context | @type | productID | sku | name | description | image | brand | category | additionalProperty | offers | itemCondition | material,@type | price | priceCurrency | availability | url | seller,,,@type | name,no,no,yes,yes,,page-L2NvbGxlY3Rpb24vcm9zZS12aW5lLXN0cmlwZS1jaGlmZm9uLXNhcmVl-schema-3 in seo-inventory-raw.json
/collection/rose-vine-stripe-chiffon-saree,app/(site)/collection/[slug]/page.tsx | lib/seo/json-ld.ts,PropertyValue,root.additionalProperty[1].@type,Rose Vine Stripe Chiffon Saree,"Some sarees do not shout,  they hum. This pink chiffon, with its fine green stripes running the length of the weave like stems through a bed of peonies, belongs to that quieter school of beauty. The stripes are precise yet organic, their green carrying just enough depth to anchor the softness of the rose pink ground without competing with it. The result is a saree that feels simultaneously lush and restrained, a garden in fabric form.",@context | @type | productID | sku | name | description | image | brand | category | additionalProperty | offers | itemCondition | material,@type | price | priceCurrency | availability | url | seller,,,@type | name,no,no,yes,yes,,page-L2NvbGxlY3Rpb24vcm9zZS12aW5lLXN0cmlwZS1jaGlmZm9uLXNhcmVl-schema-3 in seo-inventory-raw.json
/collection/rose-vine-stripe-chiffon-saree,app/(site)/collection/[slug]/page.tsx | lib/seo/json-ld.ts,Offer,root.offers.@type,Rose Vine Stripe Chiffon Saree,"Some sarees do not shout,  they hum. This pink chiffon, with its fine green stripes running the length of the weave like stems through a bed of peonies, belongs to that quieter school of beauty. The stripes are precise yet organic, their green carrying just enough depth to anchor the softness of the rose pink ground without competing with it. The result is a saree that feels simultaneously lush and restrained, a garden in fabric form.",@context | @type | productID | sku | name | description | image | brand | category | additionalProperty | offers | itemCondition | material,@type | price | priceCurrency | availability | url | seller,,,@type | name,no,no,yes,yes,,page-L2NvbGxlY3Rpb24vcm9zZS12aW5lLXN0cmlwZS1jaGlmZm9uLXNhcmVl-schema-3 in seo-inventory-raw.json
/collection/rose-vine-stripe-chiffon-saree,app/(site)/collection/[slug]/page.tsx | lib/seo/json-ld.ts,Organization,root.offers.seller.@type,Rose Vine Stripe Chiffon Saree,"Some sarees do not shout,  they hum. This pink chiffon, with its fine green stripes running the length of the weave like stems through a bed of peonies, belongs to that quieter school of beauty. The stripes are precise yet organic, their green carrying just enough depth to anchor the softness of the rose pink ground without competing with it. The result is a saree that feels simultaneously lush and restrained, a garden in fabric form.",@context | @type | productID | sku | name | description | image | brand | category | additionalProperty | offers | itemCondition | material,@type | price | priceCurrency | availability | url | seller,,,@type | name,no,no,yes,yes,,page-L2NvbGxlY3Rpb24vcm9zZS12aW5lLXN0cmlwZS1jaGlmZm9uLXNhcmVl-schema-3 in seo-inventory-raw.json
/collection/rose-vine-stripe-chiffon-saree,app/(site)/collection/[slug]/page.tsx | lib/seo/json-ld.ts,BreadcrumbList,root.@type,,,,,@context | @type | itemListElement,,,no,no,yes,uncertain,,page-L2NvbGxlY3Rpb24vcm9zZS12aW5lLXN0cmlwZS1jaGlmZm9uLXNhcmVl-schema-4 in seo-inventory-raw.json
/collection/rose-vine-stripe-chiffon-saree,app/(site)/collection/[slug]/page.tsx | lib/seo/json-ld.ts,ListItem,root.itemListElement[0].@type,,,,,@context | @type | itemListElement,,,no,no,yes,uncertain,,page-L2NvbGxlY3Rpb24vcm9zZS12aW5lLXN0cmlwZS1jaGlmZm9uLXNhcmVl-schema-4 in seo-inventory-raw.json
/collection/rose-vine-stripe-chiffon-saree,app/(site)/collection/[slug]/page.tsx | lib/seo/json-ld.ts,ListItem,root.itemListElement[1].@type,,,,,@context | @type | itemListElement,,,no,no,yes,uncertain,,page-L2NvbGxlY3Rpb24vcm9zZS12aW5lLXN0cmlwZS1jaGlmZm9uLXNhcmVl-schema-4 in seo-inventory-raw.json
/collection/rose-vine-stripe-chiffon-saree,app/(site)/collection/[slug]/page.tsx | lib/seo/json-ld.ts,ListItem,root.itemListElement[2].@type,,,,,@context | @type | itemListElement,,,no,no,yes,uncertain,,page-L2NvbGxlY3Rpb24vcm9zZS12aW5lLXN0cmlwZS1jaGlmZm9uLXNhcmVl-schema-4 in seo-inventory-raw.json
/collection/coral-sunrise-chiffon-georgette-saree,app/(site)/collection/[slug]/page.tsx | lib/seo/json-ld.ts,OnlineStore,root.@type,From The Trunk,"Curated collection of authenticated, pre-loved luxury sarees with provenance.",,,,,@context | @type | name | url | logo | email | sameAs | description | contactPoint,no,no,yes,uncertain,,page-L2NvbGxlY3Rpb24vY29yYWwtc3VucmlzZS1jaGlmZm9uLWdlb3JnZXR0ZS1zYXJlZQ-schema-1 in seo-inventory-raw.json
/collection/coral-sunrise-chiffon-georgette-saree,app/(site)/collection/[slug]/page.tsx | lib/seo/json-ld.ts,ContactPoint,root.contactPoint.@type,From The Trunk,"Curated collection of authenticated, pre-loved luxury sarees with provenance.",,,,,@context | @type | name | url | logo | email | sameAs | description | contactPoint,no,no,yes,uncertain,,page-L2NvbGxlY3Rpb24vY29yYWwtc3VucmlzZS1jaGlmZm9uLWdlb3JnZXR0ZS1zYXJlZQ-schema-1 in seo-inventory-raw.json
/collection/coral-sunrise-chiffon-georgette-saree,app/(site)/collection/[slug]/page.tsx | lib/seo/json-ld.ts,WebSite,root.@type,From The Trunk,,,,,,@type | name | logo,no,no,yes,uncertain,,page-L2NvbGxlY3Rpb24vY29yYWwtc3VucmlzZS1jaGlmZm9uLWdlb3JnZXR0ZS1zYXJlZQ-schema-2 in seo-inventory-raw.json
/collection/coral-sunrise-chiffon-georgette-saree,app/(site)/collection/[slug]/page.tsx | lib/seo/json-ld.ts,Organization,root.publisher.@type,From The Trunk,,,,,,@type | name | logo,no,no,yes,uncertain,,page-L2NvbGxlY3Rpb24vY29yYWwtc3VucmlzZS1jaGlmZm9uLWdlb3JnZXR0ZS1zYXJlZQ-schema-2 in seo-inventory-raw.json
/collection/coral-sunrise-chiffon-georgette-saree,app/(site)/collection/[slug]/page.tsx | lib/seo/json-ld.ts,Product,root.@type,Coral Sunrise Chiffon Georgette Saree,"There is a particular hour before full sunrise when the sky holds pink and orange simultaneously when the two colours exist not in competition but in conversation, each deepening the other's warmth. This chiffon georgette saree is made entirely of that hour. Its ground blends blush and ember in the gradual, unhurried way that only the finest dyed fabrics can manage not a hard boundary between hues, but a slow, breathing transition from one into the other.
This is a saree for joyful occasions  for the kind of day that begins well and is dressed for accordingly. It is festive without being formal, warm without being loud, and entirely, unmistakably itself.",@context | @type | productID | sku | name | description | image | brand | category | additionalProperty | offers | itemCondition | material,@type | price | priceCurrency | availability | url | seller,,,@type | name,no,no,yes,yes,,page-L2NvbGxlY3Rpb24vY29yYWwtc3VucmlzZS1jaGlmZm9uLWdlb3JnZXR0ZS1zYXJlZQ-schema-3 in seo-inventory-raw.json
/collection/coral-sunrise-chiffon-georgette-saree,app/(site)/collection/[slug]/page.tsx | lib/seo/json-ld.ts,Brand,root.brand.@type,Coral Sunrise Chiffon Georgette Saree,"There is a particular hour before full sunrise when the sky holds pink and orange simultaneously when the two colours exist not in competition but in conversation, each deepening the other's warmth. This chiffon georgette saree is made entirely of that hour. Its ground blends blush and ember in the gradual, unhurried way that only the finest dyed fabrics can manage not a hard boundary between hues, but a slow, breathing transition from one into the other.
This is a saree for joyful occasions  for the kind of day that begins well and is dressed for accordingly. It is festive without being formal, warm without being loud, and entirely, unmistakably itself.",@context | @type | productID | sku | name | description | image | brand | category | additionalProperty | offers | itemCondition | material,@type | price | priceCurrency | availability | url | seller,,,@type | name,no,no,yes,yes,,page-L2NvbGxlY3Rpb24vY29yYWwtc3VucmlzZS1jaGlmZm9uLWdlb3JnZXR0ZS1zYXJlZQ-schema-3 in seo-inventory-raw.json
/collection/coral-sunrise-chiffon-georgette-saree,app/(site)/collection/[slug]/page.tsx | lib/seo/json-ld.ts,PropertyValue,root.additionalProperty[0].@type,Coral Sunrise Chiffon Georgette Saree,"There is a particular hour before full sunrise when the sky holds pink and orange simultaneously when the two colours exist not in competition but in conversation, each deepening the other's warmth. This chiffon georgette saree is made entirely of that hour. Its ground blends blush and ember in the gradual, unhurried way that only the finest dyed fabrics can manage not a hard boundary between hues, but a slow, breathing transition from one into the other.
This is a saree for joyful occasions  for the kind of day that begins well and is dressed for accordingly. It is festive without being formal, warm without being loud, and entirely, unmistakably itself.",@context | @type | productID | sku | name | description | image | brand | category | additionalProperty | offers | itemCondition | material,@type | price | priceCurrency | availability | url | seller,,,@type | name,no,no,yes,yes,,page-L2NvbGxlY3Rpb24vY29yYWwtc3VucmlzZS1jaGlmZm9uLWdlb3JnZXR0ZS1zYXJlZQ-schema-3 in seo-inventory-raw.json
/collection/coral-sunrise-chiffon-georgette-saree,app/(site)/collection/[slug]/page.tsx | lib/seo/json-ld.ts,PropertyValue,root.additionalProperty[1].@type,Coral Sunrise Chiffon Georgette Saree,"There is a particular hour before full sunrise when the sky holds pink and orange simultaneously when the two colours exist not in competition but in conversation, each deepening the other's warmth. This chiffon georgette saree is made entirely of that hour. Its ground blends blush and ember in the gradual, unhurried way that only the finest dyed fabrics can manage not a hard boundary between hues, but a slow, breathing transition from one into the other.
This is a saree for joyful occasions  for the kind of day that begins well and is dressed for accordingly. It is festive without being formal, warm without being loud, and entirely, unmistakably itself.",@context | @type | productID | sku | name | description | image | brand | category | additionalProperty | offers | itemCondition | material,@type | price | priceCurrency | availability | url | seller,,,@type | name,no,no,yes,yes,,page-L2NvbGxlY3Rpb24vY29yYWwtc3VucmlzZS1jaGlmZm9uLWdlb3JnZXR0ZS1zYXJlZQ-schema-3 in seo-inventory-raw.json
/collection/coral-sunrise-chiffon-georgette-saree,app/(site)/collection/[slug]/page.tsx | lib/seo/json-ld.ts,Offer,root.offers.@type,Coral Sunrise Chiffon Georgette Saree,"There is a particular hour before full sunrise when the sky holds pink and orange simultaneously when the two colours exist not in competition but in conversation, each deepening the other's warmth. This chiffon georgette saree is made entirely of that hour. Its ground blends blush and ember in the gradual, unhurried way that only the finest dyed fabrics can manage not a hard boundary between hues, but a slow, breathing transition from one into the other.
This is a saree for joyful occasions  for the kind of day that begins well and is dressed for accordingly. It is festive without being formal, warm without being loud, and entirely, unmistakably itself.",@context | @type | productID | sku | name | description | image | brand | category | additionalProperty | offers | itemCondition | material,@type | price | priceCurrency | availability | url | seller,,,@type | name,no,no,yes,yes,,page-L2NvbGxlY3Rpb24vY29yYWwtc3VucmlzZS1jaGlmZm9uLWdlb3JnZXR0ZS1zYXJlZQ-schema-3 in seo-inventory-raw.json
/collection/coral-sunrise-chiffon-georgette-saree,app/(site)/collection/[slug]/page.tsx | lib/seo/json-ld.ts,Organization,root.offers.seller.@type,Coral Sunrise Chiffon Georgette Saree,"There is a particular hour before full sunrise when the sky holds pink and orange simultaneously when the two colours exist not in competition but in conversation, each deepening the other's warmth. This chiffon georgette saree is made entirely of that hour. Its ground blends blush and ember in the gradual, unhurried way that only the finest dyed fabrics can manage not a hard boundary between hues, but a slow, breathing transition from one into the other.
This is a saree for joyful occasions  for the kind of day that begins well and is dressed for accordingly. It is festive without being formal, warm without being loud, and entirely, unmistakably itself.",@context | @type | productID | sku | name | description | image | brand | category | additionalProperty | offers | itemCondition | material,@type | price | priceCurrency | availability | url | seller,,,@type | name,no,no,yes,yes,,page-L2NvbGxlY3Rpb24vY29yYWwtc3VucmlzZS1jaGlmZm9uLWdlb3JnZXR0ZS1zYXJlZQ-schema-3 in seo-inventory-raw.json
/collection/coral-sunrise-chiffon-georgette-saree,app/(site)/collection/[slug]/page.tsx | lib/seo/json-ld.ts,BreadcrumbList,root.@type,,,,,@context | @type | itemListElement,,,no,no,yes,uncertain,,page-L2NvbGxlY3Rpb24vY29yYWwtc3VucmlzZS1jaGlmZm9uLWdlb3JnZXR0ZS1zYXJlZQ-schema-4 in seo-inventory-raw.json
/collection/coral-sunrise-chiffon-georgette-saree,app/(site)/collection/[slug]/page.tsx | lib/seo/json-ld.ts,ListItem,root.itemListElement[0].@type,,,,,@context | @type | itemListElement,,,no,no,yes,uncertain,,page-L2NvbGxlY3Rpb24vY29yYWwtc3VucmlzZS1jaGlmZm9uLWdlb3JnZXR0ZS1zYXJlZQ-schema-4 in seo-inventory-raw.json
/collection/coral-sunrise-chiffon-georgette-saree,app/(site)/collection/[slug]/page.tsx | lib/seo/json-ld.ts,ListItem,root.itemListElement[1].@type,,,,,@context | @type | itemListElement,,,no,no,yes,uncertain,,page-L2NvbGxlY3Rpb24vY29yYWwtc3VucmlzZS1jaGlmZm9uLWdlb3JnZXR0ZS1zYXJlZQ-schema-4 in seo-inventory-raw.json
/collection/coral-sunrise-chiffon-georgette-saree,app/(site)/collection/[slug]/page.tsx | lib/seo/json-ld.ts,ListItem,root.itemListElement[2].@type,,,,,@context | @type | itemListElement,,,no,no,yes,uncertain,,page-L2NvbGxlY3Rpb24vY29yYWwtc3VucmlzZS1jaGlmZm9uLWdlb3JnZXR0ZS1zYXJlZQ-schema-4 in seo-inventory-raw.json
