Source URL,External target URL,Domain,Anchor text,rel attributes,nofollow/sponsored/ugc,Opens in new tab?,Link purpose,Issue/risk,Notes
/,https://www.instagram.com/from.thetrunk/,www.instagram.com,Follow From the Trunk on Instagram,noreferrer noopener,none,yes,official social/profile link,,Not fetched; external crawling was prohibited.
/,https://www.linkedin.com/company/from-the-trunk-ftt/,www.linkedin.com,Follow From the Trunk on LinkedIn,noreferrer noopener,none,yes,official social/profile link,,Not fetched; external crawling was prohibited.
/,https://www.facebook.com/people/From-The-Trunk/61590567961822/,www.facebook.com,Follow From the Trunk on Facebook,noreferrer noopener,none,yes,official social/profile link,,Not fetched; external crawling was prohibited.
/,https://x.com/fromthetrunkftt,x.com,Follow From the Trunk on X,noreferrer noopener,none,yes,official social/profile link,,Not fetched; external crawling was prohibited.
/,https://www.threads.com/@from.thetrunk,www.threads.com,Follow From the Trunk on Threads,noreferrer noopener,none,yes,official social/profile link,,Not fetched; external crawling was prohibited.
/,https://wa.me/919731910202,wa.me,Chat with From the Trunk on WhatsApp,noreferrer noopener,none,yes,outbound reference or service link,,Not fetched; external crawling was prohibited.
/,https://www.instagram.com/from.thetrunk/,www.instagram.com,Follow @from.thetrunk,noopener noreferrer,none,yes,official social/profile link,,Not fetched; external crawling was prohibited.
/,https://www.instagram.com/from.thetrunk/,www.instagram.com,RESTORATION@from.thetrunkBefore the drape returns to the wardrobe.,noopener noreferrer,none,yes,official social/profile link,,Not fetched; external crawling was prohibited.
/,https://www.instagram.com/from.thetrunk/,www.instagram.com,"STYLINGOne saree, many ways to carry presence.",noopener noreferrer,none,yes,official social/profile link,,Not fetched; external crawling was prohibited.
/,https://www.instagram.com/from.thetrunk/,www.instagram.com,PROVENANCEThe detail that makes a piece remembered.,noopener noreferrer,none,yes,official social/profile link,,Not fetched; external crawling was prohibited.
/,https://www.instagram.com/from.thetrunk/,www.instagram.com,NEW ARRIVALA quiet statement from the trunk.,noopener noreferrer,none,yes,official social/profile link,,Not fetched; external crawling was prohibited.
/,https://www.instagram.com/from.thetrunk/,www.instagram.com,"CAREPressed, checked, folded, and ready.",noopener noreferrer,none,yes,official social/profile link,,Not fetched; external crawling was prohibited.
/,https://www.instagram.com/from.thetrunk/,www.instagram.com,ARCHIVE@from.thetrunkA restored saree finding its next story.,noopener noreferrer,none,yes,official social/profile link,,Not fetched; external crawling was prohibited.
/,https://www.instagram.com/from.thetrunk/,www.instagram.com,Instagram,,none,no,official social/profile link,,Not fetched; external crawling was prohibited.
/,https://wa.me/919731910202,wa.me,WhatsApp,,none,no,outbound reference or service link,,Not fetched; external crawling was prohibited.
/collection,https://www.instagram.com/from.thetrunk/,www.instagram.com,Follow From the Trunk on Instagram,noreferrer noopener,none,yes,official social/profile link,,Not fetched; external crawling was prohibited.
/collection,https://www.linkedin.com/company/from-the-trunk-ftt/,www.linkedin.com,Follow From the Trunk on LinkedIn,noreferrer noopener,none,yes,official social/profile link,,Not fetched; external crawling was prohibited.
/collection,https://www.facebook.com/people/From-The-Trunk/61590567961822/,www.facebook.com,Follow From the Trunk on Facebook,noreferrer noopener,none,yes,official social/profile link,,Not fetched; external crawling was prohibited.
/collection,https://x.com/fromthetrunkftt,x.com,Follow From the Trunk on X,noreferrer noopener,none,yes,official social/profile link,,Not fetched; external crawling was prohibited.
/collection,https://www.threads.com/@from.thetrunk,www.threads.com,Follow From the Trunk on Threads,noreferrer noopener,none,yes,official social/profile link,,Not fetched; external crawling was prohibited.
/collection,https://wa.me/919731910202,wa.me,Chat with From the Trunk on WhatsApp,noreferrer noopener,none,yes,outbound reference or service link,,Not fetched; external crawling was prohibited.
/top-viewed,https://www.instagram.com/from.thetrunk/,www.instagram.com,Follow From the Trunk on Instagram,noreferrer noopener,none,yes,official social/profile link,,Not fetched; external crawling was prohibited.
/top-viewed,https://www.linkedin.com/company/from-the-trunk-ftt/,www.linkedin.com,Follow From the Trunk on LinkedIn,noreferrer noopener,none,yes,official social/profile link,,Not fetched; external crawling was prohibited.
/top-viewed,https://www.facebook.com/people/From-The-Trunk/61590567961822/,www.facebook.com,Follow From the Trunk on Facebook,noreferrer noopener,none,yes,official social/profile link,,Not fetched; external crawling was prohibited.
/top-viewed,https://x.com/fromthetrunkftt,x.com,Follow From the Trunk on X,noreferrer noopener,none,yes,official social/profile link,,Not fetched; external crawling was prohibited.
/top-viewed,https://www.threads.com/@from.thetrunk,www.threads.com,Follow From the Trunk on Threads,noreferrer noopener,none,yes,official social/profile link,,Not fetched; external crawling was prohibited.
/top-viewed,https://wa.me/919731910202,wa.me,Chat with From the Trunk on WhatsApp,noreferrer noopener,none,yes,outbound reference or service link,,Not fetched; external crawling was prohibited.
/our-story,https://www.instagram.com/from.thetrunk/,www.instagram.com,Follow From the Trunk on Instagram,noreferrer noopener,none,yes,official social/profile link,,Not fetched; external crawling was prohibited.
/our-story,https://www.linkedin.com/company/from-the-trunk-ftt/,www.linkedin.com,Follow From the Trunk on LinkedIn,noreferrer noopener,none,yes,official social/profile link,,Not fetched; external crawling was prohibited.
/our-story,https://www.facebook.com/people/From-The-Trunk/61590567961822/,www.facebook.com,Follow From the Trunk on Facebook,noreferrer noopener,none,yes,official social/profile link,,Not fetched; external crawling was prohibited.
/our-story,https://x.com/fromthetrunkftt,x.com,Follow From the Trunk on X,noreferrer noopener,none,yes,official social/profile link,,Not fetched; external crawling was prohibited.
/our-story,https://www.threads.com/@from.thetrunk,www.threads.com,Follow From the Trunk on Threads,noreferrer noopener,none,yes,official social/profile link,,Not fetched; external crawling was prohibited.
/our-story,https://wa.me/919731910202,wa.me,Chat with From the Trunk on WhatsApp,noreferrer noopener,none,yes,outbound reference or service link,,Not fetched; external crawling was prohibited.
/our-team,https://www.instagram.com/from.thetrunk/,www.instagram.com,Follow From the Trunk on Instagram,noreferrer noopener,none,yes,official social/profile link,,Not fetched; external crawling was prohibited.
/our-team,https://www.linkedin.com/company/from-the-trunk-ftt/,www.linkedin.com,Follow From the Trunk on LinkedIn,noreferrer noopener,none,yes,official social/profile link,,Not fetched; external crawling was prohibited.
/our-team,https://www.facebook.com/people/From-The-Trunk/61590567961822/,www.facebook.com,Follow From the Trunk on Facebook,noreferrer noopener,none,yes,official social/profile link,,Not fetched; external crawling was prohibited.
/our-team,https://x.com/fromthetrunkftt,x.com,Follow From the Trunk on X,noreferrer noopener,none,yes,official social/profile link,,Not fetched; external crawling was prohibited.
/our-team,https://www.threads.com/@from.thetrunk,www.threads.com,Follow From the Trunk on Threads,noreferrer noopener,none,yes,official social/profile link,,Not fetched; external crawling was prohibited.
/our-team,https://wa.me/919731910202,wa.me,Chat with From the Trunk on WhatsApp,noreferrer noopener,none,yes,outbound reference or service link,,Not fetched; external crawling was prohibited.
/faqs,https://www.instagram.com/from.thetrunk/,www.instagram.com,Follow From the Trunk on Instagram,noreferrer noopener,none,yes,official social/profile link,,Not fetched; external crawling was prohibited.
/faqs,https://www.linkedin.com/company/from-the-trunk-ftt/,www.linkedin.com,Follow From the Trunk on LinkedIn,noreferrer noopener,none,yes,official social/profile link,,Not fetched; external crawling was prohibited.
/faqs,https://www.facebook.com/people/From-The-Trunk/61590567961822/,www.facebook.com,Follow From the Trunk on Facebook,noreferrer noopener,none,yes,official social/profile link,,Not fetched; external crawling was prohibited.
/faqs,https://x.com/fromthetrunkftt,x.com,Follow From the Trunk on X,noreferrer noopener,none,yes,official social/profile link,,Not fetched; external crawling was prohibited.
/faqs,https://www.threads.com/@from.thetrunk,www.threads.com,Follow From the Trunk on Threads,noreferrer noopener,none,yes,official social/profile link,,Not fetched; external crawling was prohibited.
/faqs,https://wa.me/919731910202,wa.me,Chat with From the Trunk on WhatsApp,noreferrer noopener,none,yes,outbound reference or service link,,Not fetched; external crawling was prohibited.
/contact,https://www.instagram.com/from.thetrunk/,www.instagram.com,Follow From the Trunk on Instagram,noreferrer noopener,none,yes,official social/profile link,,Not fetched; external crawling was prohibited.
/contact,https://www.linkedin.com/company/from-the-trunk-ftt/,www.linkedin.com,Follow From the Trunk on LinkedIn,noreferrer noopener,none,yes,official social/profile link,,Not fetched; external crawling was prohibited.
/contact,https://www.facebook.com/people/From-The-Trunk/61590567961822/,www.facebook.com,Follow From the Trunk on Facebook,noreferrer noopener,none,yes,official social/profile link,,Not fetched; external crawling was prohibited.
/contact,https://x.com/fromthetrunkftt,x.com,Follow From the Trunk on X,noreferrer noopener,none,yes,official social/profile link,,Not fetched; external crawling was prohibited.
/contact,https://www.threads.com/@from.thetrunk,www.threads.com,Follow From the Trunk on Threads,noreferrer noopener,none,yes,official social/profile link,,Not fetched; external crawling was prohibited.
/contact,https://wa.me/919731910202,wa.me,Chat with From the Trunk on WhatsApp,noreferrer noopener,none,yes,outbound reference or service link,,Not fetched; external crawling was prohibited.
/contact,https://wa.me/919731910202?text=Hi%20From%20the%20Trunk!%20I%27d%20love%20some%20help%20with%20a%20piece.,wa.me,WhatsAppStart a WhatsApp chat,noreferrer noopener,none,yes,outbound reference or service link,,Not fetched; external crawling was prohibited.
/contact,https://www.instagram.com/from.thetrunk/,www.instagram.com,Instagram@from.thetrunk,noreferrer noopener,none,yes,official social/profile link,,Not fetched; external crawling was prohibited.
/how-it-works,https://www.instagram.com/from.thetrunk/,www.instagram.com,Follow From the Trunk on Instagram,noreferrer noopener,none,yes,official social/profile link,,Not fetched; external crawling was prohibited.
/how-it-works,https://www.linkedin.com/company/from-the-trunk-ftt/,www.linkedin.com,Follow From the Trunk on LinkedIn,noreferrer noopener,none,yes,official social/profile link,,Not fetched; external crawling was prohibited.
/how-it-works,https://www.facebook.com/people/From-The-Trunk/61590567961822/,www.facebook.com,Follow From the Trunk on Facebook,noreferrer noopener,none,yes,official social/profile link,,Not fetched; external crawling was prohibited.
/how-it-works,https://x.com/fromthetrunkftt,x.com,Follow From the Trunk on X,noreferrer noopener,none,yes,official social/profile link,,Not fetched; external crawling was prohibited.
/how-it-works,https://www.threads.com/@from.thetrunk,www.threads.com,Follow From the Trunk on Threads,noreferrer noopener,none,yes,official social/profile link,,Not fetched; external crawling was prohibited.
/how-it-works,https://wa.me/919731910202,wa.me,Chat with From the Trunk on WhatsApp,noreferrer noopener,none,yes,outbound reference or service link,,Not fetched; external crawling was prohibited.
/authentication,https://www.instagram.com/from.thetrunk/,www.instagram.com,Follow From the Trunk on Instagram,noreferrer noopener,none,yes,official social/profile link,,Not fetched; external crawling was prohibited.
/authentication,https://www.linkedin.com/company/from-the-trunk-ftt/,www.linkedin.com,Follow From the Trunk on LinkedIn,noreferrer noopener,none,yes,official social/profile link,,Not fetched; external crawling was prohibited.
/authentication,https://www.facebook.com/people/From-The-Trunk/61590567961822/,www.facebook.com,Follow From the Trunk on Facebook,noreferrer noopener,none,yes,official social/profile link,,Not fetched; external crawling was prohibited.
/authentication,https://x.com/fromthetrunkftt,x.com,Follow From the Trunk on X,noreferrer noopener,none,yes,official social/profile link,,Not fetched; external crawling was prohibited.
/authentication,https://www.threads.com/@from.thetrunk,www.threads.com,Follow From the Trunk on Threads,noreferrer noopener,none,yes,official social/profile link,,Not fetched; external crawling was prohibited.
/authentication,https://wa.me/919731910202,wa.me,Chat with From the Trunk on WhatsApp,noreferrer noopener,none,yes,outbound reference or service link,,Not fetched; external crawling was prohibited.
/policies,https://www.instagram.com/from.thetrunk/,www.instagram.com,Follow From the Trunk on Instagram,noreferrer noopener,none,yes,official social/profile link,,Not fetched; external crawling was prohibited.
/policies,https://www.linkedin.com/company/from-the-trunk-ftt/,www.linkedin.com,Follow From the Trunk on LinkedIn,noreferrer noopener,none,yes,official social/profile link,,Not fetched; external crawling was prohibited.
/policies,https://www.facebook.com/people/From-The-Trunk/61590567961822/,www.facebook.com,Follow From the Trunk on Facebook,noreferrer noopener,none,yes,official social/profile link,,Not fetched; external crawling was prohibited.
/policies,https://x.com/fromthetrunkftt,x.com,Follow From the Trunk on X,noreferrer noopener,none,yes,official social/profile link,,Not fetched; external crawling was prohibited.
/policies,https://www.threads.com/@from.thetrunk,www.threads.com,Follow From the Trunk on Threads,noreferrer noopener,none,yes,official social/profile link,,Not fetched; external crawling was prohibited.
/policies,https://wa.me/919731910202,wa.me,Chat with From the Trunk on WhatsApp,noreferrer noopener,none,yes,outbound reference or service link,,Not fetched; external crawling was prohibited.
/why,https://www.instagram.com/from.thetrunk/,www.instagram.com,Follow From the Trunk on Instagram,noreferrer noopener,none,yes,official social/profile link,,Not fetched; external crawling was prohibited.
/why,https://www.linkedin.com/company/from-the-trunk-ftt/,www.linkedin.com,Follow From the Trunk on LinkedIn,noreferrer noopener,none,yes,official social/profile link,,Not fetched; external crawling was prohibited.
/why,https://www.facebook.com/people/From-The-Trunk/61590567961822/,www.facebook.com,Follow From the Trunk on Facebook,noreferrer noopener,none,yes,official social/profile link,,Not fetched; external crawling was prohibited.
/why,https://x.com/fromthetrunkftt,x.com,Follow From the Trunk on X,noreferrer noopener,none,yes,official social/profile link,,Not fetched; external crawling was prohibited.
/why,https://www.threads.com/@from.thetrunk,www.threads.com,Follow From the Trunk on Threads,noreferrer noopener,none,yes,official social/profile link,,Not fetched; external crawling was prohibited.
/why,https://wa.me/919731910202,wa.me,Chat with From the Trunk on WhatsApp,noreferrer noopener,none,yes,outbound reference or service link,,Not fetched; external crawling was prohibited.
/sell-your-saree,https://www.instagram.com/from.thetrunk/,www.instagram.com,Follow From the Trunk on Instagram,noreferrer noopener,none,yes,official social/profile link,,Not fetched; external crawling was prohibited.
/sell-your-saree,https://www.linkedin.com/company/from-the-trunk-ftt/,www.linkedin.com,Follow From the Trunk on LinkedIn,noreferrer noopener,none,yes,official social/profile link,,Not fetched; external crawling was prohibited.
/sell-your-saree,https://www.facebook.com/people/From-The-Trunk/61590567961822/,www.facebook.com,Follow From the Trunk on Facebook,noreferrer noopener,none,yes,official social/profile link,,Not fetched; external crawling was prohibited.
/sell-your-saree,https://x.com/fromthetrunkftt,x.com,Follow From the Trunk on X,noreferrer noopener,none,yes,official social/profile link,,Not fetched; external crawling was prohibited.
/sell-your-saree,https://www.threads.com/@from.thetrunk,www.threads.com,Follow From the Trunk on Threads,noreferrer noopener,none,yes,official social/profile link,,Not fetched; external crawling was prohibited.
/sell-your-saree,https://wa.me/919731910202,wa.me,Chat with From the Trunk on WhatsApp,noreferrer noopener,none,yes,outbound reference or service link,,Not fetched; external crawling was prohibited.
/packing,https://www.instagram.com/from.thetrunk/,www.instagram.com,Follow From the Trunk on Instagram,noreferrer noopener,none,yes,official social/profile link,,Not fetched; external crawling was prohibited.
/packing,https://www.linkedin.com/company/from-the-trunk-ftt/,www.linkedin.com,Follow From the Trunk on LinkedIn,noreferrer noopener,none,yes,official social/profile link,,Not fetched; external crawling was prohibited.
/packing,https://www.facebook.com/people/From-The-Trunk/61590567961822/,www.facebook.com,Follow From the Trunk on Facebook,noreferrer noopener,none,yes,official social/profile link,,Not fetched; external crawling was prohibited.
/packing,https://x.com/fromthetrunkftt,x.com,Follow From the Trunk on X,noreferrer noopener,none,yes,official social/profile link,,Not fetched; external crawling was prohibited.
/packing,https://www.threads.com/@from.thetrunk,www.threads.com,Follow From the Trunk on Threads,noreferrer noopener,none,yes,official social/profile link,,Not fetched; external crawling was prohibited.
/packing,https://wa.me/919731910202,wa.me,Chat with From the Trunk on WhatsApp,noreferrer noopener,none,yes,outbound reference or service link,,Not fetched; external crawling was prohibited.
/policies/privacy-policy,https://www.instagram.com/from.thetrunk/,www.instagram.com,Follow From the Trunk on Instagram,noreferrer noopener,none,yes,official social/profile link,,Not fetched; external crawling was prohibited.
/policies/privacy-policy,https://www.linkedin.com/company/from-the-trunk-ftt/,www.linkedin.com,Follow From the Trunk on LinkedIn,noreferrer noopener,none,yes,official social/profile link,,Not fetched; external crawling was prohibited.
/policies/privacy-policy,https://www.facebook.com/people/From-The-Trunk/61590567961822/,www.facebook.com,Follow From the Trunk on Facebook,noreferrer noopener,none,yes,official social/profile link,,Not fetched; external crawling was prohibited.
/policies/privacy-policy,https://x.com/fromthetrunkftt,x.com,Follow From the Trunk on X,noreferrer noopener,none,yes,official social/profile link,,Not fetched; external crawling was prohibited.
/policies/privacy-policy,https://www.threads.com/@from.thetrunk,www.threads.com,Follow From the Trunk on Threads,noreferrer noopener,none,yes,official social/profile link,,Not fetched; external crawling was prohibited.
/policies/privacy-policy,https://wa.me/919731910202,wa.me,Chat with From the Trunk on WhatsApp,noreferrer noopener,none,yes,outbound reference or service link,,Not fetched; external crawling was prohibited.
/policies/return-refund-policy,https://www.instagram.com/from.thetrunk/,www.instagram.com,Follow From the Trunk on Instagram,noreferrer noopener,none,yes,official social/profile link,,Not fetched; external crawling was prohibited.
/policies/return-refund-policy,https://www.linkedin.com/company/from-the-trunk-ftt/,www.linkedin.com,Follow From the Trunk on LinkedIn,noreferrer noopener,none,yes,official social/profile link,,Not fetched; external crawling was prohibited.
/policies/return-refund-policy,https://www.facebook.com/people/From-The-Trunk/61590567961822/,www.facebook.com,Follow From the Trunk on Facebook,noreferrer noopener,none,yes,official social/profile link,,Not fetched; external crawling was prohibited.
/policies/return-refund-policy,https://x.com/fromthetrunkftt,x.com,Follow From the Trunk on X,noreferrer noopener,none,yes,official social/profile link,,Not fetched; external crawling was prohibited.
/policies/return-refund-policy,https://www.threads.com/@from.thetrunk,www.threads.com,Follow From the Trunk on Threads,noreferrer noopener,none,yes,official social/profile link,,Not fetched; external crawling was prohibited.
/policies/return-refund-policy,https://wa.me/919731910202,wa.me,Chat with From the Trunk on WhatsApp,noreferrer noopener,none,yes,outbound reference or service link,,Not fetched; external crawling was prohibited.
/policies/shipping-delivery-policy,https://www.instagram.com/from.thetrunk/,www.instagram.com,Follow From the Trunk on Instagram,noreferrer noopener,none,yes,official social/profile link,,Not fetched; external crawling was prohibited.
/policies/shipping-delivery-policy,https://www.linkedin.com/company/from-the-trunk-ftt/,www.linkedin.com,Follow From the Trunk on LinkedIn,noreferrer noopener,none,yes,official social/profile link,,Not fetched; external crawling was prohibited.
/policies/shipping-delivery-policy,https://www.facebook.com/people/From-The-Trunk/61590567961822/,www.facebook.com,Follow From the Trunk on Facebook,noreferrer noopener,none,yes,official social/profile link,,Not fetched; external crawling was prohibited.
/policies/shipping-delivery-policy,https://x.com/fromthetrunkftt,x.com,Follow From the Trunk on X,noreferrer noopener,none,yes,official social/profile link,,Not fetched; external crawling was prohibited.
/policies/shipping-delivery-policy,https://www.threads.com/@from.thetrunk,www.threads.com,Follow From the Trunk on Threads,noreferrer noopener,none,yes,official social/profile link,,Not fetched; external crawling was prohibited.
/policies/shipping-delivery-policy,https://wa.me/919731910202,wa.me,Chat with From the Trunk on WhatsApp,noreferrer noopener,none,yes,outbound reference or service link,,Not fetched; external crawling was prohibited.
/policies/terms-of-service,https://www.instagram.com/from.thetrunk/,www.instagram.com,Follow From the Trunk on Instagram,noreferrer noopener,none,yes,official social/profile link,,Not fetched; external crawling was prohibited.
/policies/terms-of-service,https://www.linkedin.com/company/from-the-trunk-ftt/,www.linkedin.com,Follow From the Trunk on LinkedIn,noreferrer noopener,none,yes,official social/profile link,,Not fetched; external crawling was prohibited.
/policies/terms-of-service,https://www.facebook.com/people/From-The-Trunk/61590567961822/,www.facebook.com,Follow From the Trunk on Facebook,noreferrer noopener,none,yes,official social/profile link,,Not fetched; external crawling was prohibited.
/policies/terms-of-service,https://x.com/fromthetrunkftt,x.com,Follow From the Trunk on X,noreferrer noopener,none,yes,official social/profile link,,Not fetched; external crawling was prohibited.
/policies/terms-of-service,https://www.threads.com/@from.thetrunk,www.threads.com,Follow From the Trunk on Threads,noreferrer noopener,none,yes,official social/profile link,,Not fetched; external crawling was prohibited.
/policies/terms-of-service,https://wa.me/919731910202,wa.me,Chat with From the Trunk on WhatsApp,noreferrer noopener,none,yes,outbound reference or service link,,Not fetched; external crawling was prohibited.
/policies/authentication-condition-policy,https://www.instagram.com/from.thetrunk/,www.instagram.com,Follow From the Trunk on Instagram,noreferrer noopener,none,yes,official social/profile link,,Not fetched; external crawling was prohibited.
/policies/authentication-condition-policy,https://www.linkedin.com/company/from-the-trunk-ftt/,www.linkedin.com,Follow From the Trunk on LinkedIn,noreferrer noopener,none,yes,official social/profile link,,Not fetched; external crawling was prohibited.
/policies/authentication-condition-policy,https://www.facebook.com/people/From-The-Trunk/61590567961822/,www.facebook.com,Follow From the Trunk on Facebook,noreferrer noopener,none,yes,official social/profile link,,Not fetched; external crawling was prohibited.
/policies/authentication-condition-policy,https://x.com/fromthetrunkftt,x.com,Follow From the Trunk on X,noreferrer noopener,none,yes,official social/profile link,,Not fetched; external crawling was prohibited.
/policies/authentication-condition-policy,https://www.threads.com/@from.thetrunk,www.threads.com,Follow From the Trunk on Threads,noreferrer noopener,none,yes,official social/profile link,,Not fetched; external crawling was prohibited.
/policies/authentication-condition-policy,https://wa.me/919731910202,wa.me,Chat with From the Trunk on WhatsApp,noreferrer noopener,none,yes,outbound reference or service link,,Not fetched; external crawling was prohibited.
/policies/care-packaging-policy,https://www.instagram.com/from.thetrunk/,www.instagram.com,Follow From the Trunk on Instagram,noreferrer noopener,none,yes,official social/profile link,,Not fetched; external crawling was prohibited.
/policies/care-packaging-policy,https://www.linkedin.com/company/from-the-trunk-ftt/,www.linkedin.com,Follow From the Trunk on LinkedIn,noreferrer noopener,none,yes,official social/profile link,,Not fetched; external crawling was prohibited.
/policies/care-packaging-policy,https://www.facebook.com/people/From-The-Trunk/61590567961822/,www.facebook.com,Follow From the Trunk on Facebook,noreferrer noopener,none,yes,official social/profile link,,Not fetched; external crawling was prohibited.
/policies/care-packaging-policy,https://x.com/fromthetrunkftt,x.com,Follow From the Trunk on X,noreferrer noopener,none,yes,official social/profile link,,Not fetched; external crawling was prohibited.
/policies/care-packaging-policy,https://www.threads.com/@from.thetrunk,www.threads.com,Follow From the Trunk on Threads,noreferrer noopener,none,yes,official social/profile link,,Not fetched; external crawling was prohibited.
/policies/care-packaging-policy,https://wa.me/919731910202,wa.me,Chat with From the Trunk on WhatsApp,noreferrer noopener,none,yes,outbound reference or service link,,Not fetched; external crawling was prohibited.
/policies/cancellation-policy,https://www.instagram.com/from.thetrunk/,www.instagram.com,Follow From the Trunk on Instagram,noreferrer noopener,none,yes,official social/profile link,,Not fetched; external crawling was prohibited.
/policies/cancellation-policy,https://www.linkedin.com/company/from-the-trunk-ftt/,www.linkedin.com,Follow From the Trunk on LinkedIn,noreferrer noopener,none,yes,official social/profile link,,Not fetched; external crawling was prohibited.
/policies/cancellation-policy,https://www.facebook.com/people/From-The-Trunk/61590567961822/,www.facebook.com,Follow From the Trunk on Facebook,noreferrer noopener,none,yes,official social/profile link,,Not fetched; external crawling was prohibited.
/policies/cancellation-policy,https://x.com/fromthetrunkftt,x.com,Follow From the Trunk on X,noreferrer noopener,none,yes,official social/profile link,,Not fetched; external crawling was prohibited.
/policies/cancellation-policy,https://www.threads.com/@from.thetrunk,www.threads.com,Follow From the Trunk on Threads,noreferrer noopener,none,yes,official social/profile link,,Not fetched; external crawling was prohibited.
/policies/cancellation-policy,https://wa.me/919731910202,wa.me,Chat with From the Trunk on WhatsApp,noreferrer noopener,none,yes,outbound reference or service link,,Not fetched; external crawling was prohibited.
/policies/sell-with-us-policy,https://www.instagram.com/from.thetrunk/,www.instagram.com,Follow From the Trunk on Instagram,noreferrer noopener,none,yes,official social/profile link,,Not fetched; external crawling was prohibited.
/policies/sell-with-us-policy,https://www.linkedin.com/company/from-the-trunk-ftt/,www.linkedin.com,Follow From the Trunk on LinkedIn,noreferrer noopener,none,yes,official social/profile link,,Not fetched; external crawling was prohibited.
/policies/sell-with-us-policy,https://www.facebook.com/people/From-The-Trunk/61590567961822/,www.facebook.com,Follow From the Trunk on Facebook,noreferrer noopener,none,yes,official social/profile link,,Not fetched; external crawling was prohibited.
/policies/sell-with-us-policy,https://x.com/fromthetrunkftt,x.com,Follow From the Trunk on X,noreferrer noopener,none,yes,official social/profile link,,Not fetched; external crawling was prohibited.
/policies/sell-with-us-policy,https://www.threads.com/@from.thetrunk,www.threads.com,Follow From the Trunk on Threads,noreferrer noopener,none,yes,official social/profile link,,Not fetched; external crawling was prohibited.
/policies/sell-with-us-policy,https://wa.me/919731910202,wa.me,Chat with From the Trunk on WhatsApp,noreferrer noopener,none,yes,outbound reference or service link,,Not fetched; external crawling was prohibited.
/policies/grievance-redressal,https://www.instagram.com/from.thetrunk/,www.instagram.com,Follow From the Trunk on Instagram,noreferrer noopener,none,yes,official social/profile link,,Not fetched; external crawling was prohibited.
/policies/grievance-redressal,https://www.linkedin.com/company/from-the-trunk-ftt/,www.linkedin.com,Follow From the Trunk on LinkedIn,noreferrer noopener,none,yes,official social/profile link,,Not fetched; external crawling was prohibited.
/policies/grievance-redressal,https://www.facebook.com/people/From-The-Trunk/61590567961822/,www.facebook.com,Follow From the Trunk on Facebook,noreferrer noopener,none,yes,official social/profile link,,Not fetched; external crawling was prohibited.
/policies/grievance-redressal,https://x.com/fromthetrunkftt,x.com,Follow From the Trunk on X,noreferrer noopener,none,yes,official social/profile link,,Not fetched; external crawling was prohibited.
/policies/grievance-redressal,https://www.threads.com/@from.thetrunk,www.threads.com,Follow From the Trunk on Threads,noreferrer noopener,none,yes,official social/profile link,,Not fetched; external crawling was prohibited.
/policies/grievance-redressal,https://wa.me/919731910202,wa.me,Chat with From the Trunk on WhatsApp,noreferrer noopener,none,yes,outbound reference or service link,,Not fetched; external crawling was prohibited.
/collection/fabric/silk,https://www.instagram.com/from.thetrunk/,www.instagram.com,Follow From the Trunk on Instagram,noreferrer noopener,none,yes,official social/profile link,,Not fetched; external crawling was prohibited.
/collection/fabric/silk,https://www.linkedin.com/company/from-the-trunk-ftt/,www.linkedin.com,Follow From the Trunk on LinkedIn,noreferrer noopener,none,yes,official social/profile link,,Not fetched; external crawling was prohibited.
/collection/fabric/silk,https://www.facebook.com/people/From-The-Trunk/61590567961822/,www.facebook.com,Follow From the Trunk on Facebook,noreferrer noopener,none,yes,official social/profile link,,Not fetched; external crawling was prohibited.
/collection/fabric/silk,https://x.com/fromthetrunkftt,x.com,Follow From the Trunk on X,noreferrer noopener,none,yes,official social/profile link,,Not fetched; external crawling was prohibited.
/collection/fabric/silk,https://www.threads.com/@from.thetrunk,www.threads.com,Follow From the Trunk on Threads,noreferrer noopener,none,yes,official social/profile link,,Not fetched; external crawling was prohibited.
/collection/fabric/silk,https://wa.me/919731910202,wa.me,Chat with From the Trunk on WhatsApp,noreferrer noopener,none,yes,outbound reference or service link,,Not fetched; external crawling was prohibited.
/blouses,https://www.instagram.com/from.thetrunk/,www.instagram.com,Follow From the Trunk on Instagram,noreferrer noopener,none,yes,official social/profile link,,Not fetched; external crawling was prohibited.
/blouses,https://www.linkedin.com/company/from-the-trunk-ftt/,www.linkedin.com,Follow From the Trunk on LinkedIn,noreferrer noopener,none,yes,official social/profile link,,Not fetched; external crawling was prohibited.
/blouses,https://www.facebook.com/people/From-The-Trunk/61590567961822/,www.facebook.com,Follow From the Trunk on Facebook,noreferrer noopener,none,yes,official social/profile link,,Not fetched; external crawling was prohibited.
/blouses,https://x.com/fromthetrunkftt,x.com,Follow From the Trunk on X,noreferrer noopener,none,yes,official social/profile link,,Not fetched; external crawling was prohibited.
/blouses,https://www.threads.com/@from.thetrunk,www.threads.com,Follow From the Trunk on Threads,noreferrer noopener,none,yes,official social/profile link,,Not fetched; external crawling was prohibited.
/blouses,https://wa.me/919731910202,wa.me,Chat with From the Trunk on WhatsApp,noreferrer noopener,none,yes,outbound reference or service link,,Not fetched; external crawling was prohibited.
/guides/what-is-a-pre-loved-saree,https://www.instagram.com/from.thetrunk/,www.instagram.com,Follow From the Trunk on Instagram,noreferrer noopener,none,yes,official social/profile link,,Not fetched; external crawling was prohibited.
/guides/what-is-a-pre-loved-saree,https://www.linkedin.com/company/from-the-trunk-ftt/,www.linkedin.com,Follow From the Trunk on LinkedIn,noreferrer noopener,none,yes,official social/profile link,,Not fetched; external crawling was prohibited.
/guides/what-is-a-pre-loved-saree,https://www.facebook.com/people/From-The-Trunk/61590567961822/,www.facebook.com,Follow From the Trunk on Facebook,noreferrer noopener,none,yes,official social/profile link,,Not fetched; external crawling was prohibited.
/guides/what-is-a-pre-loved-saree,https://x.com/fromthetrunkftt,x.com,Follow From the Trunk on X,noreferrer noopener,none,yes,official social/profile link,,Not fetched; external crawling was prohibited.
/guides/what-is-a-pre-loved-saree,https://www.threads.com/@from.thetrunk,www.threads.com,Follow From the Trunk on Threads,noreferrer noopener,none,yes,official social/profile link,,Not fetched; external crawling was prohibited.
/guides/what-is-a-pre-loved-saree,https://wa.me/919731910202,wa.me,Chat with From the Trunk on WhatsApp,noreferrer noopener,none,yes,outbound reference or service link,,Not fetched; external crawling was prohibited.
/guides/pre-loved-vs-second-hand-saree,https://www.instagram.com/from.thetrunk/,www.instagram.com,Follow From the Trunk on Instagram,noreferrer noopener,none,yes,official social/profile link,,Not fetched; external crawling was prohibited.
/guides/pre-loved-vs-second-hand-saree,https://www.linkedin.com/company/from-the-trunk-ftt/,www.linkedin.com,Follow From the Trunk on LinkedIn,noreferrer noopener,none,yes,official social/profile link,,Not fetched; external crawling was prohibited.
/guides/pre-loved-vs-second-hand-saree,https://www.facebook.com/people/From-The-Trunk/61590567961822/,www.facebook.com,Follow From the Trunk on Facebook,noreferrer noopener,none,yes,official social/profile link,,Not fetched; external crawling was prohibited.
/guides/pre-loved-vs-second-hand-saree,https://x.com/fromthetrunkftt,x.com,Follow From the Trunk on X,noreferrer noopener,none,yes,official social/profile link,,Not fetched; external crawling was prohibited.
/guides/pre-loved-vs-second-hand-saree,https://www.threads.com/@from.thetrunk,www.threads.com,Follow From the Trunk on Threads,noreferrer noopener,none,yes,official social/profile link,,Not fetched; external crawling was prohibited.
/guides/pre-loved-vs-second-hand-saree,https://wa.me/919731910202,wa.me,Chat with From the Trunk on WhatsApp,noreferrer noopener,none,yes,outbound reference or service link,,Not fetched; external crawling was prohibited.
/collection/tangerine-noir-floral-border-weave,https://www.instagram.com/from.thetrunk/,www.instagram.com,Follow From the Trunk on Instagram,noreferrer noopener,none,yes,official social/profile link,,Not fetched; external crawling was prohibited.
/collection/tangerine-noir-floral-border-weave,https://www.linkedin.com/company/from-the-trunk-ftt/,www.linkedin.com,Follow From the Trunk on LinkedIn,noreferrer noopener,none,yes,official social/profile link,,Not fetched; external crawling was prohibited.
/collection/tangerine-noir-floral-border-weave,https://www.facebook.com/people/From-The-Trunk/61590567961822/,www.facebook.com,Follow From the Trunk on Facebook,noreferrer noopener,none,yes,official social/profile link,,Not fetched; external crawling was prohibited.
/collection/tangerine-noir-floral-border-weave,https://x.com/fromthetrunkftt,x.com,Follow From the Trunk on X,noreferrer noopener,none,yes,official social/profile link,,Not fetched; external crawling was prohibited.
/collection/tangerine-noir-floral-border-weave,https://www.threads.com/@from.thetrunk,www.threads.com,Follow From the Trunk on Threads,noreferrer noopener,none,yes,official social/profile link,,Not fetched; external crawling was prohibited.
/collection/tangerine-noir-floral-border-weave,https://wa.me/919731910202,wa.me,Chat with From the Trunk on WhatsApp,noreferrer noopener,none,yes,outbound reference or service link,,Not fetched; external crawling was prohibited.
/collection/sunset-ombr-chiffon-draped-dream,https://www.instagram.com/from.thetrunk/,www.instagram.com,Follow From the Trunk on Instagram,noreferrer noopener,none,yes,official social/profile link,,Not fetched; external crawling was prohibited.
/collection/sunset-ombr-chiffon-draped-dream,https://www.linkedin.com/company/from-the-trunk-ftt/,www.linkedin.com,Follow From the Trunk on LinkedIn,noreferrer noopener,none,yes,official social/profile link,,Not fetched; external crawling was prohibited.
/collection/sunset-ombr-chiffon-draped-dream,https://www.facebook.com/people/From-The-Trunk/61590567961822/,www.facebook.com,Follow From the Trunk on Facebook,noreferrer noopener,none,yes,official social/profile link,,Not fetched; external crawling was prohibited.
/collection/sunset-ombr-chiffon-draped-dream,https://x.com/fromthetrunkftt,x.com,Follow From the Trunk on X,noreferrer noopener,none,yes,official social/profile link,,Not fetched; external crawling was prohibited.
/collection/sunset-ombr-chiffon-draped-dream,https://www.threads.com/@from.thetrunk,www.threads.com,Follow From the Trunk on Threads,noreferrer noopener,none,yes,official social/profile link,,Not fetched; external crawling was prohibited.
/collection/sunset-ombr-chiffon-draped-dream,https://wa.me/919731910202,wa.me,Chat with From the Trunk on WhatsApp,noreferrer noopener,none,yes,outbound reference or service link,,Not fetched; external crawling was prohibited.
/collection/indigo-plum-tied-silk-saree,https://www.instagram.com/from.thetrunk/,www.instagram.com,Follow From the Trunk on Instagram,noreferrer noopener,none,yes,official social/profile link,,Not fetched; external crawling was prohibited.
/collection/indigo-plum-tied-silk-saree,https://www.linkedin.com/company/from-the-trunk-ftt/,www.linkedin.com,Follow From the Trunk on LinkedIn,noreferrer noopener,none,yes,official social/profile link,,Not fetched; external crawling was prohibited.
/collection/indigo-plum-tied-silk-saree,https://www.facebook.com/people/From-The-Trunk/61590567961822/,www.facebook.com,Follow From the Trunk on Facebook,noreferrer noopener,none,yes,official social/profile link,,Not fetched; external crawling was prohibited.
/collection/indigo-plum-tied-silk-saree,https://x.com/fromthetrunkftt,x.com,Follow From the Trunk on X,noreferrer noopener,none,yes,official social/profile link,,Not fetched; external crawling was prohibited.
/collection/indigo-plum-tied-silk-saree,https://www.threads.com/@from.thetrunk,www.threads.com,Follow From the Trunk on Threads,noreferrer noopener,none,yes,official social/profile link,,Not fetched; external crawling was prohibited.
/collection/indigo-plum-tied-silk-saree,https://wa.me/919731910202,wa.me,Chat with From the Trunk on WhatsApp,noreferrer noopener,none,yes,outbound reference or service link,,Not fetched; external crawling was prohibited.
/collection/forest-flame-tie-dye-silk,https://www.instagram.com/from.thetrunk/,www.instagram.com,Follow From the Trunk on Instagram,noreferrer noopener,none,yes,official social/profile link,,Not fetched; external crawling was prohibited.
/collection/forest-flame-tie-dye-silk,https://www.linkedin.com/company/from-the-trunk-ftt/,www.linkedin.com,Follow From the Trunk on LinkedIn,noreferrer noopener,none,yes,official social/profile link,,Not fetched; external crawling was prohibited.
/collection/forest-flame-tie-dye-silk,https://www.facebook.com/people/From-The-Trunk/61590567961822/,www.facebook.com,Follow From the Trunk on Facebook,noreferrer noopener,none,yes,official social/profile link,,Not fetched; external crawling was prohibited.
/collection/forest-flame-tie-dye-silk,https://x.com/fromthetrunkftt,x.com,Follow From the Trunk on X,noreferrer noopener,none,yes,official social/profile link,,Not fetched; external crawling was prohibited.
/collection/forest-flame-tie-dye-silk,https://www.threads.com/@from.thetrunk,www.threads.com,Follow From the Trunk on Threads,noreferrer noopener,none,yes,official social/profile link,,Not fetched; external crawling was prohibited.
/collection/forest-flame-tie-dye-silk,https://wa.me/919731910202,wa.me,Chat with From the Trunk on WhatsApp,noreferrer noopener,none,yes,outbound reference or service link,,Not fetched; external crawling was prohibited.
/collection/moonstone-cream-mauve-border-saree,https://www.instagram.com/from.thetrunk/,www.instagram.com,Follow From the Trunk on Instagram,noreferrer noopener,none,yes,official social/profile link,,Not fetched; external crawling was prohibited.
/collection/moonstone-cream-mauve-border-saree,https://www.linkedin.com/company/from-the-trunk-ftt/,www.linkedin.com,Follow From the Trunk on LinkedIn,noreferrer noopener,none,yes,official social/profile link,,Not fetched; external crawling was prohibited.
/collection/moonstone-cream-mauve-border-saree,https://www.facebook.com/people/From-The-Trunk/61590567961822/,www.facebook.com,Follow From the Trunk on Facebook,noreferrer noopener,none,yes,official social/profile link,,Not fetched; external crawling was prohibited.
/collection/moonstone-cream-mauve-border-saree,https://x.com/fromthetrunkftt,x.com,Follow From the Trunk on X,noreferrer noopener,none,yes,official social/profile link,,Not fetched; external crawling was prohibited.
/collection/moonstone-cream-mauve-border-saree,https://www.threads.com/@from.thetrunk,www.threads.com,Follow From the Trunk on Threads,noreferrer noopener,none,yes,official social/profile link,,Not fetched; external crawling was prohibited.
/collection/moonstone-cream-mauve-border-saree,https://wa.me/919731910202,wa.me,Chat with From the Trunk on WhatsApp,noreferrer noopener,none,yes,outbound reference or service link,,Not fetched; external crawling was prohibited.
/collection/marigold-moss-cotton,https://www.instagram.com/from.thetrunk/,www.instagram.com,Follow From the Trunk on Instagram,noreferrer noopener,none,yes,official social/profile link,,Not fetched; external crawling was prohibited.
/collection/marigold-moss-cotton,https://www.linkedin.com/company/from-the-trunk-ftt/,www.linkedin.com,Follow From the Trunk on LinkedIn,noreferrer noopener,none,yes,official social/profile link,,Not fetched; external crawling was prohibited.
/collection/marigold-moss-cotton,https://www.facebook.com/people/From-The-Trunk/61590567961822/,www.facebook.com,Follow From the Trunk on Facebook,noreferrer noopener,none,yes,official social/profile link,,Not fetched; external crawling was prohibited.
/collection/marigold-moss-cotton,https://x.com/fromthetrunkftt,x.com,Follow From the Trunk on X,noreferrer noopener,none,yes,official social/profile link,,Not fetched; external crawling was prohibited.
/collection/marigold-moss-cotton,https://www.threads.com/@from.thetrunk,www.threads.com,Follow From the Trunk on Threads,noreferrer noopener,none,yes,official social/profile link,,Not fetched; external crawling was prohibited.
/collection/marigold-moss-cotton,https://wa.me/919731910202,wa.me,Chat with From the Trunk on WhatsApp,noreferrer noopener,none,yes,outbound reference or service link,,Not fetched; external crawling was prohibited.
/collection/midnight-garden-georgette-saree,https://www.instagram.com/from.thetrunk/,www.instagram.com,Follow From the Trunk on Instagram,noreferrer noopener,none,yes,official social/profile link,,Not fetched; external crawling was prohibited.
/collection/midnight-garden-georgette-saree,https://www.linkedin.com/company/from-the-trunk-ftt/,www.linkedin.com,Follow From the Trunk on LinkedIn,noreferrer noopener,none,yes,official social/profile link,,Not fetched; external crawling was prohibited.
/collection/midnight-garden-georgette-saree,https://www.facebook.com/people/From-The-Trunk/61590567961822/,www.facebook.com,Follow From the Trunk on Facebook,noreferrer noopener,none,yes,official social/profile link,,Not fetched; external crawling was prohibited.
/collection/midnight-garden-georgette-saree,https://x.com/fromthetrunkftt,x.com,Follow From the Trunk on X,noreferrer noopener,none,yes,official social/profile link,,Not fetched; external crawling was prohibited.
/collection/midnight-garden-georgette-saree,https://www.threads.com/@from.thetrunk,www.threads.com,Follow From the Trunk on Threads,noreferrer noopener,none,yes,official social/profile link,,Not fetched; external crawling was prohibited.
/collection/midnight-garden-georgette-saree,https://wa.me/919731910202,wa.me,Chat with From the Trunk on WhatsApp,noreferrer noopener,none,yes,outbound reference or service link,,Not fetched; external crawling was prohibited.
/collection/verdant-bloom-silk-burgundy-gold-border,https://www.instagram.com/from.thetrunk/,www.instagram.com,Follow From the Trunk on Instagram,noreferrer noopener,none,yes,official social/profile link,,Not fetched; external crawling was prohibited.
/collection/verdant-bloom-silk-burgundy-gold-border,https://www.linkedin.com/company/from-the-trunk-ftt/,www.linkedin.com,Follow From the Trunk on LinkedIn,noreferrer noopener,none,yes,official social/profile link,,Not fetched; external crawling was prohibited.
/collection/verdant-bloom-silk-burgundy-gold-border,https://www.facebook.com/people/From-The-Trunk/61590567961822/,www.facebook.com,Follow From the Trunk on Facebook,noreferrer noopener,none,yes,official social/profile link,,Not fetched; external crawling was prohibited.
/collection/verdant-bloom-silk-burgundy-gold-border,https://x.com/fromthetrunkftt,x.com,Follow From the Trunk on X,noreferrer noopener,none,yes,official social/profile link,,Not fetched; external crawling was prohibited.
/collection/verdant-bloom-silk-burgundy-gold-border,https://www.threads.com/@from.thetrunk,www.threads.com,Follow From the Trunk on Threads,noreferrer noopener,none,yes,official social/profile link,,Not fetched; external crawling was prohibited.
/collection/verdant-bloom-silk-burgundy-gold-border,https://wa.me/919731910202,wa.me,Chat with From the Trunk on WhatsApp,noreferrer noopener,none,yes,outbound reference or service link,,Not fetched; external crawling was prohibited.
/collection/pink-katan-triangle-zari-edge,https://www.instagram.com/from.thetrunk/,www.instagram.com,Follow From the Trunk on Instagram,noreferrer noopener,none,yes,official social/profile link,,Not fetched; external crawling was prohibited.
/collection/pink-katan-triangle-zari-edge,https://www.linkedin.com/company/from-the-trunk-ftt/,www.linkedin.com,Follow From the Trunk on LinkedIn,noreferrer noopener,none,yes,official social/profile link,,Not fetched; external crawling was prohibited.
/collection/pink-katan-triangle-zari-edge,https://www.facebook.com/people/From-The-Trunk/61590567961822/,www.facebook.com,Follow From the Trunk on Facebook,noreferrer noopener,none,yes,official social/profile link,,Not fetched; external crawling was prohibited.
/collection/pink-katan-triangle-zari-edge,https://x.com/fromthetrunkftt,x.com,Follow From the Trunk on X,noreferrer noopener,none,yes,official social/profile link,,Not fetched; external crawling was prohibited.
/collection/pink-katan-triangle-zari-edge,https://www.threads.com/@from.thetrunk,www.threads.com,Follow From the Trunk on Threads,noreferrer noopener,none,yes,official social/profile link,,Not fetched; external crawling was prohibited.
/collection/pink-katan-triangle-zari-edge,https://wa.me/919731910202,wa.me,Chat with From the Trunk on WhatsApp,noreferrer noopener,none,yes,outbound reference or service link,,Not fetched; external crawling was prohibited.
/collection/forest-green-silk-black-gold,https://www.instagram.com/from.thetrunk/,www.instagram.com,Follow From the Trunk on Instagram,noreferrer noopener,none,yes,official social/profile link,,Not fetched; external crawling was prohibited.
/collection/forest-green-silk-black-gold,https://www.linkedin.com/company/from-the-trunk-ftt/,www.linkedin.com,Follow From the Trunk on LinkedIn,noreferrer noopener,none,yes,official social/profile link,,Not fetched; external crawling was prohibited.
/collection/forest-green-silk-black-gold,https://www.facebook.com/people/From-The-Trunk/61590567961822/,www.facebook.com,Follow From the Trunk on Facebook,noreferrer noopener,none,yes,official social/profile link,,Not fetched; external crawling was prohibited.
/collection/forest-green-silk-black-gold,https://x.com/fromthetrunkftt,x.com,Follow From the Trunk on X,noreferrer noopener,none,yes,official social/profile link,,Not fetched; external crawling was prohibited.
/collection/forest-green-silk-black-gold,https://www.threads.com/@from.thetrunk,www.threads.com,Follow From the Trunk on Threads,noreferrer noopener,none,yes,official social/profile link,,Not fetched; external crawling was prohibited.
/collection/forest-green-silk-black-gold,https://wa.me/919731910202,wa.me,Chat with From the Trunk on WhatsApp,noreferrer noopener,none,yes,outbound reference or service link,,Not fetched; external crawling was prohibited.
/collection/teal-blue-moody-silk-drape,https://www.instagram.com/from.thetrunk/,www.instagram.com,Follow From the Trunk on Instagram,noreferrer noopener,none,yes,official social/profile link,,Not fetched; external crawling was prohibited.
/collection/teal-blue-moody-silk-drape,https://www.linkedin.com/company/from-the-trunk-ftt/,www.linkedin.com,Follow From the Trunk on LinkedIn,noreferrer noopener,none,yes,official social/profile link,,Not fetched; external crawling was prohibited.
/collection/teal-blue-moody-silk-drape,https://www.facebook.com/people/From-The-Trunk/61590567961822/,www.facebook.com,Follow From the Trunk on Facebook,noreferrer noopener,none,yes,official social/profile link,,Not fetched; external crawling was prohibited.
/collection/teal-blue-moody-silk-drape,https://x.com/fromthetrunkftt,x.com,Follow From the Trunk on X,noreferrer noopener,none,yes,official social/profile link,,Not fetched; external crawling was prohibited.
/collection/teal-blue-moody-silk-drape,https://www.threads.com/@from.thetrunk,www.threads.com,Follow From the Trunk on Threads,noreferrer noopener,none,yes,official social/profile link,,Not fetched; external crawling was prohibited.
/collection/teal-blue-moody-silk-drape,https://wa.me/919731910202,wa.me,Chat with From the Trunk on WhatsApp,noreferrer noopener,none,yes,outbound reference or service link,,Not fetched; external crawling was prohibited.
/collection/rose-silk-green-brown-stripe,https://www.instagram.com/from.thetrunk/,www.instagram.com,Follow From the Trunk on Instagram,noreferrer noopener,none,yes,official social/profile link,,Not fetched; external crawling was prohibited.
/collection/rose-silk-green-brown-stripe,https://www.linkedin.com/company/from-the-trunk-ftt/,www.linkedin.com,Follow From the Trunk on LinkedIn,noreferrer noopener,none,yes,official social/profile link,,Not fetched; external crawling was prohibited.
/collection/rose-silk-green-brown-stripe,https://www.facebook.com/people/From-The-Trunk/61590567961822/,www.facebook.com,Follow From the Trunk on Facebook,noreferrer noopener,none,yes,official social/profile link,,Not fetched; external crawling was prohibited.
/collection/rose-silk-green-brown-stripe,https://x.com/fromthetrunkftt,x.com,Follow From the Trunk on X,noreferrer noopener,none,yes,official social/profile link,,Not fetched; external crawling was prohibited.
/collection/rose-silk-green-brown-stripe,https://www.threads.com/@from.thetrunk,www.threads.com,Follow From the Trunk on Threads,noreferrer noopener,none,yes,official social/profile link,,Not fetched; external crawling was prohibited.
/collection/rose-silk-green-brown-stripe,https://wa.me/919731910202,wa.me,Chat with From the Trunk on WhatsApp,noreferrer noopener,none,yes,outbound reference or service link,,Not fetched; external crawling was prohibited.
/collection/mustard-organza-brown-border-drape,https://www.instagram.com/from.thetrunk/,www.instagram.com,Follow From the Trunk on Instagram,noreferrer noopener,none,yes,official social/profile link,,Not fetched; external crawling was prohibited.
/collection/mustard-organza-brown-border-drape,https://www.linkedin.com/company/from-the-trunk-ftt/,www.linkedin.com,Follow From the Trunk on LinkedIn,noreferrer noopener,none,yes,official social/profile link,,Not fetched; external crawling was prohibited.
/collection/mustard-organza-brown-border-drape,https://www.facebook.com/people/From-The-Trunk/61590567961822/,www.facebook.com,Follow From the Trunk on Facebook,noreferrer noopener,none,yes,official social/profile link,,Not fetched; external crawling was prohibited.
/collection/mustard-organza-brown-border-drape,https://x.com/fromthetrunkftt,x.com,Follow From the Trunk on X,noreferrer noopener,none,yes,official social/profile link,,Not fetched; external crawling was prohibited.
/collection/mustard-organza-brown-border-drape,https://www.threads.com/@from.thetrunk,www.threads.com,Follow From the Trunk on Threads,noreferrer noopener,none,yes,official social/profile link,,Not fetched; external crawling was prohibited.
/collection/mustard-organza-brown-border-drape,https://wa.me/919731910202,wa.me,Chat with From the Trunk on WhatsApp,noreferrer noopener,none,yes,outbound reference or service link,,Not fetched; external crawling was prohibited.
/collection/charcoal-gold-organza-heirloom-drape,https://www.instagram.com/from.thetrunk/,www.instagram.com,Follow From the Trunk on Instagram,noreferrer noopener,none,yes,official social/profile link,,Not fetched; external crawling was prohibited.
/collection/charcoal-gold-organza-heirloom-drape,https://www.linkedin.com/company/from-the-trunk-ftt/,www.linkedin.com,Follow From the Trunk on LinkedIn,noreferrer noopener,none,yes,official social/profile link,,Not fetched; external crawling was prohibited.
/collection/charcoal-gold-organza-heirloom-drape,https://www.facebook.com/people/From-The-Trunk/61590567961822/,www.facebook.com,Follow From the Trunk on Facebook,noreferrer noopener,none,yes,official social/profile link,,Not fetched; external crawling was prohibited.
/collection/charcoal-gold-organza-heirloom-drape,https://x.com/fromthetrunkftt,x.com,Follow From the Trunk on X,noreferrer noopener,none,yes,official social/profile link,,Not fetched; external crawling was prohibited.
/collection/charcoal-gold-organza-heirloom-drape,https://www.threads.com/@from.thetrunk,www.threads.com,Follow From the Trunk on Threads,noreferrer noopener,none,yes,official social/profile link,,Not fetched; external crawling was prohibited.
/collection/charcoal-gold-organza-heirloom-drape,https://wa.me/919731910202,wa.me,Chat with From the Trunk on WhatsApp,noreferrer noopener,none,yes,outbound reference or service link,,Not fetched; external crawling was prohibited.
/collection/beige-organza-peach-bloom,https://www.instagram.com/from.thetrunk/,www.instagram.com,Follow From the Trunk on Instagram,noreferrer noopener,none,yes,official social/profile link,,Not fetched; external crawling was prohibited.
/collection/beige-organza-peach-bloom,https://www.linkedin.com/company/from-the-trunk-ftt/,www.linkedin.com,Follow From the Trunk on LinkedIn,noreferrer noopener,none,yes,official social/profile link,,Not fetched; external crawling was prohibited.
/collection/beige-organza-peach-bloom,https://www.facebook.com/people/From-The-Trunk/61590567961822/,www.facebook.com,Follow From the Trunk on Facebook,noreferrer noopener,none,yes,official social/profile link,,Not fetched; external crawling was prohibited.
/collection/beige-organza-peach-bloom,https://x.com/fromthetrunkftt,x.com,Follow From the Trunk on X,noreferrer noopener,none,yes,official social/profile link,,Not fetched; external crawling was prohibited.
/collection/beige-organza-peach-bloom,https://www.threads.com/@from.thetrunk,www.threads.com,Follow From the Trunk on Threads,noreferrer noopener,none,yes,official social/profile link,,Not fetched; external crawling was prohibited.
/collection/beige-organza-peach-bloom,https://wa.me/919731910202,wa.me,Chat with From the Trunk on WhatsApp,noreferrer noopener,none,yes,outbound reference or service link,,Not fetched; external crawling was prohibited.
/collection/maroon-chettinad-cotton,https://www.instagram.com/from.thetrunk/,www.instagram.com,Follow From the Trunk on Instagram,noreferrer noopener,none,yes,official social/profile link,,Not fetched; external crawling was prohibited.
/collection/maroon-chettinad-cotton,https://www.linkedin.com/company/from-the-trunk-ftt/,www.linkedin.com,Follow From the Trunk on LinkedIn,noreferrer noopener,none,yes,official social/profile link,,Not fetched; external crawling was prohibited.
/collection/maroon-chettinad-cotton,https://www.facebook.com/people/From-The-Trunk/61590567961822/,www.facebook.com,Follow From the Trunk on Facebook,noreferrer noopener,none,yes,official social/profile link,,Not fetched; external crawling was prohibited.
/collection/maroon-chettinad-cotton,https://x.com/fromthetrunkftt,x.com,Follow From the Trunk on X,noreferrer noopener,none,yes,official social/profile link,,Not fetched; external crawling was prohibited.
/collection/maroon-chettinad-cotton,https://www.threads.com/@from.thetrunk,www.threads.com,Follow From the Trunk on Threads,noreferrer noopener,none,yes,official social/profile link,,Not fetched; external crawling was prohibited.
/collection/maroon-chettinad-cotton,https://wa.me/919731910202,wa.me,Chat with From the Trunk on WhatsApp,noreferrer noopener,none,yes,outbound reference or service link,,Not fetched; external crawling was prohibited.
/collection/deep-wine-organza,https://www.instagram.com/from.thetrunk/,www.instagram.com,Follow From the Trunk on Instagram,noreferrer noopener,none,yes,official social/profile link,,Not fetched; external crawling was prohibited.
/collection/deep-wine-organza,https://www.linkedin.com/company/from-the-trunk-ftt/,www.linkedin.com,Follow From the Trunk on LinkedIn,noreferrer noopener,none,yes,official social/profile link,,Not fetched; external crawling was prohibited.
/collection/deep-wine-organza,https://www.facebook.com/people/From-The-Trunk/61590567961822/,www.facebook.com,Follow From the Trunk on Facebook,noreferrer noopener,none,yes,official social/profile link,,Not fetched; external crawling was prohibited.
/collection/deep-wine-organza,https://x.com/fromthetrunkftt,x.com,Follow From the Trunk on X,noreferrer noopener,none,yes,official social/profile link,,Not fetched; external crawling was prohibited.
/collection/deep-wine-organza,https://www.threads.com/@from.thetrunk,www.threads.com,Follow From the Trunk on Threads,noreferrer noopener,none,yes,official social/profile link,,Not fetched; external crawling was prohibited.
/collection/deep-wine-organza,https://wa.me/919731910202,wa.me,Chat with From the Trunk on WhatsApp,noreferrer noopener,none,yes,outbound reference or service link,,Not fetched; external crawling was prohibited.
/collection/indigo-dusk-silk-cotton,https://www.instagram.com/from.thetrunk/,www.instagram.com,Follow From the Trunk on Instagram,noreferrer noopener,none,yes,official social/profile link,,Not fetched; external crawling was prohibited.
/collection/indigo-dusk-silk-cotton,https://www.linkedin.com/company/from-the-trunk-ftt/,www.linkedin.com,Follow From the Trunk on LinkedIn,noreferrer noopener,none,yes,official social/profile link,,Not fetched; external crawling was prohibited.
/collection/indigo-dusk-silk-cotton,https://www.facebook.com/people/From-The-Trunk/61590567961822/,www.facebook.com,Follow From the Trunk on Facebook,noreferrer noopener,none,yes,official social/profile link,,Not fetched; external crawling was prohibited.
/collection/indigo-dusk-silk-cotton,https://x.com/fromthetrunkftt,x.com,Follow From the Trunk on X,noreferrer noopener,none,yes,official social/profile link,,Not fetched; external crawling was prohibited.
/collection/indigo-dusk-silk-cotton,https://www.threads.com/@from.thetrunk,www.threads.com,Follow From the Trunk on Threads,noreferrer noopener,none,yes,official social/profile link,,Not fetched; external crawling was prohibited.
/collection/indigo-dusk-silk-cotton,https://wa.me/919731910202,wa.me,Chat with From the Trunk on WhatsApp,noreferrer noopener,none,yes,outbound reference or service link,,Not fetched; external crawling was prohibited.
/collection/reddish-mango-cotton-orange-border,https://www.instagram.com/from.thetrunk/,www.instagram.com,Follow From the Trunk on Instagram,noreferrer noopener,none,yes,official social/profile link,,Not fetched; external crawling was prohibited.
/collection/reddish-mango-cotton-orange-border,https://www.linkedin.com/company/from-the-trunk-ftt/,www.linkedin.com,Follow From the Trunk on LinkedIn,noreferrer noopener,none,yes,official social/profile link,,Not fetched; external crawling was prohibited.
/collection/reddish-mango-cotton-orange-border,https://www.facebook.com/people/From-The-Trunk/61590567961822/,www.facebook.com,Follow From the Trunk on Facebook,noreferrer noopener,none,yes,official social/profile link,,Not fetched; external crawling was prohibited.
/collection/reddish-mango-cotton-orange-border,https://x.com/fromthetrunkftt,x.com,Follow From the Trunk on X,noreferrer noopener,none,yes,official social/profile link,,Not fetched; external crawling was prohibited.
/collection/reddish-mango-cotton-orange-border,https://www.threads.com/@from.thetrunk,www.threads.com,Follow From the Trunk on Threads,noreferrer noopener,none,yes,official social/profile link,,Not fetched; external crawling was prohibited.
/collection/reddish-mango-cotton-orange-border,https://wa.me/919731910202,wa.me,Chat with From the Trunk on WhatsApp,noreferrer noopener,none,yes,outbound reference or service link,,Not fetched; external crawling was prohibited.
/collection/magenta-cotton,https://www.instagram.com/from.thetrunk/,www.instagram.com,Follow From the Trunk on Instagram,noreferrer noopener,none,yes,official social/profile link,,Not fetched; external crawling was prohibited.
/collection/magenta-cotton,https://www.linkedin.com/company/from-the-trunk-ftt/,www.linkedin.com,Follow From the Trunk on LinkedIn,noreferrer noopener,none,yes,official social/profile link,,Not fetched; external crawling was prohibited.
/collection/magenta-cotton,https://www.facebook.com/people/From-The-Trunk/61590567961822/,www.facebook.com,Follow From the Trunk on Facebook,noreferrer noopener,none,yes,official social/profile link,,Not fetched; external crawling was prohibited.
/collection/magenta-cotton,https://x.com/fromthetrunkftt,x.com,Follow From the Trunk on X,noreferrer noopener,none,yes,official social/profile link,,Not fetched; external crawling was prohibited.
/collection/magenta-cotton,https://www.threads.com/@from.thetrunk,www.threads.com,Follow From the Trunk on Threads,noreferrer noopener,none,yes,official social/profile link,,Not fetched; external crawling was prohibited.
/collection/magenta-cotton,https://wa.me/919731910202,wa.me,Chat with From the Trunk on WhatsApp,noreferrer noopener,none,yes,outbound reference or service link,,Not fetched; external crawling was prohibited.
/collection/red-blue-madras-check-cotton,https://www.instagram.com/from.thetrunk/,www.instagram.com,Follow From the Trunk on Instagram,noreferrer noopener,none,yes,official social/profile link,,Not fetched; external crawling was prohibited.
/collection/red-blue-madras-check-cotton,https://www.linkedin.com/company/from-the-trunk-ftt/,www.linkedin.com,Follow From the Trunk on LinkedIn,noreferrer noopener,none,yes,official social/profile link,,Not fetched; external crawling was prohibited.
/collection/red-blue-madras-check-cotton,https://www.facebook.com/people/From-The-Trunk/61590567961822/,www.facebook.com,Follow From the Trunk on Facebook,noreferrer noopener,none,yes,official social/profile link,,Not fetched; external crawling was prohibited.
/collection/red-blue-madras-check-cotton,https://x.com/fromthetrunkftt,x.com,Follow From the Trunk on X,noreferrer noopener,none,yes,official social/profile link,,Not fetched; external crawling was prohibited.
/collection/red-blue-madras-check-cotton,https://www.threads.com/@from.thetrunk,www.threads.com,Follow From the Trunk on Threads,noreferrer noopener,none,yes,official social/profile link,,Not fetched; external crawling was prohibited.
/collection/red-blue-madras-check-cotton,https://wa.me/919731910202,wa.me,Chat with From the Trunk on WhatsApp,noreferrer noopener,none,yes,outbound reference or service link,,Not fetched; external crawling was prohibited.
/collection/twilight-orange-cotton-weave,https://www.instagram.com/from.thetrunk/,www.instagram.com,Follow From the Trunk on Instagram,noreferrer noopener,none,yes,official social/profile link,,Not fetched; external crawling was prohibited.
/collection/twilight-orange-cotton-weave,https://www.linkedin.com/company/from-the-trunk-ftt/,www.linkedin.com,Follow From the Trunk on LinkedIn,noreferrer noopener,none,yes,official social/profile link,,Not fetched; external crawling was prohibited.
/collection/twilight-orange-cotton-weave,https://www.facebook.com/people/From-The-Trunk/61590567961822/,www.facebook.com,Follow From the Trunk on Facebook,noreferrer noopener,none,yes,official social/profile link,,Not fetched; external crawling was prohibited.
/collection/twilight-orange-cotton-weave,https://x.com/fromthetrunkftt,x.com,Follow From the Trunk on X,noreferrer noopener,none,yes,official social/profile link,,Not fetched; external crawling was prohibited.
/collection/twilight-orange-cotton-weave,https://www.threads.com/@from.thetrunk,www.threads.com,Follow From the Trunk on Threads,noreferrer noopener,none,yes,official social/profile link,,Not fetched; external crawling was prohibited.
/collection/twilight-orange-cotton-weave,https://wa.me/919731910202,wa.me,Chat with From the Trunk on WhatsApp,noreferrer noopener,none,yes,outbound reference or service link,,Not fetched; external crawling was prohibited.
/collection/lime-and-gold-cotton-classic,https://www.instagram.com/from.thetrunk/,www.instagram.com,Follow From the Trunk on Instagram,noreferrer noopener,none,yes,official social/profile link,,Not fetched; external crawling was prohibited.
/collection/lime-and-gold-cotton-classic,https://www.linkedin.com/company/from-the-trunk-ftt/,www.linkedin.com,Follow From the Trunk on LinkedIn,noreferrer noopener,none,yes,official social/profile link,,Not fetched; external crawling was prohibited.
/collection/lime-and-gold-cotton-classic,https://www.facebook.com/people/From-The-Trunk/61590567961822/,www.facebook.com,Follow From the Trunk on Facebook,noreferrer noopener,none,yes,official social/profile link,,Not fetched; external crawling was prohibited.
/collection/lime-and-gold-cotton-classic,https://x.com/fromthetrunkftt,x.com,Follow From the Trunk on X,noreferrer noopener,none,yes,official social/profile link,,Not fetched; external crawling was prohibited.
/collection/lime-and-gold-cotton-classic,https://www.threads.com/@from.thetrunk,www.threads.com,Follow From the Trunk on Threads,noreferrer noopener,none,yes,official social/profile link,,Not fetched; external crawling was prohibited.
/collection/lime-and-gold-cotton-classic,https://wa.me/919731910202,wa.me,Chat with From the Trunk on WhatsApp,noreferrer noopener,none,yes,outbound reference or service link,,Not fetched; external crawling was prohibited.
/collection/midnight-tribe-gold-border-cotton,https://www.instagram.com/from.thetrunk/,www.instagram.com,Follow From the Trunk on Instagram,noreferrer noopener,none,yes,official social/profile link,,Not fetched; external crawling was prohibited.
/collection/midnight-tribe-gold-border-cotton,https://www.linkedin.com/company/from-the-trunk-ftt/,www.linkedin.com,Follow From the Trunk on LinkedIn,noreferrer noopener,none,yes,official social/profile link,,Not fetched; external crawling was prohibited.
/collection/midnight-tribe-gold-border-cotton,https://www.facebook.com/people/From-The-Trunk/61590567961822/,www.facebook.com,Follow From the Trunk on Facebook,noreferrer noopener,none,yes,official social/profile link,,Not fetched; external crawling was prohibited.
/collection/midnight-tribe-gold-border-cotton,https://x.com/fromthetrunkftt,x.com,Follow From the Trunk on X,noreferrer noopener,none,yes,official social/profile link,,Not fetched; external crawling was prohibited.
/collection/midnight-tribe-gold-border-cotton,https://www.threads.com/@from.thetrunk,www.threads.com,Follow From the Trunk on Threads,noreferrer noopener,none,yes,official social/profile link,,Not fetched; external crawling was prohibited.
/collection/midnight-tribe-gold-border-cotton,https://wa.me/919731910202,wa.me,Chat with From the Trunk on WhatsApp,noreferrer noopener,none,yes,outbound reference or service link,,Not fetched; external crawling was prohibited.
/collection/autumn-ember-golden-leaf-cotton,https://www.instagram.com/from.thetrunk/,www.instagram.com,Follow From the Trunk on Instagram,noreferrer noopener,none,yes,official social/profile link,,Not fetched; external crawling was prohibited.
/collection/autumn-ember-golden-leaf-cotton,https://www.linkedin.com/company/from-the-trunk-ftt/,www.linkedin.com,Follow From the Trunk on LinkedIn,noreferrer noopener,none,yes,official social/profile link,,Not fetched; external crawling was prohibited.
/collection/autumn-ember-golden-leaf-cotton,https://www.facebook.com/people/From-The-Trunk/61590567961822/,www.facebook.com,Follow From the Trunk on Facebook,noreferrer noopener,none,yes,official social/profile link,,Not fetched; external crawling was prohibited.
/collection/autumn-ember-golden-leaf-cotton,https://x.com/fromthetrunkftt,x.com,Follow From the Trunk on X,noreferrer noopener,none,yes,official social/profile link,,Not fetched; external crawling was prohibited.
/collection/autumn-ember-golden-leaf-cotton,https://www.threads.com/@from.thetrunk,www.threads.com,Follow From the Trunk on Threads,noreferrer noopener,none,yes,official social/profile link,,Not fetched; external crawling was prohibited.
/collection/autumn-ember-golden-leaf-cotton,https://wa.me/919731910202,wa.me,Chat with From the Trunk on WhatsApp,noreferrer noopener,none,yes,outbound reference or service link,,Not fetched; external crawling was prohibited.
/collection/orange-blossom-cotton-weave,https://www.instagram.com/from.thetrunk/,www.instagram.com,Follow From the Trunk on Instagram,noreferrer noopener,none,yes,official social/profile link,,Not fetched; external crawling was prohibited.
/collection/orange-blossom-cotton-weave,https://www.linkedin.com/company/from-the-trunk-ftt/,www.linkedin.com,Follow From the Trunk on LinkedIn,noreferrer noopener,none,yes,official social/profile link,,Not fetched; external crawling was prohibited.
/collection/orange-blossom-cotton-weave,https://www.facebook.com/people/From-The-Trunk/61590567961822/,www.facebook.com,Follow From the Trunk on Facebook,noreferrer noopener,none,yes,official social/profile link,,Not fetched; external crawling was prohibited.
/collection/orange-blossom-cotton-weave,https://x.com/fromthetrunkftt,x.com,Follow From the Trunk on X,noreferrer noopener,none,yes,official social/profile link,,Not fetched; external crawling was prohibited.
/collection/orange-blossom-cotton-weave,https://www.threads.com/@from.thetrunk,www.threads.com,Follow From the Trunk on Threads,noreferrer noopener,none,yes,official social/profile link,,Not fetched; external crawling was prohibited.
/collection/orange-blossom-cotton-weave,https://wa.me/919731910202,wa.me,Chat with From the Trunk on WhatsApp,noreferrer noopener,none,yes,outbound reference or service link,,Not fetched; external crawling was prohibited.
/collection/midnight-kesari-cotton-drape,https://www.instagram.com/from.thetrunk/,www.instagram.com,Follow From the Trunk on Instagram,noreferrer noopener,none,yes,official social/profile link,,Not fetched; external crawling was prohibited.
/collection/midnight-kesari-cotton-drape,https://www.linkedin.com/company/from-the-trunk-ftt/,www.linkedin.com,Follow From the Trunk on LinkedIn,noreferrer noopener,none,yes,official social/profile link,,Not fetched; external crawling was prohibited.
/collection/midnight-kesari-cotton-drape,https://www.facebook.com/people/From-The-Trunk/61590567961822/,www.facebook.com,Follow From the Trunk on Facebook,noreferrer noopener,none,yes,official social/profile link,,Not fetched; external crawling was prohibited.
/collection/midnight-kesari-cotton-drape,https://x.com/fromthetrunkftt,x.com,Follow From the Trunk on X,noreferrer noopener,none,yes,official social/profile link,,Not fetched; external crawling was prohibited.
/collection/midnight-kesari-cotton-drape,https://www.threads.com/@from.thetrunk,www.threads.com,Follow From the Trunk on Threads,noreferrer noopener,none,yes,official social/profile link,,Not fetched; external crawling was prohibited.
/collection/midnight-kesari-cotton-drape,https://wa.me/919731910202,wa.me,Chat with From the Trunk on WhatsApp,noreferrer noopener,none,yes,outbound reference or service link,,Not fetched; external crawling was prohibited.
/collection/blush-green-handwoven-cotton-drape,https://www.instagram.com/from.thetrunk/,www.instagram.com,Follow From the Trunk on Instagram,noreferrer noopener,none,yes,official social/profile link,,Not fetched; external crawling was prohibited.
/collection/blush-green-handwoven-cotton-drape,https://www.linkedin.com/company/from-the-trunk-ftt/,www.linkedin.com,Follow From the Trunk on LinkedIn,noreferrer noopener,none,yes,official social/profile link,,Not fetched; external crawling was prohibited.
/collection/blush-green-handwoven-cotton-drape,https://www.facebook.com/people/From-The-Trunk/61590567961822/,www.facebook.com,Follow From the Trunk on Facebook,noreferrer noopener,none,yes,official social/profile link,,Not fetched; external crawling was prohibited.
/collection/blush-green-handwoven-cotton-drape,https://x.com/fromthetrunkftt,x.com,Follow From the Trunk on X,noreferrer noopener,none,yes,official social/profile link,,Not fetched; external crawling was prohibited.
/collection/blush-green-handwoven-cotton-drape,https://www.threads.com/@from.thetrunk,www.threads.com,Follow From the Trunk on Threads,noreferrer noopener,none,yes,official social/profile link,,Not fetched; external crawling was prohibited.
/collection/blush-green-handwoven-cotton-drape,https://wa.me/919731910202,wa.me,Chat with From the Trunk on WhatsApp,noreferrer noopener,none,yes,outbound reference or service link,,Not fetched; external crawling was prohibited.
/collection/brown-kapi-cotton-black-line-border,https://www.instagram.com/from.thetrunk/,www.instagram.com,Follow From the Trunk on Instagram,noreferrer noopener,none,yes,official social/profile link,,Not fetched; external crawling was prohibited.
/collection/brown-kapi-cotton-black-line-border,https://www.linkedin.com/company/from-the-trunk-ftt/,www.linkedin.com,Follow From the Trunk on LinkedIn,noreferrer noopener,none,yes,official social/profile link,,Not fetched; external crawling was prohibited.
/collection/brown-kapi-cotton-black-line-border,https://www.facebook.com/people/From-The-Trunk/61590567961822/,www.facebook.com,Follow From the Trunk on Facebook,noreferrer noopener,none,yes,official social/profile link,,Not fetched; external crawling was prohibited.
/collection/brown-kapi-cotton-black-line-border,https://x.com/fromthetrunkftt,x.com,Follow From the Trunk on X,noreferrer noopener,none,yes,official social/profile link,,Not fetched; external crawling was prohibited.
/collection/brown-kapi-cotton-black-line-border,https://www.threads.com/@from.thetrunk,www.threads.com,Follow From the Trunk on Threads,noreferrer noopener,none,yes,official social/profile link,,Not fetched; external crawling was prohibited.
/collection/brown-kapi-cotton-black-line-border,https://wa.me/919731910202,wa.me,Chat with From the Trunk on WhatsApp,noreferrer noopener,none,yes,outbound reference or service link,,Not fetched; external crawling was prohibited.
/collection/brown-and-mustard-light-silk,https://www.instagram.com/from.thetrunk/,www.instagram.com,Follow From the Trunk on Instagram,noreferrer noopener,none,yes,official social/profile link,,Not fetched; external crawling was prohibited.
/collection/brown-and-mustard-light-silk,https://www.linkedin.com/company/from-the-trunk-ftt/,www.linkedin.com,Follow From the Trunk on LinkedIn,noreferrer noopener,none,yes,official social/profile link,,Not fetched; external crawling was prohibited.
/collection/brown-and-mustard-light-silk,https://www.facebook.com/people/From-The-Trunk/61590567961822/,www.facebook.com,Follow From the Trunk on Facebook,noreferrer noopener,none,yes,official social/profile link,,Not fetched; external crawling was prohibited.
/collection/brown-and-mustard-light-silk,https://x.com/fromthetrunkftt,x.com,Follow From the Trunk on X,noreferrer noopener,none,yes,official social/profile link,,Not fetched; external crawling was prohibited.
/collection/brown-and-mustard-light-silk,https://www.threads.com/@from.thetrunk,www.threads.com,Follow From the Trunk on Threads,noreferrer noopener,none,yes,official social/profile link,,Not fetched; external crawling was prohibited.
/collection/brown-and-mustard-light-silk,https://wa.me/919731910202,wa.me,Chat with From the Trunk on WhatsApp,noreferrer noopener,none,yes,outbound reference or service link,,Not fetched; external crawling was prohibited.
/collection/kesari-sunset-chiffon-saree,https://www.instagram.com/from.thetrunk/,www.instagram.com,Follow From the Trunk on Instagram,noreferrer noopener,none,yes,official social/profile link,,Not fetched; external crawling was prohibited.
/collection/kesari-sunset-chiffon-saree,https://www.linkedin.com/company/from-the-trunk-ftt/,www.linkedin.com,Follow From the Trunk on LinkedIn,noreferrer noopener,none,yes,official social/profile link,,Not fetched; external crawling was prohibited.
/collection/kesari-sunset-chiffon-saree,https://www.facebook.com/people/From-The-Trunk/61590567961822/,www.facebook.com,Follow From the Trunk on Facebook,noreferrer noopener,none,yes,official social/profile link,,Not fetched; external crawling was prohibited.
/collection/kesari-sunset-chiffon-saree,https://x.com/fromthetrunkftt,x.com,Follow From the Trunk on X,noreferrer noopener,none,yes,official social/profile link,,Not fetched; external crawling was prohibited.
/collection/kesari-sunset-chiffon-saree,https://www.threads.com/@from.thetrunk,www.threads.com,Follow From the Trunk on Threads,noreferrer noopener,none,yes,official social/profile link,,Not fetched; external crawling was prohibited.
/collection/kesari-sunset-chiffon-saree,https://wa.me/919731910202,wa.me,Chat with From the Trunk on WhatsApp,noreferrer noopener,none,yes,outbound reference or service link,,Not fetched; external crawling was prohibited.
/collection/magenta-mist-chiffon-drape,https://www.instagram.com/from.thetrunk/,www.instagram.com,Follow From the Trunk on Instagram,noreferrer noopener,none,yes,official social/profile link,,Not fetched; external crawling was prohibited.
/collection/magenta-mist-chiffon-drape,https://www.linkedin.com/company/from-the-trunk-ftt/,www.linkedin.com,Follow From the Trunk on LinkedIn,noreferrer noopener,none,yes,official social/profile link,,Not fetched; external crawling was prohibited.
/collection/magenta-mist-chiffon-drape,https://www.facebook.com/people/From-The-Trunk/61590567961822/,www.facebook.com,Follow From the Trunk on Facebook,noreferrer noopener,none,yes,official social/profile link,,Not fetched; external crawling was prohibited.
/collection/magenta-mist-chiffon-drape,https://x.com/fromthetrunkftt,x.com,Follow From the Trunk on X,noreferrer noopener,none,yes,official social/profile link,,Not fetched; external crawling was prohibited.
/collection/magenta-mist-chiffon-drape,https://www.threads.com/@from.thetrunk,www.threads.com,Follow From the Trunk on Threads,noreferrer noopener,none,yes,official social/profile link,,Not fetched; external crawling was prohibited.
/collection/magenta-mist-chiffon-drape,https://wa.me/919731910202,wa.me,Chat with From the Trunk on WhatsApp,noreferrer noopener,none,yes,outbound reference or service link,,Not fetched; external crawling was prohibited.
/collection/green-chiffon-with-fancy-border,https://www.instagram.com/from.thetrunk/,www.instagram.com,Follow From the Trunk on Instagram,noreferrer noopener,none,yes,official social/profile link,,Not fetched; external crawling was prohibited.
/collection/green-chiffon-with-fancy-border,https://www.linkedin.com/company/from-the-trunk-ftt/,www.linkedin.com,Follow From the Trunk on LinkedIn,noreferrer noopener,none,yes,official social/profile link,,Not fetched; external crawling was prohibited.
/collection/green-chiffon-with-fancy-border,https://www.facebook.com/people/From-The-Trunk/61590567961822/,www.facebook.com,Follow From the Trunk on Facebook,noreferrer noopener,none,yes,official social/profile link,,Not fetched; external crawling was prohibited.
/collection/green-chiffon-with-fancy-border,https://x.com/fromthetrunkftt,x.com,Follow From the Trunk on X,noreferrer noopener,none,yes,official social/profile link,,Not fetched; external crawling was prohibited.
/collection/green-chiffon-with-fancy-border,https://www.threads.com/@from.thetrunk,www.threads.com,Follow From the Trunk on Threads,noreferrer noopener,none,yes,official social/profile link,,Not fetched; external crawling was prohibited.
/collection/green-chiffon-with-fancy-border,https://wa.me/919731910202,wa.me,Chat with From the Trunk on WhatsApp,noreferrer noopener,none,yes,outbound reference or service link,,Not fetched; external crawling was prohibited.
/collection/rani-pink-georgette-garden-party,https://www.instagram.com/from.thetrunk/,www.instagram.com,Follow From the Trunk on Instagram,noreferrer noopener,none,yes,official social/profile link,,Not fetched; external crawling was prohibited.
/collection/rani-pink-georgette-garden-party,https://www.linkedin.com/company/from-the-trunk-ftt/,www.linkedin.com,Follow From the Trunk on LinkedIn,noreferrer noopener,none,yes,official social/profile link,,Not fetched; external crawling was prohibited.
/collection/rani-pink-georgette-garden-party,https://www.facebook.com/people/From-The-Trunk/61590567961822/,www.facebook.com,Follow From the Trunk on Facebook,noreferrer noopener,none,yes,official social/profile link,,Not fetched; external crawling was prohibited.
/collection/rani-pink-georgette-garden-party,https://x.com/fromthetrunkftt,x.com,Follow From the Trunk on X,noreferrer noopener,none,yes,official social/profile link,,Not fetched; external crawling was prohibited.
/collection/rani-pink-georgette-garden-party,https://www.threads.com/@from.thetrunk,www.threads.com,Follow From the Trunk on Threads,noreferrer noopener,none,yes,official social/profile link,,Not fetched; external crawling was prohibited.
/collection/rani-pink-georgette-garden-party,https://wa.me/919731910202,wa.me,Chat with From the Trunk on WhatsApp,noreferrer noopener,none,yes,outbound reference or service link,,Not fetched; external crawling was prohibited.
/collection/midnight-zari-georgette,https://www.instagram.com/from.thetrunk/,www.instagram.com,Follow From the Trunk on Instagram,noreferrer noopener,none,yes,official social/profile link,,Not fetched; external crawling was prohibited.
/collection/midnight-zari-georgette,https://www.linkedin.com/company/from-the-trunk-ftt/,www.linkedin.com,Follow From the Trunk on LinkedIn,noreferrer noopener,none,yes,official social/profile link,,Not fetched; external crawling was prohibited.
/collection/midnight-zari-georgette,https://www.facebook.com/people/From-The-Trunk/61590567961822/,www.facebook.com,Follow From the Trunk on Facebook,noreferrer noopener,none,yes,official social/profile link,,Not fetched; external crawling was prohibited.
/collection/midnight-zari-georgette,https://x.com/fromthetrunkftt,x.com,Follow From the Trunk on X,noreferrer noopener,none,yes,official social/profile link,,Not fetched; external crawling was prohibited.
/collection/midnight-zari-georgette,https://www.threads.com/@from.thetrunk,www.threads.com,Follow From the Trunk on Threads,noreferrer noopener,none,yes,official social/profile link,,Not fetched; external crawling was prohibited.
/collection/midnight-zari-georgette,https://wa.me/919731910202,wa.me,Chat with From the Trunk on WhatsApp,noreferrer noopener,none,yes,outbound reference or service link,,Not fetched; external crawling was prohibited.
/collection/pressed-bloom-sheer-chiffon,https://www.instagram.com/from.thetrunk/,www.instagram.com,Follow From the Trunk on Instagram,noreferrer noopener,none,yes,official social/profile link,,Not fetched; external crawling was prohibited.
/collection/pressed-bloom-sheer-chiffon,https://www.linkedin.com/company/from-the-trunk-ftt/,www.linkedin.com,Follow From the Trunk on LinkedIn,noreferrer noopener,none,yes,official social/profile link,,Not fetched; external crawling was prohibited.
/collection/pressed-bloom-sheer-chiffon,https://www.facebook.com/people/From-The-Trunk/61590567961822/,www.facebook.com,Follow From the Trunk on Facebook,noreferrer noopener,none,yes,official social/profile link,,Not fetched; external crawling was prohibited.
/collection/pressed-bloom-sheer-chiffon,https://x.com/fromthetrunkftt,x.com,Follow From the Trunk on X,noreferrer noopener,none,yes,official social/profile link,,Not fetched; external crawling was prohibited.
/collection/pressed-bloom-sheer-chiffon,https://www.threads.com/@from.thetrunk,www.threads.com,Follow From the Trunk on Threads,noreferrer noopener,none,yes,official social/profile link,,Not fetched; external crawling was prohibited.
/collection/pressed-bloom-sheer-chiffon,https://wa.me/919731910202,wa.me,Chat with From the Trunk on WhatsApp,noreferrer noopener,none,yes,outbound reference or service link,,Not fetched; external crawling was prohibited.
/collection/mayil-peacock-kanjivaram-mix,https://www.instagram.com/from.thetrunk/,www.instagram.com,Follow From the Trunk on Instagram,noreferrer noopener,none,yes,official social/profile link,,Not fetched; external crawling was prohibited.
/collection/mayil-peacock-kanjivaram-mix,https://www.linkedin.com/company/from-the-trunk-ftt/,www.linkedin.com,Follow From the Trunk on LinkedIn,noreferrer noopener,none,yes,official social/profile link,,Not fetched; external crawling was prohibited.
/collection/mayil-peacock-kanjivaram-mix,https://www.facebook.com/people/From-The-Trunk/61590567961822/,www.facebook.com,Follow From the Trunk on Facebook,noreferrer noopener,none,yes,official social/profile link,,Not fetched; external crawling was prohibited.
/collection/mayil-peacock-kanjivaram-mix,https://x.com/fromthetrunkftt,x.com,Follow From the Trunk on X,noreferrer noopener,none,yes,official social/profile link,,Not fetched; external crawling was prohibited.
/collection/mayil-peacock-kanjivaram-mix,https://www.threads.com/@from.thetrunk,www.threads.com,Follow From the Trunk on Threads,noreferrer noopener,none,yes,official social/profile link,,Not fetched; external crawling was prohibited.
/collection/mayil-peacock-kanjivaram-mix,https://wa.me/919731910202,wa.me,Chat with From the Trunk on WhatsApp,noreferrer noopener,none,yes,outbound reference or service link,,Not fetched; external crawling was prohibited.
/collection/burnt-orange-temple-border-kanjivaram,https://www.instagram.com/from.thetrunk/,www.instagram.com,Follow From the Trunk on Instagram,noreferrer noopener,none,yes,official social/profile link,,Not fetched; external crawling was prohibited.
/collection/burnt-orange-temple-border-kanjivaram,https://www.linkedin.com/company/from-the-trunk-ftt/,www.linkedin.com,Follow From the Trunk on LinkedIn,noreferrer noopener,none,yes,official social/profile link,,Not fetched; external crawling was prohibited.
/collection/burnt-orange-temple-border-kanjivaram,https://www.facebook.com/people/From-The-Trunk/61590567961822/,www.facebook.com,Follow From the Trunk on Facebook,noreferrer noopener,none,yes,official social/profile link,,Not fetched; external crawling was prohibited.
/collection/burnt-orange-temple-border-kanjivaram,https://x.com/fromthetrunkftt,x.com,Follow From the Trunk on X,noreferrer noopener,none,yes,official social/profile link,,Not fetched; external crawling was prohibited.
/collection/burnt-orange-temple-border-kanjivaram,https://www.threads.com/@from.thetrunk,www.threads.com,Follow From the Trunk on Threads,noreferrer noopener,none,yes,official social/profile link,,Not fetched; external crawling was prohibited.
/collection/burnt-orange-temple-border-kanjivaram,https://wa.me/919731910202,wa.me,Chat with From the Trunk on WhatsApp,noreferrer noopener,none,yes,outbound reference or service link,,Not fetched; external crawling was prohibited.
/collection/semmanjal-turmeric-gold-kanjeevaram,https://www.instagram.com/from.thetrunk/,www.instagram.com,Follow From the Trunk on Instagram,noreferrer noopener,none,yes,official social/profile link,,Not fetched; external crawling was prohibited.
/collection/semmanjal-turmeric-gold-kanjeevaram,https://www.linkedin.com/company/from-the-trunk-ftt/,www.linkedin.com,Follow From the Trunk on LinkedIn,noreferrer noopener,none,yes,official social/profile link,,Not fetched; external crawling was prohibited.
/collection/semmanjal-turmeric-gold-kanjeevaram,https://www.facebook.com/people/From-The-Trunk/61590567961822/,www.facebook.com,Follow From the Trunk on Facebook,noreferrer noopener,none,yes,official social/profile link,,Not fetched; external crawling was prohibited.
/collection/semmanjal-turmeric-gold-kanjeevaram,https://x.com/fromthetrunkftt,x.com,Follow From the Trunk on X,noreferrer noopener,none,yes,official social/profile link,,Not fetched; external crawling was prohibited.
/collection/semmanjal-turmeric-gold-kanjeevaram,https://www.threads.com/@from.thetrunk,www.threads.com,Follow From the Trunk on Threads,noreferrer noopener,none,yes,official social/profile link,,Not fetched; external crawling was prohibited.
/collection/semmanjal-turmeric-gold-kanjeevaram,https://wa.me/919731910202,wa.me,Chat with From the Trunk on WhatsApp,noreferrer noopener,none,yes,outbound reference or service link,,Not fetched; external crawling was prohibited.
/collection/thangam-golden-weave-kanjivaram,https://www.instagram.com/from.thetrunk/,www.instagram.com,Follow From the Trunk on Instagram,noreferrer noopener,none,yes,official social/profile link,,Not fetched; external crawling was prohibited.
/collection/thangam-golden-weave-kanjivaram,https://www.linkedin.com/company/from-the-trunk-ftt/,www.linkedin.com,Follow From the Trunk on LinkedIn,noreferrer noopener,none,yes,official social/profile link,,Not fetched; external crawling was prohibited.
/collection/thangam-golden-weave-kanjivaram,https://www.facebook.com/people/From-The-Trunk/61590567961822/,www.facebook.com,Follow From the Trunk on Facebook,noreferrer noopener,none,yes,official social/profile link,,Not fetched; external crawling was prohibited.
/collection/thangam-golden-weave-kanjivaram,https://x.com/fromthetrunkftt,x.com,Follow From the Trunk on X,noreferrer noopener,none,yes,official social/profile link,,Not fetched; external crawling was prohibited.
/collection/thangam-golden-weave-kanjivaram,https://www.threads.com/@from.thetrunk,www.threads.com,Follow From the Trunk on Threads,noreferrer noopener,none,yes,official social/profile link,,Not fetched; external crawling was prohibited.
/collection/thangam-golden-weave-kanjivaram,https://wa.me/919731910202,wa.me,Chat with From the Trunk on WhatsApp,noreferrer noopener,none,yes,outbound reference or service link,,Not fetched; external crawling was prohibited.
/collection/violet-bloom-cotton-drape,https://www.instagram.com/from.thetrunk/,www.instagram.com,Follow From the Trunk on Instagram,noreferrer noopener,none,yes,official social/profile link,,Not fetched; external crawling was prohibited.
/collection/violet-bloom-cotton-drape,https://www.linkedin.com/company/from-the-trunk-ftt/,www.linkedin.com,Follow From the Trunk on LinkedIn,noreferrer noopener,none,yes,official social/profile link,,Not fetched; external crawling was prohibited.
/collection/violet-bloom-cotton-drape,https://www.facebook.com/people/From-The-Trunk/61590567961822/,www.facebook.com,Follow From the Trunk on Facebook,noreferrer noopener,none,yes,official social/profile link,,Not fetched; external crawling was prohibited.
/collection/violet-bloom-cotton-drape,https://x.com/fromthetrunkftt,x.com,Follow From the Trunk on X,noreferrer noopener,none,yes,official social/profile link,,Not fetched; external crawling was prohibited.
/collection/violet-bloom-cotton-drape,https://www.threads.com/@from.thetrunk,www.threads.com,Follow From the Trunk on Threads,noreferrer noopener,none,yes,official social/profile link,,Not fetched; external crawling was prohibited.
/collection/violet-bloom-cotton-drape,https://wa.me/919731910202,wa.me,Chat with From the Trunk on WhatsApp,noreferrer noopener,none,yes,outbound reference or service link,,Not fetched; external crawling was prohibited.
/collection/moss-green-lightweight-silk-selai,https://www.instagram.com/from.thetrunk/,www.instagram.com,Follow From the Trunk on Instagram,noreferrer noopener,none,yes,official social/profile link,,Not fetched; external crawling was prohibited.
/collection/moss-green-lightweight-silk-selai,https://www.linkedin.com/company/from-the-trunk-ftt/,www.linkedin.com,Follow From the Trunk on LinkedIn,noreferrer noopener,none,yes,official social/profile link,,Not fetched; external crawling was prohibited.
/collection/moss-green-lightweight-silk-selai,https://www.facebook.com/people/From-The-Trunk/61590567961822/,www.facebook.com,Follow From the Trunk on Facebook,noreferrer noopener,none,yes,official social/profile link,,Not fetched; external crawling was prohibited.
/collection/moss-green-lightweight-silk-selai,https://x.com/fromthetrunkftt,x.com,Follow From the Trunk on X,noreferrer noopener,none,yes,official social/profile link,,Not fetched; external crawling was prohibited.
/collection/moss-green-lightweight-silk-selai,https://www.threads.com/@from.thetrunk,www.threads.com,Follow From the Trunk on Threads,noreferrer noopener,none,yes,official social/profile link,,Not fetched; external crawling was prohibited.
/collection/moss-green-lightweight-silk-selai,https://wa.me/919731910202,wa.me,Chat with From the Trunk on WhatsApp,noreferrer noopener,none,yes,outbound reference or service link,,Not fetched; external crawling was prohibited.
/collection/heritage-zari-border-kanjivaram,https://www.instagram.com/from.thetrunk/,www.instagram.com,Follow From the Trunk on Instagram,noreferrer noopener,none,yes,official social/profile link,,Not fetched; external crawling was prohibited.
/collection/heritage-zari-border-kanjivaram,https://www.linkedin.com/company/from-the-trunk-ftt/,www.linkedin.com,Follow From the Trunk on LinkedIn,noreferrer noopener,none,yes,official social/profile link,,Not fetched; external crawling was prohibited.
/collection/heritage-zari-border-kanjivaram,https://www.facebook.com/people/From-The-Trunk/61590567961822/,www.facebook.com,Follow From the Trunk on Facebook,noreferrer noopener,none,yes,official social/profile link,,Not fetched; external crawling was prohibited.
/collection/heritage-zari-border-kanjivaram,https://x.com/fromthetrunkftt,x.com,Follow From the Trunk on X,noreferrer noopener,none,yes,official social/profile link,,Not fetched; external crawling was prohibited.
/collection/heritage-zari-border-kanjivaram,https://www.threads.com/@from.thetrunk,www.threads.com,Follow From the Trunk on Threads,noreferrer noopener,none,yes,official social/profile link,,Not fetched; external crawling was prohibited.
/collection/heritage-zari-border-kanjivaram,https://wa.me/919731910202,wa.me,Chat with From the Trunk on WhatsApp,noreferrer noopener,none,yes,outbound reference or service link,,Not fetched; external crawling was prohibited.
/collection/nava-pazham-kanjeevaram-silk,https://www.instagram.com/from.thetrunk/,www.instagram.com,Follow From the Trunk on Instagram,noreferrer noopener,none,yes,official social/profile link,,Not fetched; external crawling was prohibited.
/collection/nava-pazham-kanjeevaram-silk,https://www.linkedin.com/company/from-the-trunk-ftt/,www.linkedin.com,Follow From the Trunk on LinkedIn,noreferrer noopener,none,yes,official social/profile link,,Not fetched; external crawling was prohibited.
/collection/nava-pazham-kanjeevaram-silk,https://www.facebook.com/people/From-The-Trunk/61590567961822/,www.facebook.com,Follow From the Trunk on Facebook,noreferrer noopener,none,yes,official social/profile link,,Not fetched; external crawling was prohibited.
/collection/nava-pazham-kanjeevaram-silk,https://x.com/fromthetrunkftt,x.com,Follow From the Trunk on X,noreferrer noopener,none,yes,official social/profile link,,Not fetched; external crawling was prohibited.
/collection/nava-pazham-kanjeevaram-silk,https://www.threads.com/@from.thetrunk,www.threads.com,Follow From the Trunk on Threads,noreferrer noopener,none,yes,official social/profile link,,Not fetched; external crawling was prohibited.
/collection/nava-pazham-kanjeevaram-silk,https://wa.me/919731910202,wa.me,Chat with From the Trunk on WhatsApp,noreferrer noopener,none,yes,outbound reference or service link,,Not fetched; external crawling was prohibited.
/collection/nila-blue-gold-zari-silk,https://www.instagram.com/from.thetrunk/,www.instagram.com,Follow From the Trunk on Instagram,noreferrer noopener,none,yes,official social/profile link,,Not fetched; external crawling was prohibited.
/collection/nila-blue-gold-zari-silk,https://www.linkedin.com/company/from-the-trunk-ftt/,www.linkedin.com,Follow From the Trunk on LinkedIn,noreferrer noopener,none,yes,official social/profile link,,Not fetched; external crawling was prohibited.
/collection/nila-blue-gold-zari-silk,https://www.facebook.com/people/From-The-Trunk/61590567961822/,www.facebook.com,Follow From the Trunk on Facebook,noreferrer noopener,none,yes,official social/profile link,,Not fetched; external crawling was prohibited.
/collection/nila-blue-gold-zari-silk,https://x.com/fromthetrunkftt,x.com,Follow From the Trunk on X,noreferrer noopener,none,yes,official social/profile link,,Not fetched; external crawling was prohibited.
/collection/nila-blue-gold-zari-silk,https://www.threads.com/@from.thetrunk,www.threads.com,Follow From the Trunk on Threads,noreferrer noopener,none,yes,official social/profile link,,Not fetched; external crawling was prohibited.
/collection/nila-blue-gold-zari-silk,https://wa.me/919731910202,wa.me,Chat with From the Trunk on WhatsApp,noreferrer noopener,none,yes,outbound reference or service link,,Not fetched; external crawling was prohibited.
/collection/colorful-vintage-kanjeevaram,https://www.instagram.com/from.thetrunk/,www.instagram.com,Follow From the Trunk on Instagram,noreferrer noopener,none,yes,official social/profile link,,Not fetched; external crawling was prohibited.
/collection/colorful-vintage-kanjeevaram,https://www.linkedin.com/company/from-the-trunk-ftt/,www.linkedin.com,Follow From the Trunk on LinkedIn,noreferrer noopener,none,yes,official social/profile link,,Not fetched; external crawling was prohibited.
/collection/colorful-vintage-kanjeevaram,https://www.facebook.com/people/From-The-Trunk/61590567961822/,www.facebook.com,Follow From the Trunk on Facebook,noreferrer noopener,none,yes,official social/profile link,,Not fetched; external crawling was prohibited.
/collection/colorful-vintage-kanjeevaram,https://x.com/fromthetrunkftt,x.com,Follow From the Trunk on X,noreferrer noopener,none,yes,official social/profile link,,Not fetched; external crawling was prohibited.
/collection/colorful-vintage-kanjeevaram,https://www.threads.com/@from.thetrunk,www.threads.com,Follow From the Trunk on Threads,noreferrer noopener,none,yes,official social/profile link,,Not fetched; external crawling was prohibited.
/collection/colorful-vintage-kanjeevaram,https://wa.me/919731910202,wa.me,Chat with From the Trunk on WhatsApp,noreferrer noopener,none,yes,outbound reference or service link,,Not fetched; external crawling was prohibited.
/collection/gulabi-kota-cotton,https://www.instagram.com/from.thetrunk/,www.instagram.com,Follow From the Trunk on Instagram,noreferrer noopener,none,yes,official social/profile link,,Not fetched; external crawling was prohibited.
/collection/gulabi-kota-cotton,https://www.linkedin.com/company/from-the-trunk-ftt/,www.linkedin.com,Follow From the Trunk on LinkedIn,noreferrer noopener,none,yes,official social/profile link,,Not fetched; external crawling was prohibited.
/collection/gulabi-kota-cotton,https://www.facebook.com/people/From-The-Trunk/61590567961822/,www.facebook.com,Follow From the Trunk on Facebook,noreferrer noopener,none,yes,official social/profile link,,Not fetched; external crawling was prohibited.
/collection/gulabi-kota-cotton,https://x.com/fromthetrunkftt,x.com,Follow From the Trunk on X,noreferrer noopener,none,yes,official social/profile link,,Not fetched; external crawling was prohibited.
/collection/gulabi-kota-cotton,https://www.threads.com/@from.thetrunk,www.threads.com,Follow From the Trunk on Threads,noreferrer noopener,none,yes,official social/profile link,,Not fetched; external crawling was prohibited.
/collection/gulabi-kota-cotton,https://wa.me/919731910202,wa.me,Chat with From the Trunk on WhatsApp,noreferrer noopener,none,yes,outbound reference or service link,,Not fetched; external crawling was prohibited.
/collection/kempu-pachai-and-bandhani,https://www.instagram.com/from.thetrunk/,www.instagram.com,Follow From the Trunk on Instagram,noreferrer noopener,none,yes,official social/profile link,,Not fetched; external crawling was prohibited.
/collection/kempu-pachai-and-bandhani,https://www.linkedin.com/company/from-the-trunk-ftt/,www.linkedin.com,Follow From the Trunk on LinkedIn,noreferrer noopener,none,yes,official social/profile link,,Not fetched; external crawling was prohibited.
/collection/kempu-pachai-and-bandhani,https://www.facebook.com/people/From-The-Trunk/61590567961822/,www.facebook.com,Follow From the Trunk on Facebook,noreferrer noopener,none,yes,official social/profile link,,Not fetched; external crawling was prohibited.
/collection/kempu-pachai-and-bandhani,https://x.com/fromthetrunkftt,x.com,Follow From the Trunk on X,noreferrer noopener,none,yes,official social/profile link,,Not fetched; external crawling was prohibited.
/collection/kempu-pachai-and-bandhani,https://www.threads.com/@from.thetrunk,www.threads.com,Follow From the Trunk on Threads,noreferrer noopener,none,yes,official social/profile link,,Not fetched; external crawling was prohibited.
/collection/kempu-pachai-and-bandhani,https://wa.me/919731910202,wa.me,Chat with From the Trunk on WhatsApp,noreferrer noopener,none,yes,outbound reference or service link,,Not fetched; external crawling was prohibited.
/collection/pachai-linen-golden-border-drape,https://www.instagram.com/from.thetrunk/,www.instagram.com,Follow From the Trunk on Instagram,noreferrer noopener,none,yes,official social/profile link,,Not fetched; external crawling was prohibited.
/collection/pachai-linen-golden-border-drape,https://www.linkedin.com/company/from-the-trunk-ftt/,www.linkedin.com,Follow From the Trunk on LinkedIn,noreferrer noopener,none,yes,official social/profile link,,Not fetched; external crawling was prohibited.
/collection/pachai-linen-golden-border-drape,https://www.facebook.com/people/From-The-Trunk/61590567961822/,www.facebook.com,Follow From the Trunk on Facebook,noreferrer noopener,none,yes,official social/profile link,,Not fetched; external crawling was prohibited.
/collection/pachai-linen-golden-border-drape,https://x.com/fromthetrunkftt,x.com,Follow From the Trunk on X,noreferrer noopener,none,yes,official social/profile link,,Not fetched; external crawling was prohibited.
/collection/pachai-linen-golden-border-drape,https://www.threads.com/@from.thetrunk,www.threads.com,Follow From the Trunk on Threads,noreferrer noopener,none,yes,official social/profile link,,Not fetched; external crawling was prohibited.
/collection/pachai-linen-golden-border-drape,https://wa.me/919731910202,wa.me,Chat with From the Trunk on WhatsApp,noreferrer noopener,none,yes,outbound reference or service link,,Not fetched; external crawling was prohibited.
/404,https://www.instagram.com/from.thetrunk/,www.instagram.com,Follow From the Trunk on Instagram,noreferrer noopener,none,yes,official social/profile link,,Not fetched; external crawling was prohibited.
/404,https://www.linkedin.com/company/from-the-trunk-ftt/,www.linkedin.com,Follow From the Trunk on LinkedIn,noreferrer noopener,none,yes,official social/profile link,,Not fetched; external crawling was prohibited.
/404,https://www.facebook.com/people/From-The-Trunk/61590567961822/,www.facebook.com,Follow From the Trunk on Facebook,noreferrer noopener,none,yes,official social/profile link,,Not fetched; external crawling was prohibited.
/404,https://x.com/fromthetrunkftt,x.com,Follow From the Trunk on X,noreferrer noopener,none,yes,official social/profile link,,Not fetched; external crawling was prohibited.
/404,https://www.threads.com/@from.thetrunk,www.threads.com,Follow From the Trunk on Threads,noreferrer noopener,none,yes,official social/profile link,,Not fetched; external crawling was prohibited.
/404,https://wa.me/919731910202,wa.me,Chat with From the Trunk on WhatsApp,noreferrer noopener,none,yes,outbound reference or service link,,Not fetched; external crawling was prohibited.
/404,https://wa.me/919731910202?text=Hi%20From%20the%20Trunk%2C%20I%27m%20looking%20for%20a%20specific%20saree.,wa.me,Chat with us,noreferrer noopener,none,yes,outbound reference or service link,,Not fetched; external crawling was prohibited.
/account/sign-in?callbackUrl=http%3A%2F%2Flocalhost%3A3100%2Faccount%2Faddresses,https://www.instagram.com/from.thetrunk/,www.instagram.com,Follow From the Trunk on Instagram,noreferrer noopener,none,yes,official social/profile link,,Not fetched; external crawling was prohibited.
/account/sign-in?callbackUrl=http%3A%2F%2Flocalhost%3A3100%2Faccount%2Faddresses,https://www.linkedin.com/company/from-the-trunk-ftt/,www.linkedin.com,Follow From the Trunk on LinkedIn,noreferrer noopener,none,yes,official social/profile link,,Not fetched; external crawling was prohibited.
/account/sign-in?callbackUrl=http%3A%2F%2Flocalhost%3A3100%2Faccount%2Faddresses,https://www.facebook.com/people/From-The-Trunk/61590567961822/,www.facebook.com,Follow From the Trunk on Facebook,noreferrer noopener,none,yes,official social/profile link,,Not fetched; external crawling was prohibited.
/account/sign-in?callbackUrl=http%3A%2F%2Flocalhost%3A3100%2Faccount%2Faddresses,https://x.com/fromthetrunkftt,x.com,Follow From the Trunk on X,noreferrer noopener,none,yes,official social/profile link,,Not fetched; external crawling was prohibited.
/account/sign-in?callbackUrl=http%3A%2F%2Flocalhost%3A3100%2Faccount%2Faddresses,https://www.threads.com/@from.thetrunk,www.threads.com,Follow From the Trunk on Threads,noreferrer noopener,none,yes,official social/profile link,,Not fetched; external crawling was prohibited.
/account/sign-in?callbackUrl=http%3A%2F%2Flocalhost%3A3100%2Faccount%2Faddresses,https://wa.me/919731910202,wa.me,Chat with From the Trunk on WhatsApp,noreferrer noopener,none,yes,outbound reference or service link,,Not fetched; external crawling was prohibited.
/account/sign-in?callbackUrl=http%3A%2F%2Flocalhost%3A3100%2Faccount%2Forders,https://www.instagram.com/from.thetrunk/,www.instagram.com,Follow From the Trunk on Instagram,noreferrer noopener,none,yes,official social/profile link,,Not fetched; external crawling was prohibited.
/account/sign-in?callbackUrl=http%3A%2F%2Flocalhost%3A3100%2Faccount%2Forders,https://www.linkedin.com/company/from-the-trunk-ftt/,www.linkedin.com,Follow From the Trunk on LinkedIn,noreferrer noopener,none,yes,official social/profile link,,Not fetched; external crawling was prohibited.
/account/sign-in?callbackUrl=http%3A%2F%2Flocalhost%3A3100%2Faccount%2Forders,https://www.facebook.com/people/From-The-Trunk/61590567961822/,www.facebook.com,Follow From the Trunk on Facebook,noreferrer noopener,none,yes,official social/profile link,,Not fetched; external crawling was prohibited.
/account/sign-in?callbackUrl=http%3A%2F%2Flocalhost%3A3100%2Faccount%2Forders,https://x.com/fromthetrunkftt,x.com,Follow From the Trunk on X,noreferrer noopener,none,yes,official social/profile link,,Not fetched; external crawling was prohibited.
/account/sign-in?callbackUrl=http%3A%2F%2Flocalhost%3A3100%2Faccount%2Forders,https://www.threads.com/@from.thetrunk,www.threads.com,Follow From the Trunk on Threads,noreferrer noopener,none,yes,official social/profile link,,Not fetched; external crawling was prohibited.
/account/sign-in?callbackUrl=http%3A%2F%2Flocalhost%3A3100%2Faccount%2Forders,https://wa.me/919731910202,wa.me,Chat with From the Trunk on WhatsApp,noreferrer noopener,none,yes,outbound reference or service link,,Not fetched; external crawling was prohibited.
/account,https://www.instagram.com/from.thetrunk/,www.instagram.com,Follow From the Trunk on Instagram,noreferrer noopener,none,yes,official social/profile link,,Not fetched; external crawling was prohibited.
/account,https://www.linkedin.com/company/from-the-trunk-ftt/,www.linkedin.com,Follow From the Trunk on LinkedIn,noreferrer noopener,none,yes,official social/profile link,,Not fetched; external crawling was prohibited.
/account,https://www.facebook.com/people/From-The-Trunk/61590567961822/,www.facebook.com,Follow From the Trunk on Facebook,noreferrer noopener,none,yes,official social/profile link,,Not fetched; external crawling was prohibited.
/account,https://x.com/fromthetrunkftt,x.com,Follow From the Trunk on X,noreferrer noopener,none,yes,official social/profile link,,Not fetched; external crawling was prohibited.
/account,https://www.threads.com/@from.thetrunk,www.threads.com,Follow From the Trunk on Threads,noreferrer noopener,none,yes,official social/profile link,,Not fetched; external crawling was prohibited.
/account,https://wa.me/919731910202,wa.me,Chat with From the Trunk on WhatsApp,noreferrer noopener,none,yes,outbound reference or service link,,Not fetched; external crawling was prohibited.
/account/sign-in?callbackUrl=http%3A%2F%2Flocalhost%3A3100%2Faccount%2Fprofile,https://www.instagram.com/from.thetrunk/,www.instagram.com,Follow From the Trunk on Instagram,noreferrer noopener,none,yes,official social/profile link,,Not fetched; external crawling was prohibited.
/account/sign-in?callbackUrl=http%3A%2F%2Flocalhost%3A3100%2Faccount%2Fprofile,https://www.linkedin.com/company/from-the-trunk-ftt/,www.linkedin.com,Follow From the Trunk on LinkedIn,noreferrer noopener,none,yes,official social/profile link,,Not fetched; external crawling was prohibited.
/account/sign-in?callbackUrl=http%3A%2F%2Flocalhost%3A3100%2Faccount%2Fprofile,https://www.facebook.com/people/From-The-Trunk/61590567961822/,www.facebook.com,Follow From the Trunk on Facebook,noreferrer noopener,none,yes,official social/profile link,,Not fetched; external crawling was prohibited.
/account/sign-in?callbackUrl=http%3A%2F%2Flocalhost%3A3100%2Faccount%2Fprofile,https://x.com/fromthetrunkftt,x.com,Follow From the Trunk on X,noreferrer noopener,none,yes,official social/profile link,,Not fetched; external crawling was prohibited.
/account/sign-in?callbackUrl=http%3A%2F%2Flocalhost%3A3100%2Faccount%2Fprofile,https://www.threads.com/@from.thetrunk,www.threads.com,Follow From the Trunk on Threads,noreferrer noopener,none,yes,official social/profile link,,Not fetched; external crawling was prohibited.
/account/sign-in?callbackUrl=http%3A%2F%2Flocalhost%3A3100%2Faccount%2Fprofile,https://wa.me/919731910202,wa.me,Chat with From the Trunk on WhatsApp,noreferrer noopener,none,yes,outbound reference or service link,,Not fetched; external crawling was prohibited.
/account/sign-in?callbackUrl=http%3A%2F%2Flocalhost%3A3100%2Faccount%2Fprofile%2Fverify-email,https://www.instagram.com/from.thetrunk/,www.instagram.com,Follow From the Trunk on Instagram,noreferrer noopener,none,yes,official social/profile link,,Not fetched; external crawling was prohibited.
/account/sign-in?callbackUrl=http%3A%2F%2Flocalhost%3A3100%2Faccount%2Fprofile%2Fverify-email,https://www.linkedin.com/company/from-the-trunk-ftt/,www.linkedin.com,Follow From the Trunk on LinkedIn,noreferrer noopener,none,yes,official social/profile link,,Not fetched; external crawling was prohibited.
/account/sign-in?callbackUrl=http%3A%2F%2Flocalhost%3A3100%2Faccount%2Fprofile%2Fverify-email,https://www.facebook.com/people/From-The-Trunk/61590567961822/,www.facebook.com,Follow From the Trunk on Facebook,noreferrer noopener,none,yes,official social/profile link,,Not fetched; external crawling was prohibited.
/account/sign-in?callbackUrl=http%3A%2F%2Flocalhost%3A3100%2Faccount%2Fprofile%2Fverify-email,https://x.com/fromthetrunkftt,x.com,Follow From the Trunk on X,noreferrer noopener,none,yes,official social/profile link,,Not fetched; external crawling was prohibited.
/account/sign-in?callbackUrl=http%3A%2F%2Flocalhost%3A3100%2Faccount%2Fprofile%2Fverify-email,https://www.threads.com/@from.thetrunk,www.threads.com,Follow From the Trunk on Threads,noreferrer noopener,none,yes,official social/profile link,,Not fetched; external crawling was prohibited.
/account/sign-in?callbackUrl=http%3A%2F%2Flocalhost%3A3100%2Faccount%2Fprofile%2Fverify-email,https://wa.me/919731910202,wa.me,Chat with From the Trunk on WhatsApp,noreferrer noopener,none,yes,outbound reference or service link,,Not fetched; external crawling was prohibited.
/account/sign-in,https://www.instagram.com/from.thetrunk/,www.instagram.com,Follow From the Trunk on Instagram,noreferrer noopener,none,yes,official social/profile link,,Not fetched; external crawling was prohibited.
/account/sign-in,https://www.linkedin.com/company/from-the-trunk-ftt/,www.linkedin.com,Follow From the Trunk on LinkedIn,noreferrer noopener,none,yes,official social/profile link,,Not fetched; external crawling was prohibited.
/account/sign-in,https://www.facebook.com/people/From-The-Trunk/61590567961822/,www.facebook.com,Follow From the Trunk on Facebook,noreferrer noopener,none,yes,official social/profile link,,Not fetched; external crawling was prohibited.
/account/sign-in,https://x.com/fromthetrunkftt,x.com,Follow From the Trunk on X,noreferrer noopener,none,yes,official social/profile link,,Not fetched; external crawling was prohibited.
/account/sign-in,https://www.threads.com/@from.thetrunk,www.threads.com,Follow From the Trunk on Threads,noreferrer noopener,none,yes,official social/profile link,,Not fetched; external crawling was prohibited.
/account/sign-in,https://wa.me/919731910202,wa.me,Chat with From the Trunk on WhatsApp,noreferrer noopener,none,yes,outbound reference or service link,,Not fetched; external crawling was prohibited.
/account/sign-up,https://www.instagram.com/from.thetrunk/,www.instagram.com,Follow From the Trunk on Instagram,noreferrer noopener,none,yes,official social/profile link,,Not fetched; external crawling was prohibited.
/account/sign-up,https://www.linkedin.com/company/from-the-trunk-ftt/,www.linkedin.com,Follow From the Trunk on LinkedIn,noreferrer noopener,none,yes,official social/profile link,,Not fetched; external crawling was prohibited.
/account/sign-up,https://www.facebook.com/people/From-The-Trunk/61590567961822/,www.facebook.com,Follow From the Trunk on Facebook,noreferrer noopener,none,yes,official social/profile link,,Not fetched; external crawling was prohibited.
/account/sign-up,https://x.com/fromthetrunkftt,x.com,Follow From the Trunk on X,noreferrer noopener,none,yes,official social/profile link,,Not fetched; external crawling was prohibited.
/account/sign-up,https://www.threads.com/@from.thetrunk,www.threads.com,Follow From the Trunk on Threads,noreferrer noopener,none,yes,official social/profile link,,Not fetched; external crawling was prohibited.
/account/sign-up,https://wa.me/919731910202,wa.me,Chat with From the Trunk on WhatsApp,noreferrer noopener,none,yes,outbound reference or service link,,Not fetched; external crawling was prohibited.
/account/sign-in?callbackUrl=http%3A%2F%2Flocalhost%3A3100%2Faccount%2Fwishlist,https://www.instagram.com/from.thetrunk/,www.instagram.com,Follow From the Trunk on Instagram,noreferrer noopener,none,yes,official social/profile link,,Not fetched; external crawling was prohibited.
/account/sign-in?callbackUrl=http%3A%2F%2Flocalhost%3A3100%2Faccount%2Fwishlist,https://www.linkedin.com/company/from-the-trunk-ftt/,www.linkedin.com,Follow From the Trunk on LinkedIn,noreferrer noopener,none,yes,official social/profile link,,Not fetched; external crawling was prohibited.
/account/sign-in?callbackUrl=http%3A%2F%2Flocalhost%3A3100%2Faccount%2Fwishlist,https://www.facebook.com/people/From-The-Trunk/61590567961822/,www.facebook.com,Follow From the Trunk on Facebook,noreferrer noopener,none,yes,official social/profile link,,Not fetched; external crawling was prohibited.
/account/sign-in?callbackUrl=http%3A%2F%2Flocalhost%3A3100%2Faccount%2Fwishlist,https://x.com/fromthetrunkftt,x.com,Follow From the Trunk on X,noreferrer noopener,none,yes,official social/profile link,,Not fetched; external crawling was prohibited.
/account/sign-in?callbackUrl=http%3A%2F%2Flocalhost%3A3100%2Faccount%2Fwishlist,https://www.threads.com/@from.thetrunk,www.threads.com,Follow From the Trunk on Threads,noreferrer noopener,none,yes,official social/profile link,,Not fetched; external crawling was prohibited.
/account/sign-in?callbackUrl=http%3A%2F%2Flocalhost%3A3100%2Faccount%2Fwishlist,https://wa.me/919731910202,wa.me,Chat with From the Trunk on WhatsApp,noreferrer noopener,none,yes,outbound reference or service link,,Not fetched; external crawling was prohibited.
/cart,https://www.instagram.com/from.thetrunk/,www.instagram.com,Follow From the Trunk on Instagram,noreferrer noopener,none,yes,official social/profile link,,Not fetched; external crawling was prohibited.
/cart,https://www.linkedin.com/company/from-the-trunk-ftt/,www.linkedin.com,Follow From the Trunk on LinkedIn,noreferrer noopener,none,yes,official social/profile link,,Not fetched; external crawling was prohibited.
/cart,https://www.facebook.com/people/From-The-Trunk/61590567961822/,www.facebook.com,Follow From the Trunk on Facebook,noreferrer noopener,none,yes,official social/profile link,,Not fetched; external crawling was prohibited.
/cart,https://x.com/fromthetrunkftt,x.com,Follow From the Trunk on X,noreferrer noopener,none,yes,official social/profile link,,Not fetched; external crawling was prohibited.
/cart,https://www.threads.com/@from.thetrunk,www.threads.com,Follow From the Trunk on Threads,noreferrer noopener,none,yes,official social/profile link,,Not fetched; external crawling was prohibited.
/cart,https://wa.me/919731910202,wa.me,Chat with From the Trunk on WhatsApp,noreferrer noopener,none,yes,outbound reference or service link,,Not fetched; external crawling was prohibited.
/checkout/confirmation,https://www.instagram.com/from.thetrunk/,www.instagram.com,Follow From the Trunk on Instagram,noreferrer noopener,none,yes,official social/profile link,,Not fetched; external crawling was prohibited.
/checkout/confirmation,https://www.linkedin.com/company/from-the-trunk-ftt/,www.linkedin.com,Follow From the Trunk on LinkedIn,noreferrer noopener,none,yes,official social/profile link,,Not fetched; external crawling was prohibited.
/checkout/confirmation,https://www.facebook.com/people/From-The-Trunk/61590567961822/,www.facebook.com,Follow From the Trunk on Facebook,noreferrer noopener,none,yes,official social/profile link,,Not fetched; external crawling was prohibited.
/checkout/confirmation,https://x.com/fromthetrunkftt,x.com,Follow From the Trunk on X,noreferrer noopener,none,yes,official social/profile link,,Not fetched; external crawling was prohibited.
/checkout/confirmation,https://www.threads.com/@from.thetrunk,www.threads.com,Follow From the Trunk on Threads,noreferrer noopener,none,yes,official social/profile link,,Not fetched; external crawling was prohibited.
/checkout/confirmation,https://wa.me/919731910202,wa.me,Chat with From the Trunk on WhatsApp,noreferrer noopener,none,yes,outbound reference or service link,,Not fetched; external crawling was prohibited.
/checkout,https://www.instagram.com/from.thetrunk/,www.instagram.com,Follow From the Trunk on Instagram,noreferrer noopener,none,yes,official social/profile link,,Not fetched; external crawling was prohibited.
/checkout,https://www.linkedin.com/company/from-the-trunk-ftt/,www.linkedin.com,Follow From the Trunk on LinkedIn,noreferrer noopener,none,yes,official social/profile link,,Not fetched; external crawling was prohibited.
/checkout,https://www.facebook.com/people/From-The-Trunk/61590567961822/,www.facebook.com,Follow From the Trunk on Facebook,noreferrer noopener,none,yes,official social/profile link,,Not fetched; external crawling was prohibited.
/checkout,https://x.com/fromthetrunkftt,x.com,Follow From the Trunk on X,noreferrer noopener,none,yes,official social/profile link,,Not fetched; external crawling was prohibited.
/checkout,https://www.threads.com/@from.thetrunk,www.threads.com,Follow From the Trunk on Threads,noreferrer noopener,none,yes,official social/profile link,,Not fetched; external crawling was prohibited.
/checkout,https://wa.me/919731910202,wa.me,Chat with From the Trunk on WhatsApp,noreferrer noopener,none,yes,outbound reference or service link,,Not fetched; external crawling was prohibited.
/our-team,https://www.instagram.com/from.thetrunk/,www.instagram.com,Follow From the Trunk on Instagram,noreferrer noopener,none,yes,official social/profile link,,Not fetched; external crawling was prohibited.
/our-team,https://www.linkedin.com/company/from-the-trunk-ftt/,www.linkedin.com,Follow From the Trunk on LinkedIn,noreferrer noopener,none,yes,official social/profile link,,Not fetched; external crawling was prohibited.
/our-team,https://www.facebook.com/people/From-The-Trunk/61590567961822/,www.facebook.com,Follow From the Trunk on Facebook,noreferrer noopener,none,yes,official social/profile link,,Not fetched; external crawling was prohibited.
/our-team,https://x.com/fromthetrunkftt,x.com,Follow From the Trunk on X,noreferrer noopener,none,yes,official social/profile link,,Not fetched; external crawling was prohibited.
/our-team,https://www.threads.com/@from.thetrunk,www.threads.com,Follow From the Trunk on Threads,noreferrer noopener,none,yes,official social/profile link,,Not fetched; external crawling was prohibited.
/our-team,https://wa.me/919731910202,wa.me,Chat with From the Trunk on WhatsApp,noreferrer noopener,none,yes,outbound reference or service link,,Not fetched; external crawling was prohibited.
/policies/privacy-policy,https://www.instagram.com/from.thetrunk/,www.instagram.com,Follow From the Trunk on Instagram,noreferrer noopener,none,yes,official social/profile link,,Not fetched; external crawling was prohibited.
/policies/privacy-policy,https://www.linkedin.com/company/from-the-trunk-ftt/,www.linkedin.com,Follow From the Trunk on LinkedIn,noreferrer noopener,none,yes,official social/profile link,,Not fetched; external crawling was prohibited.
/policies/privacy-policy,https://www.facebook.com/people/From-The-Trunk/61590567961822/,www.facebook.com,Follow From the Trunk on Facebook,noreferrer noopener,none,yes,official social/profile link,,Not fetched; external crawling was prohibited.
/policies/privacy-policy,https://x.com/fromthetrunkftt,x.com,Follow From the Trunk on X,noreferrer noopener,none,yes,official social/profile link,,Not fetched; external crawling was prohibited.
/policies/privacy-policy,https://www.threads.com/@from.thetrunk,www.threads.com,Follow From the Trunk on Threads,noreferrer noopener,none,yes,official social/profile link,,Not fetched; external crawling was prohibited.
/policies/privacy-policy,https://wa.me/919731910202,wa.me,Chat with From the Trunk on WhatsApp,noreferrer noopener,none,yes,outbound reference or service link,,Not fetched; external crawling was prohibited.
/policies/return-refund-policy,https://www.instagram.com/from.thetrunk/,www.instagram.com,Follow From the Trunk on Instagram,noreferrer noopener,none,yes,official social/profile link,,Not fetched; external crawling was prohibited.
/policies/return-refund-policy,https://www.linkedin.com/company/from-the-trunk-ftt/,www.linkedin.com,Follow From the Trunk on LinkedIn,noreferrer noopener,none,yes,official social/profile link,,Not fetched; external crawling was prohibited.
/policies/return-refund-policy,https://www.facebook.com/people/From-The-Trunk/61590567961822/,www.facebook.com,Follow From the Trunk on Facebook,noreferrer noopener,none,yes,official social/profile link,,Not fetched; external crawling was prohibited.
/policies/return-refund-policy,https://x.com/fromthetrunkftt,x.com,Follow From the Trunk on X,noreferrer noopener,none,yes,official social/profile link,,Not fetched; external crawling was prohibited.
/policies/return-refund-policy,https://www.threads.com/@from.thetrunk,www.threads.com,Follow From the Trunk on Threads,noreferrer noopener,none,yes,official social/profile link,,Not fetched; external crawling was prohibited.
/policies/return-refund-policy,https://wa.me/919731910202,wa.me,Chat with From the Trunk on WhatsApp,noreferrer noopener,none,yes,outbound reference or service link,,Not fetched; external crawling was prohibited.
/search,https://www.instagram.com/from.thetrunk/,www.instagram.com,Follow From the Trunk on Instagram,noreferrer noopener,none,yes,official social/profile link,,Not fetched; external crawling was prohibited.
/search,https://www.linkedin.com/company/from-the-trunk-ftt/,www.linkedin.com,Follow From the Trunk on LinkedIn,noreferrer noopener,none,yes,official social/profile link,,Not fetched; external crawling was prohibited.
/search,https://www.facebook.com/people/From-The-Trunk/61590567961822/,www.facebook.com,Follow From the Trunk on Facebook,noreferrer noopener,none,yes,official social/profile link,,Not fetched; external crawling was prohibited.
/search,https://x.com/fromthetrunkftt,x.com,Follow From the Trunk on X,noreferrer noopener,none,yes,official social/profile link,,Not fetched; external crawling was prohibited.
/search,https://www.threads.com/@from.thetrunk,www.threads.com,Follow From the Trunk on Threads,noreferrer noopener,none,yes,official social/profile link,,Not fetched; external crawling was prohibited.
/search,https://wa.me/919731910202,wa.me,Chat with From the Trunk on WhatsApp,noreferrer noopener,none,yes,outbound reference or service link,,Not fetched; external crawling was prohibited.
/policies/shipping-delivery-policy,https://www.instagram.com/from.thetrunk/,www.instagram.com,Follow From the Trunk on Instagram,noreferrer noopener,none,yes,official social/profile link,,Not fetched; external crawling was prohibited.
/policies/shipping-delivery-policy,https://www.linkedin.com/company/from-the-trunk-ftt/,www.linkedin.com,Follow From the Trunk on LinkedIn,noreferrer noopener,none,yes,official social/profile link,,Not fetched; external crawling was prohibited.
/policies/shipping-delivery-policy,https://www.facebook.com/people/From-The-Trunk/61590567961822/,www.facebook.com,Follow From the Trunk on Facebook,noreferrer noopener,none,yes,official social/profile link,,Not fetched; external crawling was prohibited.
/policies/shipping-delivery-policy,https://x.com/fromthetrunkftt,x.com,Follow From the Trunk on X,noreferrer noopener,none,yes,official social/profile link,,Not fetched; external crawling was prohibited.
/policies/shipping-delivery-policy,https://www.threads.com/@from.thetrunk,www.threads.com,Follow From the Trunk on Threads,noreferrer noopener,none,yes,official social/profile link,,Not fetched; external crawling was prohibited.
/policies/shipping-delivery-policy,https://wa.me/919731910202,wa.me,Chat with From the Trunk on WhatsApp,noreferrer noopener,none,yes,outbound reference or service link,,Not fetched; external crawling was prohibited.
/policies/terms-of-service,https://www.instagram.com/from.thetrunk/,www.instagram.com,Follow From the Trunk on Instagram,noreferrer noopener,none,yes,official social/profile link,,Not fetched; external crawling was prohibited.
/policies/terms-of-service,https://www.linkedin.com/company/from-the-trunk-ftt/,www.linkedin.com,Follow From the Trunk on LinkedIn,noreferrer noopener,none,yes,official social/profile link,,Not fetched; external crawling was prohibited.
/policies/terms-of-service,https://www.facebook.com/people/From-The-Trunk/61590567961822/,www.facebook.com,Follow From the Trunk on Facebook,noreferrer noopener,none,yes,official social/profile link,,Not fetched; external crawling was prohibited.
/policies/terms-of-service,https://x.com/fromthetrunkftt,x.com,Follow From the Trunk on X,noreferrer noopener,none,yes,official social/profile link,,Not fetched; external crawling was prohibited.
/policies/terms-of-service,https://www.threads.com/@from.thetrunk,www.threads.com,Follow From the Trunk on Threads,noreferrer noopener,none,yes,official social/profile link,,Not fetched; external crawling was prohibited.
/policies/terms-of-service,https://wa.me/919731910202,wa.me,Chat with From the Trunk on WhatsApp,noreferrer noopener,none,yes,outbound reference or service link,,Not fetched; external crawling was prohibited.
/_global-error,https://www.instagram.com/from.thetrunk/,www.instagram.com,Follow From the Trunk on Instagram,noreferrer noopener,none,yes,official social/profile link,,Not fetched; external crawling was prohibited.
/_global-error,https://www.linkedin.com/company/from-the-trunk-ftt/,www.linkedin.com,Follow From the Trunk on LinkedIn,noreferrer noopener,none,yes,official social/profile link,,Not fetched; external crawling was prohibited.
/_global-error,https://www.facebook.com/people/From-The-Trunk/61590567961822/,www.facebook.com,Follow From the Trunk on Facebook,noreferrer noopener,none,yes,official social/profile link,,Not fetched; external crawling was prohibited.
/_global-error,https://x.com/fromthetrunkftt,x.com,Follow From the Trunk on X,noreferrer noopener,none,yes,official social/profile link,,Not fetched; external crawling was prohibited.
/_global-error,https://www.threads.com/@from.thetrunk,www.threads.com,Follow From the Trunk on Threads,noreferrer noopener,none,yes,official social/profile link,,Not fetched; external crawling was prohibited.
/_global-error,https://wa.me/919731910202,wa.me,Chat with From the Trunk on WhatsApp,noreferrer noopener,none,yes,outbound reference or service link,,Not fetched; external crawling was prohibited.
/_global-error,https://wa.me/919731910202?text=Hi%20From%20the%20Trunk%2C%20I%27m%20looking%20for%20a%20specific%20saree.,wa.me,Chat with us,noreferrer noopener,none,yes,outbound reference or service link,,Not fetched; external crawling was prohibited.
/collection/fabric/chiffon,https://www.instagram.com/from.thetrunk/,www.instagram.com,Follow From the Trunk on Instagram,noreferrer noopener,none,yes,official social/profile link,,Not fetched; external crawling was prohibited.
/collection/fabric/chiffon,https://www.linkedin.com/company/from-the-trunk-ftt/,www.linkedin.com,Follow From the Trunk on LinkedIn,noreferrer noopener,none,yes,official social/profile link,,Not fetched; external crawling was prohibited.
/collection/fabric/chiffon,https://www.facebook.com/people/From-The-Trunk/61590567961822/,www.facebook.com,Follow From the Trunk on Facebook,noreferrer noopener,none,yes,official social/profile link,,Not fetched; external crawling was prohibited.
/collection/fabric/chiffon,https://x.com/fromthetrunkftt,x.com,Follow From the Trunk on X,noreferrer noopener,none,yes,official social/profile link,,Not fetched; external crawling was prohibited.
/collection/fabric/chiffon,https://www.threads.com/@from.thetrunk,www.threads.com,Follow From the Trunk on Threads,noreferrer noopener,none,yes,official social/profile link,,Not fetched; external crawling was prohibited.
/collection/fabric/chiffon,https://wa.me/919731910202,wa.me,Chat with From the Trunk on WhatsApp,noreferrer noopener,none,yes,outbound reference or service link,,Not fetched; external crawling was prohibited.
/collection/fabric/georgette,https://www.instagram.com/from.thetrunk/,www.instagram.com,Follow From the Trunk on Instagram,noreferrer noopener,none,yes,official social/profile link,,Not fetched; external crawling was prohibited.
/collection/fabric/georgette,https://www.linkedin.com/company/from-the-trunk-ftt/,www.linkedin.com,Follow From the Trunk on LinkedIn,noreferrer noopener,none,yes,official social/profile link,,Not fetched; external crawling was prohibited.
/collection/fabric/georgette,https://www.facebook.com/people/From-The-Trunk/61590567961822/,www.facebook.com,Follow From the Trunk on Facebook,noreferrer noopener,none,yes,official social/profile link,,Not fetched; external crawling was prohibited.
/collection/fabric/georgette,https://x.com/fromthetrunkftt,x.com,Follow From the Trunk on X,noreferrer noopener,none,yes,official social/profile link,,Not fetched; external crawling was prohibited.
/collection/fabric/georgette,https://www.threads.com/@from.thetrunk,www.threads.com,Follow From the Trunk on Threads,noreferrer noopener,none,yes,official social/profile link,,Not fetched; external crawling was prohibited.
/collection/fabric/georgette,https://wa.me/919731910202,wa.me,Chat with From the Trunk on WhatsApp,noreferrer noopener,none,yes,outbound reference or service link,,Not fetched; external crawling was prohibited.
/collection/fabric/kanjeevaram,https://www.instagram.com/from.thetrunk/,www.instagram.com,Follow From the Trunk on Instagram,noreferrer noopener,none,yes,official social/profile link,,Not fetched; external crawling was prohibited.
/collection/fabric/kanjeevaram,https://www.linkedin.com/company/from-the-trunk-ftt/,www.linkedin.com,Follow From the Trunk on LinkedIn,noreferrer noopener,none,yes,official social/profile link,,Not fetched; external crawling was prohibited.
/collection/fabric/kanjeevaram,https://www.facebook.com/people/From-The-Trunk/61590567961822/,www.facebook.com,Follow From the Trunk on Facebook,noreferrer noopener,none,yes,official social/profile link,,Not fetched; external crawling was prohibited.
/collection/fabric/kanjeevaram,https://x.com/fromthetrunkftt,x.com,Follow From the Trunk on X,noreferrer noopener,none,yes,official social/profile link,,Not fetched; external crawling was prohibited.
/collection/fabric/kanjeevaram,https://www.threads.com/@from.thetrunk,www.threads.com,Follow From the Trunk on Threads,noreferrer noopener,none,yes,official social/profile link,,Not fetched; external crawling was prohibited.
/collection/fabric/kanjeevaram,https://wa.me/919731910202,wa.me,Chat with From the Trunk on WhatsApp,noreferrer noopener,none,yes,outbound reference or service link,,Not fetched; external crawling was prohibited.
/collection/occasion/festive,https://www.instagram.com/from.thetrunk/,www.instagram.com,Follow From the Trunk on Instagram,noreferrer noopener,none,yes,official social/profile link,,Not fetched; external crawling was prohibited.
/collection/occasion/festive,https://www.linkedin.com/company/from-the-trunk-ftt/,www.linkedin.com,Follow From the Trunk on LinkedIn,noreferrer noopener,none,yes,official social/profile link,,Not fetched; external crawling was prohibited.
/collection/occasion/festive,https://www.facebook.com/people/From-The-Trunk/61590567961822/,www.facebook.com,Follow From the Trunk on Facebook,noreferrer noopener,none,yes,official social/profile link,,Not fetched; external crawling was prohibited.
/collection/occasion/festive,https://x.com/fromthetrunkftt,x.com,Follow From the Trunk on X,noreferrer noopener,none,yes,official social/profile link,,Not fetched; external crawling was prohibited.
/collection/occasion/festive,https://www.threads.com/@from.thetrunk,www.threads.com,Follow From the Trunk on Threads,noreferrer noopener,none,yes,official social/profile link,,Not fetched; external crawling was prohibited.
/collection/occasion/festive,https://wa.me/919731910202,wa.me,Chat with From the Trunk on WhatsApp,noreferrer noopener,none,yes,outbound reference or service link,,Not fetched; external crawling was prohibited.
/collection/occasion/wedding,https://www.instagram.com/from.thetrunk/,www.instagram.com,Follow From the Trunk on Instagram,noreferrer noopener,none,yes,official social/profile link,,Not fetched; external crawling was prohibited.
/collection/occasion/wedding,https://www.linkedin.com/company/from-the-trunk-ftt/,www.linkedin.com,Follow From the Trunk on LinkedIn,noreferrer noopener,none,yes,official social/profile link,,Not fetched; external crawling was prohibited.
/collection/occasion/wedding,https://www.facebook.com/people/From-The-Trunk/61590567961822/,www.facebook.com,Follow From the Trunk on Facebook,noreferrer noopener,none,yes,official social/profile link,,Not fetched; external crawling was prohibited.
/collection/occasion/wedding,https://x.com/fromthetrunkftt,x.com,Follow From the Trunk on X,noreferrer noopener,none,yes,official social/profile link,,Not fetched; external crawling was prohibited.
/collection/occasion/wedding,https://www.threads.com/@from.thetrunk,www.threads.com,Follow From the Trunk on Threads,noreferrer noopener,none,yes,official social/profile link,,Not fetched; external crawling was prohibited.
/collection/occasion/wedding,https://wa.me/919731910202,wa.me,Chat with From the Trunk on WhatsApp,noreferrer noopener,none,yes,outbound reference or service link,,Not fetched; external crawling was prohibited.
/faqs,https://www.instagram.com/from.thetrunk/,www.instagram.com,Follow From the Trunk on Instagram,noreferrer noopener,none,yes,official social/profile link,,Not fetched; external crawling was prohibited.
/faqs,https://www.linkedin.com/company/from-the-trunk-ftt/,www.linkedin.com,Follow From the Trunk on LinkedIn,noreferrer noopener,none,yes,official social/profile link,,Not fetched; external crawling was prohibited.
/faqs,https://www.facebook.com/people/From-The-Trunk/61590567961822/,www.facebook.com,Follow From the Trunk on Facebook,noreferrer noopener,none,yes,official social/profile link,,Not fetched; external crawling was prohibited.
/faqs,https://x.com/fromthetrunkftt,x.com,Follow From the Trunk on X,noreferrer noopener,none,yes,official social/profile link,,Not fetched; external crawling was prohibited.
/faqs,https://www.threads.com/@from.thetrunk,www.threads.com,Follow From the Trunk on Threads,noreferrer noopener,none,yes,official social/profile link,,Not fetched; external crawling was prohibited.
/faqs,https://wa.me/919731910202,wa.me,Chat with From the Trunk on WhatsApp,noreferrer noopener,none,yes,outbound reference or service link,,Not fetched; external crawling was prohibited.
/our-story,https://www.instagram.com/from.thetrunk/,www.instagram.com,Follow From the Trunk on Instagram,noreferrer noopener,none,yes,official social/profile link,,Not fetched; external crawling was prohibited.
/our-story,https://www.linkedin.com/company/from-the-trunk-ftt/,www.linkedin.com,Follow From the Trunk on LinkedIn,noreferrer noopener,none,yes,official social/profile link,,Not fetched; external crawling was prohibited.
/our-story,https://www.facebook.com/people/From-The-Trunk/61590567961822/,www.facebook.com,Follow From the Trunk on Facebook,noreferrer noopener,none,yes,official social/profile link,,Not fetched; external crawling was prohibited.
/our-story,https://x.com/fromthetrunkftt,x.com,Follow From the Trunk on X,noreferrer noopener,none,yes,official social/profile link,,Not fetched; external crawling was prohibited.
/our-story,https://www.threads.com/@from.thetrunk,www.threads.com,Follow From the Trunk on Threads,noreferrer noopener,none,yes,official social/profile link,,Not fetched; external crawling was prohibited.
/our-story,https://wa.me/919731910202,wa.me,Chat with From the Trunk on WhatsApp,noreferrer noopener,none,yes,outbound reference or service link,,Not fetched; external crawling was prohibited.
/our-story,https://www.instagram.com/from.thetrunk/,www.instagram.com,Follow From the Trunk on Instagram,noreferrer noopener,none,yes,official social/profile link,,Not fetched; external crawling was prohibited.
/our-story,https://www.linkedin.com/company/from-the-trunk-ftt/,www.linkedin.com,Follow From the Trunk on LinkedIn,noreferrer noopener,none,yes,official social/profile link,,Not fetched; external crawling was prohibited.
/our-story,https://www.facebook.com/people/From-The-Trunk/61590567961822/,www.facebook.com,Follow From the Trunk on Facebook,noreferrer noopener,none,yes,official social/profile link,,Not fetched; external crawling was prohibited.
/our-story,https://x.com/fromthetrunkftt,x.com,Follow From the Trunk on X,noreferrer noopener,none,yes,official social/profile link,,Not fetched; external crawling was prohibited.
/our-story,https://www.threads.com/@from.thetrunk,www.threads.com,Follow From the Trunk on Threads,noreferrer noopener,none,yes,official social/profile link,,Not fetched; external crawling was prohibited.
/our-story,https://wa.me/919731910202,wa.me,Chat with From the Trunk on WhatsApp,noreferrer noopener,none,yes,outbound reference or service link,,Not fetched; external crawling was prohibited.
/search?q=silk,https://www.instagram.com/from.thetrunk/,www.instagram.com,Follow From the Trunk on Instagram,noreferrer noopener,none,yes,official social/profile link,,Not fetched; external crawling was prohibited.
/search?q=silk,https://www.linkedin.com/company/from-the-trunk-ftt/,www.linkedin.com,Follow From the Trunk on LinkedIn,noreferrer noopener,none,yes,official social/profile link,,Not fetched; external crawling was prohibited.
/search?q=silk,https://www.facebook.com/people/From-The-Trunk/61590567961822/,www.facebook.com,Follow From the Trunk on Facebook,noreferrer noopener,none,yes,official social/profile link,,Not fetched; external crawling was prohibited.
/search?q=silk,https://x.com/fromthetrunkftt,x.com,Follow From the Trunk on X,noreferrer noopener,none,yes,official social/profile link,,Not fetched; external crawling was prohibited.
/search?q=silk,https://www.threads.com/@from.thetrunk,www.threads.com,Follow From the Trunk on Threads,noreferrer noopener,none,yes,official social/profile link,,Not fetched; external crawling was prohibited.
/search?q=silk,https://wa.me/919731910202,wa.me,Chat with From the Trunk on WhatsApp,noreferrer noopener,none,yes,outbound reference or service link,,Not fetched; external crawling was prohibited.
/collection?fabric=silk,https://www.instagram.com/from.thetrunk/,www.instagram.com,Follow From the Trunk on Instagram,noreferrer noopener,none,yes,official social/profile link,,Not fetched; external crawling was prohibited.
/collection?fabric=silk,https://www.linkedin.com/company/from-the-trunk-ftt/,www.linkedin.com,Follow From the Trunk on LinkedIn,noreferrer noopener,none,yes,official social/profile link,,Not fetched; external crawling was prohibited.
/collection?fabric=silk,https://www.facebook.com/people/From-The-Trunk/61590567961822/,www.facebook.com,Follow From the Trunk on Facebook,noreferrer noopener,none,yes,official social/profile link,,Not fetched; external crawling was prohibited.
/collection?fabric=silk,https://x.com/fromthetrunkftt,x.com,Follow From the Trunk on X,noreferrer noopener,none,yes,official social/profile link,,Not fetched; external crawling was prohibited.
/collection?fabric=silk,https://www.threads.com/@from.thetrunk,www.threads.com,Follow From the Trunk on Threads,noreferrer noopener,none,yes,official social/profile link,,Not fetched; external crawling was prohibited.
/collection?fabric=silk,https://wa.me/919731910202,wa.me,Chat with From the Trunk on WhatsApp,noreferrer noopener,none,yes,outbound reference or service link,,Not fetched; external crawling was prohibited.
/collection?occasion=wedding,https://www.instagram.com/from.thetrunk/,www.instagram.com,Follow From the Trunk on Instagram,noreferrer noopener,none,yes,official social/profile link,,Not fetched; external crawling was prohibited.
/collection?occasion=wedding,https://www.linkedin.com/company/from-the-trunk-ftt/,www.linkedin.com,Follow From the Trunk on LinkedIn,noreferrer noopener,none,yes,official social/profile link,,Not fetched; external crawling was prohibited.
/collection?occasion=wedding,https://www.facebook.com/people/From-The-Trunk/61590567961822/,www.facebook.com,Follow From the Trunk on Facebook,noreferrer noopener,none,yes,official social/profile link,,Not fetched; external crawling was prohibited.
/collection?occasion=wedding,https://x.com/fromthetrunkftt,x.com,Follow From the Trunk on X,noreferrer noopener,none,yes,official social/profile link,,Not fetched; external crawling was prohibited.
/collection?occasion=wedding,https://www.threads.com/@from.thetrunk,www.threads.com,Follow From the Trunk on Threads,noreferrer noopener,none,yes,official social/profile link,,Not fetched; external crawling was prohibited.
/collection?occasion=wedding,https://wa.me/919731910202,wa.me,Chat with From the Trunk on WhatsApp,noreferrer noopener,none,yes,outbound reference or service link,,Not fetched; external crawling was prohibited.
/collection?tags=top-viewed,https://www.instagram.com/from.thetrunk/,www.instagram.com,Follow From the Trunk on Instagram,noreferrer noopener,none,yes,official social/profile link,,Not fetched; external crawling was prohibited.
/collection?tags=top-viewed,https://www.linkedin.com/company/from-the-trunk-ftt/,www.linkedin.com,Follow From the Trunk on LinkedIn,noreferrer noopener,none,yes,official social/profile link,,Not fetched; external crawling was prohibited.
/collection?tags=top-viewed,https://www.facebook.com/people/From-The-Trunk/61590567961822/,www.facebook.com,Follow From the Trunk on Facebook,noreferrer noopener,none,yes,official social/profile link,,Not fetched; external crawling was prohibited.
/collection?tags=top-viewed,https://x.com/fromthetrunkftt,x.com,Follow From the Trunk on X,noreferrer noopener,none,yes,official social/profile link,,Not fetched; external crawling was prohibited.
/collection?tags=top-viewed,https://www.threads.com/@from.thetrunk,www.threads.com,Follow From the Trunk on Threads,noreferrer noopener,none,yes,official social/profile link,,Not fetched; external crawling was prohibited.
/collection?tags=top-viewed,https://wa.me/919731910202,wa.me,Chat with From the Trunk on WhatsApp,noreferrer noopener,none,yes,outbound reference or service link,,Not fetched; external crawling was prohibited.
/collection?type=blouse,https://www.instagram.com/from.thetrunk/,www.instagram.com,Follow From the Trunk on Instagram,noreferrer noopener,none,yes,official social/profile link,,Not fetched; external crawling was prohibited.
/collection?type=blouse,https://www.linkedin.com/company/from-the-trunk-ftt/,www.linkedin.com,Follow From the Trunk on LinkedIn,noreferrer noopener,none,yes,official social/profile link,,Not fetched; external crawling was prohibited.
/collection?type=blouse,https://www.facebook.com/people/From-The-Trunk/61590567961822/,www.facebook.com,Follow From the Trunk on Facebook,noreferrer noopener,none,yes,official social/profile link,,Not fetched; external crawling was prohibited.
/collection?type=blouse,https://x.com/fromthetrunkftt,x.com,Follow From the Trunk on X,noreferrer noopener,none,yes,official social/profile link,,Not fetched; external crawling was prohibited.
/collection?type=blouse,https://www.threads.com/@from.thetrunk,www.threads.com,Follow From the Trunk on Threads,noreferrer noopener,none,yes,official social/profile link,,Not fetched; external crawling was prohibited.
/collection?type=blouse,https://wa.me/919731910202,wa.me,Chat with From the Trunk on WhatsApp,noreferrer noopener,none,yes,outbound reference or service link,,Not fetched; external crawling was prohibited.
/collection?sort=price-asc,https://www.instagram.com/from.thetrunk/,www.instagram.com,Follow From the Trunk on Instagram,noreferrer noopener,none,yes,official social/profile link,,Not fetched; external crawling was prohibited.
/collection?sort=price-asc,https://www.linkedin.com/company/from-the-trunk-ftt/,www.linkedin.com,Follow From the Trunk on LinkedIn,noreferrer noopener,none,yes,official social/profile link,,Not fetched; external crawling was prohibited.
/collection?sort=price-asc,https://www.facebook.com/people/From-The-Trunk/61590567961822/,www.facebook.com,Follow From the Trunk on Facebook,noreferrer noopener,none,yes,official social/profile link,,Not fetched; external crawling was prohibited.
/collection?sort=price-asc,https://x.com/fromthetrunkftt,x.com,Follow From the Trunk on X,noreferrer noopener,none,yes,official social/profile link,,Not fetched; external crawling was prohibited.
/collection?sort=price-asc,https://www.threads.com/@from.thetrunk,www.threads.com,Follow From the Trunk on Threads,noreferrer noopener,none,yes,official social/profile link,,Not fetched; external crawling was prohibited.
/collection?sort=price-asc,https://wa.me/919731910202,wa.me,Chat with From the Trunk on WhatsApp,noreferrer noopener,none,yes,outbound reference or service link,,Not fetched; external crawling was prohibited.
/seo-audit-definitely-missing,https://www.instagram.com/from.thetrunk/,www.instagram.com,Follow From the Trunk on Instagram,noreferrer noopener,none,yes,official social/profile link,,Not fetched; external crawling was prohibited.
/seo-audit-definitely-missing,https://www.linkedin.com/company/from-the-trunk-ftt/,www.linkedin.com,Follow From the Trunk on LinkedIn,noreferrer noopener,none,yes,official social/profile link,,Not fetched; external crawling was prohibited.
/seo-audit-definitely-missing,https://www.facebook.com/people/From-The-Trunk/61590567961822/,www.facebook.com,Follow From the Trunk on Facebook,noreferrer noopener,none,yes,official social/profile link,,Not fetched; external crawling was prohibited.
/seo-audit-definitely-missing,https://x.com/fromthetrunkftt,x.com,Follow From the Trunk on X,noreferrer noopener,none,yes,official social/profile link,,Not fetched; external crawling was prohibited.
/seo-audit-definitely-missing,https://www.threads.com/@from.thetrunk,www.threads.com,Follow From the Trunk on Threads,noreferrer noopener,none,yes,official social/profile link,,Not fetched; external crawling was prohibited.
/seo-audit-definitely-missing,https://wa.me/919731910202,wa.me,Chat with From the Trunk on WhatsApp,noreferrer noopener,none,yes,outbound reference or service link,,Not fetched; external crawling was prohibited.
/seo-audit-definitely-missing,https://wa.me/919731910202?text=Hi%20From%20the%20Trunk%2C%20I%27m%20looking%20for%20a%20specific%20saree.,wa.me,Chat with us,noreferrer noopener,none,yes,outbound reference or service link,,Not fetched; external crawling was prohibited.
/admin,https://www.instagram.com/from.thetrunk/,www.instagram.com,Follow From the Trunk on Instagram,noreferrer noopener,none,yes,official social/profile link,,Not fetched; external crawling was prohibited.
/admin,https://www.linkedin.com/company/from-the-trunk-ftt/,www.linkedin.com,Follow From the Trunk on LinkedIn,noreferrer noopener,none,yes,official social/profile link,,Not fetched; external crawling was prohibited.
/admin,https://www.facebook.com/people/From-The-Trunk/61590567961822/,www.facebook.com,Follow From the Trunk on Facebook,noreferrer noopener,none,yes,official social/profile link,,Not fetched; external crawling was prohibited.
/admin,https://x.com/fromthetrunkftt,x.com,Follow From the Trunk on X,noreferrer noopener,none,yes,official social/profile link,,Not fetched; external crawling was prohibited.
/admin,https://www.threads.com/@from.thetrunk,www.threads.com,Follow From the Trunk on Threads,noreferrer noopener,none,yes,official social/profile link,,Not fetched; external crawling was prohibited.
/admin,https://wa.me/919731910202,wa.me,Chat with From the Trunk on WhatsApp,noreferrer noopener,none,yes,outbound reference or service link,,Not fetched; external crawling was prohibited.
/collection/stretchfit-blouse,https://www.instagram.com/from.thetrunk/,www.instagram.com,Follow From the Trunk on Instagram,noreferrer noopener,none,yes,official social/profile link,,Not fetched; external crawling was prohibited.
/collection/stretchfit-blouse,https://www.linkedin.com/company/from-the-trunk-ftt/,www.linkedin.com,Follow From the Trunk on LinkedIn,noreferrer noopener,none,yes,official social/profile link,,Not fetched; external crawling was prohibited.
/collection/stretchfit-blouse,https://www.facebook.com/people/From-The-Trunk/61590567961822/,www.facebook.com,Follow From the Trunk on Facebook,noreferrer noopener,none,yes,official social/profile link,,Not fetched; external crawling was prohibited.
/collection/stretchfit-blouse,https://x.com/fromthetrunkftt,x.com,Follow From the Trunk on X,noreferrer noopener,none,yes,official social/profile link,,Not fetched; external crawling was prohibited.
/collection/stretchfit-blouse,https://www.threads.com/@from.thetrunk,www.threads.com,Follow From the Trunk on Threads,noreferrer noopener,none,yes,official social/profile link,,Not fetched; external crawling was prohibited.
/collection/stretchfit-blouse,https://wa.me/919731910202,wa.me,Chat with From the Trunk on WhatsApp,noreferrer noopener,none,yes,outbound reference or service link,,Not fetched; external crawling was prohibited.
/collection/stretchfit-blouse-1,https://www.instagram.com/from.thetrunk/,www.instagram.com,Follow From the Trunk on Instagram,noreferrer noopener,none,yes,official social/profile link,,Not fetched; external crawling was prohibited.
/collection/stretchfit-blouse-1,https://www.linkedin.com/company/from-the-trunk-ftt/,www.linkedin.com,Follow From the Trunk on LinkedIn,noreferrer noopener,none,yes,official social/profile link,,Not fetched; external crawling was prohibited.
/collection/stretchfit-blouse-1,https://www.facebook.com/people/From-The-Trunk/61590567961822/,www.facebook.com,Follow From the Trunk on Facebook,noreferrer noopener,none,yes,official social/profile link,,Not fetched; external crawling was prohibited.
/collection/stretchfit-blouse-1,https://x.com/fromthetrunkftt,x.com,Follow From the Trunk on X,noreferrer noopener,none,yes,official social/profile link,,Not fetched; external crawling was prohibited.
/collection/stretchfit-blouse-1,https://www.threads.com/@from.thetrunk,www.threads.com,Follow From the Trunk on Threads,noreferrer noopener,none,yes,official social/profile link,,Not fetched; external crawling was prohibited.
/collection/stretchfit-blouse-1,https://wa.me/919731910202,wa.me,Chat with From the Trunk on WhatsApp,noreferrer noopener,none,yes,outbound reference or service link,,Not fetched; external crawling was prohibited.
/collection/sleeveless-cerise-pink-stretchfit-blouse,https://www.instagram.com/from.thetrunk/,www.instagram.com,Follow From the Trunk on Instagram,noreferrer noopener,none,yes,official social/profile link,,Not fetched; external crawling was prohibited.
/collection/sleeveless-cerise-pink-stretchfit-blouse,https://www.linkedin.com/company/from-the-trunk-ftt/,www.linkedin.com,Follow From the Trunk on LinkedIn,noreferrer noopener,none,yes,official social/profile link,,Not fetched; external crawling was prohibited.
/collection/sleeveless-cerise-pink-stretchfit-blouse,https://www.facebook.com/people/From-The-Trunk/61590567961822/,www.facebook.com,Follow From the Trunk on Facebook,noreferrer noopener,none,yes,official social/profile link,,Not fetched; external crawling was prohibited.
/collection/sleeveless-cerise-pink-stretchfit-blouse,https://x.com/fromthetrunkftt,x.com,Follow From the Trunk on X,noreferrer noopener,none,yes,official social/profile link,,Not fetched; external crawling was prohibited.
/collection/sleeveless-cerise-pink-stretchfit-blouse,https://www.threads.com/@from.thetrunk,www.threads.com,Follow From the Trunk on Threads,noreferrer noopener,none,yes,official social/profile link,,Not fetched; external crawling was prohibited.
/collection/sleeveless-cerise-pink-stretchfit-blouse,https://wa.me/919731910202,wa.me,Chat with From the Trunk on WhatsApp,noreferrer noopener,none,yes,outbound reference or service link,,Not fetched; external crawling was prohibited.
/collection/sleeveless-marigold-orange-stretchfit,https://www.instagram.com/from.thetrunk/,www.instagram.com,Follow From the Trunk on Instagram,noreferrer noopener,none,yes,official social/profile link,,Not fetched; external crawling was prohibited.
/collection/sleeveless-marigold-orange-stretchfit,https://www.linkedin.com/company/from-the-trunk-ftt/,www.linkedin.com,Follow From the Trunk on LinkedIn,noreferrer noopener,none,yes,official social/profile link,,Not fetched; external crawling was prohibited.
/collection/sleeveless-marigold-orange-stretchfit,https://www.facebook.com/people/From-The-Trunk/61590567961822/,www.facebook.com,Follow From the Trunk on Facebook,noreferrer noopener,none,yes,official social/profile link,,Not fetched; external crawling was prohibited.
/collection/sleeveless-marigold-orange-stretchfit,https://x.com/fromthetrunkftt,x.com,Follow From the Trunk on X,noreferrer noopener,none,yes,official social/profile link,,Not fetched; external crawling was prohibited.
/collection/sleeveless-marigold-orange-stretchfit,https://www.threads.com/@from.thetrunk,www.threads.com,Follow From the Trunk on Threads,noreferrer noopener,none,yes,official social/profile link,,Not fetched; external crawling was prohibited.
/collection/sleeveless-marigold-orange-stretchfit,https://wa.me/919731910202,wa.me,Chat with From the Trunk on WhatsApp,noreferrer noopener,none,yes,outbound reference or service link,,Not fetched; external crawling was prohibited.
/collection/sleeveless-black-stretchfit,https://www.instagram.com/from.thetrunk/,www.instagram.com,Follow From the Trunk on Instagram,noreferrer noopener,none,yes,official social/profile link,,Not fetched; external crawling was prohibited.
/collection/sleeveless-black-stretchfit,https://www.linkedin.com/company/from-the-trunk-ftt/,www.linkedin.com,Follow From the Trunk on LinkedIn,noreferrer noopener,none,yes,official social/profile link,,Not fetched; external crawling was prohibited.
/collection/sleeveless-black-stretchfit,https://www.facebook.com/people/From-The-Trunk/61590567961822/,www.facebook.com,Follow From the Trunk on Facebook,noreferrer noopener,none,yes,official social/profile link,,Not fetched; external crawling was prohibited.
/collection/sleeveless-black-stretchfit,https://x.com/fromthetrunkftt,x.com,Follow From the Trunk on X,noreferrer noopener,none,yes,official social/profile link,,Not fetched; external crawling was prohibited.
/collection/sleeveless-black-stretchfit,https://www.threads.com/@from.thetrunk,www.threads.com,Follow From the Trunk on Threads,noreferrer noopener,none,yes,official social/profile link,,Not fetched; external crawling was prohibited.
/collection/sleeveless-black-stretchfit,https://wa.me/919731910202,wa.me,Chat with From the Trunk on WhatsApp,noreferrer noopener,none,yes,outbound reference or service link,,Not fetched; external crawling was prohibited.
/collection/rose-vine-stripe-chiffon-saree,https://www.instagram.com/from.thetrunk/,www.instagram.com,Follow From the Trunk on Instagram,noreferrer noopener,none,yes,official social/profile link,,Not fetched; external crawling was prohibited.
/collection/rose-vine-stripe-chiffon-saree,https://www.linkedin.com/company/from-the-trunk-ftt/,www.linkedin.com,Follow From the Trunk on LinkedIn,noreferrer noopener,none,yes,official social/profile link,,Not fetched; external crawling was prohibited.
/collection/rose-vine-stripe-chiffon-saree,https://www.facebook.com/people/From-The-Trunk/61590567961822/,www.facebook.com,Follow From the Trunk on Facebook,noreferrer noopener,none,yes,official social/profile link,,Not fetched; external crawling was prohibited.
/collection/rose-vine-stripe-chiffon-saree,https://x.com/fromthetrunkftt,x.com,Follow From the Trunk on X,noreferrer noopener,none,yes,official social/profile link,,Not fetched; external crawling was prohibited.
/collection/rose-vine-stripe-chiffon-saree,https://www.threads.com/@from.thetrunk,www.threads.com,Follow From the Trunk on Threads,noreferrer noopener,none,yes,official social/profile link,,Not fetched; external crawling was prohibited.
/collection/rose-vine-stripe-chiffon-saree,https://wa.me/919731910202,wa.me,Chat with From the Trunk on WhatsApp,noreferrer noopener,none,yes,outbound reference or service link,,Not fetched; external crawling was prohibited.
/collection/coral-sunrise-chiffon-georgette-saree,https://www.instagram.com/from.thetrunk/,www.instagram.com,Follow From the Trunk on Instagram,noreferrer noopener,none,yes,official social/profile link,,Not fetched; external crawling was prohibited.
/collection/coral-sunrise-chiffon-georgette-saree,https://www.linkedin.com/company/from-the-trunk-ftt/,www.linkedin.com,Follow From the Trunk on LinkedIn,noreferrer noopener,none,yes,official social/profile link,,Not fetched; external crawling was prohibited.
/collection/coral-sunrise-chiffon-georgette-saree,https://www.facebook.com/people/From-The-Trunk/61590567961822/,www.facebook.com,Follow From the Trunk on Facebook,noreferrer noopener,none,yes,official social/profile link,,Not fetched; external crawling was prohibited.
/collection/coral-sunrise-chiffon-georgette-saree,https://x.com/fromthetrunkftt,x.com,Follow From the Trunk on X,noreferrer noopener,none,yes,official social/profile link,,Not fetched; external crawling was prohibited.
/collection/coral-sunrise-chiffon-georgette-saree,https://www.threads.com/@from.thetrunk,www.threads.com,Follow From the Trunk on Threads,noreferrer noopener,none,yes,official social/profile link,,Not fetched; external crawling was prohibited.
/collection/coral-sunrise-chiffon-georgette-saree,https://wa.me/919731910202,wa.me,Chat with From the Trunk on WhatsApp,noreferrer noopener,none,yes,outbound reference or service link,,Not fetched; external crawling was prohibited.
